Age of the injured,Str Code,Accident Description,Road speed limit,Pedestrian action,Number of Lanes,Gender_F,Gender_M,Week_Fifth week,Week_First week,Week_Fourth week,Week_Second week,Week_Third week,Date_time,Reasons__??? ????? ?????? ?????? ???? ????? ??? ???? ???????,Reasons__???? ?? ??????? (???),Reasons__Bypassing the red traffic light,Reasons__Driving back without attention,Reasons__Driving back without traffic clearance,Reasons__Driving in the opposite direction,Reasons__Entering main road without traffic clearance,Reasons__Exceeding speed limit,Reasons__Fatigue and drowsiness,Reasons__Faults in the road,Reasons__Ignoring road lane,Reasons__Ignoring traffic lights,Reasons__Lack of driving awareness,Reasons__Misuse of traffic,Reasons__Negligence and inobservance,Reasons__Negligent driving,Reasons__Not giving priority to pedestrian crossing,Reasons__Not giving way / not giving priority,Reasons__Not leaving enough space,Reasons__Not observing the stop sign,Reasons__Not securing vehicle stability while stopping,Reasons__Speedy without taking road conditions into account,Reasons__Sudden deviation,Reasons__Sudden stop,Reasons__Tyre burst,Reasons__under influence of intoxicant or narcotic drug,__Al Madina Police Station,__Khaldiya Police Station,__Shaabiya Police Station,Streetname_Intersection,Streetname_Street,place__Bridge / Tunnel,place__Coastal area,place__Commercial area,place__Fuel Station,place__Govt. authority,place__Hospital,place__Island,place__Mosque,place__One level intersection,place__Other,place__Park,place__Residential area,place__Sand area,place__School,place__Work area,place__external road,place__unknown,location__ ,location__Bridge,location__Bridge /  Tunnel,location__Car parking,location__Double road,location__Highway,location__Intersection,location__Off the road,location__Other(specify),location__Roundabout,location__Side parking,location__Single road,location__Tunnel,location__Two-way road,location__Unknown,lighting__day,lighting__night - enough lights,lighting__night - weak lights,intersection__Deviated intersection,intersection__Half Perpendicular Intersection,intersection__Multiple leg Intersection,intersection__Not on Intersection,intersection__Not on or around 20 meters,intersection__Other,intersection__Perpendicular Intersection,intersection__Roundabout,intersection__Turn ,accidentype__Collision while turning,accidentype__Fall,accidentype__Hitting a moving object off the road,accidentype__Hitting a moving object on the road,accidentype__Hitting a stationary object off the road,accidentype__Hitting a stationary object on the road,accidentype__Multiple collision,accidentype__Other (specify),accidentype__Perpendicular collision,accidentype__Person run over,accidentype__Rear collision,accidentype__Reciprocal collision,accidentype__Side collision,accidentype__deterioration,seat belt_N,seat belt_Y,seat_Back passenger seat,seat_Driver's seat,seat_Front passenger seat,seat_No passenger,seat_bike passenger,position_Driver,position_Passenger,position_Pedestrian,nationality_Arab States,nationality_Asian States,nationality_GCC,nationality_Other,nationality_UAE
0.46271686969493236,1.3735912696448374,"3847.                   After detection and inspecting the site of the accident, the following became evident: - The causing vehicle is coming from the west, turning towards the north, and the damaged vehicle is coming from the east to the west. The offending driver and his companion and two passengers were with the injured person, as well as material damage to the two vehicles, according to the chart, the accident occurred.",1.0226501309346883,-0.4015453331379524,-0.3676863281700941,0,1,0,0,0,1,0,-0.09869227575717558,0,0,1,0,0,0,0,0,0,0,0,0,0,0,0,0,0,0,0,0,0,0,0,0,0,0,0,0,1,0,1,0,0,1,0,0,0,0,0,0,0,0,0,0,0,0,0,0,0,0,0,0,0,0,1,0,0,0,0,0,0,0,0,0,1,0,0,0,0,0,0,0,1,0,0,0,0,0,0,0,0,0,0,1,0,0,0,0,0,0,1,0,1,0,0,0,1,0,0,0,0,1,0,0
-0.12255942464560447,1.3735912696448374,"3848.                   After detection and inspecting the site of the accident, the following became evident: - The causing vehicle is coming from the west, turning towards the north, and the damaged vehicle is coming from the east to the west. The offending driver and his companion and two passengers were with the injured person, as well as material damage to the two vehicles, according to the chart, the accident occurred.",1.0226501309346883,-0.4015453331379524,-0.3676863281700941,1,0,0,0,0,1,0,-0.09869227575717558,0,0,1,0,0,0,0,0,0,0,0,0,0,0,0,0,0,0,0,0,0,0,0,0,0,0,0,0,1,0,1,0,0,1,0,0,0,0,0,0,0,0,0,0,0,0,0,0,0,0,0,0,0,0,1,0,0,0,0,0,0,0,0,0,1,0,0,0,0,0,0,0,1,0,0,0,0,0,0,0,0,0,0,1,0,0,0,0,0,1,0,1,0,0,0,0,0,1,0,0,1,0,0,0
-1.3995258850249577,1.3735912696448374,"3849.                   After detection and inspecting the site of the accident, the following became evident: - The causing vehicle is coming from the west, turning towards the north, and the damaged vehicle is coming from the east to the west. The offending driver and his companion and two passengers were with the injured person, as well as material damage to the two vehicles, according to the chart, the accident occurred.",1.0226501309346883,-0.4015453331379524,-0.3676863281700941,1,0,0,0,0,0,1,-0.09869227575717558,0,0,1,0,0,0,0,0,0,0,0,0,0,0,0,0,0,0,0,0,0,0,0,0,0,0,0,0,1,0,1,0,0,1,0,0,0,0,0,0,0,0,0,0,0,0,0,0,0,0,0,0,0,0,1,0,0,0,0,0,0,0,0,0,1,0,0,0,0,0,0,0,1,0,0,0,0,0,0,0,0,0,0,1,0,0,0,0,0,0,1,0,0,1,0,0,0,1,0,0,1,0,0,0
0.24988912629837354,-0.9997208873319099,"3850.                   After detection and inspecting the accident site, the following became clear: The causing vehicle is coming from the east towards the west, and the second lane taker is moving from the left, and the run-over person is coming from the north towards the south. The run-over person was passing from the undetermined place for that and under estimating the causing vehicle. He was admitted to the Sheikh Khalifa Hospital. The examination was carried out and the necessary measures were taken",2.2427620534705888,2.490378837640347,1.6339099169366647,0,1,0,0,0,0,1,-0.011081961589025047,0,0,0,0,0,0,0,0,0,0,0,0,0,1,0,0,0,0,0,0,0,0,0,0,0,0,0,0,1,0,1,0,0,0,0,1,0,0,0,0,0,0,0,0,0,0,0,0,0,0,0,0,1,0,0,0,0,0,0,0,0,0,0,0,1,0,0,0,0,0,1,0,0,0,0,0,0,0,0,0,0,0,0,0,1,0,0,0,0,1,0,0,0,0,1,0,0,0,1,0,1,0,0,0
0.40950993384579265,0.31726158127946424,"3851.                   After detection and inspecting the accident site by a policeman who charted the accident, the following became clear: - While the damaged vehicle was coming from the south towards the north, following the path of the far right, and upon reaching the intersection and entering the middle of the intersection, I was surprised by the bicycle causing the intersection in the middle of the intersection coming from the west towards the east. The damaged vehicle is at the scene of the accident, and necessary measures have been taken",-0.19746179160121255,-0.4015453331379524,-0.3676863281700941,0,1,0,0,0,0,1,-0.004252625419015561,0,0,1,0,0,0,0,0,0,0,0,0,0,0,0,0,0,0,0,0,0,0,0,0,0,0,0,1,0,0,1,0,0,1,0,0,0,0,0,0,0,0,0,0,0,0,0,0,0,0,0,0,0,0,1,0,0,0,0,0,0,0,0,1,0,0,0,0,0,0,0,0,1,0,0,0,0,0,0,0,0,0,0,0,0,0,0,1,0,1,0,0,1,0,0,0,1,0,0,0,1,0,0,0
-0.2289732963438839,-0.7116309723231719,"3852.                   After detection and inspection by the accident chart, the following is revealed: - The causing vehicle is coming from the south towards the north to turn right towards the east, the damaged vehicle is completely stopped, while the causing vehicle is moving due to the speed without taking into account the road conditions and negligence of the driver who caused the loss of the vehicle and head forward to hit the sidewalk and head to the other side to collide with the front of the causing vehicle on the left side For the damaged vehicle and accordingly the accident was charted.",-0.19746179160121255,-0.4015453331379524,-1.3684844507234735,0,1,0,0,0,0,1,0.10832197689623696,0,0,0,0,0,0,0,0,0,0,0,0,0,0,0,0,0,0,0,0,0,1,0,0,0,0,0,1,0,0,1,0,0,0,1,0,0,0,0,0,0,0,0,0,0,0,0,0,0,0,0,0,1,0,0,0,0,0,0,0,0,0,0,1,0,0,0,0,0,0,0,0,0,0,1,0,0,0,0,0,0,0,0,0,0,0,0,1,0,1,0,0,1,0,0,0,1,0,0,0,0,0,1,0
0.03706138290181467,1.4284655391703112,"3853.                   After detection and inspecting the accident site, it became clear to me the following: While the driver of the causing vehicle was coming from the east towards the west, taking the lane on the far left, and while it was moving “bypassing the red traffic light” and entering the intersection, a left turn. He was surprised by the perpetrator's vehicle in front of him, so he tried to avoid the accident, holding the brakes by about 19 meters, but to no avail, to hit the front of his vehicle on the right side of the causing vehicle, and so the accident occurred",1.0226501309346883,-0.4015453331379524,0.6331117943832852,1,0,0,0,0,0,1,0.11674920261884482,0,0,1,0,0,0,0,0,0,0,0,0,0,0,0,0,0,0,0,0,0,0,0,0,0,0,0,1,0,0,1,0,0,1,0,0,0,0,0,0,0,0,0,0,0,0,0,0,0,0,0,0,0,0,1,0,0,0,0,0,0,0,0,0,1,0,0,0,0,0,0,0,1,0,0,0,0,0,0,0,0,0,0,1,0,0,0,0,0,0,1,0,1,0,0,0,1,0,0,0,0,0,0,1
1.2076139715828884,1.4284655391703112,"3854.                   After detection and inspecting the accident site, it became clear to me the following: While the driver of the causing vehicle was coming from the east towards the west, taking the lane on the far left, and while it was moving “bypassing the red traffic light” and entering the intersection, a left turn. He was surprised by the perpetrator's vehicle in front of him, so he tried to avoid the accident, holding the brakes by about 19 meters, but to no avail, to hit the front of his vehicle on the right side of the causing vehicle, and so the accident occurred",1.0226501309346883,-0.4015453331379524,0.6331117943832852,0,1,0,0,0,0,1,0.11674920261884482,0,0,1,0,0,0,0,0,0,0,0,0,0,0,0,0,0,0,0,0,0,0,0,0,0,0,0,1,0,0,1,0,0,1,0,0,0,0,0,0,0,0,0,0,0,0,0,0,0,0,0,0,0,0,1,0,0,0,0,0,0,0,0,0,1,0,0,0,0,0,0,0,1,0,0,0,0,0,0,0,0,0,0,1,0,0,0,0,0,0,1,0,1,0,0,0,1,0,0,0,1,0,0,0
-1.4527328208740973,1.4284655391703112,"3855.                   After detection and inspecting the accident site, it became clear to me the following: While the driver of the causing vehicle was coming from the east towards the west, taking the lane on the far left, and while it was moving “bypassing the red traffic light” and entering the intersection, a left turn. He was surprised by the perpetrator's vehicle in front of him, so he tried to avoid the accident, holding the brakes by about 19 meters, but to no avail, to hit the front of his vehicle on the right side of the causing vehicle, and so the accident occurred",1.0226501309346883,-0.4015453331379524,0.6331117943832852,0,1,0,0,0,0,1,0.11674920261884482,0,0,1,0,0,0,0,0,0,0,0,0,0,0,0,0,0,0,0,0,0,0,0,0,0,0,0,1,0,0,1,0,0,1,0,0,0,0,0,0,0,0,0,0,0,0,0,0,0,0,0,0,0,0,1,0,0,0,0,0,0,0,0,0,1,0,0,0,0,0,0,0,1,0,0,0,0,0,0,0,0,0,0,1,0,0,0,0,0,1,0,1,0,0,0,0,0,1,0,0,1,0,0,0
-0.17576636049474417,1.4284655391703112,"3856.                   After detection and inspecting the accident site, it became clear to me the following: While the driver of the causing vehicle was coming from the east towards the west, taking the lane on the far left, and while it was moving “bypassing the red traffic light” and entering the intersection, a left turn. He was surprised by the perpetrator's vehicle in front of him, so he tried to avoid the accident, holding the brakes by about 19 meters, but to no avail, to hit the front of his vehicle on the right side of the causing vehicle, and so the accident occurred",1.0226501309346883,-0.4015453331379524,0.6331117943832852,1,0,0,0,0,0,1,0.11674920261884482,0,0,1,0,0,0,0,0,0,0,0,0,0,0,0,0,0,0,0,0,0,0,0,0,0,0,0,1,0,0,1,0,0,1,0,0,0,0,0,0,0,0,0,0,0,0,0,0,0,0,0,0,0,0,1,0,0,0,0,0,0,0,0,0,1,0,0,0,0,0,0,0,1,0,0,0,0,0,0,0,0,0,0,1,0,0,0,0,0,0,1,0,0,1,0,0,0,1,0,0,1,0,0,0
-0.33538716804216334,-0.7665052418486458,"3857.                   After detection and inspecting the accident site, it became clear for the person who made the chart of accident that: While the driver of the causing vehicle was coming from the east towards the west, taking the lane on the far left, and while it was moving “bypassing the red traffic light” and entering the intersection, a left turn. He was surprised by the perpetrator's vehicle in front of him, so he tried to avoid the accident, holding the brakes by about 4 meters, but to no avail, to hit the front of his vehicle on the right side of the causing vehicle, and so the accident occurred",-0.19746179160121255,-0.4015453331379524,0.6331117943832852,1,0,0,0,0,0,1,0.31594911869311193,0,0,1,0,0,0,0,0,0,0,0,0,0,0,0,0,0,0,0,0,0,0,0,0,0,0,0,1,0,0,1,0,0,0,0,1,0,0,0,0,0,0,0,0,0,0,0,0,0,0,0,0,0,0,1,0,0,0,0,0,0,0,0,0,1,0,0,0,0,0,0,0,1,0,0,0,0,0,0,0,0,0,0,1,0,0,0,0,0,0,1,0,0,1,0,0,0,1,0,0,1,0,0,0
-0.28218023219302363,-0.7665052418486458,"3858.                   After detection and inspecting the accident site, it became clear for the person who made the chart of accident that: While the driver of the causing vehicle was coming from the east towards the west, taking the lane on the far left, and while it was moving “bypassing the red traffic light” and entering the intersection, a left turn. He was surprised by the perpetrator's vehicle in front of him, so he tried to avoid the accident, holding the brakes by about 4 meters, but to no avail, to hit the front of his vehicle on the right side of the causing vehicle, and so the accident occurred",-0.19746179160121255,-0.4015453331379524,0.6331117943832852,0,1,0,0,0,0,1,0.31594911869311193,0,0,1,0,0,0,0,0,0,0,0,0,0,0,0,0,0,0,0,0,0,0,0,0,0,0,0,1,0,0,1,0,0,0,0,1,0,0,0,0,0,0,0,0,0,0,0,0,0,0,0,0,0,0,1,0,0,0,0,0,0,0,0,0,1,0,0,0,0,0,0,0,1,0,0,0,0,0,0,0,0,0,0,1,0,0,0,0,0,0,1,0,1,0,0,0,1,0,0,0,1,0,0,0
0.3030960621475132,1.222687028449784,"3859.                   After detection and inspecting the accident site by the policeman, the chart of the accident became clear:  While the driver of the causing vehicle was trying to turn to the right and return to the same street and because of the speed without taking into account the road conditions by the driver of the vehicle that caused his vehicle to turn while turning, to rush to the left side of the pavement and collide with its front the front left side of the first damaged vehicle and continue to rush towards the second damaged vehicle and collide with its rear left side On the rear left side of the causing vehicle and then collides with the third damaged vehicle, next to the rear left side, on the rear left side of the causing vehicle, and then collides with its front with the front of the fourth damaged vehicle and finally collides with its front of the sixth damaged vehicle and stops there knowing that the damaged vehicles were stopped and stopped at the intersection when the causing vehicle rushed towards them The necessary was done",-0.19746179160121255,-0.4015453331379524,0.6331117943832852,0,1,0,0,0,0,1,0.33033012466649725,0,0,0,0,0,0,0,0,0,0,0,0,0,0,0,0,0,0,0,0,0,1,0,0,0,0,0,0,1,1,0,0,0,0,0,0,0,0,0,1,0,0,0,0,0,0,0,0,0,0,0,0,1,0,0,0,0,0,0,0,0,0,0,1,0,0,0,0,0,0,0,0,1,0,0,0,0,0,0,0,0,0,0,1,0,0,0,0,0,0,1,0,1,0,0,0,1,0,0,0,1,0,0,0
-0.016145552947325045,0.09776450317756856,"3860.                   After detection and inspection by the accident chart, the following is revealed: - The two vehicles are coming from the east to the west with a line on the far left, the causing vehicle behind the damaged vehicle, while the two vehicles are in motion, and because of not leaving enough space between the two vehicles by the offending driver, they collide with the front of the causing vehicle at the rear of the damaged vehicle, and accordingly the accident was charted as shown in the chart.",-0.19746179160121255,-0.4015453331379524,-0.3676863281700941,1,0,0,0,0,0,1,0.5493832712093496,0,0,0,0,0,0,0,0,0,0,0,0,0,0,0,0,0,0,1,0,0,0,0,0,0,0,0,1,0,0,1,0,0,1,0,0,0,0,0,0,0,0,0,0,0,0,0,0,0,0,0,0,0,0,1,0,0,0,0,0,0,0,0,1,0,0,0,0,0,0,0,0,1,0,0,0,0,0,0,0,0,0,0,0,0,1,0,0,0,1,0,1,0,0,0,0,0,1,0,0,0,0,1,0
0.8883723564880501,-0.944846617806436,"3861.                   After detection and inspection by the person who made the chart of accident, the following is revealed: - The vehicle was coming from the east to the west, and the run over person was coming from the north to the south, while the vehicle was moving, the driver was surprised by the run-over person and because of the lack of estimation of road users by the driver of the vehicle, he ran over the run-over person by the front of the tire. Accordingly the accident was charted as shown in the chart.",-1.4175737141371132,2.490378837640347,-1.3684844507234735,0,1,0,0,0,0,1,0.5570006077066679,0,0,0,0,0,0,0,0,0,0,0,0,0,1,0,0,0,0,0,0,0,0,0,0,0,0,0,1,0,0,1,0,0,1,0,0,0,0,0,0,0,0,0,0,0,0,0,0,0,0,0,0,1,0,0,0,0,0,0,0,0,0,0,0,1,0,0,0,0,0,1,0,0,0,0,0,0,0,0,0,0,0,0,0,1,0,0,0,0,1,0,0,0,0,1,0,0,0,1,0,1,0,0,0
-1.6123536284215165,1.3873098370262058,"3862.                   After detection and inspecting the accident site, the following became clear: While the causing vehicle was coming from the west heading towards the east through the intersection aiming to go through south, due to bypassing the red traffic light, the causing vehicle “its front” collided with the right side of the damaged car, according to the chart, the accident occurred.",-0.19746179160121255,-0.4015453331379524,0.6331117943832852,0,1,0,0,1,0,0,0.6565841490703158,0,0,1,0,0,0,0,0,0,0,0,0,0,0,0,0,0,0,0,0,0,0,0,0,0,0,0,0,1,0,1,0,0,0,1,0,0,0,0,0,0,0,0,0,0,0,0,0,0,0,0,0,0,0,1,0,0,0,0,0,0,0,0,1,0,0,0,0,0,0,0,0,1,0,0,0,0,0,0,0,0,0,0,1,0,0,0,0,0,1,0,1,0,0,0,0,0,1,0,0,1,0,0,0
-0.5482149114387221,0.9894713829665198,"3863.                   After detection and inspecting the accident site, the following became clear: The first causing vehicle was coming from the west towards the east and would like to turn left and the second causing vehicle is coming from the east towards the west, because of one of the cars passed the red light, the front of the first causing vehicle hit the front of the second causing car. Thus, the accident occurred",-0.19746179160121255,-0.4015453331379524,0.6331117943832852,0,1,0,0,1,0,0,0.7552483567187702,0,0,1,0,0,0,0,0,0,0,0,0,0,0,0,0,0,0,0,0,0,0,0,0,0,0,0,1,0,0,1,0,0,0,0,0,0,0,0,0,0,0,0,0,1,0,0,0,0,0,0,0,0,0,1,0,0,0,0,0,0,0,0,0,1,0,0,0,0,0,1,0,0,0,0,0,0,0,0,0,0,0,0,0,0,0,1,0,0,0,1,0,1,0,0,0,1,0,0,0,1,0,0,0
1.260820907432028,0.9894713829665198,"3864.                   After detection and inspecting the accident site, the following became clear: The first causing vehicle was coming from the west towards the east and would like to turn left and the second causing vehicle is coming from the east towards the west, because of one of the cars passed the red light, the front of the first causing vehicle hit the front of the second causing car. Thus, the accident occurred.",-0.19746179160121255,-0.4015453331379524,0.6331117943832852,0,1,0,0,1,0,0,0.7552483567187702,0,0,1,0,0,0,0,0,0,0,0,0,0,0,0,0,0,0,0,0,0,0,0,0,0,0,0,1,0,0,1,0,0,0,0,0,0,0,0,0,0,0,0,0,1,0,0,0,0,0,0,0,0,0,1,0,0,0,0,0,0,0,0,0,1,0,0,0,0,0,1,0,0,0,0,0,0,0,0,0,0,0,0,0,0,0,1,0,0,0,1,0,1,0,0,0,1,0,0,1,0,0,0,0
0.6755446130914913,-0.8076609439927512,"3865.                   After detection and inspecting the accident site, the following became clear: The first causing vehicle was coming from the south towards the north and wanted to turn to reverse the direction and while it was turning it happened to be the one who was hit from the west towards the east passing through a residential and commercial area on a secondary street of Hamdan Street. The vehicle causing its front was run over from the left side. The accident resulted in a traumatized injury with a moderate injury. She received treatment and left the hospital in a moderate condition. Examination of the accident site",-1.4175737141371132,2.490378837640347,-2.3692825732768528,1,0,0,0,1,0,0,0.7630298599509444,0,0,0,0,0,0,0,0,0,0,0,0,0,1,0,0,0,0,0,0,0,0,0,0,0,0,1,0,0,0,1,0,0,1,0,0,0,0,0,0,0,0,0,0,0,0,0,0,0,0,0,0,0,0,0,0,0,0,0,0,0,1,0,1,0,0,0,1,0,0,0,0,0,0,0,0,0,0,0,0,0,0,0,0,1,0,0,0,0,1,0,0,0,0,1,0,0,0,1,0,1,0,0,0
0.40950993384579265,-0.8625352135182252,"3866.                   After detection and inspection by the accident chart, it became clear as follows: -The causing vehicle is clearing the far-left lane and the first damaged vehicle is turning from the hatch on the island and the second damaged vehicle is in a permanent stop. Because of the reason that the causing vehicle is returning without attention, its rear collided with the front left corner of the first damaged vehicle, which led to its deflection and collision with its front end on the pavement Then the left side of the second damaged vehicle, which was in a final stop, and on the side of the chart, the accident occurred",-1.4175737141371132,-0.4015453331379524,-1.3684844507234735,1,0,0,0,1,0,0,0.8779356299011521,0,0,0,0,1,0,0,0,0,0,0,0,0,0,0,0,0,0,0,0,0,0,0,0,0,0,0,0,1,0,1,0,0,0,0,0,0,0,0,0,0,0,0,0,1,0,0,0,0,0,0,0,1,0,0,0,0,0,0,0,0,0,0,1,0,0,0,0,0,0,0,0,0,0,1,0,0,0,0,0,0,0,0,0,0,1,0,0,0,0,1,0,1,0,0,0,1,0,0,0,0,0,1,0
-1.0270773340809796,0.04289023365209463,"3867.                   After detection and inspecting the accident site, the following accident chart became clear: The vehicles are coming from the direction of north towards the south, while the vehicles were moving, the two damaged vehicles stopped in the right-hand drive line and the advent of the causing vehicle from the rear, because of the failure to leave enough space between the vehicles by the offending driver, the front of the causing vehicle collided at the rear of the first damaged vehicle, which led to the first damaged vehicle to collide In the front, at the rear of the second damaged vehicle, the accident was charted.",-1.4175737141371132,-0.4015453331379524,-1.3684844507234735,0,1,0,0,1,0,0,0.9948223451186222,0,0,0,0,0,0,0,0,0,0,0,0,0,0,0,0,0,0,1,0,0,0,0,0,0,0,0,1,0,0,1,0,0,1,0,0,0,0,0,0,0,0,0,0,0,0,0,0,0,0,0,0,1,0,0,0,0,0,0,0,0,0,0,0,1,0,0,0,0,0,1,0,0,0,0,0,0,0,0,0,0,0,0,0,0,1,0,0,0,1,0,1,0,0,0,0,0,1,0,0,0,0,0,1
-1.133491205779259,0.04289023365209463,"3868.                   After detection and inspecting the accident site, the following accident chart became clear: The vehicles are coming from the direction of north towards the south, while the vehicles were moving, the two damaged vehicles stopped in the right-hand drive line and the advent of the causing vehicle from the rear, because of the failure to leave enough space between the vehicles by the offending driver, the front of the causing vehicle collided at the rear of the first damaged vehicle, which led to the first damaged vehicle to collide In the front, at the rear of the second damaged vehicle, the accident was charted.",-1.4175737141371132,-0.4015453331379524,-1.3684844507234735,1,0,0,0,1,0,0,0.9948223451186222,0,0,0,0,0,0,0,0,0,0,0,0,0,0,0,0,0,0,1,0,0,0,0,0,0,0,0,1,0,0,1,0,0,1,0,0,0,0,0,0,0,0,0,0,0,0,0,0,0,0,0,0,1,0,0,0,0,0,0,0,0,0,0,0,1,0,0,0,0,0,1,0,0,0,0,0,0,0,0,0,0,0,0,0,0,1,0,0,0,1,0,1,0,0,0,0,0,1,0,0,0,0,0,1
-1.2931120133266782,0.04289023365209463,"3869.                   After detection and inspecting the accident site, the following accident chart became clear: The vehicles are coming from the direction of north towards the south, while the vehicles were moving, the two damaged vehicles stopped in the right-hand drive line and the advent of the causing vehicle from the rear, because of the failure to leave enough space between the vehicles by the offending driver, the front of the causing vehicle collided at the rear of the first damaged vehicle, which led to the first damaged vehicle to collide In the front, at the rear of the second damaged vehicle, the accident was charted.",-1.4175737141371132,-0.4015453331379524,-1.3684844507234735,0,1,0,0,1,0,0,0.9948223451186222,0,0,0,0,0,0,0,0,0,0,0,0,0,0,0,0,0,0,1,0,0,0,0,0,0,0,0,1,0,0,1,0,0,1,0,0,0,0,0,0,0,0,0,0,0,0,0,0,0,0,0,0,1,0,0,0,0,0,0,0,0,0,0,0,1,0,0,0,0,0,1,0,0,0,0,0,0,0,0,0,0,0,0,0,0,1,0,0,0,1,0,1,0,0,0,0,0,1,0,0,0,0,0,1
0.1434752546000941,0.04289023365209463,"3870.                   After detection and inspecting the accident site, the following accident chart became clear: The vehicles are coming from the direction of north towards the south, while the vehicles were moving, the two damaged vehicles stopped in the right-hand drive line and the advent of the causing vehicle from the rear, because of the failure to leave enough space between the vehicles by the offending driver, the front of the causing vehicle collided at the rear of the first damaged vehicle, which led to the first damaged vehicle to collide In the front, at the rear of the second damaged vehicle, the accident was charted.",-1.4175737141371132,-0.4015453331379524,-1.3684844507234735,0,1,0,0,1,0,0,0.9948223451186222,0,0,0,0,0,0,0,0,0,0,0,0,0,0,0,0,0,0,1,0,0,0,0,0,0,0,0,1,0,0,1,0,0,1,0,0,0,0,0,0,0,0,0,0,0,0,0,0,0,0,0,0,1,0,0,0,0,0,0,0,0,0,0,0,1,0,0,0,0,0,1,0,0,0,0,0,0,0,0,0,0,0,0,0,0,1,0,0,0,0,1,0,1,0,0,0,1,0,0,0,0,0,0,1
-1.3995258850249577,-0.972283752569173,"3871.                   After detection and inspecting the accident site by the policeman who charted the accident, the following issues became clear: The causing vehicle was coming from the west towards the east, and the run-over person was coming from the north towards the south and because of the speed without taking into account the road conditions by the offending driver. The run-over person was attacked without attention from the front of causing vehicle, which led to his fall and stability on the ground. Thus, the accident occurred and the accident was charted",-2.637685636673014,2.490378837640347,-2.3692825732768528,0,1,0,0,1,0,0,1.0976454433834284,0,0,0,0,0,0,0,0,0,0,0,0,0,0,0,0,0,0,0,0,0,1,0,0,0,0,0,1,0,0,1,0,0,1,0,0,0,0,0,0,0,0,0,0,0,0,0,0,0,0,0,1,0,0,0,0,0,0,0,0,0,0,0,1,0,0,0,0,0,1,0,0,0,0,0,0,0,0,0,0,0,0,0,0,1,0,0,0,0,1,0,0,0,0,1,0,0,0,1,1,0,0,0,0
-0.2289732963438839,1.3461541348821002,"3872.                   After detection and inspecting the accident site by the policeman who charted the accident, the following issues became clear: While the causing vehicle was coming from the east towards the west reaching Al Shaheen intersection, it was clearing the far left path, it was parked at the intersection because the traffic light was red, when the traffic light of intersection turned into green, the causing vehicle veered to the left without making sure that the arrow traffic light was red and when it reached the middle of the intersection it entered the oncoming vehicle, The damaged vehicle from the west towards the east, taking the middle path, collides the front of the damaged vehicle to the right side of the vehicle that causes the two vehicles to deviate from the force of the collision and veer outside the intersection and stop and the necessary action has been taken. ",1.0226501309346883,-0.4015453331379524,0.6331117943832852,0,1,0,0,1,0,0,1.2079107669617066,0,0,1,0,0,0,0,0,0,0,0,0,0,0,0,0,0,0,0,0,0,0,0,0,0,0,0,0,1,0,1,0,0,1,0,0,0,0,0,0,0,0,0,0,0,0,0,0,0,0,0,0,0,0,1,0,0,0,0,0,0,0,0,1,0,0,0,0,0,0,0,0,1,0,0,0,0,0,0,0,0,0,0,0,0,0,1,0,0,0,1,0,1,0,0,0,1,0,0,0,1,0,0,0
0.6223376772423516,1.3461541348821002,"3873.                   After detection and inspecting the accident site by the policeman who charted the accident, the following issues became clear: While the causing vehicle was coming from the east towards the west reaching Al Shaheen intersection, it was clearing the far left path, it was parked at the intersection because the traffic light was red, when the traffic light of intersection turned into green, the causing vehicle veered to the left without making sure that the arrow traffic light was red and when it reached the middle of the intersection it entered the oncoming vehicle, The damaged vehicle from the west towards the east, taking the middle path, collides the front of the damaged vehicle to the right side of the vehicle that causes the two vehicles to deviate from the force of the collision and veer outside the intersection and stop and the necessary action has been taken. ",1.0226501309346883,-0.4015453331379524,0.6331117943832852,1,0,0,0,1,0,0,1.2079107669617066,0,0,1,0,0,0,0,0,0,0,0,0,0,0,0,0,0,0,0,0,0,0,0,0,0,0,0,0,1,0,1,0,0,1,0,0,0,0,0,0,0,0,0,0,0,0,0,0,0,0,0,0,0,0,1,0,0,0,0,0,0,0,0,1,0,0,0,0,0,0,0,0,1,0,0,0,0,0,0,0,0,0,0,0,0,0,1,0,0,0,1,0,1,0,0,0,1,0,0,1,0,0,0,0
0.24988912629837354,-0.7527866744672773,"3874.                   After detection and inspecting the accident site by the policeman who charted the accident, the following issues became clear: While the causing vehicle was coming from the east towards the west reaching Al Shaheen intersection, it was clearing the far left path, it was parked at the intersection because the traffic light was red, when the traffic light of intersection turned into green, the causing vehicle veered to the left without making sure that the arrow traffic light was red and when it reached the middle of the intersection it entered the oncoming vehicle, The damaged vehicle from the west towards the east, taking the middle path, collides the front of the damaged vehicle to the right side of the vehicle that causes the two vehicles to deviate from the force of the collision and veer outside the intersection and stop and the necessary action has been taken. ",-0.19746179160121255,-0.4015453331379524,2.634708039490044,1,0,0,0,1,0,0,1.41275801871502,0,0,0,0,0,0,0,0,0,0,0,0,0,0,0,0,0,0,0,0,0,0,0,0,0,1,1,0,0,0,1,0,0,1,0,0,0,0,0,0,0,0,0,0,0,0,0,0,0,0,0,0,0,1,0,0,0,0,0,0,0,0,0,0,1,0,0,0,0,1,0,0,0,0,0,0,0,0,0,0,0,0,0,0,0,0,1,0,0,1,0,0,0,1,0,0,0,1,0,0,0,0,1,0