Age of the injured,Str Code,Accident Description,Road speed limit,Pedestrian action,Number of Lanes,Gender_F,Gender_M,Week_Fifth week,Week_First week,Week_Fourth week,Week_Second week,Week_Third week,Date_time,Reasons__??? ????? ?????? ?????? ???? ????? ??? ???? ???????,Reasons__???? ?? ??????? (???),Reasons__Bypassing the red traffic light,Reasons__Driving back without attention,Reasons__Driving back without traffic clearance,Reasons__Driving in the opposite direction,Reasons__Entering main road without traffic clearance,Reasons__Exceeding speed limit,Reasons__Fatigue and drowsiness,Reasons__Faults in the road,Reasons__Ignoring road lane,Reasons__Ignoring traffic lights,Reasons__Lack of driving awareness,Reasons__Misuse of traffic,Reasons__Negligence and inobservance,Reasons__Negligent driving,Reasons__Not giving priority to pedestrian crossing,Reasons__Not giving way / not giving priority,Reasons__Not leaving enough space,Reasons__Not observing the stop sign,Reasons__Not securing vehicle stability while stopping,Reasons__Speedy without taking road conditions into account,Reasons__Sudden deviation,Reasons__Sudden stop,Reasons__Tyre burst,Reasons__under influence of intoxicant or narcotic drug,__Al Madina Police Station,__Khaldiya Police Station,__Shaabiya Police Station,Streetname_Intersection,Streetname_Street,place__Bridge / Tunnel,place__Coastal area,place__Commercial area,place__Fuel Station,place__Govt. authority,place__Hospital,place__Island,place__Mosque,place__One level intersection,place__Other,place__Park,place__Residential area,place__Sand area,place__School,place__Work area,place__external road,place__unknown,location__ ,location__Bridge,location__Bridge /  Tunnel,location__Car parking,location__Double road,location__Highway,location__Intersection,location__Off the road,location__Other(specify),location__Roundabout,location__Side parking,location__Single road,location__Tunnel,location__Two-way road,location__Unknown,lighting__day,lighting__night - enough lights,lighting__night - weak lights,intersection__Deviated intersection,intersection__Half Perpendicular Intersection,intersection__Multiple leg Intersection,intersection__Not on Intersection,intersection__Not on or around 20 meters,intersection__Other,intersection__Perpendicular Intersection,intersection__Roundabout,intersection__Turn ,accidentype__Collision while turning,accidentype__Fall,accidentype__Hitting a moving object off the road,accidentype__Hitting a moving object on the road,accidentype__Hitting a stationary object off the road,accidentype__Hitting a stationary object on the road,accidentype__Multiple collision,accidentype__Other (specify),accidentype__Perpendicular collision,accidentype__Person run over,accidentype__Rear collision,accidentype__Reciprocal collision,accidentype__Side collision,accidentype__deterioration,seat belt_N,seat belt_Y,seat_Back passenger seat,seat_Driver's seat,seat_Front passenger seat,seat_No passenger,seat_bike passenger,position_Driver,position_Passenger,position_Pedestrian,nationality_Arab States,nationality_Asian States,nationality_GCC,nationality_Other,nationality_UAE
-1.1866981416283988,-0.9997208873319099,"3875.                   After detection and inspecting, the following accident chart became clear: While the driver of the causing vehicle was trying to stop in the parking lot and due to her negligence and lack of attention, she pushed her vehicle forward to climb the sidewalk and then hit the front of her vehicle with the body of the run-over child who was at the top of the sidewalk, and the accident resulted in the injury of the run-over girl.",-2.637685636673014,-0.4015453331379524,-2.3692825732768528,1,0,1,0,0,0,0,1.4270843024434534,0,0,0,0,0,0,0,0,0,0,0,0,0,0,1,0,0,0,0,0,0,0,0,0,0,0,0,0,1,0,1,0,0,1,0,0,0,0,0,0,0,0,0,0,0,0,0,0,0,0,0,1,0,0,0,0,0,0,0,0,0,0,0,1,0,0,0,0,0,0,1,0,0,0,0,0,0,0,0,0,0,0,0,0,1,0,0,0,0,1,0,0,0,0,1,0,0,0,1,0,1,0,0,0
0.8883723564880501,0.37213585080493816,"3876.                   After detection and inspecting the accident site, the following became evident: While the driver of the causing vehicle was moving in the roundabout from the east to the west, taking the second lane from the left, and bypassing the red traffic light, the driver of the damaged vehicle had entered the roundabout, and they came from the north towards the south to collide with the offender at the angle and the front right side of his vehicle, and so the accident occurred.",-0.19746179160121255,-0.4015453331379524,0.6331117943832852,1,0,1,0,0,0,0,1.5439053509669811,0,0,1,0,0,0,0,0,0,0,0,0,0,0,0,0,0,0,0,0,0,0,0,0,0,0,1,0,0,0,1,0,0,1,0,0,0,0,0,0,0,0,0,0,0,0,0,0,0,0,0,0,0,0,1,0,0,0,0,0,0,0,0,0,1,0,0,0,0,0,0,0,0,1,0,0,0,0,0,0,0,0,0,1,0,0,0,0,0,0,1,0,1,0,0,0,1,0,0,0,0,0,0,1
-0.016145552947325045,-0.8488166461368566,"3877.                   After detection and inspecting the accident site by the policeman, the chart of the accident revealed the following: - While the causing vehicle was coming from the south towards the north, moving the right lane on Sheikh Rashid Street, she was surprised to see the vehicle crossing the street in front of it. Because of the lack of estimation of the road users by the driver of the causing vehicle and the pedestrian crossing from a place not designated for pedestrian crossing, the vehicle of the vehicle was hit by the vehicle on the right side of the vehicle to fall on the road. The vehicle stops at the site of the accident and the following has become clear.",-0.19746179160121255,2.490378837640347,-1.3684844507234735,0,1,1,0,0,0,0,1.643871948045293,0,0,0,0,0,0,0,0,0,0,0,0,0,1,0,0,0,0,0,0,0,0,0,0,0,0,0,0,1,0,1,0,0,1,0,0,0,0,0,0,0,0,0,0,0,0,0,0,0,0,0,0,1,0,0,0,0,0,0,0,0,0,0,1,0,0,0,0,0,0,1,0,0,0,0,0,0,0,0,0,0,0,0,0,1,0,0,0,0,1,0,0,0,0,1,0,0,0,1,0,1,0,0,0
-0.761042654835281,-0.8213795113741197,"3878.                   After detection and inspecting by the policeman who charted the accident, the following became evident: - While the vehicle causing the accident was coming from the east towards the west, the lane was traversed by the run-over person who was surprising with the trampled crossing the road in front of it. Because of the lack of estimation of the road users by the driver of the vehicle and the pedestrian crossing from a place not designated for pedestrian crossing, the driver ran over the vehicle from the front of her runaway vehicle to fall on the main street and the vehicle stopped at a location of accident and the actions was taken.",-0.19746179160121255,2.490378837640347,0.6331117943832852,1,0,1,0,0,0,0,1.6468926159666433,0,0,0,0,0,0,0,0,0,0,0,0,0,1,0,0,0,0,0,0,0,0,0,0,0,0,0,0,1,0,1,0,0,1,0,0,0,0,0,0,0,0,0,0,0,0,0,0,0,0,0,0,1,0,0,0,0,0,0,0,0,0,0,1,0,0,0,0,0,1,0,0,0,0,0,0,0,0,0,0,0,0,0,0,1,0,0,0,0,1,0,0,0,0,1,0,0,0,1,1,0,0,0,0
0.3030960621475132,-0.9311280504250675,"3879.                   After detection and inspecting the scene of the accident by the policeman, the chart of the accident became clear to him the following: - While the causing vehicle was coming from the east towards the west and the vehicle was crossing the street from the north towards the south and because of the speed without taking into account the edges of the road by the first causing vehicle and the pedestrian crossing from a place not designated for pedestrian crossing, under the influence of alcoholic drink, the vehicle’s body hit the front left corner of the vehicle, according to the chart. The accident happened.",-0.19746179160121255,2.490378837640347,-0.3676863281700941,0,1,1,0,0,0,0,1.649048672417752,0,0,0,0,0,0,0,0,0,0,0,0,0,0,0,0,0,0,0,0,0,1,0,0,0,0,1,0,0,0,1,0,0,1,0,0,0,0,0,0,0,0,0,0,0,0,0,0,0,0,0,0,1,0,0,0,0,0,0,0,0,0,0,0,1,0,0,0,0,0,1,0,0,0,0,0,0,0,0,0,0,0,0,0,1,0,0,0,0,1,0,0,0,0,1,0,0,0,1,0,0,0,0,1
0.03706138290181467,-0.7802238092300142,"3880.                   After detecting and inspecting the accident site, the following became clear: The vehicle that caused the accident before this accident was coming from the west to the east and going for the parking areas coming from the south to the north. Because of the driving of the vehicle under the influence of alcohol for the offending driver, the front of the vehicle hit the vehicle, which led to her injury, and she was taken to the hospital, and so the accident occurred",-2.637685636673014,2.490378837640347,-2.3692825732768528,1,0,1,0,0,0,0,1.6535140076058352,0,0,0,0,0,0,0,0,0,0,0,0,0,0,0,0,0,0,0,0,0,0,0,0,0,1,1,0,0,0,1,0,0,1,0,0,0,0,0,0,0,0,0,0,0,0,0,0,0,0,0,1,0,0,0,0,0,0,0,0,0,0,0,0,1,0,0,0,0,0,0,1,0,0,0,0,0,0,0,0,0,0,0,0,1,0,0,0,0,1,0,0,0,0,1,0,0,0,1,0,1,0,0,0
-0.761042654835281,1.222687028449784,"3881.                   After detection and inspecting the accident site by the person who charted the accident, the following became clear: While the causing vehicle was coming from the west towards the east “towards the Al-Jarida intersection” moving the middle lane on the right side, I was surprised before it reached the intersection with the deviation of the causing vehicle in front of it, as the causing vehicle was coming from the same passable direction on the far right to hit the front of the causing vehicle on the left side of the damaged vehicle to push the causing vehicle from The force of the collision stabilizes over the triangle at the angle of intersection and the damaged vehicle settles at the site of the accident, and the necessary measures have been taken.",-0.19746179160121255,-0.4015453331379524,0.6331117943832852,0,1,1,0,0,0,0,1.7442982119812016,0,0,0,0,0,0,0,0,0,0,1,0,0,0,0,0,0,0,0,0,0,0,0,0,0,0,0,0,1,1,0,0,0,0,0,0,0,0,0,1,0,0,0,0,0,0,0,0,0,0,0,0,1,0,0,0,0,0,0,0,0,0,0,1,0,0,0,0,0,0,0,0,1,0,0,0,0,0,0,0,0,0,0,0,0,0,0,1,0,0,1,0,1,0,0,0,1,0,0,1,0,0,0,0
1.5268555866777267,1.222687028449784,"3882.                   After detection and inspecting the accident site by the person who charted the accident, the following became clear: While the causing vehicle was coming from the west towards the east “towards the Al-Jarida intersection” moving the middle lane on the right side, I was surprised before it reached the intersection with the deviation of the causing vehicle in front of it, as the causing vehicle was coming from the same passable direction on the far right to hit the front of the causing vehicle on the left side of the damaged vehicle to push the causing vehicle from The force of the collision stabilizes over the triangle at the angle of intersection and the damaged vehicle settles at the site of the accident, and the necessary measures have been taken.",-0.19746179160121255,-0.4015453331379524,0.6331117943832852,0,1,1,0,0,0,0,1.7442982119812016,0,0,0,0,0,0,0,0,0,0,1,0,0,0,0,0,0,0,0,0,0,0,0,0,0,0,0,0,1,1,0,0,0,0,0,0,0,0,0,1,0,0,0,0,0,0,0,0,0,0,0,0,1,0,0,0,0,0,0,0,0,0,0,1,0,0,0,0,0,0,0,0,1,0,0,0,0,0,0,0,0,0,0,0,0,0,0,1,0,0,1,0,1,0,0,0,1,0,0,0,1,0,0,0
0.35630299799665294,-0.8213795113741197,"3883.                   After detection and inspection by the accident chart, the following is revealed: - The causing vehicle is coming from the north to the south direction, the damaged vehicle is coming from the east to the west direction, while the two vehicles are moving and upon their arrival at the intersection and because of the lack of clearance by the driver who entered the intersection and collided with the front of the causing vehicle on the left side of the damaged vehicle and from the force of the collision the damaged vehicle deteriorated and separated The left rear tire falls on the driver and accordingly the accident was charted.",-1.4175737141371132,-0.4015453331379524,-1.3684844507234735,0,1,1,0,0,0,0,1.7499893254562096,0,0,0,0,0,0,0,0,0,0,0,1,0,0,0,0,0,0,0,0,0,0,0,0,0,0,0,0,1,0,1,0,0,1,0,0,0,0,0,0,0,0,0,0,0,0,0,0,0,0,0,0,0,0,1,0,0,0,0,0,0,0,0,1,0,0,0,0,0,0,0,0,1,0,0,0,0,0,0,0,0,0,0,0,0,0,0,1,0,1,0,0,0,0,1,0,0,0,1,0,1,0,0,0
-1.2931120133266782,-0.8213795113741197,"3884.                   After detection and inspecting the accident site, the following accident chart became clear: While the causing vehicle was coming from the west to the east, and in the case of moving forward, the path was on the far right and the road was taken from the north towards the south, and because of the lack of estimation of the road users by the vehicle that caused the collision of the front left corner of the vehicle with the body of the vehicle, and according to the chart, the accident occurred.",-1.4175737141371132,2.490378837640347,-1.3684844507234735,1,0,0,1,0,0,0,1.7521782152542895,0,0,0,0,0,0,0,0,0,0,0,0,0,1,0,0,0,0,0,0,0,0,0,0,0,0,0,1,0,0,1,0,0,0,0,0,0,0,0,0,0,1,0,0,0,0,0,0,0,0,0,0,1,0,0,0,0,0,0,0,0,0,0,1,0,0,0,0,0,1,0,0,0,0,0,0,0,0,0,0,0,0,0,0,1,0,0,0,0,1,0,0,0,0,1,0,0,0,1,0,1,0,0,0
-0.2289732963438839,-0.8076609439927512,"3885.                   After detection and inspection by the accident charted, the following is revealed: -  The two vehicles are coming from the north to the south direction, the damaged vehicle is in the front and behind the damaged vehicle, while the two vehicles are in motion, and because of the failure to adhere to the obligatory driving line by the offending driver while overtaking the damaged vehicle, then the causing vehicle collides with the right side of the damaged vehicle, and accordingly the accident was charted.",-1.4175737141371132,-0.4015453331379524,-2.3692825732768528,0,1,0,1,0,0,0,-1.4326564409520575,0,0,0,0,0,0,0,0,0,0,1,0,0,0,0,0,0,0,0,0,0,0,0,0,0,0,1,0,0,0,1,0,0,1,0,0,0,0,0,0,0,0,0,0,0,0,0,0,0,0,0,0,0,0,0,0,0,0,0,1,0,0,0,0,1,0,0,0,0,0,1,0,0,0,0,0,0,0,0,0,0,0,0,0,0,0,0,1,0,1,0,0,1,0,0,0,1,0,0,0,1,0,0,0
1.3672347791303074,-0.7665052418486458,"3886.                   While the causing vehicle was coming from the west towards the east, and in parking lots while it was moving forward, and the vehicle was in a forward state, the run-over person was moving forward and because of the lack of estimation of road users, the run-over accident occurred causing the harm. The accident resulted in material damage to the vehicle causing the injury to the vehicle. With moderate injury for the run-over person, the scene of the accident was charted and necessary action was taken.  ",-0.19746179160121255,2.490378837640347,-1.3684844507234735,0,1,0,1,0,0,0,-1.4240431595966128,0,0,0,0,0,0,0,0,0,0,0,0,0,1,0,0,0,0,0,0,0,0,0,0,0,0,1,0,0,0,1,0,0,0,0,0,1,0,0,0,0,0,0,0,0,0,0,0,0,0,0,1,0,0,0,0,0,0,0,0,0,0,0,1,0,0,0,0,0,1,0,0,0,0,0,0,0,0,0,0,0,0,0,0,1,0,0,0,0,1,0,0,0,0,1,0,0,0,1,0,1,0,0,0
-1.2931120133266782,-0.601882433272224,"3887.                   After detection and inspecting the accident site, the following became clear: The vehicle causing the vehicle was parked in Al Rawafed private school in Al Bateen area, and while the vehicle was passing through the school, the vehicle causing the front of it collided with the vehicle. The accident resulted in a minor injury to the vehicle who received the necessary treatment and left the hospital in a minor general condition. Note: After being run over, the offending driver left the scene of the accident, and the follow-up was seized and necessary action was taken.",-1.4175737141371132,2.490378837640347,-2.3692825732768528,0,1,0,1,0,0,0,-1.4195231021635775,0,0,0,0,0,0,0,0,0,0,0,0,0,0,0,0,0,0,0,0,0,1,0,0,0,0,0,1,0,0,1,0,0,0,0,0,0,0,0,0,0,0,0,0,1,0,0,0,0,0,0,1,0,0,0,0,0,0,0,0,0,0,0,1,0,0,0,0,0,0,1,0,0,0,0,0,0,0,0,0,0,0,0,0,1,0,0,0,0,1,0,0,0,0,1,0,0,0,1,0,0,0,0,1
-0.8142495906844207,-0.5881638658908555,"3888.                   After detection and inspecting the accident site, the following accident chart became clear: The causing vehicle was coming from the bus stop and was crossing the street from the south towards the north with a ski boot, and with the advent of the damaged vehicle from the west towards the east, the path was passed on the far right, which led to the collision of the front of the damaged vehicle with the body of the offending driver.",-0.19746179160121255,-0.4015453331379524,-0.3676863281700941,0,1,0,1,0,0,0,-1.4286069948256095,0,0,0,0,0,0,1,0,0,0,0,0,0,0,0,0,0,0,0,0,0,0,0,0,0,0,0,1,0,0,1,0,0,1,0,0,0,0,0,0,0,0,0,0,0,0,0,0,0,0,0,0,0,1,0,0,0,0,0,0,0,0,0,1,0,0,0,0,0,1,0,0,0,0,0,0,0,0,0,0,0,0,0,0,0,0,0,1,0,1,0,0,1,0,0,0,1,0,0,0,0,0,0,1
-1.0270773340809796,-0.9860023199505414,"3889.                   After detection and inspection by the policeman, the chart of the accident became clear the following: -  While the causing vehicle was coming from the south towards the north on a secondary street passing the right lane next to the Al-Jazirah club, the driver of the vehicle was surprised by a child crossing the street in front of him coming from the east towards the west and because of the speed without taking into account the road conditions from Before the driver of the vehicle ran over the front of the vehicle who was run over, the vehicle was run over the road, and the vehicle stopped at the site of the accident, and the necessary measures were taken.",-1.4175737141371132,2.490378837640347,-1.3684844507234735,0,1,0,1,0,0,0,-1.4284428280907535,0,0,0,0,0,0,0,0,0,0,0,0,0,0,0,0,0,0,0,0,0,1,0,0,0,0,0,0,1,0,1,0,0,0,0,0,0,0,0,0,1,0,0,0,0,0,0,0,0,0,0,0,0,0,0,0,0,0,0,1,0,0,0,0,1,0,0,0,0,1,0,0,0,0,0,0,0,0,0,0,0,0,0,0,1,0,0,0,0,1,0,0,0,0,1,0,0,0,1,0,0,0,0,1
-0.17576636049474417,-0.944846617806436,"3890.                   After detection and inspecting the accident site, the following became clear: The vehicle causing the vehicle was coming from the east towards the west and moving to the right lane, and because of the speed without taking into account the road conditions, the front of the vehicle collided with the pavement and from the force of the collision the causing vehicle deteriorated. The accident resulted in the injury of the driver causing material damage to the vehicle and the sidewalk. The site of the accident was examined and necessary action was taken.",2.2427620534705888,-0.4015453331379524,1.6339099169366647,0,1,0,1,0,0,0,-1.4258708825780095,0,0,0,0,0,0,0,0,0,0,0,0,0,0,0,0,0,0,0,0,0,1,0,0,0,0,0,1,0,0,1,0,0,0,0,1,0,0,0,0,0,0,0,0,0,0,0,0,0,0,0,0,0,1,0,0,0,0,0,0,0,0,0,1,0,0,0,1,0,0,0,0,0,0,0,0,0,0,0,0,0,0,0,0,0,0,0,0,1,0,1,0,1,0,0,0,1,0,0,0,1,0,0,0
-0.2289732963438839,-0.9860023199505414,"3891.                   After inspecting and identifying the location of the accident by the policeman, the chart of the accident revealed the following: - While the damaged vehicle was coming from the east towards the west, taking the left lane from the center towards the Pakistani intersection, and upon reaching the intersection and bypassing the red traffic light, it was surprising that it entered the damaged vehicle that was coming from the west towards the east, moving towards the far left, veering towards the left to hit the front of the causing vehicle to the right side of the vehicle Affected vehicles to stop the accident site and take necessary action",1.0226501309346883,-0.4015453331379524,1.6339099169366647,0,1,0,1,0,0,0,-1.4181550460397776,0,0,1,0,0,0,0,0,0,0,0,0,0,0,0,0,0,0,0,0,0,0,0,0,0,0,0,0,1,0,1,0,0,0,0,0,0,0,0,1,0,0,0,0,0,0,0,0,0,0,0,0,0,0,1,0,0,0,0,0,0,0,0,1,0,0,0,0,0,0,0,0,1,0,0,0,0,0,0,0,0,0,0,0,0,0,1,0,0,0,1,0,1,0,0,0,1,0,0,1,0,0,0,0
-0.4950079755895825,1.3873098370262058,"3892.                   After detection and inspection by the policeman, the accident chart became clear:  While the causing vehicle was coming from the east towards the west, moving on the far left, and upon entering the intersection and bypassing the red traffic light, the damaged vehicle that was coming from the west towards the east, moving on the far right, collided with the right front corner. For the damaged vehicle at the rear right side of the causing vehicle, the accident resulted in the deteriorating vehicle deteriorating amid its capture and the damaged vehicle stabilizing at the site of the accident and the necessary measures were taken.",-0.19746179160121255,-0.4015453331379524,0.6331117943832852,0,1,0,1,0,0,0,-1.4142697666481856,0,0,1,0,0,0,0,0,0,0,0,0,0,0,0,0,0,0,0,0,0,0,0,0,0,0,0,0,1,0,1,0,0,1,0,0,0,0,0,0,0,0,0,0,0,0,0,0,0,0,0,0,0,0,1,0,0,0,0,0,0,0,0,0,1,0,0,0,0,0,0,0,1,0,0,0,0,0,0,0,0,0,0,1,0,0,0,0,0,0,1,0,1,0,0,0,1,0,0,0,1,0,0,0
0.5691307413932118,1.1540941915429417,"3893.                   After detection and inspection by the accident chart, it became clear as follows: - The causing vehicle was coming from the west towards the east, taking the path of the far right, and because of the speed without taking into account the road conditions by the offending driver, the front right corner collided with the body of the driver coming from the left side of the street, which led to the driver rushing and falling in front of the vehicle, and according to the chart, the accident occurred.",-0.19746179160121255,2.490378837640347,0.6331117943832852,0,1,0,1,0,0,0,-1.4164039342013137,0,0,0,0,0,0,0,0,0,0,0,0,0,0,0,0,0,0,0,0,0,1,0,0,0,0,0,0,1,0,1,0,0,1,0,0,0,0,0,0,0,0,0,0,0,0,0,0,0,0,1,0,0,0,0,0,0,0,0,0,0,0,0,1,0,0,0,0,0,0,1,0,0,0,0,0,0,0,0,0,0,0,0,0,1,0,0,0,0,1,0,0,0,0,1,0,0,0,1,0,1,0,0,0
0.9947862281863296,1.195249893687047,"3894.                   After detection and inspecting, the following accident chart became clear: While the driver of the causing vehicle was coming from the east towards the west, taking the left lane, while he was moving and entering the intersection bypassing the traffic light of the arrow, he made a left turn and encountered the driver of the damaged vehicle from the west towards the east inside the intersection, taking the right lane, to collide with the right angle and side of his vehicle at the right front corner and side of the vehicle, so the accident happened.",-0.19746179160121255,-0.4015453331379524,-0.3676863281700941,0,1,0,1,0,0,0,-1.4241197707395454,0,0,1,0,0,0,0,0,0,0,0,0,0,0,0,0,0,0,0,0,0,0,0,0,0,0,0,1,0,0,1,0,0,0,0,0,0,0,0,0,0,0,1,0,0,0,0,0,0,0,0,0,0,0,1,0,0,0,0,0,0,0,0,1,0,0,0,0,0,0,0,0,1,0,0,0,0,0,0,0,0,0,0,1,0,0,0,0,0,0,1,0,1,0,0,0,1,0,0,0,1,0,0,0
-0.5482149114387221,1.195249893687047,"3895.                   After detection and inspecting, the following accident chart became clear: While the driver of the causing vehicle was coming from the east towards the west, taking the left lane, while he was moving and entering the intersection bypassing the traffic light of the arrow, he made a left turn and encountered the driver of the damaged vehicle from the west towards the east inside the intersection, taking the right lane, to collide with the right angle and side of his vehicle at the right front corner and side of the vehicle, so the accident happened.",-0.19746179160121255,-0.4015453331379524,-0.3676863281700941,1,0,0,1,0,0,0,-1.4241197707395454,0,0,1,0,0,0,0,0,0,0,0,0,0,0,0,0,0,0,0,0,0,0,0,0,0,0,0,1,0,0,1,0,0,0,0,0,0,0,0,0,0,0,1,0,0,0,0,0,0,0,0,0,0,0,1,0,0,0,0,0,0,0,0,1,0,0,0,0,0,0,0,0,1,0,0,0,0,0,0,0,0,0,0,1,0,0,0,0,0,0,1,0,0,1,0,0,0,1,0,0,0,0,0,1
-0.6014218472878619,1.195249893687047,"3896.                   After detection and inspecting, the following accident chart became clear: While the driver of the causing vehicle was coming from the east towards the west, taking the left lane, while he was moving and entering the intersection bypassing the traffic light of the arrow, he made a left turn and encountered the driver of the damaged vehicle from the west towards the east inside the intersection, taking the right lane, to collide with the right angle and side of his vehicle at the right front corner and side of the vehicle, so the accident happened.",-0.19746179160121255,-0.4015453331379524,-0.3676863281700941,0,1,0,1,0,0,0,-1.4241197707395454,0,0,1,0,0,0,0,0,0,0,0,0,0,0,0,0,0,0,0,0,0,0,0,0,0,0,0,1,0,0,1,0,0,0,0,0,0,0,0,0,0,0,1,0,0,0,0,0,0,0,0,0,0,0,1,0,0,0,0,0,0,0,0,1,0,0,0,0,0,0,0,0,1,0,0,0,0,0,0,0,0,0,0,1,0,0,0,0,0,1,0,1,0,0,0,0,0,1,0,0,1,0,0,0
0.728751548940631,1.195249893687047,"3897.                   After detection and inspecting, the following accident chart became clear: While the driver of the causing vehicle was coming from the east towards the west, taking the left lane, while he was moving and entering the intersection bypassing the traffic light of the arrow, he made a left turn and encountered the driver of the damaged vehicle from the west towards the east inside the intersection, taking the right lane, to collide with the right angle and side of his vehicle at the right front corner and side of the vehicle, so the accident happened.",-0.19746179160121255,-0.4015453331379524,-0.3676863281700941,0,1,0,1,0,0,0,-1.4241197707395454,0,0,1,0,0,0,0,0,0,0,0,0,0,0,0,0,0,0,0,0,0,0,0,0,0,0,0,1,0,0,1,0,0,0,0,0,0,0,0,0,0,0,1,0,0,0,0,0,0,0,0,0,0,0,1,0,0,0,0,0,0,0,0,1,0,0,0,0,0,0,0,0,1,0,0,0,0,0,0,0,0,0,0,1,0,0,0,0,0,0,1,0,0,1,0,0,0,1,0,0,1,0,0,0
0.46271686969493236,-0.8899723482809621,"3898.                   After detecting and inspecting the accident site, the following was revealed:  before the accident, the causing vehicle was coming from the south towards the north and the first damaged vehicle was coming from the same lane and the second damaged was in a state of leaving the hatch and settling in the main street, and because of not leaving enough space for the offending driver, the front of his vehicle collided with the back of the first damaged car, and then the imam rushed and hit the front of the first damaged vehicle, at the back of the second damaged car, and so the accident occurred",-0.19746179160121255,-0.4015453331379524,-0.3676863281700941,1,0,0,1,0,0,0,-1.4194683799186256,0,0,0,0,0,0,0,0,0,0,0,0,0,0,0,0,0,0,1,0,0,0,0,0,0,0,0,0,1,0,1,0,0,0,0,0,0,0,0,0,0,0,0,0,1,0,0,0,0,0,0,0,1,0,0,0,0,0,0,0,0,0,0,1,0,0,0,0,0,0,1,0,0,0,0,0,0,0,0,0,0,0,0,0,0,1,0,0,0,0,1,0,1,0,0,0,1,0,0,0,0,0,0,1
-0.44180103974044277,-0.8076609439927512,"3899.                   After detecting and inspecting the site of the accident, it became clear to me the following:  While the driver of the causing vehicle was walking from the south towards the north, taking the left lane, and while he was walking and after the pedestrian crossing lines, about 5 meters away, and due to the speed without taking into account the road conditions, he was surprised that the pedestrian crossed the road in front of him from a place not intended for pedestrian crossing to hit the front of his vehicle with the body of the run-over person.  ",-0.19746179160121255,2.490378837640347,-0.3676863281700941,0,1,0,1,0,0,0,-1.4118619878702976,0,0,0,0,0,0,0,0,0,0,0,0,0,0,0,0,0,0,0,0,0,1,0,0,0,0,0,0,1,0,1,0,0,1,0,0,0,0,0,0,0,0,0,0,0,0,0,0,0,0,0,0,1,0,0,0,0,0,0,0,0,0,0,0,1,0,0,0,0,0,1,0,0,0,0,0,0,0,0,0,0,0,0,0,1,0,0,0,0,1,0,0,0,0,1,0,0,0,1,0,1,0,0,0
-0.2289732963438839,1.2638427305938895,"3900.                   After detecting and inspecting the accident site by the serious accidents chart, the following became clear: - While the first precipitating vehicle was coming from the south towards the north, taking the far left towards the intersection, and upon reaching the intersection whose direction of path was indicating to deviate to the left, it was compulsory. On entering the intersection, the first causing vehicle was moving forward, deviating towards the second causing vehicle that was clearing the middle path from the left side that was pointing To go forward without swerving to the left and due to failure to abide by the obligatory driving line by the drivers of the two vehicles, the first causing vehicle collided with the right front angle to it while continuing to walk forward with the second causing vehicle that deviated to the left without continuing to move forward, to push the second causing vehicle from the force of the collision The signal pole hits and the first causing vehicle stops at the site of the accident, and the necessary measures have been taken",-0.19746179160121255,-0.4015453331379524,0.6331117943832852,1,0,0,1,0,0,0,-1.4141603221582817,0,0,0,0,0,0,0,0,0,0,1,0,0,0,0,0,0,0,0,0,0,0,0,0,0,0,0,1,0,0,1,0,0,0,1,0,0,0,0,0,0,0,0,0,0,0,0,0,0,0,0,0,0,0,1,0,0,0,0,0,0,0,0,0,1,0,0,0,0,0,0,0,1,0,0,0,0,0,0,0,0,0,0,0,0,0,0,1,0,0,1,0,0,1,0,0,0,1,0,0,1,0,0,0