Age of the injured,Str Code,Accident Description,Road speed limit,Pedestrian action,Number of Lanes,Gender_F,Gender_M,Week_Fifth week,Week_First week,Week_Fourth week,Week_Second week,Week_Third week,Date_time,Reasons__??? ????? ?????? ?????? ???? ????? ??? ???? ???????,Reasons__???? ?? ??????? (???),Reasons__Bypassing the red traffic light,Reasons__Driving back without attention,Reasons__Driving back without traffic clearance,Reasons__Driving in the opposite direction,Reasons__Entering main road without traffic clearance,Reasons__Exceeding speed limit,Reasons__Fatigue and drowsiness,Reasons__Faults in the road,Reasons__Ignoring road lane,Reasons__Ignoring traffic lights,Reasons__Lack of driving awareness,Reasons__Misuse of traffic,Reasons__Negligence and inobservance,Reasons__Negligent driving,Reasons__Not giving priority to pedestrian crossing,Reasons__Not giving way / not giving priority,Reasons__Not leaving enough space,Reasons__Not observing the stop sign,Reasons__Not securing vehicle stability while stopping,Reasons__Speedy without taking road conditions into account,Reasons__Sudden deviation,Reasons__Sudden stop,Reasons__Tyre burst,Reasons__under influence of intoxicant or narcotic drug,__Al Madina Police Station,__Khaldiya Police Station,__Shaabiya Police Station,Streetname_Intersection,Streetname_Street,place__Bridge / Tunnel,place__Coastal area,place__Commercial area,place__Fuel Station,place__Govt. authority,place__Hospital,place__Island,place__Mosque,place__One level intersection,place__Other,place__Park,place__Residential area,place__Sand area,place__School,place__Work area,place__external road,place__unknown,location__ ,location__Bridge,location__Bridge /  Tunnel,location__Car parking,location__Double road,location__Highway,location__Intersection,location__Off the road,location__Other(specify),location__Roundabout,location__Side parking,location__Single road,location__Tunnel,location__Two-way road,location__Unknown,lighting__day,lighting__night - enough lights,lighting__night - weak lights,intersection__Deviated intersection,intersection__Half Perpendicular Intersection,intersection__Multiple leg Intersection,intersection__Not on Intersection,intersection__Not on or around 20 meters,intersection__Other,intersection__Perpendicular Intersection,intersection__Roundabout,intersection__Turn ,accidentype__Collision while turning,accidentype__Fall,accidentype__Hitting a moving object off the road,accidentype__Hitting a moving object on the road,accidentype__Hitting a stationary object off the road,accidentype__Hitting a stationary object on the road,accidentype__Multiple collision,accidentype__Other (specify),accidentype__Perpendicular collision,accidentype__Person run over,accidentype__Rear collision,accidentype__Reciprocal collision,accidentype__Side collision,accidentype__deterioration,seat belt_N,seat belt_Y,seat_Back passenger seat,seat_Driver's seat,seat_Front passenger seat,seat_No passenger,seat_bike passenger,position_Driver,position_Passenger,position_Pedestrian,nationality_Arab States,nationality_Asian States,nationality_GCC,nationality_Other,nationality_UAE
1.4736486508285869,1.2638427305938895,"3901.                   After detecting and inspecting the accident site by the serious accidents chart, the following became clear: - While the first precipitating vehicle was coming from the south towards the north, taking the far left towards the intersection, and upon reaching the intersection whose direction of path was indicating to deviate to the left, it was compulsory. On entering the intersection, the first causing vehicle was moving forward, deviating towards the second causing vehicle that was clearing the middle path from the left side that was pointing To go forward without swerving to the left and due to failure to abide by the obligatory driving line by the drivers of the two vehicles, the first causing vehicle collided with the right front angle to it while continuing to walk forward with the second causing vehicle that deviated to the left without continuing to move forward, to push the second causing vehicle from the force of the collision The signal pole hits and the first causing vehicle stops at the site of the accident, and the necessary measures have been taken",-0.19746179160121255,-0.4015453331379524,0.6331117943832852,1,0,0,1,0,0,0,-1.4141603221582817,0,0,0,0,0,0,0,0,0,0,1,0,0,0,0,0,0,0,0,0,0,0,0,0,0,0,0,1,0,0,1,0,0,0,1,0,0,0,0,0,0,0,0,0,0,0,0,0,0,0,0,0,0,0,1,0,0,0,0,0,0,0,0,0,1,0,0,0,0,0,0,0,1,0,0,0,0,0,0,0,0,0,0,0,0,0,0,1,0,1,0,1,0,0,0,0,0,1,0,0,0,0,0,1
-0.5482149114387221,-0.9860023199505414,"3902.                   After detecting and inspecting the accident site, the following became clear: The causing vehicle before the accident was coming from the south towards the north and was in a state of exit from the parking lot, and upon reaching the main street, the driver lost control of the steering wheel and the vehicle veered to the right and went up from the sidewalk and during its ascent encountered the presence of the vehicle, where it was run over by the vehicle and then rushed forward and hit the front of the vehicle. The victim, who was in a permanent state of parking, and due to lack of attention of the road conditions, the accident occurred, and according to the chart, the accident occurred",-0.19746179160121255,-0.4015453331379524,0.6331117943832852,1,0,0,0,0,1,0,-1.4117415989314033,0,0,0,0,0,0,0,0,0,0,0,0,0,0,0,0,0,0,0,0,0,1,0,0,0,0,0,0,1,0,1,0,0,1,0,0,0,0,0,0,0,0,0,0,0,0,0,0,0,0,0,1,0,0,0,0,0,0,0,0,0,0,0,1,0,0,0,0,0,0,1,0,0,0,0,0,0,0,0,0,0,0,0,0,1,0,0,0,0,1,0,0,0,0,1,0,0,0,1,0,1,0,0,0
-0.17576636049474417,-0.9997208873319099,"3903.                   After detecting and inspecting the accident document, the following became clear: The causing vehicle was parked on the right side of the main street on Reem Island, and the damaged vehicle was coming from the north towards the south, and due to entering the street before making sure of being alone by the vehicle causing the damaged vehicle to collide with its front on the left side of the causing vehicle and from the force of the collision the causing vehicle settled at a distance of 14 meters from Collision point. Note: The street has been placed with several cones in the middle so that it is converted into a two-way street",-0.19746179160121255,-0.4015453331379524,-1.3684844507234735,0,1,0,0,0,1,0,-1.4153094893022737,0,0,0,0,0,0,1,0,0,0,0,0,0,0,0,0,0,0,0,0,0,0,0,0,0,0,0,0,1,0,1,0,0,0,0,0,0,0,0,0,0,0,0,0,0,1,0,0,0,0,0,0,0,0,0,0,0,0,0,0,0,1,0,0,1,0,0,0,0,0,1,0,0,0,0,0,0,0,0,0,0,0,0,0,0,0,0,1,0,0,1,0,0,1,0,0,0,1,0,0,1,0,0,0
-0.4950079755895825,-0.9997208873319099,"3904.                   After detecting and inspecting the accident document, the following became clear:  The causing vehicle was parked on the right side of the main street on Reem Island, and the damaged vehicle was coming from the north towards the south, and due to entering the street before making sure of being alone by the vehicle causing the damaged vehicle to collide with its front on the left side of the causing vehicle and from the force of the collision the causing vehicle settled at a distance of 14 meters from Collision point. Note: The street has been placed with several cones in the middle so that it is converted into a two-way street",-0.19746179160121255,-0.4015453331379524,-1.3684844507234735,0,1,0,0,0,1,0,-1.4153094893022737,0,0,0,0,0,0,1,0,0,0,0,0,0,0,0,0,0,0,0,0,0,0,0,0,0,0,0,0,1,0,1,0,0,0,0,0,0,0,0,0,0,0,0,0,0,1,0,0,0,0,0,0,0,0,0,0,0,0,0,0,0,1,0,0,1,0,0,0,0,0,1,0,0,0,0,0,0,0,0,0,0,0,0,0,0,0,0,1,0,0,1,0,1,0,0,0,1,0,0,0,1,0,0,0
-0.38859410389130306,-0.9860023199505414,"3905.                   After detecting and inspection by the person who made the chart, the following is revealed: - The causing vehicle is coming from the north to the south direction, the damaged vehicle is coming from the east to the west direction, while the two vehicles were moving and due to entering the street without being sure of its identity by the offending driver while entering the street, the causing vehicle collided with the left front corner in the left front corner of the damaged vehicle. Accident planning.",-1.4175737141371132,-0.4015453331379524,-2.3692825732768528,0,1,0,0,0,1,0,-1.4271842164568576,0,0,0,0,0,0,1,0,0,0,0,0,0,0,0,0,0,0,0,0,0,0,0,0,0,0,0,0,1,0,1,0,0,0,0,0,0,0,0,0,0,0,1,0,0,0,0,0,0,0,0,0,0,0,0,0,0,0,0,1,0,0,0,1,0,0,0,0,0,0,0,0,0,0,1,0,0,0,0,0,0,0,0,0,0,0,1,0,0,1,0,0,1,0,0,0,1,0,0,0,0,0,0,1
-0.44180103974044277,-0.8213795113741197,"3906.                   After detecting and inspecting the accident site, the following accident chart became clear: While the first victim and the victim were walking from the east towards the west on the two-way side road in which there are parking lots, as the first victim was walking behind the offender and while they were driving and during the first turn of the affected person to the right to stop his vehicle in the parking lot and because of the failure of the offending driver to follow his course and overtake the aggrieved vehicle The first from the right collided with the front of his tire on the front right side of the first victim's vehicle, then the offender deteriorated and continued crawling on the street, and then collided again with his vehicle on the right side of the second damaged vehicle, which was stopped permanently, and the accident resulted in the injury of the driver who was seriously injured and thus the accident occurred.",-2.637685636673014,-0.4015453331379524,-2.3692825732768528,0,1,0,0,0,1,0,-1.4207817137974736,0,0,0,0,0,0,0,0,0,0,1,0,0,0,0,0,0,0,0,0,0,0,0,0,0,0,0,1,0,0,1,0,0,1,0,0,0,0,0,0,0,0,0,0,0,0,0,0,0,0,0,1,0,0,0,0,0,0,0,0,0,0,0,1,0,0,0,0,0,0,1,0,0,0,0,0,0,0,0,0,0,0,0,1,0,0,0,0,0,1,0,0,1,0,0,0,1,0,0,0,1,0,0,0
0.09026831875095438,-0.9860023199505414,"3907.                   ** After detecting and inspecting the accident site, the following accident chart is revealed: While the causing vehicle was coming from the east and turning to the left and wanting to go towards the south, and the damaged vehicle was coming from the west towards the east, the first and third damaged vehicle was moving in the same line of traffic, the second right lane, and the second damaged vehicle was moving on the far left as a result of overtaking the red light by a driver The causing vehicle hit the right side of the causing vehicle with the front of the first damaged vehicle, and then the front corner of the causing vehicle collided with the front of the second damaged vehicle, and then the rear corner of the first damaged vehicle collided with the front right corner of the third damaged vehicle. According to the chart, the accident occurred.",-0.19746179160121255,-0.4015453331379524,0.6331117943832852,0,1,0,0,0,1,0,-1.4269106052320975,0,0,1,0,0,0,0,0,0,0,0,0,0,0,0,0,0,0,0,0,0,0,0,0,0,0,0,0,1,0,1,0,0,0,0,1,0,0,0,0,0,0,0,0,0,0,0,0,0,0,0,0,0,0,1,0,0,0,0,0,0,0,0,1,0,0,0,0,0,0,0,0,1,0,0,0,0,0,0,0,0,0,0,1,0,0,0,0,0,0,1,0,1,0,0,0,1,0,0,0,0,0,0,1
1.0479931640354692,-0.9860023199505414,"3908.                   ** After detecting and inspecting the accident site, the following accident chart is revealed: While the causing vehicle was coming from the east and turning to the left and wanting to go towards the south, and the damaged vehicle was coming from the west towards the east, the first and third damaged vehicle was moving in the same line of traffic, the second right lane, and the second damaged vehicle was moving on the far left as a result of overtaking the red light by a driver The causing vehicle hit the right side of the causing vehicle with the front of the first damaged vehicle, and then the front corner of the causing vehicle collided with the front of the second damaged vehicle, and then the rear corner of the first damaged vehicle collided with the front right corner of the third damaged vehicle. According to the chart, the accident occurred.",-0.19746179160121255,-0.4015453331379524,0.6331117943832852,0,1,0,0,0,1,0,-1.4269106052320975,0,0,1,0,0,0,0,0,0,0,0,0,0,0,0,0,0,0,0,0,0,0,0,0,0,0,0,0,1,0,1,0,0,0,0,1,0,0,0,0,0,0,0,0,0,0,0,0,0,0,0,0,0,0,1,0,0,0,0,0,0,0,0,1,0,0,0,0,0,0,0,0,1,0,0,0,0,0,0,0,0,0,0,1,0,0,0,0,0,0,1,0,1,0,0,0,1,0,0,0,1,0,0,0
-0.5482149114387221,-0.9860023199505414,"3909.                   ** After detecting and inspecting the accident site, the following accident chart is revealed: While the causing vehicle was coming from the east and turning to the left and wanting to go towards the south, and the damaged vehicle was coming from the west towards the east, the first and third damaged vehicle was moving in the same line of traffic, the second right lane, and the second damaged vehicle was moving on the far left as a result of overtaking the red light by a driver The causing vehicle hit the right side of the causing vehicle with the front of the first damaged vehicle, and then the front corner of the causing vehicle collided with the front of the second damaged vehicle, and then the rear corner of the first damaged vehicle collided with the front right corner of the third damaged vehicle. According to the chart, the accident occurred.",-0.19746179160121255,-0.4015453331379524,0.6331117943832852,0,1,0,0,0,1,0,-1.4269106052320975,0,0,1,0,0,0,0,0,0,0,0,0,0,0,0,0,0,0,0,0,0,0,0,0,0,0,0,0,1,0,1,0,0,0,0,1,0,0,0,0,0,0,0,0,0,0,0,0,0,0,0,0,0,0,1,0,0,0,0,0,0,0,0,1,0,0,0,0,0,0,0,0,1,0,0,0,0,0,0,0,0,0,0,1,0,0,0,0,0,0,1,0,1,0,0,0,1,0,0,0,1,0,0,0
-0.8674565265335604,-0.8899723482809621,"3910.                   After detecting and inspecting the accident site, the following accident chart became clear: While the run-over person was trying to get into the causing vehicle by the right rear door, which was parked in the side car park of the public road, and the driver’s lack of attention for the road users, he moved his vehicle before the run-over person get into the car, and he was run over by vehicle from the tire of his right rear with and it injured the right leg of run-over person, so the accident occurred. ",-0.19746179160121255,-0.4015453331379524,-0.3676863281700941,0,1,0,0,0,1,0,-1.4141603221582817,0,0,0,0,0,0,0,0,0,0,0,0,0,1,0,0,0,0,0,0,0,0,0,0,0,0,0,1,0,0,1,0,0,0,0,0,0,0,0,0,1,0,0,0,0,0,0,0,0,0,0,0,0,0,0,0,0,0,1,0,0,0,0,0,1,0,0,0,0,0,1,0,0,0,0,0,0,0,0,0,0,0,0,0,1,0,0,0,0,1,0,0,0,0,1,0,0,0,1,0,0,0,0,1
1.101200099884609,0.3035430138980958,"3911.                   After detecting and inspecting the site of the accident, the following became clear: - During the arrival of the two causing vehicles from the north towards the south and their entry into the organized intersection with traffic light, the first causing vehicle was taking the middle lane and the second in the left lane, and because of the speed without taking into account the road conditions, and the pedestrian crossing from a place not designated for pedestrian crossing from the west towards the east from the middle of the intersection led to this accident. Where the front of the causing vehicle was run over from the left side with the body of the run over person, which led to its fall to the ground in the left lane, and by the advent of the second causing vehicle in the left lane, its front was run over with the body of the vehicle who had fallen to the ground as a result of the first accident. The accident resulted in the death of the victim and material damage to the two vehicles and in this way, the accident happened",-0.19746179160121255,2.490378837640347,-0.3676863281700941,0,1,0,0,0,1,0,-1.4334772746263373,0,0,0,0,0,0,0,0,0,0,0,0,0,0,0,0,0,0,0,0,0,1,0,0,0,0,1,0,0,0,1,0,0,1,0,0,0,0,0,0,0,0,0,0,0,0,0,0,0,0,0,0,0,1,0,0,0,0,0,0,0,0,0,0,1,0,0,0,0,0,0,0,1,0,0,0,0,0,0,0,0,0,0,0,1,0,0,0,0,1,0,0,0,0,1,0,0,0,1,1,0,0,0,0
1.101200099884609,0.5367586593813599,"3912.                   After detecting and inspecting the accident site, the following became clear: The causing vehicle was coming from the south direction towards the north, the two run-over persons were coming from the direction of west towards the east, while the vehicle was moving and when it reached the intersection, the vehicle driver was surprised by the two run-over persons crossing the intersection and because of bypassing the red traffic light by the driver of the vehicle or those who were run over, the accident occurred where the driver was run over the persons by the front of his vehicle. The accident is shown in the chart.\",-0.19746179160121255,2.490378837640347,0.6331117943832852,0,1,0,0,0,1,0,-1.4118291545233266,0,0,1,0,0,0,0,0,0,0,0,0,0,0,0,0,0,0,0,0,0,0,0,0,0,0,0,1,0,0,1,0,0,1,0,0,0,0,0,0,0,0,0,0,0,0,0,0,0,0,0,0,0,0,1,0,0,0,0,0,0,0,0,0,1,0,0,0,0,0,0,0,1,0,0,0,0,0,0,0,0,0,0,0,1,0,0,0,0,1,0,0,0,0,1,0,0,0,1,0,0,0,1,0
1.101200099884609,0.5367586593813599,"3913.                   After detecting and inspecting the accident site, the following became clear: The causing vehicle was coming from the south direction towards the north, the two run-over persons were coming from the direction of west towards the east, while the vehicle was moving and when it reached the intersection, the vehicle driver was surprised by the two run-over persons crossing the intersection and because of bypassing the red traffic light by the driver of the vehicle or those who were run over, the accident occurred where the driver was run over the persons by the front of his vehicle. The accident is shown in the chart.",-0.19746179160121255,2.490378837640347,0.6331117943832852,1,0,0,0,0,1,0,-1.4118291545233266,0,0,1,0,0,0,0,0,0,0,0,0,0,0,0,0,0,0,0,0,0,0,0,0,0,0,0,1,0,0,1,0,0,1,0,0,0,0,0,0,0,0,0,0,0,0,0,0,0,0,0,0,0,0,1,0,0,0,0,0,0,0,0,0,1,0,0,0,0,0,0,0,1,0,0,0,0,0,0,0,0,0,0,0,1,0,0,0,0,1,0,0,0,0,1,0,0,0,1,0,0,0,1,0
-0.016145552947325045,0.8934414112969404,"3914.                   After detecting and inspecting the scene of the accident by the policeman, the chart of the accident became clear to him: While the causing vehicle was coming from the south and was circling through the intersection to return to the opposite street, the damaged vehicle was coming from the north towards the south, and because of the red light bypassed by the causing vehicle, it collided with its rear right side at the front of the damaged vehicle, according to the chart in the chart, the accident occurred.",-0.19746179160121255,-0.4015453331379524,-0.3676863281700941,0,1,0,0,0,1,0,-1.4106580984813537,0,0,1,0,0,0,0,0,0,0,0,0,0,0,0,0,0,0,0,0,0,0,0,0,0,0,0,0,1,0,1,0,0,1,0,0,0,0,0,0,0,0,0,0,0,0,0,0,0,0,0,0,0,0,1,0,0,0,0,0,0,0,0,0,1,0,0,0,1,0,0,0,0,0,0,0,0,0,0,0,0,0,0,1,0,0,0,0,0,0,1,0,0,1,0,0,0,1,0,0,1,0,0,0
1.0479931640354692,0.8934414112969404,"3915.                   After detecting and inspecting the scene of the accident by the policeman, the chart of the accident became clear to him: While the causing vehicle was coming from the south and was circling through the intersection to return to the opposite street, the damaged vehicle was coming from the north towards the south, and because of the bypassing the red traffic light by the causing vehicle, it collided with its rear right side at the front of the damaged vehicle, according to the chart in the chart, the accident occurred.",-0.19746179160121255,-0.4015453331379524,-0.3676863281700941,0,1,0,0,0,1,0,-1.4106580984813537,0,0,1,0,0,0,0,0,0,0,0,0,0,0,0,0,0,0,0,0,0,0,0,0,0,0,0,0,1,0,1,0,0,1,0,0,0,0,0,0,0,0,0,0,0,0,0,0,0,0,0,0,0,0,1,0,0,0,0,0,0,0,0,0,1,0,0,0,1,0,0,0,0,0,0,0,0,0,0,0,0,0,0,1,0,0,0,0,0,0,1,0,1,0,0,0,1,0,0,0,0,0,1,0
-0.06935248879646476,-1.1643436959083318,"3916.                   The causing vehicle was coming from the south towards the north, following the path of the far left and at the speed of the driver without taking into account the road conditions. This coincided with the arrival of the run-over person on the right side and the front of the vehicle collided with the body of this person. According to the chart, the accident occurred.",-0.19746179160121255,2.490378837640347,-1.3684844507234735,0,1,0,0,0,1,0,-1.4241197707395454,0,0,0,0,0,0,0,0,0,0,0,0,0,0,0,0,0,0,0,0,0,1,0,0,0,0,1,0,0,0,1,0,0,0,0,0,0,0,0,0,0,0,0,0,0,1,0,0,0,0,0,0,0,0,0,0,0,0,0,1,0,0,0,1,0,0,0,0,0,0,1,0,0,0,0,0,0,0,0,0,0,0,0,0,0,0,0,0,1,1,0,0,0,0,1,0,0,0,1,0,1,0,0,0
-0.38859410389130306,0.3035430138980958,"3917.                   After detection and inspection by the accident planner, the following is revealed: - The causing vehicle is coming from the east to the west direction, the first and second damaged vehicles are coming from the south direction to the north, the third damaged vehicle is completely parked outside the street, while the causing vehicle is moving when it reaches the intersection and because of the red light bypassed by the driver of the causing vehicle entered the intersection and collided with the vehicles The others are as shown in the chart.",-0.19746179160121255,-0.4015453331379524,-0.3676863281700941,1,0,0,0,0,1,0,-1.4171153233856897,0,0,1,0,0,0,0,0,0,0,0,0,0,0,0,0,0,0,0,0,0,0,0,0,0,0,1,0,0,0,1,0,0,1,0,0,0,0,0,0,0,0,0,0,0,0,0,0,0,0,0,0,0,0,1,0,0,0,0,0,0,0,0,1,0,0,0,0,1,0,0,0,0,0,0,1,0,0,0,0,0,0,0,0,0,0,0,0,0,0,1,0,1,0,0,0,1,0,0,0,1,0,0,0
-0.016145552947325045,0.3035430138980958,"3918.                   After detecting and inspecting the accident site by the policeman, the chart of the accident revealed the following: - While the motorcycle was coming from the north towards the south and towards the intersection of Ahmed Bin Hamid in the middle path of the street, upon entering the intersection and bypassing the red traffic light coincides with the entry of the damaged vehicle number 35233 (Dark Blue) coming from the west towards the east to hit the front of the damaged vehicle on the right side of the motorcycle, causing a driver to fall the motorcycle is on the ground from the force of the collision and the damaged vehicle stops at the site of the accident and take necessary action.",-0.19746179160121255,-0.4015453331379524,0.6331117943832852,0,1,0,0,0,1,0,-1.4143792111380897,0,0,1,0,0,0,0,0,0,0,0,0,0,0,0,0,0,0,0,0,0,0,0,0,0,0,0,1,0,0,1,0,0,1,0,0,0,0,0,0,0,0,0,0,0,0,0,0,0,0,0,0,0,0,1,0,0,0,0,0,0,0,0,0,1,0,0,0,0,0,0,0,1,0,0,0,0,0,0,0,0,0,0,0,0,0,1,0,0,1,0,0,1,0,0,0,1,0,0,0,1,0,0,0
-0.4950079755895825,-0.7527866744672773,"3919.                   After detecting and inspecting the accident site, the following accident chart became clear: While the driver of the vehicle was driving for his reason “side by side” with the run-over person which leaded to hitting him and fall on the street, so the accident occurred.",-0.19746179160121255,2.490378837640347,2.634708039490044,0,1,0,0,0,1,0,-0.21869815893690958,0,0,0,0,0,0,0,0,0,0,0,0,0,1,0,0,0,0,0,0,0,0,0,0,0,0,1,0,0,0,1,0,0,1,0,0,0,0,0,0,0,0,0,0,0,0,0,0,0,0,0,0,1,0,0,0,0,0,0,0,0,0,0,1,0,0,0,0,0,0,1,0,0,0,0,0,0,0,0,0,0,0,0,0,1,0,0,0,0,1,0,0,0,0,1,0,0,0,1,0,1,0,0,0
-0.44180103974044277,-0.9997208873319099,"3920.                   After detecting and inspecting the accident site, the following became clear: The first and the second damaged car before the accident was coming from the east towards the west, the first damaged front in the front and the second damaged behind it and the one at the rear and on the chart. The second affected car.",2.2427620534705888,-0.4015453331379524,0.6331117943832852,1,0,0,0,0,1,0,-0.11193505903555936,0,0,0,0,0,0,0,0,0,0,0,0,0,0,0,0,0,0,1,0,0,0,0,0,0,0,0,0,1,0,1,0,0,0,0,1,0,0,0,0,0,0,0,0,0,0,0,0,0,0,0,0,1,0,0,0,0,0,0,0,0,0,0,1,0,0,0,0,0,0,1,0,0,0,0,0,0,0,0,0,0,0,0,0,0,1,0,0,0,1,0,0,1,0,0,0,1,0,0,0,0,0,0,1
0.09026831875095438,-0.8762537808995936,"3921.                   Through inspecting the accident site, the following has become clear to the accident planner: While the causing vehicle was coming from the south and returning from the roundabout towards the south again, and it was in the middle lane, and the damaged vehicle was coming from the east and heading to the west and was in the middle lane, and because of passing to the red traffic light, the collision causing harm occurred, the accident resulted in material damage Both vehicles and injuring the injured driver, and take the necessary action.",-1.4175737141371132,-0.4015453331379524,-0.3676863281700941,1,0,0,0,0,0,1,-0.11368617087402334,0,0,1,0,0,0,0,0,0,0,0,0,0,0,0,0,0,0,0,0,0,0,0,0,0,0,0,1,0,0,1,0,0,0,0,0,0,0,0,0,0,0,1,0,0,0,0,0,0,0,0,0,0,0,0,0,1,0,0,0,0,0,0,1,0,0,0,0,0,0,0,0,0,1,0,0,0,0,0,0,0,0,0,1,0,0,0,0,0,0,1,0,1,0,0,0,1,0,0,0,0,0,0,1
-0.33538716804216334,1.0580642198733623,"3922.                   After detecting and inspecting the accident site, the following became clear: The motorbike before the accident was coming from the east towards the west and the run-over person was coming from the north towards the south and because of the speed without taking into account the road conditions of the offending driver, the motorcycle collided with the vehicle, which led to her injury and was transferred to the hospital. I took the necessary treatment and left the hospital in a simple general condition.",-1.4175737141371132,2.490378837640347,-1.3684844507234735,1,0,0,0,0,0,1,0.0008474878105107533,0,0,0,0,0,0,0,0,0,0,0,0,0,0,0,0,0,0,0,0,0,1,0,0,0,0,0,0,1,0,1,0,0,1,0,0,0,0,0,0,0,0,0,0,0,0,0,0,0,0,0,0,0,0,0,0,0,0,0,1,0,0,0,1,0,0,0,0,0,0,0,0,1,0,0,0,0,0,0,0,0,0,0,0,1,0,0,0,0,1,0,0,0,0,1,0,0,0,1,1,0,0,0,0
-0.44180103974044277,-0.8076609439927512,"3923.                   After detecting and inspecting the accident site, the following was found: -The causing vehicle is coming from the south towards the north, taking the middle lane from the left, and the damaged vehicle is coming from the south towards the north, moving to the middle lane from the left side.",-0.19746179160121255,-0.4015453331379524,-0.3676863281700941,0,1,0,0,0,0,1,0.008727491083598621,0,0,0,0,0,0,0,0,0,0,0,0,0,0,0,0,0,0,1,0,0,0,0,0,0,0,0,0,1,0,1,0,0,1,0,0,0,0,0,0,0,0,0,0,0,0,0,0,0,0,0,0,0,1,0,0,0,0,0,0,0,0,0,0,1,0,0,0,0,1,0,0,0,0,0,0,0,0,0,0,0,0,0,0,0,1,0,0,0,0,1,0,1,0,0,0,1,0,0,1,0,0,0,0
-0.06935248879646476,-0.9997208873319099,"3924.                   While the causing vehicle was coming from the east towards the west and he was taking the lane on the far right, because the driver of the vehicle who was causing the accident was passing the road. He was surprised by the run-over person in front of him. He collided him and the run-over person was fallen on the ground, the passenger from the scene of accident without informing the concerned entity. The causing vehicle was arrested and they had taken the proper actions.",-0.19746179160121255,2.490378837640347,-1.3684844507234735,0,1,0,0,0,0,1,0.105804753628445,0,0,0,0,0,0,0,0,0,0,0,0,0,0,0,0,0,0,0,0,0,1,0,0,0,0,0,0,1,0,1,1,0,0,0,0,0,0,0,0,0,0,0,0,0,0,0,0,0,1,0,0,0,0,0,0,0,0,0,0,0,0,0,1,0,0,0,0,0,1,0,0,0,0,0,0,0,0,0,0,0,0,0,0,1,0,0,0,0,1,0,0,0,0,1,0,0,0,1,0,0,1,0,0
0.35630299799665294,-0.944846617806436,"3925.                   After detection and inspection by the responsible who charted the accident and the following is revealed: - The two vehicles are coming from the direction of the east to the west with the left lane line, while the two vehicles are moving and due to not leaving enough space between the two vehicles by the offending driver, they collide with the front of the causing vehicle at the rear of the damaged vehicle, and accordingly the accident was planned as shown in the chart.",2.2427620534705888,-0.4015453331379524,1.6339099169366647,0,1,0,0,0,0,1,0.10820158795734257,0,0,0,0,0,0,0,0,0,0,0,0,0,0,0,0,0,0,1,0,0,0,0,0,0,0,0,1,0,0,1,0,0,0,0,1,0,0,0,0,0,0,0,0,0,0,0,0,0,0,0,0,1,0,0,0,0,0,0,0,0,0,0,1,0,0,0,0,0,1,0,0,0,0,0,0,0,0,0,0,0,0,0,0,0,1,0,0,0,0,1,0,1,0,0,0,1,0,0,1,0,0,0,0
-0.5482149114387221,-0.7527866744672773,"3926.                   After inspecting and inspecting the accident site by the patrol, the following issues appeared: - While the causing vehicle was coming from south to north and as a result of not adhering to the stop sign when entering the intersection, the front of the causing vehicle collided on the right side of the damaged vehicle that was coming from east to west. The accident also resulted in the damaged vehicle was colliding with a stop sign in the middle of the island to settle in the center of the island. Physical damage harmed the vehicles and the injury of the offending driver, the aggrieved driver, a passenger with the aggrieved party, and damage reached to the state’s property such as the damage of stop traffic light. The necessary was done.",-1.4175737141371132,-0.4015453331379524,-1.3684844507234735,0,1,0,0,0,0,1,0.11381609028941767,0,0,0,0,0,0,0,0,0,0,0,0,0,0,0,0,0,0,0,1,0,0,0,0,0,0,1,0,0,0,1,0,0,1,0,0,0,0,0,0,0,0,0,0,0,0,0,0,0,0,0,0,0,0,1,0,0,0,0,0,0,0,0,1,0,0,0,0,0,0,0,0,1,0,0,0,0,0,0,0,0,0,0,1,0,0,0,0,0,0,1,0,0,1,0,0,0,1,0,0,1,0,0,0
0.5159238055440721,-0.7527866744672773,"3927.                   After inspecting and inspecting the accident site by the patrol, the following issues appeared: - While the causing vehicle was coming from south to north and as a result of not adhering to the stop sign when entering the intersection, the front of the causing vehicle collided on the right side of the damaged vehicle that was coming from east to west. The accident also resulted in the damaged vehicle was colliding with a stop sign in the middle of the island to settle in the center of the island. Physical damage harmed the vehicles and the injury of the offending driver, the aggrieved driver, a passenger with the aggrieved party, and damage reached to the state’s property such as the damage of stop traffic light. The necessary was done.",-1.4175737141371132,-0.4015453331379524,-1.3684844507234735,0,1,0,0,0,0,1,0.11381609028941767,0,0,0,0,0,0,0,0,0,0,0,0,0,0,0,0,0,0,0,1,0,0,0,0,0,0,1,0,0,0,1,0,0,1,0,0,0,0,0,0,0,0,0,0,0,0,0,0,0,0,0,0,0,0,1,0,0,0,0,0,0,0,0,1,0,0,0,0,0,0,0,0,1,0,0,0,0,0,0,0,0,0,0,1,0,0,0,0,0,0,1,0,1,0,0,0,1,0,0,0,0,0,0,1