Age of the injured,Str Code,Accident Description,Road speed limit,Pedestrian action,Number of Lanes,Gender_F,Gender_M,Week_Fifth week,Week_First week,Week_Fourth week,Week_Second week,Week_Third week,Date_time,Reasons__??? ????? ?????? ?????? ???? ????? ??? ???? ???????,Reasons__???? ?? ??????? (???),Reasons__Bypassing the red traffic light,Reasons__Driving back without attention,Reasons__Driving back without traffic clearance,Reasons__Driving in the opposite direction,Reasons__Entering main road without traffic clearance,Reasons__Exceeding speed limit,Reasons__Fatigue and drowsiness,Reasons__Faults in the road,Reasons__Ignoring road lane,Reasons__Ignoring traffic lights,Reasons__Lack of driving awareness,Reasons__Misuse of traffic,Reasons__Negligence and inobservance,Reasons__Negligent driving,Reasons__Not giving priority to pedestrian crossing,Reasons__Not giving way / not giving priority,Reasons__Not leaving enough space,Reasons__Not observing the stop sign,Reasons__Not securing vehicle stability while stopping,Reasons__Speedy without taking road conditions into account,Reasons__Sudden deviation,Reasons__Sudden stop,Reasons__Tyre burst,Reasons__under influence of intoxicant or narcotic drug,__Al Madina Police Station,__Khaldiya Police Station,__Shaabiya Police Station,Streetname_Intersection,Streetname_Street,place__Bridge / Tunnel,place__Coastal area,place__Commercial area,place__Fuel Station,place__Govt. authority,place__Hospital,place__Island,place__Mosque,place__One level intersection,place__Other,place__Park,place__Residential area,place__Sand area,place__School,place__Work area,place__external road,place__unknown,location__ ,location__Bridge,location__Bridge /  Tunnel,location__Car parking,location__Double road,location__Highway,location__Intersection,location__Off the road,location__Other(specify),location__Roundabout,location__Side parking,location__Single road,location__Tunnel,location__Two-way road,location__Unknown,lighting__day,lighting__night - enough lights,lighting__night - weak lights,intersection__Deviated intersection,intersection__Half Perpendicular Intersection,intersection__Multiple leg Intersection,intersection__Not on Intersection,intersection__Not on or around 20 meters,intersection__Other,intersection__Perpendicular Intersection,intersection__Roundabout,intersection__Turn ,accidentype__Collision while turning,accidentype__Fall,accidentype__Hitting a moving object off the road,accidentype__Hitting a moving object on the road,accidentype__Hitting a stationary object off the road,accidentype__Hitting a stationary object on the road,accidentype__Multiple collision,accidentype__Other (specify),accidentype__Perpendicular collision,accidentype__Person run over,accidentype__Rear collision,accidentype__Reciprocal collision,accidentype__Side collision,accidentype__deterioration,seat belt_N,seat belt_Y,seat_Back passenger seat,seat_Driver's seat,seat_Front passenger seat,seat_No passenger,seat_bike passenger,position_Driver,position_Passenger,position_Pedestrian,nationality_Arab States,nationality_Asian States,nationality_GCC,nationality_Other,nationality_UAE
-0.016145552947325045,-0.7527866744672773,"3928.                   After inspecting and inspecting the accident site by the patrol, the following issues appeared: - While the causing vehicle was coming from south to north and as a result of not adhering to the stop sign when entering the intersection, the front of the causing vehicle collided on the right side of the damaged vehicle that was coming from east to west. The accident also resulted in the damaged vehicle was colliding with a stop sign in the middle of the island to settle in the center of the island. Physical damage harmed the vehicles and the injury of the offending driver, the aggrieved driver, a passenger with the aggrieved party, and damage reached to the state’s property such as the damage of stop traffic light. The necessary was done.",-1.4175737141371132,-0.4015453331379524,-1.3684844507234735,0,1,0,0,0,0,1,0.11381609028941767,0,0,0,0,0,0,0,0,0,0,0,0,0,0,0,0,0,0,0,1,0,0,0,0,0,0,1,0,0,0,1,0,0,1,0,0,0,0,0,0,0,0,0,0,0,0,0,0,0,0,0,0,0,0,1,0,0,0,0,0,0,0,0,1,0,0,0,0,0,0,0,0,1,0,0,0,0,0,0,0,0,0,0,1,0,0,0,0,0,0,1,0,1,0,0,0,1,0,0,1,0,0,0,0
-0.33538716804216334,-0.7665052418486458,"3929.                   After detection and inspection by the person who made the chart of accident, the following is revealed: -  The two vehicles causing the accident in the right lane and the damaged one on the left line and coming from the direction west to the east, the second damaged vehicle on the left line and coming from the east towards the west, while the vehicles are moving and because of not adhering to the obligatory driving line and trying to enter from a place prohibited by the offending driver colliding with the left side in the front of the vehicle The first damaged vehicle and the force of the collision deflected the first damaged vehicle and headed forward to collide with the front of the vehicle at the front of the second damaged vehicle, as shown in the chart.",-1.4175737141371132,-0.4015453331379524,-1.3684844507234735,0,1,0,0,0,0,1,0.11488864629047685,0,0,0,0,0,0,0,0,0,0,0,1,0,0,0,0,0,0,0,0,0,0,0,0,0,0,0,1,0,0,1,0,0,0,1,0,0,0,0,0,0,0,0,0,0,0,0,0,0,0,0,0,1,0,0,0,0,0,0,0,0,0,0,1,0,0,0,0,0,0,0,0,0,0,1,1,0,0,0,0,0,0,0,0,0,0,0,0,0,1,0,0,1,0,0,0,1,0,0,0,0,0,0,1
-0.28218023219302363,0.07032736841483159,"3930.                   After detection and inspection by the person who made the chart of accident, the following is revealed: -  The causing vehicle was coming from the south towards the north with a path on the far left, the damaged vehicle was coming from the direction north to the south in the center line, while the two vehicles were moving and reaching the intersection, the vehicle causing the left turn towards the west and because of bypassing the red traffic light by the offending driver collided with the front of the causing vehicle to the right At the front of the damaged vehicle to the left, as shown in the chart.",-0.19746179160121255,-0.4015453331379524,-0.3676863281700941,0,1,0,0,0,0,1,0.21258974242777604,0,0,1,0,0,0,0,0,0,0,0,0,0,0,0,0,0,0,0,0,0,0,0,0,0,0,0,1,0,0,1,0,0,1,0,0,0,0,0,0,0,0,0,0,0,0,0,0,0,0,0,0,0,0,1,0,0,0,0,0,0,0,0,1,0,0,0,1,0,0,0,0,0,0,0,1,0,0,0,0,0,0,0,0,0,0,0,0,0,0,1,0,1,0,0,0,1,0,0,0,0,0,1,0
-0.8142495906844207,1.1815313263056786,"3931.                   After inspection and inspection by the person who made the chart of accident, the following is revealed: The causing vehicle is coming from the north towards the south with the center line, the damaged vehicle is coming from the west towards the east with the center line, while the two vehicles were moving and reaching the intersection and because of bypassing the red traffic light by the offending driver who entered the intersection, he collided with the front of the vehicle on the left side of the damaged vehicle. Thus, the accident was charted.",-0.19746179160121255,-0.4015453331379524,-0.3676863281700941,1,0,0,0,0,0,1,0.3173062303679215,0,0,1,0,0,0,0,0,0,0,0,0,0,0,0,0,0,0,0,0,0,0,0,0,0,0,0,1,0,0,1,0,0,0,0,0,0,0,0,0,0,0,1,0,0,0,0,0,0,0,0,0,0,0,1,0,0,0,0,0,0,0,0,0,1,0,0,0,0,0,0,0,1,0,0,0,0,0,0,0,0,0,0,0,0,0,0,1,0,1,0,1,0,0,0,0,0,1,0,0,0,0,1,0
0.35630299799665294,1.1815313263056786,"3932.                   After inspecting and inspecting by the person who made the chart of accident, the following is revealed: - The causing vehicle is coming from the north towards the south with the center line, the damaged vehicle is coming from the west towards the east with the center line, while the two vehicles were moving and reaching the intersection, and because of the red light passing by the offending driver, he entered the intersection and hit the front of the vehicle on the left side of the damaged vehicle. Thus, the accident was charted.",-0.19746179160121255,-0.4015453331379524,-0.3676863281700941,0,1,0,0,0,0,1,0.3173062303679215,0,0,1,0,0,0,0,0,0,0,0,0,0,0,0,0,0,0,0,0,0,0,0,0,0,0,0,1,0,0,1,0,0,0,0,0,0,0,0,0,0,0,1,0,0,0,0,0,0,0,0,0,0,0,1,0,0,0,0,0,0,0,0,0,1,0,0,0,0,0,0,0,1,0,0,0,0,0,0,0,0,0,0,0,0,0,0,1,0,0,1,0,1,0,0,0,1,0,0,0,1,0,0,0
1.4204417149794473,-0.8625352135182252,"3933.                   After the accident site has been identified and determined by the person who made the chart of accident, the following has become clear to him: While the driver of the vehicle causing the parking stopped and while moving forward and due to non-compliance with the obligatory driving line, the vehicle veered to the left and collided with the parking shades in the parking lots. The accident resulted in the injury of the offending driver and two parking shades containing five parking lots belonging to the office of the Crown Prince, according to the chart. Thus, the accident was charted.",-2.637685636673014,-0.4015453331379524,-2.3692825732768528,0,1,0,0,0,0,1,0.32529567813091337,0,0,0,0,0,0,0,0,0,0,1,0,0,0,0,0,0,0,0,0,0,0,0,0,0,0,0,1,0,0,1,0,0,0,0,1,0,0,0,0,0,0,0,0,0,0,0,0,0,0,0,1,0,0,0,0,0,0,0,0,0,0,0,1,0,0,0,0,0,1,0,0,0,0,0,0,0,0,0,0,1,0,0,0,0,0,0,0,0,0,1,0,1,0,0,0,1,0,0,0,1,0,0,0
-0.17576636049474417,-0.8213795113741197,"3934.                   Upon detecting the location of the accident, the following became clear for the person who made the chart of accident: While the causing vehicle was coming from the north towards the south, walking the left lane, and the vehicle was coming from the east towards the west, and was crossing the pedestrian crossing lines, and because of the lack of priority for pedestrian crossing, a run-over accident occurred, causing the injury and it resulted in material damage to the vehicle and the run-over person who was hit with a medium injury, then the proper actions were done.",-0.19746179160121255,2.490378837640347,-0.3676863281700941,1,0,0,0,0,0,1,0.3313698473205852,0,0,0,0,0,0,0,0,0,0,0,0,0,0,0,0,1,0,0,0,0,0,0,0,0,0,0,0,1,0,1,0,0,0,0,0,0,0,1,0,0,0,0,0,0,0,0,0,0,0,0,0,1,0,0,0,0,0,0,0,0,0,0,1,0,0,0,0,0,1,0,0,0,0,0,0,0,0,0,0,0,0,0,0,1,0,0,0,0,1,0,0,0,0,1,0,0,0,1,0,0,0,1,0
-0.4950079755895825,0.797411439627361,"3935.                   After inspecting and ascertaining how the accident occurred, the following became clear for the person who made the chart of accident: - The offending driver is driving his vehicle from east to west on a side street while the injured person is moving with his bike from south to north according to the initial accident plan, due to the lack of attention of the offending driver and his failure to abide by traffic rules and entering the main street before making sure that he is free despite the presence of a stop sign from the direction coming from it, with the advent of the injured in his route on the far left, the front of the causing vehicle collided on the left side with the rear of the damaged bike, the right side according to the pictures of the chart. The accident was charted and the necessary action was taken.",-0.19746179160121255,-0.4015453331379524,-1.3684844507234735,0,1,0,0,0,0,1,0.43315322293130354,0,0,0,0,0,0,0,0,0,0,0,0,0,0,0,0,0,0,0,1,0,0,0,0,0,0,1,0,0,0,1,0,0,1,0,0,0,0,0,0,0,0,0,0,0,0,0,0,0,0,0,0,1,0,0,0,0,0,0,0,0,0,0,1,0,0,0,1,0,0,0,0,0,0,0,0,0,0,0,0,0,0,0,0,0,0,0,1,0,1,0,0,1,0,0,0,1,0,0,0,0,0,1,0
1.3140278432811678,-0.9860023199505414,"3936.                   After detecting and inspecting the accident site by the policeman, the char of the accident revealed the following: - The two vehicles are coming from the west towards the east, the causing vehicle is taking the center lane, the damaged vehicle is passing the far right lane and due to the speed without taking into account the road conditions and one of the vehicle’s tires exploded by the causing vehicle deflected towards the right lane, it collided the front of the causing vehicle at the rear of the damaged vehicle and from the force of the collision the vehicle pushed the car towards the right and collided with the sidewalk. Then it deteriorated outside the street, as for the damaged vehicle, it rushed to the far left to hit the sidewalk and land on the sidewalk as shown in the chart.",-0.19746179160121255,-0.4015453331379524,0.6331117943832852,0,1,0,0,0,0,1,0.4353968349743355,0,0,0,0,0,0,0,0,0,0,0,0,0,0,0,0,0,0,0,0,0,1,0,0,0,0,0,0,1,0,1,0,0,0,1,0,0,0,0,0,0,0,0,0,0,0,0,0,0,0,0,0,1,0,0,0,0,0,0,0,0,0,0,1,0,0,0,0,0,0,1,0,0,0,0,0,0,0,0,0,0,0,0,0,0,0,0,1,0,0,1,0,1,0,0,0,1,0,0,0,0,0,1,0
-0.4950079755895825,-0.972283752569173,"3937.                   After the policeman examined the scene of the accident, the chart of the accident became clear to him: While the vehicles were coming from the west to the east in succession, and because of the attempt to enter the first offending driver, the exit opposite the traffic and his sudden stop on the public road resulted in avoiding collision with it by the damaged vehicle and because of not leaving enough space with the second causing vehicle, it collided with its front at the rear of the damaged vehicle, knowing that it is not. There is a damage to the vehicle that caused the first, and according to the chart, the accident occurred.",1.0226501309346883,-0.4015453331379524,-0.3676863281700941,0,1,0,0,0,0,1,0.4355610017091915,0,0,0,0,0,0,0,0,0,0,0,0,0,0,0,0,0,0,0,0,0,0,0,1,0,0,0,1,0,0,1,0,0,1,0,0,0,0,0,0,0,0,0,0,0,0,0,0,0,0,0,0,0,1,0,0,0,0,0,0,0,0,0,1,0,0,0,0,0,0,0,1,0,0,0,0,0,0,0,0,0,0,0,0,0,1,0,0,0,0,1,0,0,1,0,0,0,1,0,0,1,0,0,0
0.09026831875095438,-0.972283752569173,"3938.                   After the policeman examined the scene of the accident, the chart of the accident became clear to him: While the vehicles were coming from the west to the east in succession, and because of the attempt to enter the first offending driver, the exit opposite the traffic and his sudden stop on the public road resulted in avoiding collision with it by the damaged vehicle and because of not leaving enough space with the second causing vehicle, it collided with its front at the rear of the damaged vehicle, knowing that it is not. There is a damage to the vehicle that caused the first, and according to the chart, the accident occurred.",1.0226501309346883,-0.4015453331379524,-0.3676863281700941,0,1,0,0,0,0,1,0.4355610017091915,0,0,0,0,0,0,0,0,0,0,0,0,0,0,0,0,0,0,0,0,0,0,0,1,0,0,0,1,0,0,1,0,0,1,0,0,0,0,0,0,0,0,0,0,0,0,0,0,0,0,0,0,0,1,0,0,0,0,0,0,0,0,0,1,0,0,0,0,0,0,0,1,0,0,0,0,0,0,0,0,0,0,0,0,0,1,0,0,0,0,1,0,1,0,0,0,1,0,0,0,1,0,0,0
0.35630299799665294,-0.944846617806436,"3939.                   After inspecting and inspecting the accident site, the following is revealed: -  While the driver of the causing vehicle was walking in the opposite direction inside the roundabout opposite the traffic and the guard stopped him, after which a misunderstanding occurred and the front of the vehicle collided with the body of the person who was attacked, then the driver fell to the ground and the driver moved and was stopped by a military patrol in the same place, according to the chart, the accident happened.",-1.4175737141371132,-0.4015453331379524,-1.3684844507234735,0,1,0,0,0,0,1,0.4497887853967113,0,0,0,0,0,1,0,0,0,0,0,0,0,0,0,0,0,0,0,0,0,0,0,0,0,0,0,1,0,0,1,0,0,0,0,1,0,0,0,0,0,0,0,0,0,0,0,0,0,0,0,0,0,0,0,0,1,0,0,0,0,0,0,0,1,0,0,0,0,0,0,0,0,1,0,0,0,0,0,0,0,0,0,0,1,0,0,0,0,1,0,0,0,0,1,0,0,0,1,0,1,0,0,0
-0.33538716804216334,0.6190700636695708,"3940.                   After detection and inspection by the person who made the chart of the accident, it became clear that: The two vehicles were coming from the west towards the east, taking the second lane from the right, and because the driver who had caused the accident had taken drugs, the front of causing vehicle hit the rear of the damaged vehicle, and according to the chart, the accident occurred.",1.0226501309346883,-0.4015453331379524,0.6331117943832852,0,1,0,0,0,0,1,0.551528383211468,0,0,0,0,0,0,0,0,0,0,0,0,0,0,0,0,0,0,0,0,0,0,0,0,0,1,0,0,1,0,1,0,0,0,0,1,0,0,0,0,0,0,0,0,0,0,0,0,0,0,0,0,1,0,0,0,0,0,0,0,0,0,0,1,0,0,0,0,0,0,0,0,1,0,0,0,0,0,0,0,0,0,0,0,0,1,0,0,0,1,0,0,1,0,0,0,1,0,0,0,0,0,0,1
-0.44180103974044277,0.6190700636695708,"3941.                   After detection and inspection by the person who made the chart of the accident, it became clear that: The two vehicles were coming from the west towards the east, taking the second lane from the right, and because the driver who had caused the accident had taken drugs, the front of causing vehicle hit the rear of the damaged vehicle, and according to the chart, the accident occurred.",1.0226501309346883,-0.4015453331379524,0.6331117943832852,0,1,0,0,1,0,0,0.551528383211468,0,0,0,0,0,0,0,0,0,0,0,0,0,0,0,0,0,0,0,0,0,0,0,0,0,1,0,0,1,0,1,0,0,0,0,1,0,0,0,0,0,0,0,0,0,0,0,0,0,0,0,0,1,0,0,0,0,0,0,0,0,0,0,1,0,0,0,0,0,0,0,0,1,0,0,0,0,0,0,0,0,0,0,0,0,1,0,0,0,1,0,1,0,0,0,0,0,1,0,0,0,0,0,1
1.4736486508285869,-0.7665052418486458,"3942.                   After detecting and inspecting the accident site, the person who made the chart of accident found the following: The causing motorbike is coming from the west towards the east opposite to the Passengers’ Building (Touristic Club). The motorbike had taken the second lane which is on the left because of lack of familiarity with driving (for example: driving without a driving license at all or driving under the influence of drug which led to the deviation of motorcycle to the right side and its stability in the far right. As a result of the accident, the offending driver was injured. The site of the accident was examined and necessary measures were taken.",-0.19746179160121255,-0.4015453331379524,0.6331117943832852,1,0,0,0,1,0,0,0.7591883583553141,0,0,0,0,0,0,0,0,0,0,0,0,0,0,0,0,0,0,0,0,0,0,0,0,0,1,0,1,0,0,1,0,0,1,0,0,0,0,0,0,0,0,0,0,0,0,0,0,0,0,0,0,1,0,0,0,0,0,0,0,0,0,0,0,1,0,0,0,0,0,1,0,0,0,0,0,1,0,0,0,0,0,0,0,0,0,0,0,0,1,0,0,0,0,0,1,0,1,0,0,0,0,1,0
-0.33538716804216334,-0.9997208873319099,"3943.                   After the policeman examined the accident site, the following became clear: While the causing vehicle was coming from the west towards the east on a side street which is consisting of one lane and due to the speed without taking into account the road conditions by the driver of the vehicle that caused the driver to run over the person by the front of the vehicle. The person who was being run over from the north towards the south out from between two stopped vehicles (a final stop), the run-over person fall in the middle of the street and the vehicle was stopped at the site of the accident and the necessary measures have been taken.",-0.19746179160121255,-0.4015453331379524,-0.3676863281700941,0,1,0,0,1,0,0,0.8666628474410403,0,0,0,0,0,0,0,0,0,0,0,0,0,0,0,0,0,0,0,0,0,0,0,0,0,1,0,0,1,0,1,0,0,1,0,0,0,0,0,0,0,0,0,0,0,0,0,0,0,0,0,0,1,0,0,0,0,0,0,0,0,0,0,0,1,0,0,0,0,1,0,0,0,0,0,0,0,0,0,0,0,0,0,0,0,0,0,0,1,1,0,0,1,0,0,0,1,0,0,0,1,0,0,0
-0.016145552947325045,-0.8488166461368566,"3944.                   The causing vehicle is moving from south to north in the middle lane before the accident, due to the lack of attention of the offending driver, his negligence while driving, his failure to abide by the traffic, traffic and speed rules without taking into account the road conditions and not complying with the stop sign that deviated from his route and hit the front of the vehicle with the roundabout pavement According to the picture in the chart 0, the accident was planned and the necessary actions were taken:",-1.4175737141371132,2.490378837640347,-1.3684844507234735,0,1,0,0,1,0,0,0.9819297842079312,0,0,0,0,0,0,0,0,0,0,0,0,0,0,0,0,0,0,0,0,0,1,0,0,0,0,0,0,1,0,1,0,0,1,0,0,0,0,0,0,0,0,0,0,0,0,0,0,0,0,0,0,0,0,0,0,0,0,0,1,0,0,0,1,0,0,0,0,0,0,0,1,0,0,0,0,0,0,0,0,0,0,0,0,1,0,0,0,0,1,0,0,0,0,1,0,0,0,1,0,1,0,0,0
0.8351654206389104,-0.9174094830436991,"3945.                   After detecting and inspecting, the following accident chart became clear: While the driver of the causing vehicle was moving from the south to the north on the side road, which has side repairs, and before reaching the organized intersection with traffic signs and his speed without taking into account the road conditions, he was surprised by the run-over child crossing the road running from his right. His body was crushed on the right side of the offender’s vehicle, and so the accident occurred.",-0.19746179160121255,-0.4015453331379524,-0.3676863281700941,0,1,0,0,1,0,0,1.1028659455518492,0,0,0,0,0,0,0,0,0,0,0,0,0,0,0,0,0,0,0,0,0,1,0,0,0,0,0,1,0,0,1,0,0,0,0,0,0,0,0,0,0,0,1,0,0,0,0,0,0,0,0,0,0,0,0,0,1,0,0,0,0,0,0,0,1,0,0,0,0,0,0,0,0,1,0,0,0,0,0,0,0,0,0,1,0,0,0,0,0,0,1,0,1,0,0,0,1,0,0,0,0,0,1,0
-1.505939756723237,-0.8488166461368566,"3946.                   After detection and inspection by the accident planner, the following is revealed: -  The causing vehicle is coming from the direction north to the south, the damaged vehicle is coming from the west towards the east while the two vehicles are moving and upon their arrival at the intersection and because of the failure to comply with the stop sign by the offending driver upon entering the intersection with the causing vehicle and collide with the front of the causing vehicle on the left side, which led to the deviation of the damaged vehicle and the driver was injured accordingly, the accident was charted as shown in the chart.",-2.637685636673014,2.490378837640347,-2.3692825732768528,0,1,0,0,1,0,0,1.0955112758303005,0,0,0,0,0,0,0,0,0,0,0,0,0,0,0,0,0,0,0,0,0,1,0,0,0,0,0,0,1,0,1,0,0,1,0,0,0,0,0,0,0,0,0,0,0,0,0,0,0,0,0,0,0,0,0,0,0,0,0,1,0,0,0,1,0,0,0,0,0,0,1,0,0,0,0,0,0,0,0,0,0,0,0,0,1,0,0,0,0,1,0,0,0,0,1,0,0,0,1,1,0,0,0,0
0.03706138290181467,-0.9860023199505414,"3947.                   After detecting and inspecting the accident site, the following became clear: - The causing the car before the accident was coming from the south towards the north and because of the driver was driving under the influence of intoxicating or narcotic. While entering the middle of the road, she lost control of the car's steering wheel and the car rushed forward and its front collided with the side sidewalk. The accident resulted in the driver being injured and she was transferred to the hospital, and so the accident happened?",-1.4175737141371132,-0.4015453331379524,-2.3692825732768528,0,1,0,0,1,0,0,1.2082391004314186,0,0,0,0,0,0,0,0,0,0,0,0,0,0,0,0,0,0,0,1,0,0,0,0,0,0,0,0,1,0,1,0,0,0,0,1,0,0,0,0,0,0,0,0,0,0,0,0,0,0,0,0,0,0,1,0,0,0,0,0,0,0,0,1,0,0,0,0,0,0,0,0,1,0,0,0,0,0,0,0,0,0,0,0,0,0,0,1,0,1,0,0,1,0,0,0,1,0,0,0,1,0,0,0
-0.44180103974044277,-0.8350980787554881,"3948.                   After inspecting and inspecting the accident site by the policeman, the chart of the accident revealed the following: - While the causing vehicle was coming from the south towards the north, taking the secondary road towards the intersection, and upon entering the intersection, it was surprised by the entrance of the damaged vehicle coming from the west towards the east, and because of the fact that the driver of the causing vehicle was given priority from the left of the damaged vehicle, the front of the damaged vehicle collided with the left side of the causing vehicle. To push the vehicle causing the force of the collision to stop outside the intersection. As for the damaged vehicle, it rushed towards the triangular pavement and settled on the side of it after hitting it and the necessary action was taken.",-0.19746179160121255,-0.4015453331379524,-0.3676863281700941,1,0,0,0,1,0,0,1.1993740967491948,0,0,0,0,0,0,0,0,0,0,0,0,0,0,0,0,0,0,0,0,0,0,0,0,0,1,0,1,0,0,1,0,0,0,0,0,0,0,1,0,0,0,0,0,0,0,0,0,0,0,0,0,1,0,0,0,0,0,0,0,0,0,0,1,0,0,0,0,0,0,1,0,0,0,0,0,0,0,0,0,0,0,0,1,0,0,0,0,0,0,1,0,1,0,0,0,1,0,0,1,0,0,0,0
-0.016145552947325045,-0.8488166461368566,"3949.                   After inspecting and ascertaining how the accident occurred, the following accident chart became clear: - The offending driver was moving from the south to the north before the accident, and while he was walking in the middle lane of the road and driving the vehicle quickly without taking into account the road conditions and drunk while driving, he lost control of the steering wheel, shifting to the right, and the front of the vehicle collided with the side street pavement and the road sign, then the vehicle was deviated from the road, according to the picture of the chart, the accident was charted and necessary actions were taken.",-1.4175737141371132,-0.4015453331379524,-1.3684844507234735,0,1,0,1,0,0,0,1.3010699167679898,0,0,0,0,0,0,0,0,0,0,0,0,0,0,0,0,0,1,0,0,0,0,0,0,0,0,0,0,1,0,1,0,0,1,0,0,0,0,0,0,0,0,0,0,0,0,0,0,0,0,0,0,0,0,1,0,0,0,0,0,0,0,0,1,0,0,0,0,0,0,0,0,1,0,0,0,0,0,0,0,0,0,0,1,0,0,0,0,0,0,1,0,1,0,0,0,1,0,0,0,0,1,0,0
-0.2289732963438839,-0.7802238092300142,"3950.                   After detecting and inspecting the accident site, the following accident chart became clear: - The offending driver is driving his vehicle from west to east, taking the left lane of the road, while the pedestrian crosses the road from south to north by a distance of five meters from the pedestrian crossing lines and because of the lack of attention of the offending driver and his negligence while driving and his lack of appreciation for road users, he did not notice the person while entering the street in front of him. The front of the vehicle ran over the person and he fell on the hood and windshield of the vehicle, and in this way the accident took place. The accident was charted and the necessary measures were taken.",1.0226501309346883,-0.4015453331379524,-0.3676863281700941,0,1,0,1,0,0,0,-1.3213513947196913,0,0,0,0,0,0,0,0,0,0,0,0,0,0,0,0,0,0,0,0,0,0,0,0,0,1,1,0,0,0,1,1,0,0,0,0,0,0,0,0,0,0,0,0,0,0,0,0,0,0,0,0,0,1,0,0,0,0,0,0,0,0,0,0,1,0,0,0,0,1,0,0,0,0,0,0,0,0,0,0,0,0,0,0,0,0,0,0,1,1,0,0,1,0,0,0,1,0,0,0,0,0,0,1
-0.2289732963438839,0.3035430138980958,"3951.                   After detecting and inspecting the accident site, the following accident chart became clear: While the two parties were walking from the east to the west taking the left lane. While they were walking after the tunnel, the injured person walked slowly, and because of the driver was drunk and not leaving enough distance between the vehicles, he collided the damaged vehicle with the front of his vehicle at the rear of the damaged vehicle. Thus, the accident occurred.",-0.19746179160121255,2.490378837640347,1.6339099169366647,0,1,0,1,0,0,0,-1.3114247794853986,0,0,0,0,0,0,0,0,0,0,0,0,0,0,0,0,0,0,0,0,0,1,0,0,0,0,1,0,0,0,1,0,0,1,0,0,0,0,0,0,0,0,0,0,0,0,0,0,0,0,0,0,0,0,0,0,0,0,0,0,0,0,1,1,0,0,0,0,0,0,0,0,1,0,0,0,0,0,0,0,0,0,0,0,1,0,0,0,0,1,0,0,0,0,1,0,0,0,1,1,0,0,0,0
-0.016145552947325045,-0.9997208873319099,"3952.                   After detecting and inspecting the accident site, the following accident chart became clear: -  The causing vehicle is coming from the east towards the west taking the far right path, and the first damaged vehicle is standing on the shoulder of the road, due to speedy driving without taking into account the road conditions by the causing vehicle, it collided with its right front angle at the right rear corner of the first damaged vehicle, so the causing vehicle deviated to the left, which led to the collision in front of the damaged vehicle. The second part was on the left side of the causing vehicle which led to the deflection of the third damaged vehicle towards the left to avoid the accident, and then it collided on its left side with the right side of the fourth damaged vehicle, which in turn veered to the left and collided with the sidewalk and then veered to the right on the left lane, as the sixth damaged vehicle came to collide with it. The left rear of the fourth damaged vehicle, as for the fifth damaged vehicle, which was moving behind the third damaged vehicle and continued its course forward and collided with its right side in the front left corner of the causing vehicle, the accident resulted in the injury of three passengers in the second damaged vehicle and also material damage to the vehicles, according to the chart, the accident occurred.",1.0226501309346883,-0.4015453331379524,0.6331117943832852,0,1,0,1,0,0,0,-1.3187247269619953,0,0,0,0,0,0,0,0,0,0,0,0,0,0,0,0,0,0,0,0,0,0,0,0,0,1,0,0,1,0,1,1,0,0,0,0,0,0,0,0,0,0,0,0,0,0,0,0,0,0,0,0,1,0,0,0,0,0,0,0,0,0,0,1,0,0,0,0,0,0,1,0,0,0,0,0,0,0,0,0,0,1,0,0,0,0,0,0,0,0,1,0,1,0,0,0,1,0,0,0,0,0,0,1