Age of the injured,Str Code,Accident Description,Road speed limit,Pedestrian action,Number of Lanes,Gender_F,Gender_M,Week_Fifth week,Week_First week,Week_Fourth week,Week_Second week,Week_Third week,Date_time,Reasons__??? ????? ?????? ?????? ???? ????? ??? ???? ???????,Reasons__???? ?? ??????? (???),Reasons__Bypassing the red traffic light,Reasons__Driving back without attention,Reasons__Driving back without traffic clearance,Reasons__Driving in the opposite direction,Reasons__Entering main road without traffic clearance,Reasons__Exceeding speed limit,Reasons__Fatigue and drowsiness,Reasons__Faults in the road,Reasons__Ignoring road lane,Reasons__Ignoring traffic lights,Reasons__Lack of driving awareness,Reasons__Misuse of traffic,Reasons__Negligence and inobservance,Reasons__Negligent driving,Reasons__Not giving priority to pedestrian crossing,Reasons__Not giving way / not giving priority,Reasons__Not leaving enough space,Reasons__Not observing the stop sign,Reasons__Not securing vehicle stability while stopping,Reasons__Speedy without taking road conditions into account,Reasons__Sudden deviation,Reasons__Sudden stop,Reasons__Tyre burst,Reasons__under influence of intoxicant or narcotic drug,__Al Madina Police Station,__Khaldiya Police Station,__Shaabiya Police Station,Streetname_Intersection,Streetname_Street,place__Bridge / Tunnel,place__Coastal area,place__Commercial area,place__Fuel Station,place__Govt. authority,place__Hospital,place__Island,place__Mosque,place__One level intersection,place__Other,place__Park,place__Residential area,place__Sand area,place__School,place__Work area,place__external road,place__unknown,location__ ,location__Bridge,location__Bridge /  Tunnel,location__Car parking,location__Double road,location__Highway,location__Intersection,location__Off the road,location__Other(specify),location__Roundabout,location__Side parking,location__Single road,location__Tunnel,location__Two-way road,location__Unknown,lighting__day,lighting__night - enough lights,lighting__night - weak lights,intersection__Deviated intersection,intersection__Half Perpendicular Intersection,intersection__Multiple leg Intersection,intersection__Not on Intersection,intersection__Not on or around 20 meters,intersection__Other,intersection__Perpendicular Intersection,intersection__Roundabout,intersection__Turn ,accidentype__Collision while turning,accidentype__Fall,accidentype__Hitting a moving object off the road,accidentype__Hitting a moving object on the road,accidentype__Hitting a stationary object off the road,accidentype__Hitting a stationary object on the road,accidentype__Multiple collision,accidentype__Other (specify),accidentype__Perpendicular collision,accidentype__Person run over,accidentype__Rear collision,accidentype__Reciprocal collision,accidentype__Side collision,accidentype__deterioration,seat belt_N,seat belt_Y,seat_Back passenger seat,seat_Driver's seat,seat_Front passenger seat,seat_No passenger,seat_bike passenger,position_Driver,position_Passenger,position_Pedestrian,nationality_Arab States,nationality_Asian States,nationality_GCC,nationality_Other,nationality_UAE
-0.33538716804216334,-0.944846617806436,"3953.                   After detecting and inspecting the accident site, the following accident chart became clear: -  The causing vehicle is coming from the east towards the west taking the far right path, and the first damaged vehicle is standing on the shoulder of the road, due to speedy driving without taking into account the road conditions by the causing vehicle, it collided with its right front angle at the right rear corner of the first damaged vehicle, so the causing vehicle deviated to the left, which led to the collision in front of the damaged vehicle. The second part was on the left side of the causing vehicle which led to the deflection of the third damaged vehicle towards the left to avoid the accident, and then it collided on its left side with the right side of the fourth damaged vehicle, which in turn veered to the left and collided with the sidewalk and then veered to the right on the left lane, as the sixth damaged vehicle came to collide with it. The left rear of the fourth damaged vehicle, as for the fifth damaged vehicle, which was moving behind the third damaged vehicle and continued its course forward and collided with its right side in the front left corner of the causing vehicle, the accident resulted in the injury of three passengers in the second damaged vehicle and also material damage to the vehicles, according to the chart, the accident occurred.",2.2427620534705888,-0.4015453331379524,0.6331117943832852,1,0,0,1,0,0,0,-1.3166452816538192,0,0,0,0,0,0,0,0,0,0,0,0,0,0,0,0,0,0,0,0,0,1,0,0,0,0,0,1,0,0,1,0,0,0,0,1,0,0,0,0,0,0,0,0,0,0,0,0,0,0,0,0,0,1,0,0,0,0,0,0,0,0,0,1,0,0,0,0,0,1,0,0,0,0,0,0,0,0,0,0,0,1,0,0,0,0,0,0,0,1,0,1,0,0,0,0,0,1,0,0,1,0,0,0
-0.38859410389130306,-0.944846617806436,"3954.                   After detecting and inspecting the accident site, the following accident chart became clear: -  The causing vehicle is coming from the east towards the west taking the far right path, and the first damaged vehicle is standing on the shoulder of the road, due to speedy driving without taking into account the road conditions by the causing vehicle, it collided with its right front angle at the right rear corner of the first damaged vehicle, so the causing vehicle deviated to the left, which led to the collision in front of the damaged vehicle. The second part was on the left side of the causing vehicle which led to the deflection of the third damaged vehicle towards the left to avoid the accident, and then it collided on its left side with the right side of the fourth damaged vehicle, which in turn veered to the left and collided with the sidewalk and then veered to the right on the left lane, as the sixth damaged vehicle came to collide with it. The left rear of the fourth damaged vehicle, as for the fifth damaged vehicle, which was moving behind the third damaged vehicle and continued its course forward and collided with its right side in the front left corner of the causing vehicle, the accident resulted in the injury of three passengers in the second damaged vehicle and also material damage to the vehicles, according to the chart, the accident occurred.",2.2427620534705888,-0.4015453331379524,0.6331117943832852,0,1,0,1,0,0,0,-1.3166452816538192,0,0,0,0,0,0,0,0,0,0,0,0,0,0,0,0,0,0,0,0,0,1,0,0,0,0,0,1,0,0,1,0,0,0,0,1,0,0,0,0,0,0,0,0,0,0,0,0,0,0,0,0,0,1,0,0,0,0,0,0,0,0,0,1,0,0,0,0,0,1,0,0,0,0,0,0,0,0,0,0,0,1,0,0,0,0,0,0,0,1,0,1,0,0,0,0,0,1,0,0,1,0,0,0
-0.33538716804216334,-0.944846617806436,"3955.                   After detecting and inspecting the accident site by the policeman who made the chart of accident, it became clear to him that: The causing vehicle is coming from the south towards the north, taking the right lane, and the damaged vehicle is parked as a final point of parking in (the parking lots). Due to the drunk status of the driver of causing vehicle, the right front angel of the vehicle was collided with the left front angle of the damaged vehicle. The chart was made and the necessary procedures were taken.",2.2427620534705888,-0.4015453331379524,0.6331117943832852,1,0,0,1,0,0,0,-1.3166452816538192,0,0,0,0,0,0,0,0,0,0,0,0,0,0,0,0,0,0,0,0,0,1,0,0,0,0,0,1,0,0,1,0,0,0,0,1,0,0,0,0,0,0,0,0,0,0,0,0,0,0,0,0,0,1,0,0,0,0,0,0,0,0,0,1,0,0,0,0,0,1,0,0,0,0,0,0,0,0,0,0,0,1,0,0,0,0,0,0,0,0,1,1,0,0,0,0,0,1,0,0,1,0,0,0
-0.17576636049474417,-0.9860023199505414,"3956.                   After detecting and inspecting the accident site, the following accident chart became clear: While the driver of the causing vehicle was moving from the south towards the north taking the middle path, and while he was moving in a speed way without taking into account the road conditions, he was surprised by the run-over person crossing the road in front of him, she was moving from the west to the east and he hit the body of run-over person by the front of his vehicle, so the accident occurred.",-1.4175737141371132,-0.4015453331379524,-1.3684844507234735,1,0,0,1,0,0,0,-1.3125958355273715,0,0,0,0,0,0,0,0,0,0,0,0,0,0,0,0,0,0,0,0,0,0,0,0,0,1,0,0,1,0,1,0,0,0,0,1,0,0,0,0,0,0,0,0,0,0,0,0,0,0,0,0,1,0,0,0,0,0,0,0,0,0,0,1,0,0,0,0,0,1,0,0,0,0,0,0,0,0,0,0,1,0,0,0,0,0,0,0,0,0,1,0,1,0,0,0,1,0,0,0,0,0,0,1
0.5159238055440721,-0.7802238092300142,"3957.                   After detecting and inspecting the accident site, the following became clear: The first causing car is coming from the west towards the east and it is going to the far left, and the second causing car is coming from outside towards the inside (from the east towards the west), because one of the two parties crossed the red traffic light, the front of the first causing car hit the front corner on the right side of the second causing car. Thus, the accident occurred",-0.19746179160121255,2.490378837640347,-0.3676863281700941,1,0,0,1,0,0,0,-1.3091811674423666,0,0,0,0,0,0,0,0,0,0,0,0,0,0,0,0,0,0,0,0,0,1,0,0,0,0,1,0,0,0,1,0,0,0,0,0,0,0,0,0,0,0,1,0,0,0,0,0,0,0,0,0,1,0,0,0,0,0,0,0,0,0,0,1,0,0,0,0,0,0,1,0,0,0,0,0,0,0,0,0,0,0,0,0,1,0,0,0,0,1,0,0,0,0,1,0,0,0,1,1,0,0,0,0
-0.2289732963438839,0.9894713829665198,"3958.                   After detecting and inspecting the accident site, the following became clear: The first causing car is coming from the west towards the east and it is going to the far left, and the second causing car is coming from outside towards the inside (from the east towards the west), because one of the two parties crossed the red traffic light, the front of the first causing car hit the front corner on the right side of the second causing car. Thus, the accident occurred",-0.19746179160121255,-0.4015453331379524,0.6331117943832852,0,1,0,1,0,0,0,-1.3078897224614994,0,0,1,0,0,0,0,0,0,0,0,0,0,0,0,0,0,0,0,0,0,0,0,0,0,0,0,1,0,0,1,0,0,0,0,0,0,0,0,0,0,0,0,0,1,0,0,0,0,0,0,0,0,0,1,0,0,0,0,0,0,0,0,1,0,0,0,0,0,0,0,0,1,0,0,0,0,0,0,0,0,0,0,1,0,0,0,0,0,1,0,1,0,0,0,0,0,1,0,0,1,0,0,0
0.24988912629837354,0.9894713829665198,"3959.                   After detecting and inspecting the accident site, the following became clear: The first causing car is coming from the west towards the east and it is going to the far left, and the second causing car is coming from outside towards the inside (from the east towards the west), because one of the two parties crossed the red traffic light, the front of the first causing car hit the front corner on the right side of the second causing car. Thus, the accident occurred",-0.19746179160121255,-0.4015453331379524,0.6331117943832852,0,1,0,1,0,0,0,-1.3078897224614994,0,0,1,0,0,0,0,0,0,0,0,0,0,0,0,0,0,0,0,0,0,0,0,0,0,0,0,1,0,0,1,0,0,0,0,0,0,0,0,0,0,0,0,0,1,0,0,0,0,0,0,0,0,0,1,0,0,0,0,0,0,0,0,1,0,0,0,0,0,0,0,0,1,0,0,0,0,0,0,0,0,0,0,1,0,0,0,0,0,1,0,1,0,0,0,0,0,1,0,0,1,0,0,0
-0.44180103974044277,0.9894713829665198,"3960.                   After detecting and inspecting the accident site, the following became clear: The first causing car is coming from the west towards the east and it is going to the far left, and the second causing car is coming from outside towards the inside (from the east towards the west), because one of the two parties crossed the red traffic light, the front of the first causing car hit the front corner on the right side of the second causing car. Thus, the accident occurred",-0.19746179160121255,-0.4015453331379524,0.6331117943832852,0,1,0,1,0,0,0,-1.3078897224614994,0,0,1,0,0,0,0,0,0,0,0,0,0,0,0,0,0,0,0,0,0,0,0,0,0,0,0,1,0,0,1,0,0,0,0,0,0,0,0,0,0,0,0,0,1,0,0,0,0,0,0,0,0,0,1,0,0,0,0,0,0,0,0,1,0,0,0,0,0,0,0,0,1,0,0,0,0,0,0,0,0,0,0,1,0,0,0,0,0,1,0,1,0,0,0,0,0,1,0,0,1,0,0,0
0.5691307413932118,0.9894713829665198,"3961.                   After detecting and inspecting the scene of the accident by the policeman, the chart of the accident became clear to him the following: - The bicycle was moving from the east towards the west, entering the side parking, at the same time of entering the vehicle that was moving from west to east entering the same parking, because of not providing the priority to the bicycle by the driver of the vehicle, the front of the vehicle collided on the right side of the bicycle and thus the accident occurred.",-0.19746179160121255,-0.4015453331379524,0.6331117943832852,0,1,0,1,0,0,0,-1.3078897224614994,0,0,1,0,0,0,0,0,0,0,0,0,0,0,0,0,0,0,0,0,0,0,0,0,0,0,0,1,0,0,1,0,0,0,0,0,0,0,0,0,0,0,0,0,1,0,0,0,0,0,0,0,0,0,1,0,0,0,0,0,0,0,0,1,0,0,0,0,0,0,0,0,1,0,0,0,0,0,0,0,0,0,0,1,0,0,0,0,0,1,0,1,0,0,0,0,0,1,0,0,1,0,0,0
-0.4950079755895825,-0.9585651851878045,"3962.                   After detecting and inspecting the accident site, the following accident chart became clear: - The causing vehicle is taking the right lane from the east towards the west and the north by a curved road connected to the public street, due to driving in an abnormal state (drunk), the front right corner collided with the sidewalk, and as a result of this collision, the causing vehicle capsized to settle on its roof. The accident was charted and the necessary action was taken.",-2.637685636673014,-0.4015453331379524,-1.3684844507234735,0,1,0,1,0,0,0,-1.315813503530549,0,0,0,0,0,0,0,0,0,0,0,0,0,0,0,0,0,1,0,0,0,0,0,0,0,0,0,1,0,0,1,0,0,0,0,0,0,0,0,0,1,0,0,0,0,0,0,0,0,0,0,1,0,0,0,0,0,0,0,0,0,0,0,1,0,0,0,0,0,0,0,1,0,0,0,0,0,0,0,0,0,0,0,0,0,0,0,1,0,1,0,0,1,0,0,0,1,0,0,0,1,0,0,0
-0.4950079755895825,-0.944846617806436,"3963.                   After detecting and inspecting the accident site, the following became clear: The causing vehicle was coming from the west towards the east and followed the left path and the road was coming from the south towards the north. Because of the speed without taking into account the road conditions and crossing the run-over person from a place not designated for pedestrian crossing, the vehicle causing its front right side and its front right angle collided the run-over person. The accident resulted in an injury of run-over person and material damage for the vehicle. The site of the accident was inspected and the necessary actions were taken. ",-1.4175737141371132,-0.4015453331379524,-1.3684844507234735,0,1,0,1,0,0,0,-1.3136902804264114,0,0,0,0,0,0,0,0,0,0,0,0,0,0,0,0,0,0,0,0,0,0,0,0,0,1,0,0,1,0,1,0,0,0,0,1,0,0,0,0,0,0,0,0,0,0,0,0,0,0,0,0,1,0,0,0,0,0,0,0,0,0,0,1,0,0,0,0,0,1,0,0,0,0,0,0,0,0,0,0,0,0,0,0,0,0,0,0,1,0,1,0,1,0,0,0,1,0,0,0,1,0,0,0
0.7819584847897707,-0.972283752569173,"3964.                   After detecting and inspecting the accident site, the following became clear: The car causing the accident before the accident was coming from the east towards the west and moving to the far left and would like to turn to the left, and the first and second damaged car is coming from the west towards the east. The first damaged one takes the middle lane, and the second damaged one next to her in the right lane. The right side of the offending car, and then the first damaged car veered to the right, and the second damaged car happened to come and collided on the right side the first damaged car with the left side of the second damaged car, and so the accident",-0.19746179160121255,2.490378837640347,0.6331117943832852,1,0,0,1,0,0,0,-1.3071236110321713,0,0,0,0,0,0,0,0,0,0,0,0,0,0,0,0,0,0,0,0,0,1,0,0,0,0,0,1,0,0,1,0,0,1,0,0,0,0,0,0,0,0,0,0,0,0,0,0,0,0,0,0,0,0,1,0,0,0,0,0,0,0,0,1,0,0,0,0,0,0,0,0,1,0,0,0,0,0,0,0,0,0,0,0,1,0,0,0,0,1,0,0,0,0,1,0,0,0,1,0,1,0,0,0
-0.5482149114387221,1.3873098370262058,"3965.                   After detecting and inspecting the accident site, the following accident chart became clear: - The causing vehicle is moving from south to north in the middle lane of the road, and the motorcycle is coming from west to east. The driver is driven by the middle lane. For reasons that the driver of the vehicle exceeded the red traffic light, the front of the motorcycle hit the rear of the causing vehicle on the left side according to the picture in the chart. The accident was charted and the necessary action was taken: ",-0.19746179160121255,-0.4015453331379524,-0.0073990040508776864,1,0,0,1,0,0,0,-1.3055913881735155,0,0,1,0,0,0,0,0,0,0,0,0,0,0,0,0,0,0,0,0,0,0,0,0,0,0,0,0,1,0,1,0,0,1,0,0,0,0,0,0,0,0,0,0,0,0,0,0,0,0,0,0,1,0,0,0,0,0,0,0,0,0,0,1,0,0,0,0,0,0,0,0,1,0,0,0,0,0,0,0,0,0,0,1,0,0,0,0,0,1,0,1,0,0,0,0,0,1,0,0,0,0,1,0
1.3140278432811678,-0.8488166461368566,"3966.                   After inspection and inspection of the accident site, the following accident chart became clear: While the causing vehicle was coming from the north towards the south, and in the case of moving forward behind Al Salama Hospital in its rear parking lots, the vehicle was coming from the west towards the east and leaving between the stalled vehicles (a final stop) and due to the lack of appreciation of the road users by the causing vehicle, the front right corner of the causing vehicle collided with the body of the run-over person being hit as a result of his fall, the accident resulted in the injury to the run-over person, with a moderate injury. The necessary action was taken. ",-0.19746179160121255,-0.4015453331379524,0.6331117943832852,0,1,0,1,0,0,0,-1.3071236110321713,0,0,1,0,0,0,0,0,0,0,0,0,0,0,0,0,0,0,0,0,0,0,0,0,0,0,0,0,1,0,1,0,0,1,0,0,0,0,0,0,0,0,0,0,0,0,0,0,0,0,0,0,0,0,1,0,0,0,0,0,0,0,0,0,1,0,0,0,0,0,0,0,1,0,0,0,0,0,0,0,0,0,0,1,0,0,0,0,0,1,0,0,1,0,0,0,1,0,0,0,1,0,0,0
-1.2931120133266782,-0.8076609439927512,"3967.                   After detection and inspection by the person who make the chart of the accident, the following is revealed: -   The causing vehicle was coming from the north towards the south and turned left towards the west, the vehicle was run over from the direction north to the south, while the vehicle was running and crossing the street, due to the lack of appreciation of the road users by the driver who ran over the person and managed to flee by motorcycle, leaving the one who was run over at the site of the accident. As it provided in the picture",-2.637685636673014,2.490378837640347,-2.3692825732768528,0,1,0,1,0,0,0,-1.3099691677696754,0,0,0,0,0,0,0,0,0,0,0,0,0,0,0,0,0,0,0,0,0,1,0,0,0,0,1,0,0,0,1,0,0,0,0,0,1,0,0,0,0,0,0,0,0,0,0,0,0,0,0,1,0,0,0,0,0,0,0,0,0,0,0,1,0,0,0,0,0,1,0,0,0,0,0,0,0,0,0,0,0,0,0,0,1,0,0,0,0,1,0,0,0,0,1,0,0,0,1,1,0,0,0,0
-1.0270773340809796,-0.9860023199505414,"3968.                   After detecting and inspecting the accident site, the following accident chart became clear:  The causing vehicle was moving from south to north taking the left lane of the road, while the person who was attacked crossing the road from west to east. While entering the street, due to the lack of attention of the offending driver, his negligence while driving, and his lack of estimation for road users, the person's front left corner, according to the initial chart, the vehicle run over the person and dropped him on the road floor then the driver managed to escape with his vehicle after the accident. The accident was charted and necessary procedure was taken.",-1.4175737141371132,2.490378837640347,-2.3692825732768528,0,1,0,1,0,0,0,-1.3048799989891395,0,0,0,0,0,0,0,0,0,0,0,0,0,1,0,0,0,0,0,0,0,0,0,0,0,0,0,0,1,0,1,0,0,0,0,0,0,0,0,0,0,0,1,0,0,0,0,0,0,0,0,1,0,0,0,0,0,0,0,0,0,0,0,0,1,0,0,0,0,0,0,0,0,0,1,0,0,0,0,0,0,0,0,0,1,0,0,0,0,1,0,0,0,0,1,0,0,0,1,0,0,0,1,0
2.1653388168674033,-0.7665052418486458,"3969.                   After inspecting and inspecting the accident site, the following became evident: The first causing vehicle and second damaged car before the accident were coming from the north towards the south and all of them were taking the middle lane and after they left the traffic light directly, and because there was not enough space left between the causing car and the first damaged car, the front of the causing car hits the rear of the first damaged car then the first damaged car rushed forward and crashed by its front the back of the second damaged car, the accident resulted in the driver's injury, causing material damage to the vehicles.",-1.4175737141371132,2.490378837640347,-0.3676863281700941,0,1,0,1,0,0,0,-1.3081086114413074,0,0,0,0,0,0,0,0,0,0,0,0,0,1,0,0,0,0,0,0,0,0,0,0,0,0,0,1,0,0,1,0,0,1,0,0,0,0,0,0,0,0,0,0,0,0,0,0,0,0,0,0,1,0,0,0,0,0,0,0,0,0,0,1,0,0,0,0,0,0,0,1,0,0,0,0,0,0,0,0,0,0,0,0,1,0,0,0,0,1,0,0,0,0,1,0,0,0,1,0,0,0,1,0
-0.28218023219302363,-0.8076609439927512,"3970.                   After inspecting and inspecting the accident site, the following became clear:  The first causing car before the accident was coming from the north towards the south, and the second precipitating car was coming from the south towards the north, and because one of the car had crossed the red light, the front of the first causing vehicle collided with the left side of the second offending car. The accident resulted in the injury of the second offending driver and thus the accident occurred",-0.19746179160121255,-0.4015453331379524,-0.3676863281700941,1,0,0,1,0,0,0,-1.3122675020576593,0,0,0,0,0,0,0,0,0,0,0,0,0,0,0,0,0,0,1,0,0,0,0,0,0,0,1,0,0,0,1,0,0,1,0,0,0,0,0,0,0,0,0,0,0,0,0,0,0,0,0,0,1,0,0,0,0,0,0,0,0,0,0,1,0,0,0,0,0,0,0,1,0,0,0,0,0,0,0,0,0,0,0,0,0,1,0,0,0,0,1,0,1,0,0,0,1,0,0,0,0,0,0,1
0.19668219044923382,0.6739443331950448,"3971.                   After detecting and inspecting the accident site, the following became clear: The causing vehicle is coming from the west towards the east and takes the left lane and the damaged vehicle is coming from the same direction. The causing vehicle was in front and the damaged vehicle directly behind it. Because of the suspicion of driving under the influence of alcoholic drinks, he exceeded the determined speed limit, the offending driver lost the control of car then he collided with the security camera pole then veered to the vehicle’s lane. The damaged vehicle in a way to reverse the direction in the lane to hit the damaged vehicle with its front left side of the causing vehicle. The accident resulted in the death of the driver who caused material damage to the vehicles and the burning of the causing vehicle and damaging the camera pole, water pipes and the plants of street, the site of the accident was detected and the necessary action was taken. ",2.2427620534705888,-0.4015453331379524,0.6331117943832852,0,1,0,1,0,0,0,-1.3068499998074115,0,0,1,0,0,0,0,0,0,0,0,0,0,0,0,0,0,0,0,0,0,0,0,0,0,0,0,1,0,0,1,0,0,0,0,0,0,0,0,0,0,0,1,0,0,0,0,0,0,0,0,0,1,0,0,0,0,0,0,0,0,0,0,1,0,0,0,0,0,0,0,0,1,0,0,0,0,0,0,0,0,0,0,1,0,0,0,0,0,0,1,0,1,0,0,0,1,0,0,1,0,0,0,0
0.7819584847897707,-0.944846617806436,"3972.                   After detecting and inspecting the accident site, the following became clear: The causing vehicle before the accident was coming from the west towards the east and driving to the far left, due to exceeding the determined speed limit and not taking into account the surrounding conditions, the causing vehicle moved around and collided then it rushed to the right and collided with the side pavement, then it rushed forward again and capsized resulting in the injury of the driver and the passenger beside him. It leaded to the damage of the vehicle. Examination and necessary measures were taken ",2.2427620534705888,-0.4015453331379524,2.634708039490044,0,1,0,1,0,0,0,-1.3078897224614994,0,0,0,0,0,0,0,0,0,0,0,0,0,0,0,0,0,0,0,0,0,0,0,0,0,1,0,1,0,0,1,1,0,0,0,0,0,0,0,0,0,0,0,0,0,0,0,0,0,1,0,0,0,0,0,0,0,0,0,0,0,0,0,1,0,0,0,0,0,0,1,0,0,0,0,0,0,0,0,0,0,0,0,0,0,0,0,1,0,0,1,0,1,0,0,0,1,0,0,0,0,0,1,0
-0.7078357189861413,-0.8762537808995936,"3973.                   After detecting and inspecting the accident site, the following became clear: The causing vehicle before the accident was coming from the west towards the east and driving to the far left, due to exceeding the determined speed limit and not taking into account the surrounding conditions, the causing vehicle moved around and collided then it rushed to the right and collided with the side pavement, then it rushed forward again and capsized resulting in the injury of the driver and the passenger beside him. It leaded to the damage of the vehicle. Examination and necessary measures were taken. ",-0.19746179160121255,-0.4015453331379524,-0.3676863281700941,0,1,0,1,0,0,0,-1.3059197216432274,0,0,0,0,0,0,0,0,0,0,0,0,0,0,0,0,0,0,0,0,0,1,0,0,0,0,0,1,0,0,1,0,0,0,0,0,0,0,0,0,0,0,1,0,0,0,0,0,0,0,0,0,1,0,0,0,0,0,0,0,0,0,0,0,1,0,0,0,0,0,0,0,0,1,0,0,0,0,0,0,0,0,0,0,0,0,0,0,1,1,0,0,1,0,0,0,1,0,0,0,0,0,0,1
-0.7078357189861413,-0.8762537808995936,"3974.                   After detecting and inspecting the accident site, the following became clear: While the causing vehicle was coming from the south towards the north, taking the right path that consists of two opposite directions branching behind Hamed Center. It was surprised by reaching the run-over person from the west towards the east crossing the street, because of the speed without taking into account the road conditions, the body of the run-over person was hit by the vehicle from the front right side of the vehicle. Due to the force of the collision, the run-over person rushed on the windshield of the vehicle and the driver fell on the street. The necessary measures were taken. ",-0.19746179160121255,-0.4015453331379524,-0.3676863281700941,0,1,0,0,0,1,0,-1.3059197216432274,0,0,0,0,0,0,0,0,0,0,0,0,0,0,0,0,0,0,0,0,0,1,0,0,0,0,0,1,0,0,1,0,0,0,0,0,0,0,0,0,0,0,1,0,0,0,0,0,0,0,0,0,1,0,0,0,0,0,0,0,0,0,0,0,1,0,0,0,0,0,0,0,0,1,0,0,0,0,0,0,0,0,0,0,0,0,0,0,1,1,0,0,0,1,0,0,0,1,0,0,0,0,0,1
1.3140278432811678,-0.8213795113741197,"3975.                   After detecting and inspecting the accident site, the following accident chart became clear: While the causing vehicle was coming from the east towards the south, taking the far-left lane without the arrow, and the damaged vehicles were coming from the west towards the east, and to bypass the causing vehicle the red arrow signal, its front collided with the rear left side of the first damaged vehicle, which caused the damaged vehicle 1 to turn around and collide with the front left corner. The left side of the damaged vehicle 2, which led to the deflection of the damaged vehicle 2 and collision with the front right corner of the front left side of the damaged vehicle 3 As a result of the collision between the causing vehicle and the damaged vehicle 1 The causing vehicle headed towards the damaged vehicle 4 and the front of the damaged vehicle 4 collided with the rear right side of the causing vehicle which led to Turning the causing vehicle and the front of the vehicle colliding with the front of the damaged vehicle 5 and the damaged vehicle dropping 5 backwards and its rear colliding with the front of the damaged vehicle 6 and according to the chart, the accident occurred.",-1.4175737141371132,2.490378837640347,-1.3684844507234735,0,1,0,0,0,1,0,-1.3136027248344881,0,0,0,0,0,0,0,0,0,0,0,0,0,0,0,0,0,0,0,0,0,1,0,0,0,0,0,0,1,0,1,0,0,1,0,0,0,0,0,0,0,0,0,0,0,0,0,0,0,0,0,0,0,0,0,0,0,0,0,0,0,1,0,1,0,0,0,0,0,0,0,1,0,0,0,0,0,0,0,0,0,0,0,0,1,0,0,0,0,1,0,0,0,0,1,0,0,0,1,0,1,0,0,0
-0.38859410389130306,1.222687028449784,"3976.                   After detecting and inspecting the accident site, the following accident chart became clear: While the causing vehicle was coming from the east towards the south, taking the far-left lane without the arrow, and the damaged vehicles were coming from the west towards the east, and to bypass the causing vehicle the red arrow signal, its front collided with the rear left side of the first damaged vehicle, which caused the damaged vehicle 1 to turn around and collide with the front left corner. The left side of the damaged vehicle 2, which led to the deflection of the damaged vehicle 2 and collision with the front right corner of the front left side of the damaged vehicle 3 As a result of the collision between the causing vehicle and the damaged vehicle 1 The causing vehicle headed towards the damaged vehicle 4 and the front of the damaged vehicle 4 collided with the rear right side of the causing vehicle which led to Turning the causing vehicle and the front of the vehicle colliding with the front of the damaged vehicle 5 and the damaged vehicle dropping 5 backwards and its rear colliding with the front of the damaged vehicle 6 and according to the chart, the accident occurred.",-0.19746179160121255,-0.4015453331379524,-0.3676863281700941,1,0,0,0,0,1,0,-1.3135261136915553,0,0,1,0,0,0,0,0,0,0,0,0,0,0,0,0,0,0,0,0,0,0,0,0,0,0,0,0,1,1,0,0,0,1,0,0,0,0,0,0,0,0,0,0,0,0,0,0,0,0,0,0,0,0,1,0,0,0,0,0,0,0,0,1,0,0,0,0,0,0,0,0,1,0,0,0,0,0,0,0,0,0,0,1,0,0,0,0,0,0,1,0,1,0,0,0,1,0,0,0,0,0,0,1
-0.5482149114387221,1.222687028449784,"3977.                   After detecting and inspecting the accident site, the following accident chart became clear: -  The two vehicles are coming from the south to the north with the middle lane of the damaged road in the front and the one causing the rear, because of the lack of attention of the driver of the causing vehicle and neglecting her while driving and not leaving the sufficient distance between the two vehicles. The front of the causing vehicle collided with the rear of the damaged vehicle according to the picture in the chart. The accident was planned and the necessary action was taken ",-0.19746179160121255,-0.4015453331379524,-0.3676863281700941,1,0,0,0,0,1,0,-1.3135261136915553,0,0,1,0,0,0,0,0,0,0,0,0,0,0,0,0,0,0,0,0,0,0,0,0,0,0,0,0,1,1,0,0,0,1,0,0,0,0,0,0,0,0,0,0,0,0,0,0,0,0,0,0,0,0,1,0,0,0,0,0,0,0,0,1,0,0,0,0,0,0,0,0,1,0,0,0,0,0,0,0,0,0,0,1,0,0,0,0,0,0,1,0,0,1,0,0,0,1,0,0,0,0,0,1