Age of the injured,Str Code,Accident Description,Road speed limit,Pedestrian action,Number of Lanes,Gender_F,Gender_M,Week_Fifth week,Week_First week,Week_Fourth week,Week_Second week,Week_Third week,Date_time,Reasons__??? ????? ?????? ?????? ???? ????? ??? ???? ???????,Reasons__???? ?? ??????? (???),Reasons__Bypassing the red traffic light,Reasons__Driving back without attention,Reasons__Driving back without traffic clearance,Reasons__Driving in the opposite direction,Reasons__Entering main road without traffic clearance,Reasons__Exceeding speed limit,Reasons__Fatigue and drowsiness,Reasons__Faults in the road,Reasons__Ignoring road lane,Reasons__Ignoring traffic lights,Reasons__Lack of driving awareness,Reasons__Misuse of traffic,Reasons__Negligence and inobservance,Reasons__Negligent driving,Reasons__Not giving priority to pedestrian crossing,Reasons__Not giving way / not giving priority,Reasons__Not leaving enough space,Reasons__Not observing the stop sign,Reasons__Not securing vehicle stability while stopping,Reasons__Speedy without taking road conditions into account,Reasons__Sudden deviation,Reasons__Sudden stop,Reasons__Tyre burst,Reasons__under influence of intoxicant or narcotic drug,__Al Madina Police Station,__Khaldiya Police Station,__Shaabiya Police Station,Streetname_Intersection,Streetname_Street,place__Bridge / Tunnel,place__Coastal area,place__Commercial area,place__Fuel Station,place__Govt. authority,place__Hospital,place__Island,place__Mosque,place__One level intersection,place__Other,place__Park,place__Residential area,place__Sand area,place__School,place__Work area,place__external road,place__unknown,location__ ,location__Bridge,location__Bridge /  Tunnel,location__Car parking,location__Double road,location__Highway,location__Intersection,location__Off the road,location__Other(specify),location__Roundabout,location__Side parking,location__Single road,location__Tunnel,location__Two-way road,location__Unknown,lighting__day,lighting__night - enough lights,lighting__night - weak lights,intersection__Deviated intersection,intersection__Half Perpendicular Intersection,intersection__Multiple leg Intersection,intersection__Not on Intersection,intersection__Not on or around 20 meters,intersection__Other,intersection__Perpendicular Intersection,intersection__Roundabout,intersection__Turn ,accidentype__Collision while turning,accidentype__Fall,accidentype__Hitting a moving object off the road,accidentype__Hitting a moving object on the road,accidentype__Hitting a stationary object off the road,accidentype__Hitting a stationary object on the road,accidentype__Multiple collision,accidentype__Other (specify),accidentype__Perpendicular collision,accidentype__Person run over,accidentype__Rear collision,accidentype__Reciprocal collision,accidentype__Side collision,accidentype__deterioration,seat belt_N,seat belt_Y,seat_Back passenger seat,seat_Driver's seat,seat_Front passenger seat,seat_No passenger,seat_bike passenger,position_Driver,position_Passenger,position_Pedestrian,nationality_Arab States,nationality_Asian States,nationality_GCC,nationality_Other,nationality_UAE
0.09026831875095438,-0.7802238092300142,"3978.                   After detecting and inspecting the accident site, the following accident chart became clear: While the driver of the causing vehicle was walking from the west towards the east taking the left lane. While he was moving, he was surprised by the run-over person crossing the road in front of him on his right (from a place not designated for pedestrian crossing). Thus, the body of run-over person was hit by the front of his vehicle and the engine cover. Thus, the accident occurred.",-0.19746179160121255,-0.4015453331379524,-0.3676863281700941,1,0,0,0,0,1,0,-1.3168094483886752,0,0,0,0,0,0,0,0,0,0,0,0,0,0,0,0,0,0,1,0,0,0,0,0,0,0,1,0,0,0,1,0,0,1,0,0,0,0,0,0,0,0,0,0,0,0,0,0,0,0,0,0,1,0,0,0,0,0,0,0,0,0,0,1,0,0,0,0,0,0,1,0,0,0,0,0,0,0,0,0,0,0,0,0,0,1,0,0,0,0,1,0,1,0,0,0,1,0,0,1,0,0,0,0
0.09026831875095438,-0.9036909156623305,"3979.                   After detecting and inspecting the accident site, the following accident chart became clear: While the causing vehicle was coming from the west towards the east and the second lane was driven from the left, and in the case of moving forward and the road was coming from the north side, escape the south and crossed there are no pedestrian crossing lines and because of the speed without taking into account the road conditions by the vehicle causing the collision of the front left corner of the vehicle causing the body of the run-over person. As a result, his body was stabilized at a distance of 6.5 meters from the accident point, and the braking length was 38.6 meters. It was charted and the necessary action was taken",-0.19746179160121255,2.490378837640347,-0.3676863281700941,0,1,0,0,0,1,0,-1.3133619469566993,0,0,0,0,0,0,0,0,0,0,0,0,0,0,0,0,0,0,0,0,0,1,0,0,0,0,0,1,0,0,1,0,0,1,0,0,0,0,0,0,0,0,0,0,0,0,0,0,0,0,0,0,1,0,0,0,0,0,0,0,0,0,0,1,0,0,0,0,0,1,0,0,0,0,0,0,0,0,0,0,0,0,0,0,1,0,0,0,0,1,0,0,0,0,1,0,0,0,1,0,1,0,0,0
1.6864763942251457,-0.972283752569173,"3980.                   After detecting and inspecting the accident site, the following became evident: The car that caused the cause and the motorcycle before the accident were coming from the west towards the east and wanted to turn to the right, and because there was not enough space left between the causing car and the motorcycle, the front of the car that caused the accident hit the rear of the motorcycle. The accident resulted in the motorcycle driver being injured. It was charted and the necessary action was taken",-0.19746179160121255,2.490378837640347,0.6331117943832852,0,1,0,0,0,1,0,-1.2999440524944692,0,0,0,0,0,0,0,0,0,0,0,0,0,0,0,0,0,0,0,0,0,1,0,0,0,0,0,1,0,0,1,0,0,1,0,0,0,0,0,0,0,0,0,0,0,0,0,0,0,0,0,0,0,1,0,0,0,0,0,0,0,0,0,0,1,0,0,0,0,1,0,0,0,0,0,0,0,0,0,0,0,0,0,0,1,0,0,0,0,1,0,0,0,0,1,0,0,0,1,1,0,0,0,0
0.7819584847897707,-0.8350980787554881,"3981.                   After detecting and inspecting the accident site, the following accident chart became clear: - The causing vehicle coming from the west, turning towards the north and taking the second lane of the arrow. Meanwhile, the damaged vehicle is coming from the east towards the west taking the right lane, and because of the bypassing the red traffic light by the causing vehicle, the front of the damaged vehicle hit the rear right side of the causing vehicle, then the causing vehicle veered towards The left-hand side collided with its left front corner on the island that is separating the two streets, as for the damaged vehicle continued its journey forward, veering towards the right and stabilizing at a distance of 24 meters from the collision point until stability after the triangle pavement. The accident resulted in two female passengers being injured in the causing vehicle and material damage to the two vehicles. According to the chart, the accident occurred.",-1.4175737141371132,-0.4015453331379524,-0.3676863281700941,0,1,0,0,0,1,0,-1.3145658363456434,0,0,0,0,0,0,0,0,0,0,0,0,0,0,0,0,0,0,1,0,0,0,0,0,0,0,0,0,1,0,1,0,0,0,0,1,0,0,0,0,0,0,0,0,0,0,0,0,0,0,0,0,1,0,0,0,0,0,0,0,0,0,0,1,0,0,0,0,0,0,1,0,0,0,0,0,0,0,0,0,0,0,0,0,0,1,0,0,0,1,0,0,1,0,0,0,1,0,0,0,1,0,0,0
1.101200099884609,1.3735912696448374,"3982.                   After detecting and inspecting the accident site, the following accident chart became clear: The causing vehicle is coming from the west, turning towards the north and taking the second lane of the arrow, and the damaged vehicle is coming from the east towards the west taking the right lane, and because of the red light signal bypassed by the causing vehicle, the front of the damaged vehicle hit the rear right side of the causing vehicle, then the causing vehicle veered towards The left-hand side collided with its left front corner on the island separating the two streets, as for the damaged vehicle and continued its journey forward, veering towards the right and stabilizing at a distance of 24 meters from the collision point until stability after the triangle pavement. The accident resulted in two female passengers being injured in the vehicle causing material damage to the two vehicles. According to the plan, the accident occurred.",1.0226501309346883,-0.4015453331379524,0.6331117943832852,1,0,0,0,0,1,0,-1.3068499998074115,0,0,1,0,0,0,0,0,0,0,0,0,0,0,0,0,0,0,0,0,0,0,0,0,0,0,0,0,1,0,1,0,0,0,0,0,0,0,0,0,0,0,1,0,0,0,0,0,0,0,0,0,0,0,1,0,0,0,0,0,0,0,0,1,0,0,0,0,0,0,0,0,1,0,0,0,0,0,0,0,0,0,0,1,0,0,0,0,0,0,1,0,0,1,0,0,0,1,0,1,0,0,0,0
-0.761042654835281,1.3735912696448374,"3983.                   After inspecting and inspecting the accident site, the following accident chart became clear:  While the driver of the causing vehicle was moving from the east to the west, taking the second lane from the right, and while he was walking, he entered the intersection where the signal was green in front of him, and before he crossed the intersection and for his speed without taking into account the road conditions, he was surprised by the crushed child crossing the road ahead of him from the pedestrian crossing lines from the south towards the north, bypassing the red traffic light for pedestrians to cross the front of his vehicle to hit the run-over child, to rush the runaway and settle on the road 15 meters away. The accident resulted in the injury of the run-over child, moderate injuries. He was transferred to the hospital, and so the accident occurred. ",1.0226501309346883,-0.4015453331379524,0.6331117943832852,1,0,0,0,0,1,0,-1.3068499998074115,0,0,1,0,0,0,0,0,0,0,0,0,0,0,0,0,0,0,0,0,0,0,0,0,0,0,0,0,1,0,1,0,0,0,0,0,0,0,0,0,0,0,1,0,0,0,0,0,0,0,0,0,0,0,1,0,0,0,0,0,0,0,0,1,0,0,0,0,0,0,0,0,1,0,0,0,0,0,0,0,0,0,0,1,0,0,0,0,0,1,0,1,0,0,0,0,0,1,0,1,0,0,0,0
-1.1866981416283988,1.0717827872547308,"3984.                   After detecting and inspecting the accident site by the person who is going to chart it, the following became clear: - While the first causing vehicle was coming from the east towards the west and towards the Pepsi intersection moving in the far left, and upon entering the intersection and deviating towards the left, it encountered the entry of the second causing vehicle, which was coming from the west towards the east, taking the middle path from the left side, one of The two vehicles is bypassing the red traffic light and it collided with the front of the second causing vehicle at the front right corner and the front of the first causing vehicle, and the first causing vehicle stops at the site of the accident, and the second causing vehicle rushes from the force of the collision and rushes toward the front pavement and collides with the base of the lighting pole and stops below it without causing damage to the pillar and the necessary action has been taken.",-0.19746179160121255,2.490378837640347,0.6331117943832852,0,1,0,0,0,1,0,-1.3012136085773556,0,0,0,0,0,0,0,0,0,0,0,0,0,0,0,0,0,0,0,0,0,1,0,0,0,0,0,0,1,0,1,0,0,1,0,0,0,0,0,0,0,0,0,0,0,0,0,0,0,0,0,0,0,0,1,0,0,0,0,0,0,0,0,0,1,0,0,0,0,0,0,0,1,0,0,0,0,0,0,0,0,0,0,0,1,0,0,0,0,1,0,0,0,0,1,0,0,0,1,1,0,0,0,0
-0.17576636049474417,1.4147469717889427,"3985.                   After detecting and inspecting the accident site by the person who is going to chart it, the following became clear: - While the first causing vehicle was coming from the east towards the west and towards the Pepsi intersection moving in the far left, and upon entering the intersection and deviating towards the left, it encountered the entry of the second causing vehicle, which was coming from the west towards the east, taking the middle path from the left side, one of the two vehicles is bypassing the red traffic light and it collided with the front of the second causing vehicle at the front right corner and the front of the first causing vehicle, and the first causing vehicle stops at the site of the accident, and the second causing vehicle rushes from the force of the collision and rushes toward the front pavement and collides with the base of the lighting pole and stops below it without causing damage to the pole and the necessary action has been taken. ",1.0226501309346883,-0.4015453331379524,0.6331117943832852,0,1,0,0,0,1,0,-1.3060291661331314,0,0,1,0,0,0,0,0,0,0,0,0,0,0,0,0,0,0,0,0,0,0,0,0,0,0,0,1,0,1,0,0,0,1,0,0,0,0,0,0,0,0,0,0,0,0,0,0,0,0,0,0,0,0,1,0,0,0,0,0,0,0,0,1,0,0,0,0,0,0,0,0,1,0,0,0,0,0,0,0,0,0,0,1,0,0,0,0,0,0,1,0,1,0,0,0,1,0,0,0,1,0,0,0
0.35630299799665294,1.4147469717889427,"3986.                   After detecting and inspecting the accident site by the accident planner, it became clear to him the following: While the causing vehicle was parked in the parking lot in the forbidden place and the run-over person was came to violate the vehicle and when the violation was released and attempted to place the violation on the violating vehicle, the driver of the vehicle came and got into the vehicle and the driver asked the driver to stop until the violation was placed on the vehicle, then she moved forward and run over person with the left front tire. Then I moved from the site of the accident. The accident resulted in the injury of the victim with a slight injury, and according to the chart, the accident occurred.",1.0226501309346883,-0.4015453331379524,0.6331117943832852,0,1,0,0,0,1,0,-1.3060291661331314,0,0,1,0,0,0,0,0,0,0,0,0,0,0,0,0,0,0,0,0,0,0,0,0,0,0,0,1,0,1,0,0,0,1,0,0,0,0,0,0,0,0,0,0,0,0,0,0,0,0,0,0,0,0,1,0,0,0,0,0,0,0,0,1,0,0,0,0,0,0,0,0,1,0,0,0,0,0,0,0,0,0,0,1,0,0,0,0,0,0,1,0,1,0,0,0,1,0,0,1,0,0,0,0
-0.4950079755895825,-0.8213795113741197,"3987.                   After detecting and inspecting the accident site, the following became clear: The causing vehicle was coming from the east to the west and it would like to turn left and take the second lane from the left, and the damaged car is coming from the west towards the east and take the middle lane. Because of the bypassing the red traffic light by the causing vehicle, the front of the causing vehicle collided on the left side of the damaged vehicle. The accident resulted in material damage to the vehicles. The chart was done and necessary action was taken. ",-1.4175737141371132,-0.4015453331379524,-2.3692825732768528,0,1,0,0,0,1,0,-0.11277778160782015,0,0,0,0,0,0,0,0,0,0,0,0,0,1,0,0,0,0,0,0,0,0,0,0,0,0,0,0,1,0,1,0,0,1,0,0,0,0,0,0,0,0,0,0,0,0,0,0,0,0,0,1,0,0,0,0,0,0,0,0,0,0,0,1,0,0,0,0,0,0,0,1,0,0,0,0,0,0,0,0,0,0,0,0,1,0,0,0,0,1,0,0,0,0,1,0,0,0,1,0,0,0,0,1
0.5691307413932118,1.195249893687047,"3988.                   After detecting and inspecting the accident site, the following became clear: The causing car before the accident was coming from the north towards the south and moving on the far left. The first and second run-over person are coming from the west towards the east crossing the road from the far left, due to speed without taking into account the road conditions by the causing driver. His car collided with the first and second run-over persons while they were crossing in a place not designated for pedestrian crossing. The first run-over person fell away from the place of accident by 30 meters and the second run-over person moved with the car and fell 40 meters with the car in the right lane of the street. The accident resulted in the death of the first run-over person immediately after the accident and the second run-over person was moved to the hospital, and so the accident occurred.  ",-0.19746179160121255,-0.4015453331379524,0.6331117943832852,1,0,0,0,0,1,0,-0.1097461692374794,0,0,1,0,0,0,0,0,0,0,0,0,0,0,0,0,0,0,0,0,0,0,0,0,0,0,0,1,0,0,1,0,0,0,0,0,0,0,0,0,0,0,0,0,1,0,0,0,0,0,0,0,0,0,1,0,0,0,0,0,0,0,0,1,0,0,0,0,0,0,0,0,1,0,0,0,0,0,0,0,0,0,0,1,0,0,0,0,0,1,0,0,0,1,0,0,0,1,0,1,0,0,0,0
-0.12255942464560447,-0.8213795113741197,"3989.                   After detecting and inspecting the accident site, the following became clear: The causing car before the accident was coming from the north towards the south and moving on the far left. The first and second run-over person are coming from the west towards the east crossing the road from the far left, due to speed without taking into account the road conditions by the causing driver. His car collided with the first and second run-over persons while they were crossing in a place not designated for pedestrian crossing. The first run-over person fell away from the place of accident by 30 meters and the second run-over person moved with the car and fell 40 meters with the car in the right lane of the street. The accident resulted in the death of the first run-over person immediately after the accident and the second run-over person was moved to the hospital, and so the accident occurred.  ",-0.19746179160121255,2.490378837640347,-0.3676863281700941,1,0,0,0,0,1,0,-0.10720705707170665,0,0,0,0,0,0,0,1,0,0,0,0,0,0,0,0,0,0,0,0,0,0,0,0,0,0,0,1,0,0,1,0,0,1,0,0,0,0,0,0,0,0,0,0,0,0,0,0,0,0,0,0,1,0,0,0,0,0,0,0,0,0,0,1,0,0,0,0,0,0,1,0,0,0,0,0,0,0,0,0,0,0,0,0,1,0,0,0,0,1,0,0,0,0,1,0,0,0,1,0,1,0,0,0
-1.505939756723237,-0.8213795113741197,"3990.                   After detection and inspection, the following accident chart became clear:  While the driver of the causing vehicle was moving from the east towards the west, taking the left lane, and while he was walking and bypassing the red light signal and entering the intersection, a left turn, the driver of the affected vehicle encountered the intersection coming from the west towards the east, taking the middle path to collide with the front of his vehicle on the right side of the perpetrator’s vehicle, to intercept the perpetrator’s vehicle and hit its rear. At the signal pavement, the accident resulted in an injury to the accompanying person with a minor injury. He was transferred to the hospital, and so the accident occurred.",-0.19746179160121255,2.490378837640347,-0.3676863281700941,0,1,0,0,0,1,0,-0.10720705707170665,0,0,0,0,0,0,0,1,0,0,0,0,0,0,0,0,0,0,0,0,0,0,0,0,0,0,0,1,0,0,1,0,0,1,0,0,0,0,0,0,0,0,0,0,0,0,0,0,0,0,0,0,1,0,0,0,0,0,0,0,0,0,0,1,0,0,0,0,0,0,1,0,0,0,0,0,0,0,0,0,0,0,0,0,1,0,0,0,0,1,0,0,0,0,1,0,0,0,1,0,1,0,0,0
0.728751548940631,1.4147469717889427,"3991.                   After detecting and inspecting the accident site, I found the following: While the first causing vehicle was coming from the east towards the west and taking the second lane from the left, the second causing vehicle was coming from the west towards the north and was moved to the far left. As a result of one of the causing vehicles passed the red traffic light, the front of the first causing vehicle collided with the front corner of the second causing vehicle, according to the chart, the accident occurred.",1.0226501309346883,-0.4015453331379524,0.6331117943832852,0,1,0,0,0,1,0,-0.09940366494155158,0,0,1,0,0,0,0,0,0,0,0,0,0,0,0,0,0,0,0,0,0,0,0,0,0,0,0,1,0,1,0,0,0,1,0,0,0,0,0,0,0,0,0,0,0,0,0,0,0,0,0,0,0,0,1,0,0,0,0,0,0,0,0,0,1,0,0,0,0,0,0,0,1,0,0,0,0,0,0,0,0,0,0,1,0,0,0,0,0,0,1,0,0,1,0,0,0,1,0,1,0,0,0,0
-1.6655605642706561,1.222687028449784,"3992.                   After detecting and inspecting the accident site, I found the following: While the first causing vehicle was coming from the east towards the west and taking the second lane from the left, the second causing vehicle was coming from the west towards the north and was moved to the far left. As a result of one of the causing vehicles passed the red traffic light, the front of the first causing vehicle collided with the front corner of the second causing vehicle, according to the chart, the accident occurred.",-0.19746179160121255,-0.4015453331379524,0.6331117943832852,1,0,0,0,0,1,0,-0.09765255310308761,0,0,1,0,0,0,0,0,0,0,0,0,0,0,0,0,0,0,0,0,0,0,0,0,0,0,0,0,1,1,0,0,0,1,0,0,0,0,0,0,0,0,0,0,0,0,0,0,0,0,0,0,0,1,0,0,0,0,0,0,0,0,0,0,1,0,0,0,0,0,0,0,1,0,0,0,0,0,0,0,0,0,0,0,0,0,0,1,0,1,0,0,0,1,0,0,0,1,0,1,0,0,0,0
-0.28218023219302363,1.222687028449784,"3993.                   After detecting and inspecting the accident site, I found the following: While the first causing vehicle was coming from the east towards the west and taking the second lane from the left, the second causing vehicle was coming from the west towards the north and was moved to the far left. As a result of one of the causing vehicles passed the red traffic light, the front of the first causing vehicle collided with the front corner of the second causing vehicle, according to the chart, the accident occurred.",-0.19746179160121255,-0.4015453331379524,0.6331117943832852,1,0,0,0,0,1,0,-0.09765255310308761,0,0,1,0,0,0,0,0,0,0,0,0,0,0,0,0,0,0,0,0,0,0,0,0,0,0,0,0,1,1,0,0,0,1,0,0,0,0,0,0,0,0,0,0,0,0,0,0,0,0,0,0,0,1,0,0,0,0,0,0,0,0,0,0,1,0,0,0,0,0,0,0,1,0,0,0,0,0,0,0,0,0,0,0,0,0,0,1,0,0,1,0,0,1,0,0,0,1,0,1,0,0,0,0
0.5159238055440721,1.222687028449784,"3994.                   After detecting and inspecting the accident site, I found the following: While the first causing vehicle was coming from the east towards the west and taking the second lane from the left, the second causing vehicle was coming from the west towards the north and was moved to the far left. As a result of one of the causing vehicles passed the red traffic light, the front of the first causing vehicle collided with the front corner of the second causing vehicle, according to the chart, the accident occurred.",-0.19746179160121255,-0.4015453331379524,0.6331117943832852,0,1,0,0,0,1,0,-0.09765255310308761,0,0,1,0,0,0,0,0,0,0,0,0,0,0,0,0,0,0,0,0,0,0,0,0,0,0,0,0,1,1,0,0,0,1,0,0,0,0,0,0,0,0,0,0,0,0,0,0,0,0,0,0,0,1,0,0,0,0,0,0,0,0,0,0,1,0,0,0,0,0,0,0,1,0,0,0,0,0,0,0,0,0,0,0,0,0,0,1,0,1,0,1,0,0,0,0,0,1,0,0,1,0,0,0
0.19668219044923382,1.222687028449784,"3995.                   After detecting and inspecting the accident site by the person who made the chart, it became clear to him the following: While the causing vehicle was moving from the west to the east, taking the right lane, and then it changed its lane to the left lane, to coincide with the arrival of the damaged vehicle that is taking the left lane coming from the west towards the east, and the front of the damaged vehicle collided on the right side with the rear of the causing vehicle to the left, noting that the road consists of two lanes resulted from The accident Injury to the injured driver and material damage to both vehicles, as planned, the accident occurred.",-0.19746179160121255,-0.4015453331379524,0.6331117943832852,0,1,0,0,0,0,1,-0.09765255310308761,0,0,1,0,0,0,0,0,0,0,0,0,0,0,0,0,0,0,0,0,0,0,0,0,0,0,0,0,1,1,0,0,0,1,0,0,0,0,0,0,0,0,0,0,0,0,0,0,0,0,0,0,0,1,0,0,0,0,0,0,0,0,0,0,1,0,0,0,0,0,0,0,1,0,0,0,0,0,0,0,0,0,0,0,0,0,0,1,0,0,1,0,1,0,0,0,1,0,0,0,1,0,0,0
0.8883723564880501,-0.9997208873319099,"3996.                   After detecting and inspecting the accident site, the following became evident: The car causing the accident before the accident was coming from the east towards the west and passing from the bottom of the bridge and taking the second lane from the left and the run-over person is coming from the south towards the north. Because of the speed without taking into account the road conditions and crossing the road by the run-over person in unspecified place, the car collided him from the front of the car in the second lane, which led to its injury and was moved to the hospital. Thus, the accident occurred.",-0.19746179160121255,-0.4015453331379524,-1.3684844507234735,0,1,0,0,0,0,1,-0.001297624191607611,0,0,0,0,0,0,0,0,0,0,1,0,0,0,0,0,0,0,0,0,0,0,0,0,0,0,0,0,1,0,1,0,0,0,0,1,0,0,0,0,0,0,0,0,0,0,0,0,0,0,0,0,1,0,0,0,0,0,0,0,0,0,0,1,0,0,0,0,0,0,1,0,0,0,0,0,0,0,0,0,0,0,0,0,0,1,0,0,0,0,1,0,1,0,0,0,1,0,0,1,0,0,0,0
-0.28218023219302363,-0.6841938375604348,"3997.                   While the run-over person is standing in the side car park on Khalifa Street, he was surprised by the causing vehicle and its driver ran over him after a verbal dispute which occurred between them, because of the reckless driving of the driver, he ran over the person by on the front of his causing vehicle and he escaped leaving the accident’s scene. The necessary action was taken. ",-0.19746179160121255,2.490378837640347,-0.3676863281700941,1,0,0,0,0,0,1,0.012010825780718567,0,0,0,0,0,0,0,0,0,0,0,0,0,0,0,0,0,0,0,0,0,1,0,0,0,0,0,1,0,0,1,0,0,1,0,0,0,0,0,0,0,0,0,0,0,0,0,0,0,0,1,0,0,0,0,0,0,0,0,0,0,0,0,0,1,0,0,0,0,0,1,0,0,0,0,0,0,0,0,0,0,0,0,0,1,0,0,0,0,1,0,0,0,0,1,0,0,0,1,0,1,0,0,0
0.19668219044923382,-0.7802238092300142,"3998.                   After detecting and inspecting the accident site by the policeman, the chart of the accident revealed the following: - While the causing vehicle was trying its driver to return to Al Muroor Street towards the outside by turning, and because of entering the street without making sure it was clear, the damaged vehicle happened to pass from the west towards the east, taking the far left lane, and the front left corner of the damaged vehicle collided with the corner and the rear of the causing vehicle and the two vehicles stopped at the site of the accident. The necessary action was taken.",-0.19746179160121255,-0.4015453331379524,-0.3676863281700941,0,1,0,0,0,0,1,0.10159114076714107,0,0,0,0,0,0,0,0,0,0,0,0,0,0,0,1,0,0,0,0,0,0,0,0,0,0,0,1,0,0,1,0,0,0,0,0,1,0,0,0,0,0,0,0,0,0,0,0,0,0,0,0,0,0,0,0,0,0,1,0,0,0,0,1,0,0,0,0,0,0,0,1,0,0,0,0,0,0,0,0,0,0,0,0,1,0,0,0,0,1,0,0,0,0,1,0,0,0,1,0,0,1,0,0
0.3030960621475132,-0.9860023199505414,"3999.                   After detecting and inspecting the accident site, the following accident chart became clear: -  The causing vehicle was moved from west to east, using the third lane of the road. Due to the excessive speed of the road, the driver lost his control of the steering wheel, diverging to the left, and the front of the vehicle collided with the sidewalk and entered the island that is separating the two streets and it is collided with a palm tree and the vehicle capsized in the middle of the road till it was stable on its roof. The deceased passenger fell in the middle of the street in front of the causing vehicle, according to the picture of the chart. The accident was charted and the necessary action was done.",1.0226501309346883,-0.4015453331379524,0.6331117943832852,1,0,0,0,0,0,1,0.11357531241162888,0,0,0,0,0,0,1,0,0,0,0,0,0,0,0,0,0,0,0,0,0,0,0,0,0,0,0,0,1,0,1,0,0,1,0,0,0,0,0,0,0,0,0,0,0,0,0,0,0,0,0,0,1,0,0,0,0,0,0,0,0,0,0,1,0,0,0,0,0,0,1,0,0,0,0,0,0,0,0,0,0,0,0,0,0,1,0,0,0,1,0,1,0,0,0,0,0,1,0,0,0,0,0,1
-0.38859410389130306,-0.972283752569173,"4000.                   After detecting and inspecting the accident site, the following accident chart became clear: -  The causing vehicle was moved from west to east, using the third lane of the road. Due to the excessive speed of the road, the driver lost his control of the steering wheel, diverging to the left, and the front of the vehicle collided with the sidewalk and entered the island that is separating the two streets and it is collided with a palm tree and the vehicle capsized in the middle of the road till it was stable on its roof. The deceased passenger fell in the middle of the street in front of the causing vehicle, according to the picture of the chart. The accident was charted and the necessary action was done.",1.0226501309346883,-0.4015453331379524,0.6331117943832852,0,1,0,0,0,0,1,0.3165401189385935,0,0,0,0,0,0,0,1,0,0,0,0,0,0,0,0,0,0,0,0,0,0,0,0,0,0,0,1,0,0,1,0,0,1,0,0,0,0,0,0,0,0,0,0,0,0,0,0,0,0,0,0,1,0,0,0,0,0,0,0,0,0,0,0,1,0,0,0,0,0,0,0,1,0,0,0,0,0,0,0,1,0,0,0,0,0,0,0,0,1,0,0,1,0,0,0,1,0,0,1,0,0,0,0
-0.4950079755895825,-0.972283752569173,"4001.                   After detecting and inspecting the accident site, the following accident chart became clear: -  The causing vehicle was moved from west to east, using the third lane of the road. Due to the excessive speed of the road, the driver lost his control of the steering wheel, diverging to the left, and the front of the vehicle collided with the sidewalk and entered the island that is separating the two streets and it is collided with a palm tree and the vehicle capsized in the middle of the road till it was stable on its roof. The deceased passenger fell in the middle of the street in front of the causing vehicle, according to the picture of the chart. The accident was charted and the necessary action was done.",1.0226501309346883,-0.4015453331379524,0.6331117943832852,1,0,0,0,0,0,1,0.3165401189385935,0,0,0,0,0,0,0,1,0,0,0,0,0,0,0,0,0,0,0,0,0,0,0,0,0,0,0,1,0,0,1,0,0,1,0,0,0,0,0,0,0,0,0,0,0,0,0,0,0,0,0,0,1,0,0,0,0,0,0,0,0,0,0,0,1,0,0,0,0,0,0,0,1,0,0,0,0,0,0,0,1,0,0,0,0,0,0,0,0,1,0,0,0,1,0,0,0,1,0,0,1,0,0,0