Age of the injured,Str Code,Accident Description,Road speed limit,Pedestrian action,Number of Lanes,Gender_F,Gender_M,Week_Fifth week,Week_First week,Week_Fourth week,Week_Second week,Week_Third week,Date_time,Reasons__??? ????? ?????? ?????? ???? ????? ??? ???? ???????,Reasons__???? ?? ??????? (???),Reasons__Bypassing the red traffic light,Reasons__Driving back without attention,Reasons__Driving back without traffic clearance,Reasons__Driving in the opposite direction,Reasons__Entering main road without traffic clearance,Reasons__Exceeding speed limit,Reasons__Fatigue and drowsiness,Reasons__Faults in the road,Reasons__Ignoring road lane,Reasons__Ignoring traffic lights,Reasons__Lack of driving awareness,Reasons__Misuse of traffic,Reasons__Negligence and inobservance,Reasons__Negligent driving,Reasons__Not giving priority to pedestrian crossing,Reasons__Not giving way / not giving priority,Reasons__Not leaving enough space,Reasons__Not observing the stop sign,Reasons__Not securing vehicle stability while stopping,Reasons__Speedy without taking road conditions into account,Reasons__Sudden deviation,Reasons__Sudden stop,Reasons__Tyre burst,Reasons__under influence of intoxicant or narcotic drug,__Al Madina Police Station,__Khaldiya Police Station,__Shaabiya Police Station,Streetname_Intersection,Streetname_Street,place__Bridge / Tunnel,place__Coastal area,place__Commercial area,place__Fuel Station,place__Govt. authority,place__Hospital,place__Island,place__Mosque,place__One level intersection,place__Other,place__Park,place__Residential area,place__Sand area,place__School,place__Work area,place__external road,place__unknown,location__ ,location__Bridge,location__Bridge /  Tunnel,location__Car parking,location__Double road,location__Highway,location__Intersection,location__Off the road,location__Other(specify),location__Roundabout,location__Side parking,location__Single road,location__Tunnel,location__Two-way road,location__Unknown,lighting__day,lighting__night - enough lights,lighting__night - weak lights,intersection__Deviated intersection,intersection__Half Perpendicular Intersection,intersection__Multiple leg Intersection,intersection__Not on Intersection,intersection__Not on or around 20 meters,intersection__Other,intersection__Perpendicular Intersection,intersection__Roundabout,intersection__Turn ,accidentype__Collision while turning,accidentype__Fall,accidentype__Hitting a moving object off the road,accidentype__Hitting a moving object on the road,accidentype__Hitting a stationary object off the road,accidentype__Hitting a stationary object on the road,accidentype__Multiple collision,accidentype__Other (specify),accidentype__Perpendicular collision,accidentype__Person run over,accidentype__Rear collision,accidentype__Reciprocal collision,accidentype__Side collision,accidentype__deterioration,seat belt_N,seat belt_Y,seat_Back passenger seat,seat_Driver's seat,seat_Front passenger seat,seat_No passenger,seat_bike passenger,position_Driver,position_Passenger,position_Pedestrian,nationality_Arab States,nationality_Asian States,nationality_GCC,nationality_Other,nationality_UAE
-0.28218023219302363,-0.972283752569173,"4002.                   After detecting and inspecting the accident site, the following accident chart became clear: -  The causing vehicle was moved from west to east, using the third lane of the road. Due to the excessive speed of the road, the driver lost his control of the steering wheel, diverging to the left, and the front of the vehicle collided with the sidewalk and entered the island that is separating the two streets and it is collided with a palm tree and the vehicle capsized in the middle of the road till it was stable on its roof. The deceased passenger fell in the middle of the street in front of the causing vehicle, according to the picture of the chart. The accident was charted and the necessary action was done.",1.0226501309346883,-0.4015453331379524,0.6331117943832852,1,0,0,0,0,0,1,0.3165401189385935,0,0,0,0,0,0,0,1,0,0,0,0,0,0,0,0,0,0,0,0,0,0,0,0,0,0,0,1,0,0,1,0,0,1,0,0,0,0,0,0,0,0,0,0,0,0,0,0,0,0,0,0,1,0,0,0,0,0,0,0,0,0,0,0,1,0,0,0,0,0,0,0,1,0,0,0,0,0,0,0,1,0,0,0,0,0,0,0,0,1,0,1,0,0,0,0,0,1,0,0,1,0,0,0
-0.28218023219302363,-0.972283752569173,"4003.                   After detecting and inspecting the accident site, the person who made the chart of accident found the following: The causing vehicle was coming from the east towards the south and it was in the state of turning left, taking the far-left lane and the damaged vehicle was coming from the west towards the east and the damaged vehicle was moving forward, using the second left lane. As a result of bypassing the red traffic light, the accident occurred to the two vehicles, there are material damages and injury of the causing driver and his passenger, the location of the accident was revealed and the necessary measures was taken.",1.0226501309346883,-0.4015453331379524,0.6331117943832852,1,0,0,0,0,0,1,0.3165401189385935,0,0,0,0,0,0,0,1,0,0,0,0,0,0,0,0,0,0,0,0,0,0,0,0,0,0,0,1,0,0,1,0,0,1,0,0,0,0,0,0,0,0,0,0,0,0,0,0,0,0,0,0,1,0,0,0,0,0,0,0,0,0,0,0,1,0,0,0,0,0,0,0,1,0,0,0,0,0,0,0,1,0,0,0,0,0,0,0,0,1,0,1,0,0,0,0,0,1,0,0,1,0,0,0
1.101200099884609,-0.944846617806436,"4004.                   After detecting and inspecting the accident site, the person who made the chart of accident found the following: The causing vehicle was coming from the east towards the south and it was in the state of turning left, taking the far-left lane and the damaged vehicle was coming from the west towards the east and the damaged vehicle was moving forward, using the second left lane. As a result of bypassing the red traffic light, the accident occurred to the two vehicles, there are material damages and injury of the causing driver and his passenger, the location of the accident was revealed and the necessary measures was taken.",1.0226501309346883,-0.4015453331379524,0.6331117943832852,1,0,0,0,0,0,1,0.31727339702095025,0,0,1,0,0,0,0,0,0,0,0,0,0,0,0,0,0,0,0,0,0,0,0,0,0,0,0,1,0,0,1,0,0,0,0,0,0,0,0,0,0,0,0,0,0,0,0,1,0,0,0,0,0,0,1,0,0,0,0,0,0,0,0,0,1,0,0,0,0,0,0,0,1,0,0,0,0,0,0,0,0,0,0,1,0,0,0,0,0,1,0,0,0,1,0,0,0,1,0,0,1,0,0,0
0.1434752546000941,-0.944846617806436,"4005.                   After detecting and inspecting the accident site, the following accident chart became clear:  While the two affected parties were walking from the west towards the east, the two parties are on the middle path, while they were moving and entering the intersection, the driver of the causing vehicle was coming from the east towards the west taking the left lane and he was walking and bypassing the red traffic light entering the intersection on a left turn, he collided by the front of his vehicle on the left side of the vehicle of the first victim then this vehicle collided on its right side with the front of the second victim's vehicle, and so the accident occurred.  ",1.0226501309346883,-0.4015453331379524,0.6331117943832852,0,1,0,0,0,0,1,0.31727339702095025,0,0,1,0,0,0,0,0,0,0,0,0,0,0,0,0,0,0,0,0,0,0,0,0,0,0,0,1,0,0,1,0,0,0,0,0,0,0,0,0,0,0,0,0,0,0,0,1,0,0,0,0,0,0,1,0,0,0,0,0,0,0,0,0,1,0,0,0,0,0,0,0,1,0,0,0,0,0,0,0,0,0,0,1,0,0,0,0,0,0,1,0,1,0,0,0,1,0,0,0,1,0,0,0
-0.33538716804216334,1.222687028449784,"4006.                   After detecting and inspecting the site of the accident, the following chart became clear: The damaged vehicle is coming from the south towards the north taking the left lane and it was parked at the red traffic light and the causing vehicle is also coming from the south towards the north taking the left lane, because of the lack of sufficient distance that is left by the causing vehicle, the front of the causing vehicle hit the rear of the damaged vehicle. After the collision, the damaged vehicle rushed forward and the causing vehicle to the right. The accident resulted in material damage to the vehicles and the driver of the causing vehicle escaped from the site of the accident. The accident was charted and necessary action was taken.",-0.19746179160121255,-0.4015453331379524,0.6331117943832852,0,1,0,0,0,0,1,0.3371156830405451,0,0,1,0,0,0,0,0,0,0,0,0,0,0,0,0,0,0,0,0,0,0,0,0,0,0,0,0,1,1,0,0,0,1,0,0,0,0,0,0,0,0,0,0,0,0,0,0,0,0,0,0,0,0,1,0,0,0,0,0,0,0,0,0,1,0,0,0,0,0,0,0,1,0,0,0,0,0,0,0,0,0,0,1,0,0,0,0,0,1,0,1,0,0,0,0,0,1,0,0,1,0,0,0
-0.4950079755895825,0.4956029572372545,"4007.                   After detecting and inspecting the site of the accident, the following chart became clear: The damaged vehicle is coming from the south towards the north taking the left lane and it was parked at the red traffic light and the causing vehicle is also coming from the south towards the north taking the left lane, because of the lack of sufficient distance that is left by the causing vehicle, the front of the causing vehicle hit the rear of the damaged vehicle. After the collision, the damaged vehicle rushed forward and the causing vehicle to the right. The accident resulted in material damage to the vehicles and the driver of the causing vehicle escaped from the site of the accident. The accident was charted and necessary action was taken.",-0.19746179160121255,-0.4015453331379524,-1.3684844507234735,1,0,0,0,0,0,1,0.42768099843610363,0,0,0,0,0,0,0,0,0,0,0,0,0,0,0,0,0,0,1,0,0,0,0,0,0,0,1,0,0,0,1,0,0,0,0,0,1,0,0,0,0,0,0,0,0,0,0,0,0,0,0,0,0,0,1,0,0,0,0,0,0,0,0,0,1,0,0,0,1,0,0,0,0,0,0,0,0,0,0,0,0,0,0,0,0,1,0,0,0,1,0,1,0,0,0,0,0,1,0,0,0,1,0,0
-0.6546287831370016,0.4956029572372545,"4008.                   After detecting and inspecting the accident site, the following chart became clear: The causing vehicle is coming from the west towards the east and wants to go to the north to take the arrow line, and the damaged vehicle is coming from the east towards the west and take the second lane from the left. Because of the overtaking of the traffic signal by the offending party, the front of the vehicle causing its front right angle collided with the front of the damaged vehicle. The accident resulted in the passenger being injured with the vehicle causing minor injury and material damage to the vehicles, the detection and necessary measures were taken.",-0.19746179160121255,-0.4015453331379524,-1.3684844507234735,1,0,0,0,0,0,1,0.42768099843610363,0,0,0,0,0,0,0,0,0,0,0,0,0,0,0,0,0,0,1,0,0,0,0,0,0,0,1,0,0,0,1,0,0,0,0,0,1,0,0,0,0,0,0,0,0,0,0,0,0,0,0,0,0,0,1,0,0,0,0,0,0,0,0,0,1,0,0,0,1,0,0,0,0,0,0,0,0,0,0,0,0,0,0,0,0,1,0,0,0,1,0,1,0,0,0,0,0,1,0,0,0,1,0,0
-1.1866981416283988,1.1266570567802046,"4009.                   After detecting and inspecting the accident site by the policeman, the accident chart revealed the following: While the causing vehicle was coming from the south towards the north, its driver was passing between the vehicles that were parked on both sides of the road in a parking lot on the side of the Al Salama Hospital, so that the driver was surprised by the run-over person who crossed the street from the east towards the west and because of the speed without taking into account the road conditions by the driver of the vehicle hit the vehicle's body. The one who caused the front right side would then fall on the road and the vehicle would stop at the site of the accident, and necessary action was taken.",-0.19746179160121255,-0.4015453331379524,-0.3676863281700941,0,1,0,0,0,0,1,0.4345212790551035,0,0,1,0,0,0,0,0,0,0,0,0,0,0,0,0,0,0,0,0,0,0,0,0,0,0,0,1,0,0,1,0,0,0,1,0,0,0,0,0,0,0,0,0,0,0,0,0,0,0,0,0,0,0,1,0,0,0,0,0,0,0,0,0,1,0,0,0,1,0,0,0,0,0,0,0,0,0,0,0,0,0,0,1,0,0,0,0,0,1,0,0,0,1,0,0,0,1,0,0,0,0,0,1
-0.33538716804216334,-0.8076609439927512,"4010.                   After detecting and inspecting the site of the accident, the following chart became clear:  The causing vehicle coming from the west towards the east, taking the left lane, and upon reaching the roundabout and due to the speed without taking into account the road conditions, the front of the causing vehicle collided with the sidewalk in the middle of the roundabout. The accident resulted in material damage to the vehicle. The accident was planned and necessary action was taken.",-2.637685636673014,2.490378837640347,-1.3684844507234735,0,1,0,0,0,0,1,0.44070489273467944,0,0,0,0,0,0,0,0,0,0,0,0,0,0,0,0,0,0,0,0,0,1,0,0,0,0,1,0,0,0,1,0,0,1,0,0,0,0,0,0,0,0,0,0,0,0,0,0,0,0,0,1,0,0,0,0,0,0,0,0,0,0,0,1,0,0,0,0,0,0,0,1,0,0,0,0,0,0,0,0,0,0,0,0,1,0,0,0,0,1,0,0,0,0,1,0,0,0,1,0,1,0,0,0
0.5159238055440721,-0.601882433272224,"4011.                   After detecting and inspecting the accident site, the following became clear: The vehicle causing the vehicle was coming from the south towards the north and while the driver entered the vehicle into the opening leading to the parking lot (P), due to drunk driving and speed without taking into account the road conditions and driving recklessly and recklessly, he collided with the sidewalk and then hit the first damaged vehicle that was in a final stop and rushed his vehicle and ran over the crushed person who was standing On the sidewalk in front of the storefront to run over the vehicle that caused its front, then it collided with the front of the shop (Port Bakery), went back and collided with a tree. The accident resulted in the death of the person who was trampled in Sheikh Khalifa Hospital as a result of surgery and material damage to vehicles, the front of the shop, damage to the tree, and fled after the accident occurred. He took the necessary action",-0.19746179160121255,-0.4015453331379524,-0.3676863281700941,0,1,0,0,0,0,1,0.44869434049767126,0,0,0,0,0,0,0,0,0,0,0,0,0,0,0,0,0,0,0,0,0,1,0,0,0,0,0,1,0,0,1,0,0,0,0,0,0,0,0,0,0,0,1,0,0,0,0,0,0,0,0,0,1,0,0,0,0,0,0,0,0,0,0,0,1,0,0,0,0,0,0,0,0,1,0,0,0,0,0,0,1,0,0,0,0,0,0,0,0,0,1,0,1,0,0,0,1,0,0,0,0,0,0,1
1.2076139715828884,-0.8350980787554881,"4012.                   After detecting the scene of the accident by the policeman, the chart of the accident became clear:  While the motorcyclist was getting up and turning around in one of the inner streets at Zayed Military Hospital, and due to the high speed without taking into account the road conditions, his bike sprinted forward to turn after hitting the sidewalk and the driver fell off the bike onto the street and the necessary action was taken.",-2.637685636673014,-0.4015453331379524,-2.3692825732768528,0,1,0,0,0,0,1,0.5415032679362617,0,0,0,0,0,0,0,0,0,0,0,0,0,0,0,1,0,0,0,0,0,0,0,0,0,0,0,0,1,0,1,0,0,0,0,0,0,0,0,0,0,0,1,0,0,0,0,0,0,0,0,0,0,0,0,0,0,0,0,1,0,0,0,1,0,0,0,0,0,0,0,1,0,0,0,0,0,0,0,0,1,0,0,0,0,0,0,0,0,1,0,0,0,0,1,0,0,0,1,0,1,0,0,0
-0.016145552947325045,-0.944846617806436,"4013.                   After detecting and inspecting the accident site, the accident chart  has become clear which: -  While the vehicles involved in the accident were moving from south to north, and the vehicle behind them was in the third lane of the road, due to the lack of attention of the offending driver, his negligence while driving, his lack of commitment to compulsory traffic and his driving the vehicle quickly without taking into account the road conditions, the front of the causing vehicle hit the front left corner For the first damaged vehicle, then the driver lost control of the steering wheel and his vehicle collided with other vehicles, then the vehicle veered to the right and collided with a parking payment device outside the road, according to the picture in the chart. The accident was planned and necessary",-1.4175737141371132,-0.4015453331379524,-1.3684844507234735,0,1,0,0,0,0,1,0.5428166018151097,0,0,0,0,0,0,0,0,0,0,0,0,0,0,0,0,0,0,0,0,0,1,0,0,0,0,0,1,0,0,1,0,0,0,0,0,1,0,0,0,0,0,0,0,0,0,0,0,0,0,0,0,0,0,0,0,0,0,0,1,0,0,0,0,1,0,0,0,0,0,0,0,0,0,1,0,0,0,0,0,0,0,0,0,0,0,0,0,1,1,0,0,1,0,0,0,1,0,0,0,0,0,0,1
0.03706138290181467,-0.7665052418486458,"4014.                   After detecting and inspecting the accident site, the following accident chart became clear: While the driver of the vehicle was driving his vehicle on the Corniche Street, walking the middle path and while he was walking, neglecting the driver and not paying attention as the vehicle was intended for television transportation and it belongs to the Abu Dhabi Media Company and the so-called / Saqot Al-Saeed - a photographer who was sitting on the chair above the vehicle in the place designated for filming and during that The cameraman fell from the top of the vehicle to the road and the accident resulted in the photographer being moderately injured, knowing that the cameraman was not fastening the seat belt to the seat designated for photography, and so the accident occurred",-0.19746179160121255,-0.4015453331379524,0.6331117943832852,0,1,0,0,0,0,1,0.5505324383533416,0,0,0,0,0,0,0,0,0,0,0,0,0,0,0,0,0,0,0,0,0,1,0,0,0,0,0,1,0,0,1,0,0,1,0,0,0,0,0,0,0,0,0,0,0,0,0,0,0,0,0,0,1,0,0,0,0,0,0,0,0,0,0,1,0,0,0,0,0,0,1,0,0,0,0,0,0,0,0,0,0,0,0,1,0,0,0,0,0,0,1,0,1,0,0,0,1,0,0,0,0,0,0,1
1.3672347791303074,-0.7665052418486458,"4015.                   After detecting and inspecting the accident site, the following is revealed: While the causing vehicle was coming from the north from above the legal district bridge diverging to the east towards Al-Shati Street and while it was moving on the far left lane and due to speed without taking into account the road conditions, the vehicle deviated from the road and entered the dirt road by a distance of 31 meters and collided with the lighting pole on the left side of the road, according to the plan, the incident occurred.",-0.19746179160121255,-0.4015453331379524,-0.3676863281700941,0,1,0,0,0,0,1,0.6557085931510839,0,0,0,0,0,0,0,0,0,0,0,0,0,0,1,0,0,0,0,0,0,0,0,0,0,0,0,1,0,0,1,0,0,1,0,0,0,0,0,0,0,0,0,0,0,0,0,0,0,0,0,0,1,0,0,0,0,0,0,0,0,0,0,1,0,0,0,0,0,0,1,0,0,0,0,0,1,0,0,0,0,0,0,0,0,0,0,0,0,1,0,1,0,0,0,0,0,1,0,1,0,0,0,0
-0.06935248879646476,-0.944846617806436,"4016.                   After detecting and inspecting a site, the following accident chart became clear: - The vehicle causing the offense is moving from north to south, crossing the middle path of the road, while the driver crosses the road from east to west on pedestrian crossing lines and because of the lack of attention of the offending driver, his negligence while driving, his failure to abide by traffic rules and traffic, and his driving the vehicle quickly without taking into account the road conditions and not giving Priority for pedestrian crossing: The front of his vehicle ran over the person while he was on the pedestrian lines, and after he was run over, he fell at a distance of 6.7 meters from the runaway point according to the picture in the plan.",-0.19746179160121255,-0.4015453331379524,-1.3684844507234735,1,0,0,0,0,0,1,0.6601629838901766,0,0,0,0,0,0,0,0,0,0,0,0,0,0,0,0,0,0,0,0,0,1,0,0,0,0,0,1,0,0,1,0,0,0,0,1,0,0,0,0,0,0,0,0,0,0,0,0,0,0,0,0,1,0,0,0,0,0,0,0,0,0,0,1,0,0,0,0,0,0,1,0,0,0,0,0,0,0,0,0,1,0,0,0,0,0,0,0,0,1,0,0,1,0,0,0,1,0,0,0,0,0,0,1
1.260820907432028,-0.8076609439927512,"4017.                   After inspecting the site of the accident, the following became evident:  The car that had caused it before the accident was coming from the north towards the south inside the Armed Forces General Command building, and as it entered the parking lots, one of the buses happened to be standing in the middle of the stops, and during that the driver tried to swerve from the front of the bus, and due to negligence and lack of attention, the front of the vehicle hit the run-over person, which led to her injury and falling in front of the car and so on. The accident happened.",-0.19746179160121255,2.490378837640347,-0.3676863281700941,0,1,0,0,1,0,0,0.6640263743837878,0,0,0,0,0,0,0,0,0,0,0,0,0,0,0,0,1,0,0,0,0,0,0,0,0,0,1,0,0,0,1,0,0,1,0,0,0,0,0,0,0,0,0,0,0,0,0,0,0,0,0,0,1,0,0,0,0,0,0,0,0,0,0,1,0,0,0,0,0,0,1,0,0,0,0,0,0,0,0,0,0,0,0,0,1,0,0,0,0,1,0,0,0,0,1,0,0,0,1,0,1,0,0,0
-0.33538716804216334,-0.972283752569173,"4018.                   After detecting and inspecting the person who chart the accident on the site, the following is found out:  The two vehicles were coming from the north towards the south causing the right lane and the damaged lane to pass the left lane, and because of the failure of the driver of the causing vehicle to abide by the road line and deviate in front of the damaged vehicle, which led to this accident where the front of the damaged vehicle collided at the rear of the causing vehicle to the right, and from the force of the collision, the perpetrator deviated to the extreme On the right, it hit the front of it and from the bottom at the pavement separating the tracks, and then went up the sidewalk and stabilized at a distance of 4.7 meters from the point of the second collision. The accident resulted in the passenger being injured by the vehicle causing damage and material damage to the two vehicles. According to the chart, the accident occurred.",-2.637685636673014,-0.4015453331379524,-1.3684844507234735,1,0,0,0,1,0,0,0.761377248153394,0,0,0,0,0,0,0,0,0,0,0,0,0,0,1,0,0,0,0,0,0,0,0,0,0,0,0,1,0,0,1,0,0,0,0,1,0,0,0,0,0,0,0,0,0,0,0,0,0,0,0,1,0,0,0,0,0,0,0,0,0,0,0,1,0,0,0,0,0,0,1,0,0,0,0,0,0,0,0,0,0,0,0,0,1,0,0,0,0,1,0,0,0,0,1,0,0,0,1,0,0,0,0,1
-1.133491205779259,-0.9860023199505414,"4019.                   After detecting and inspecting the accident site, the following accident chart is revealed: - While the causing vehicle was moving from the south towards the north and on a side road, and the run-over person was crossing the road from the east towards the west, and because of the speed without taking into account the road conditions, the driver who caused the offense ran over the front right side of his vehicle that was run over and according to the chart, the accident occurred.",1.0226501309346883,-0.4015453331379524,0.6331117943832852,0,1,0,0,1,0,0,0.7746747536767299,0,0,0,0,0,0,0,0,0,0,1,0,0,0,0,0,0,0,0,0,0,0,0,0,0,0,0,0,1,0,1,0,0,0,0,0,0,0,1,0,0,0,0,0,0,0,0,0,0,0,0,0,1,0,0,0,0,0,0,0,0,0,0,0,1,0,0,0,0,0,1,0,0,0,0,0,0,0,0,0,0,0,0,0,0,1,0,0,0,1,0,1,0,0,0,0,0,1,0,0,1,0,0,0
-1.3995258850249577,-0.9311280504250675,"4020.                   After the accident was revealed, the following became evident:  While the causing vehicle was coming from the east towards the west towards the Al Wumpi intersection taking the second lane from the right, because of the failure to adhere to the obligatory line of driving by the driver of the causing vehicle when he changed his lane to the third lane from the right side, the first damaged vehicle happened to collide with its front right side with the front left door For the causing vehicle, which in turn rushed to the right and collided with the front of it with plastic barriers, the first damaged vehicle deteriorated and, during its deterioration, collided on its right side with the rear of the second damaged vehicle, which was in the second lane from the right, and the first damaged vehicle stabilized after its deterioration on its left side. The accident resulted in the injury of the offending driver, his passenger and the driver the first victim, damages to one plastic barrier and material damage to vehicles, as planned, the accident occurred.",-2.637685636673014,2.490378837640347,-1.3684844507234735,0,1,0,0,1,0,0,0.7770606435566371,0,0,0,0,0,0,0,0,0,0,0,0,0,0,0,0,0,0,0,0,0,1,0,0,0,0,0,0,1,0,1,0,0,1,0,0,0,0,0,0,0,0,0,0,0,0,0,0,0,0,0,1,0,0,0,0,0,0,0,0,0,0,0,0,1,0,0,0,0,1,0,0,0,0,0,0,0,0,0,0,0,0,0,0,1,0,0,0,0,1,0,0,0,0,1,0,0,0,1,0,1,0,0,0
0.03706138290181467,-0.972283752569173,"4021.                   After the accident was revealed, the following became evident:  While the causing vehicle was coming from the east towards the west towards the Al Wumpi intersection taking the second lane from the right, because of the failure to adhere to the obligatory line of driving by the driver of the causing vehicle when he changed his lane to the third lane from the right side, the first damaged vehicle happened to collide with its front right side with the front left door For the causing vehicle, which in turn rushed to the right and collided with the front of it with plastic barriers, the first damaged vehicle deteriorated and, during its deterioration, collided on its right side with the rear of the second damaged vehicle, which was in the second lane from the right, and the first damaged vehicle stabilized after its deterioration on its left side. The accident resulted in the injury of the offending driver, his passenger and the driver the first victim, damages to one plastic barrier and material damage to vehicles, as planned, the accident occurred.",1.0226501309346883,-0.4015453331379524,0.6331117943832852,1,0,0,0,1,0,0,0.8741050727545122,0,0,0,0,0,0,0,0,0,0,1,0,0,0,0,0,0,0,0,0,0,0,0,0,0,0,0,0,1,0,1,0,0,0,0,0,0,0,0,0,0,1,0,0,0,0,0,0,0,0,0,0,1,0,0,0,0,0,0,0,0,0,0,1,0,0,0,0,0,0,0,0,1,0,0,0,0,0,0,0,0,0,0,0,0,0,0,1,0,0,1,0,0,1,0,0,0,1,0,0,0,0,0,1
1.101200099884609,-0.972283752569173,"4022.                   After the accident was revealed, the following became evident:  While the causing vehicle was coming from the east towards the west towards the Al Wumpi intersection taking the second lane from the right, because of the failure to adhere to the obligatory line of driving by the driver of the causing vehicle when he changed his lane to the third lane from the right side, the first damaged vehicle happened to collide with its front right side with the front left door For the causing vehicle, which in turn rushed to the right and collided with the front of it with plastic barriers, the first damaged vehicle deteriorated and, during its deterioration, collided on its right side with the rear of the second damaged vehicle, which was in the second lane from the right, and the first damaged vehicle stabilized after its deterioration on its left side. The accident resulted in the injury of the offending driver, his passenger and the driver the first victim, damages to one plastic barrier and material damage to vehicles, as planned, the accident occurred.",1.0226501309346883,-0.4015453331379524,0.6331117943832852,0,1,0,0,1,0,0,0.8741050727545122,0,0,0,0,0,0,0,0,0,0,1,0,0,0,0,0,0,0,0,0,0,0,0,0,0,0,0,0,1,0,1,0,0,0,0,0,0,0,0,0,0,1,0,0,0,0,0,0,0,0,0,0,1,0,0,0,0,0,0,0,0,0,0,1,0,0,0,0,0,0,0,0,1,0,0,0,0,0,0,0,0,0,0,0,0,0,0,1,0,0,1,0,1,0,0,0,1,0,0,1,0,0,0,0
0.03706138290181467,-0.972283752569173,"4023.                   After detecting and inspecting the accident site by a policeman who planned the accident, the following became clear: While the causing vehicle was coming from the west toward the east, crossing the middle lane on the left, it was surprised that the run-over person was coming from the south to the north, it crossed the street in front of it from a place not designated for pedestrian crossing and when the run-over person was hit and pushed to the middle lane on the left side, because the driver was driving the vehicle quickly without taking into account the road conditions, running over the corner The left front of the vehicle that was run over, and the vehicle collapsed onto the main street, and the vehicle stopped at the site of the accident, and the necessary measures were taken. ",1.0226501309346883,-0.4015453331379524,0.6331117943832852,0,1,0,0,1,0,0,0.8741050727545122,0,0,0,0,0,0,0,0,0,0,1,0,0,0,0,0,0,0,0,0,0,0,0,0,0,0,0,0,1,0,1,0,0,0,0,0,0,0,0,0,0,1,0,0,0,0,0,0,0,0,0,0,1,0,0,0,0,0,0,0,0,0,0,1,0,0,0,0,0,0,0,0,1,0,0,0,0,0,0,0,0,0,0,0,0,0,0,1,0,0,1,0,1,0,0,0,1,0,0,0,0,0,0,1
0.9415792923371898,0.1526387727030425,"4024.                   After detecting and inspecting, the following accident chart became clear: - The vehicles involved in the accident are moving from the north to the south, following the middle path of the road, and the causing vehicle was moving behind them, and the offending driver was not alerted and neglected while driving and did not leave enough distance between him and the vehicles moving in front of him. The front of his vehicle collided with the rear of the first damaged vehicle, then the first vehicle ran and collided with the vehicle in front of it which it made the vehicles collide with each other according to the picture in the chart, and the driver who caused the escape from the accident, leaving his vehicle at the site of the accident, and in this way the accident occurred.",-0.19746179160121255,2.490378837640347,0.6331117943832852,1,0,0,0,1,0,0,1.314564422373153,0,0,0,0,0,0,0,0,0,0,0,0,0,0,0,0,0,0,0,0,0,1,0,0,0,0,0,0,1,0,1,0,0,1,0,0,0,0,0,0,0,0,0,0,0,0,0,0,0,0,0,0,1,0,0,0,0,0,0,0,0,0,0,1,0,0,0,0,0,0,1,0,0,0,0,0,0,0,0,0,0,0,0,0,1,0,0,0,0,1,0,0,0,0,1,0,0,0,1,0,0,1,0,0
0.9947862281863296,0.5504772267627285,"4025.                   After detecting and inspecting the accident site, the following accident chart became clear: The vehicles involved in the accident are moving inside the rotor of the vehicle causing the right lane and the damaged vehicle in the middle lane of the road and during the rotation and due to the lack of attention of the offending driver, his negligence while driving and his lack of commitment to the lane, the front of the motorcycle collided with the left side of the causing vehicle and then the bike deteriorated on the left side And in this way, the accident happened. The accident was charted and necessary action was taken. ",-0.19746179160121255,-0.4015453331379524,-0.3676863281700941,0,1,1,0,0,0,0,1.429481136772351,0,0,0,0,0,0,0,0,0,0,0,0,0,0,0,0,0,0,1,0,0,0,0,0,0,0,0,1,0,0,1,0,0,1,0,0,0,0,0,0,0,0,0,0,0,0,0,0,0,0,0,0,1,0,0,0,0,0,0,0,0,0,0,1,0,0,0,0,0,0,1,0,0,0,0,0,0,0,0,0,0,0,0,0,0,1,0,0,0,0,1,0,1,0,0,0,1,0,0,0,1,0,0,0