Age of the injured,Str Code,Accident Description,Road speed limit,Pedestrian action,Number of Lanes,Gender_F,Gender_M,Week_Fifth week,Week_First week,Week_Fourth week,Week_Second week,Week_Third week,Date_time,Reasons__??? ????? ?????? ?????? ???? ????? ??? ???? ???????,Reasons__???? ?? ??????? (???),Reasons__Bypassing the red traffic light,Reasons__Driving back without attention,Reasons__Driving back without traffic clearance,Reasons__Driving in the opposite direction,Reasons__Entering main road without traffic clearance,Reasons__Exceeding speed limit,Reasons__Fatigue and drowsiness,Reasons__Faults in the road,Reasons__Ignoring road lane,Reasons__Ignoring traffic lights,Reasons__Lack of driving awareness,Reasons__Misuse of traffic,Reasons__Negligence and inobservance,Reasons__Negligent driving,Reasons__Not giving priority to pedestrian crossing,Reasons__Not giving way / not giving priority,Reasons__Not leaving enough space,Reasons__Not observing the stop sign,Reasons__Not securing vehicle stability while stopping,Reasons__Speedy without taking road conditions into account,Reasons__Sudden deviation,Reasons__Sudden stop,Reasons__Tyre burst,Reasons__under influence of intoxicant or narcotic drug,__Al Madina Police Station,__Khaldiya Police Station,__Shaabiya Police Station,Streetname_Intersection,Streetname_Street,place__Bridge / Tunnel,place__Coastal area,place__Commercial area,place__Fuel Station,place__Govt. authority,place__Hospital,place__Island,place__Mosque,place__One level intersection,place__Other,place__Park,place__Residential area,place__Sand area,place__School,place__Work area,place__external road,place__unknown,location__ ,location__Bridge,location__Bridge /  Tunnel,location__Car parking,location__Double road,location__Highway,location__Intersection,location__Off the road,location__Other(specify),location__Roundabout,location__Side parking,location__Single road,location__Tunnel,location__Two-way road,location__Unknown,lighting__day,lighting__night - enough lights,lighting__night - weak lights,intersection__Deviated intersection,intersection__Half Perpendicular Intersection,intersection__Multiple leg Intersection,intersection__Not on Intersection,intersection__Not on or around 20 meters,intersection__Other,intersection__Perpendicular Intersection,intersection__Roundabout,intersection__Turn ,accidentype__Collision while turning,accidentype__Fall,accidentype__Hitting a moving object off the road,accidentype__Hitting a moving object on the road,accidentype__Hitting a stationary object off the road,accidentype__Hitting a stationary object on the road,accidentype__Multiple collision,accidentype__Other (specify),accidentype__Perpendicular collision,accidentype__Person run over,accidentype__Rear collision,accidentype__Reciprocal collision,accidentype__Side collision,accidentype__deterioration,seat belt_N,seat belt_Y,seat_Back passenger seat,seat_Driver's seat,seat_Front passenger seat,seat_No passenger,seat_bike passenger,position_Driver,position_Passenger,position_Pedestrian,nationality_Arab States,nationality_Asian States,nationality_GCC,nationality_Other,nationality_UAE
1.4204417149794473,-0.972283752569173,"4026.                   After detecting and inspecting the accident site, the following accident chart became clear: - The vehicle causing the vehicle coming from the north towards the south is passing the second lane from the left, and due to the speed without taking into account the road conditions and the driver’s exposure to epilepsy, the driver of the causing vehicle could not control his vehicle, so it veered to the left and collided with the front left corner of the sidewalk, and as a result of this collision it swept to the right side For the second lane from the right, its front right angle collides with the left rear corner of the first damaged vehicle, and then the vehicle causing the second lane rushed from the left to collide its front with the rear of the second damaged vehicle, and as a result of this collision it also deviated to the left side to collide its front left corner with the pavement and then rushed to the second lane From the left, the front of the vehicle collided with the rear of the third damaged vehicle, and then the causing vehicle rushed forward to hit the front right corner of the left rear corner of the fourth damaged vehicle, and then veered to the left to ascend the sidewalk and its front collided with the iron fence and during that, pieces of the iron fence flew on the opposite street to coincide with the arrival of the vehicle The fifth affected was coming from the south towards the north taking the left path and hit The fence in the front and the causing vehicle settles 50 meters away on the island sidewalk separating the two streets. According to the plan, the accident occurred.",-0.19746179160121255,-0.4015453331379524,-0.3676863281700941,0,1,1,0,0,0,0,1.5265036770722453,0,0,0,0,0,0,0,0,0,0,1,0,0,0,0,0,0,0,0,0,0,0,0,0,0,0,0,1,0,0,1,0,0,1,0,0,0,0,0,0,0,0,0,0,0,0,0,0,0,0,0,0,1,0,0,0,0,0,0,0,0,0,0,1,0,0,0,0,0,0,0,0,0,1,0,0,0,0,0,0,0,0,0,1,0,0,0,0,0,1,0,0,1,0,0,0,1,0,0,0,1,0,0,0
0.728751548940631,-0.7665052418486458,"4027.                   After detecting and inspecting the accident site, the following became clear: The causing vehicle is coming from the west, turning towards the north, passing the path of the arrow, the damaged vehicle is coming from the east towards the west, the middle path is passed. Because of the red light bypassed by the causing vehicle, the front of the damaged vehicle collided with the right side of the causing vehicle. The accident resulted in the injured driver and two passengers with her, as well as three passengers with the person causing material damage to the two vehicles, according to the chart, the accident occurred.",-0.19746179160121255,-0.4015453331379524,0.6331117943832852,0,1,1,0,0,0,0,1.6479870608656833,0,0,0,0,0,0,0,0,0,0,0,0,0,0,0,0,0,0,0,0,0,1,0,0,0,0,0,1,0,0,1,0,0,1,0,0,0,0,0,0,0,0,0,0,0,0,0,0,0,0,0,0,1,0,0,0,0,0,0,0,0,0,0,1,0,0,0,0,0,0,0,1,0,0,0,0,0,0,0,0,0,0,0,0,0,1,0,0,0,0,1,0,1,0,0,0,1,0,0,0,0,0,0,1
1.0479931640354692,-0.9860023199505414,"4028.                   causing detecting and inspecting the accident site, the following became clear: The causing vehicle is coming from the west, turning towards the north, passing the path of the arrow, the damaged vehicle is coming from the east towards the west, the middle path is passed. Because of the red light bypassed by the causing vehicle, the front of the damaged vehicle collided with the right side of the causing vehicle. The accident resulted in the injured driver and two passengers with her, as well as three passengers with the person causing material damage to the two vehicles, according to the chart, the accident occurred.",-0.19746179160121255,-0.4015453331379524,0.6331117943832852,0,1,1,0,0,0,0,1.6525837294416512,0,0,1,0,0,0,0,0,0,0,0,0,0,0,0,0,0,0,0,0,0,0,0,0,0,0,0,0,1,0,1,0,0,0,0,0,0,0,0,0,0,0,0,0,1,0,0,0,0,0,0,0,0,1,0,0,0,0,0,0,0,0,0,0,1,0,0,0,1,0,0,0,0,0,0,0,0,0,0,0,0,0,0,1,0,0,0,0,0,1,0,1,0,0,0,0,0,1,0,1,0,0,0,0
1.2076139715828884,-0.9860023199505414,"4029.                   After detecting and inspecting the accident site, the following became clear: The causing vehicle is coming from the west, turning towards the north, passing the path of the arrow, the damaged vehicle is coming from the east towards the west, the middle path is passed. Because of the red light bypassed by the causing vehicle, the front of the damaged vehicle collided with the right side of the causing vehicle. The accident resulted in the injured driver and two passengers with her, as well as three passengers with the person causing material damage to the two vehicles, according to the chart, the accident occurred.",-0.19746179160121255,-0.4015453331379524,0.6331117943832852,1,0,1,0,0,0,0,1.6525837294416512,0,0,1,0,0,0,0,0,0,0,0,0,0,0,0,0,0,0,0,0,0,0,0,0,0,0,0,0,1,0,1,0,0,0,0,0,0,0,0,0,0,0,0,0,1,0,0,0,0,0,0,0,0,1,0,0,0,0,0,0,0,0,0,0,1,0,0,0,1,0,0,0,0,0,0,0,0,0,0,0,0,0,0,1,0,0,0,0,0,0,1,0,0,1,0,0,0,1,0,0,1,0,0,0
0.9415792923371898,-0.9860023199505414,"4030.                   After detecting and inspecting the accident site, the following became clear: The causing vehicle is coming from the west, turning towards the north, passing the path of the arrow, the damaged vehicle is coming from the east towards the west, the middle path is passed. Because of the red light bypassed by the causing vehicle, the front of the damaged vehicle collided with the right side of the causing vehicle. The accident resulted in the injured driver and two passengers with her, as well as three passengers with the person causing material damage to the two vehicles, according to the chart, the accident occurred.",-0.19746179160121255,-0.4015453331379524,0.6331117943832852,0,1,1,0,0,0,0,1.6525837294416512,0,0,1,0,0,0,0,0,0,0,0,0,0,0,0,0,0,0,0,0,0,0,0,0,0,0,0,0,1,0,1,0,0,0,0,0,0,0,0,0,0,0,0,0,1,0,0,0,0,0,0,0,0,1,0,0,0,0,0,0,0,0,0,0,1,0,0,0,1,0,0,0,0,0,0,0,0,0,0,0,0,0,0,1,0,0,0,0,0,0,1,0,0,1,0,0,0,1,0,1,0,0,0,0
1.1544070357337486,-0.9860023199505414,"4031.                   After detecting and inspecting the accident site, the following became clear: The causing vehicle is coming from the west, turning towards the north, passing the path of the arrow, the damaged vehicle is coming from the east towards the west, the middle path is passed. Because of the red light bypassed by the causing vehicle, the front of the damaged vehicle collided with the right side of the causing vehicle. The accident resulted in the injured driver and two passengers with her, as well as three passengers with the person causing material damage to the two vehicles, according to the chart, the accident occurred.",-0.19746179160121255,-0.4015453331379524,0.6331117943832852,0,1,1,0,0,0,0,1.6525837294416512,0,0,1,0,0,0,0,0,0,0,0,0,0,0,0,0,0,0,0,0,0,0,0,0,0,0,0,0,1,0,1,0,0,0,0,0,0,0,0,0,0,0,0,0,1,0,0,0,0,0,0,0,0,1,0,0,0,0,0,0,0,0,0,0,1,0,0,0,1,0,0,0,0,0,0,0,0,0,0,0,0,0,0,1,0,0,0,0,0,1,0,1,0,0,0,0,0,1,0,1,0,0,0,0
-0.9206634623827001,-0.9860023199505414,"4032.                   After detecting and inspecting the accident site, the following became clear: The causing vehicle is coming from the west, turning towards the north, passing the path of the arrow, the damaged vehicle is coming from the east towards the west, the middle path is passed. Because of the red light bypassed by the causing vehicle, the front of the damaged vehicle collided with the right side of the causing vehicle. The accident resulted in the injured driver and two passengers with her, as well as three passengers with the person causing material damage to the two vehicles, according to the chart, the accident occurred.",-0.19746179160121255,-0.4015453331379524,0.6331117943832852,1,0,1,0,0,0,0,1.6525837294416512,0,0,1,0,0,0,0,0,0,0,0,0,0,0,0,0,0,0,0,0,0,0,0,0,0,0,0,0,1,0,1,0,0,0,0,0,0,0,0,0,0,0,0,0,1,0,0,0,0,0,0,0,0,1,0,0,0,0,0,0,0,0,0,0,1,0,0,0,1,0,0,0,0,0,0,0,0,0,0,0,0,0,0,1,0,0,0,0,0,1,0,1,0,0,0,0,0,1,0,0,1,0,0,0
0.09026831875095438,-0.9860023199505414,"4033.                   After detecting and inspecting the accident site by a policeman who charted the accident, the following became clear:  While the driver of the vehicle was driving his vehicle coming from the west towards the east, the second lane was driven from the left side, he was surprised when the run-over person was passing in front of him coming from the north towards the south. Because of the vehicle’s crossing from a place not designated for pedestrian crossing and speeding without taking into account the road conditions by the vehicle’s driver, the vehicle was run over with its front end to push the runaway Forward from Al-Adhi Force, the vehicle stops at the site of the accident, and the necessary measures have been taken. ",-0.19746179160121255,-0.4015453331379524,0.6331117943832852,1,0,1,0,0,0,0,1.6525837294416512,0,0,1,0,0,0,0,0,0,0,0,0,0,0,0,0,0,0,0,0,0,0,0,0,0,0,0,0,1,0,1,0,0,0,0,0,0,0,0,0,0,0,0,0,1,0,0,0,0,0,0,0,0,1,0,0,0,0,0,0,0,0,0,0,1,0,0,0,1,0,0,0,0,0,0,0,0,0,0,0,0,0,0,1,0,0,0,0,0,0,1,0,1,0,0,0,1,0,0,0,1,0,0,0
1.4204417149794473,-0.972283752569173,"4034.                   After detecting and inspecting the accident site by the serious accidents plan, the following became clear: While the causing vehicle was coming from the east towards the west, passing a secondary street in the Khalidiya 2 commercial area, opposite to shops in parking lots, I was surprised by existing the boy who was run over in front of it coming from the south (the park) towards the north. On the left, because of the driver driving her vehicle at speed without taking into account the road conditions, the front of the car ran over the person. Thus, the run-over person was jammed under the vehicle from the left side. The vehicle had pulled the run-over person 19 meters, then the vehicle was stopped then the run-over was from down of vehicle to the frontside of vehicle (6 meters) in the street. The vehicle stopped in the scene of accident. It leaded to the death of run-over person and minor damage to the vehicle and the necessary measures were taken.",1.0226501309346883,2.490378837640347,1.6339099169366647,0,1,1,0,0,0,0,1.7531632156634256,0,0,0,0,0,0,0,0,0,0,0,0,0,0,0,0,0,0,0,0,0,1,0,0,0,0,0,1,0,0,1,1,0,0,0,0,0,0,0,0,0,0,0,0,0,0,0,0,0,0,0,0,1,0,0,0,0,0,0,0,0,0,0,1,0,0,0,0,0,0,1,0,0,0,0,0,0,0,0,0,0,0,0,0,1,0,0,0,0,1,0,0,0,0,1,0,0,0,1,0,1,0,0,0
0.728751548940631,-0.8213795113741197,"4035.                   After detecting and inspecting the accident site by the serious accidents plan, the following became clear: While the causing vehicle was coming from the east towards the west, passing a secondary street in the Khalidiya 2 commercial area, opposite to shops in parking lots, I was surprised by existing the boy who was run over in front of it coming from the south (the park) towards the north. On the left, because of the driver driving her vehicle at speed without taking into account the road conditions, the front of the car ran over the person. Thus, the run-over person was jammed under the vehicle from the left side. The vehicle had pulled the run-over person 19 meters, then the vehicle was stopped then the run-over was from down of vehicle to the frontside of vehicle (6 meters) in the street. The vehicle stopped in the scene of accident. It leaded to the death of run-over person and minor damage to the vehicle and the necessary measures were taken.",-1.4175737141371132,2.490378837640347,-2.3692825732768528,0,1,1,0,0,0,0,1.7584165511788175,0,0,0,0,0,0,0,0,0,0,0,0,0,0,0,0,0,0,0,0,0,1,0,0,0,0,0,1,0,0,1,0,0,1,0,0,0,0,0,0,0,0,0,0,0,0,0,0,0,0,0,0,0,0,0,0,0,0,0,1,0,0,0,1,0,0,0,0,0,0,0,1,0,0,0,0,0,0,0,0,0,0,0,0,1,0,0,0,0,0,1,0,1,0,0,0,1,0,0,1,0,0,0,0
-1.2399050774775384,-0.8213795113741197,"4036.                   After detecting and inspecting the accident planner, the following has become clear to the person who made the chart of accident:  While the causing vehicle was coming from the west and was in a state of lane change to the left, crossing the road, and the damaged vehicle was leaving the filter after stopping to cross pedestrians, and due to non-compliance with the traffic line, a collision occurred between two vehicles, resulting in material damage to the vehicles and injury to the driver causing injuries Eloquent, the accident site was revealed and necessary action was taken.",-1.4175737141371132,2.490378837640347,-2.3692825732768528,0,1,0,1,0,0,0,1.7584165511788175,0,0,0,0,0,0,0,0,0,0,0,0,0,0,0,0,0,0,0,0,0,1,0,0,0,0,0,1,0,0,1,0,0,1,0,0,0,0,0,0,0,0,0,0,0,0,0,0,0,0,0,0,0,0,0,0,0,0,0,1,0,0,0,1,0,0,0,0,0,0,0,1,0,0,0,0,0,0,0,0,0,0,0,0,1,0,0,0,0,1,0,0,0,0,1,0,0,0,1,0,1,0,0,0
0.5691307413932118,0.9208785460596774,"4037.                   After detecting and insulting the site of the accident, the following accident chart became clear: - The causing vehicle was coming from the north to the south and the run over person was coming from the east to the west between the vehicles. Due to speed without taking into account the road conditions, the front left side of the vehicle collided with the run over person. The accident was planned and the necessary action was taken.",-0.19746179160121255,-0.4015453331379524,0.6331117943832852,0,1,0,1,0,0,0,-1.209170792568093,0,0,0,0,0,0,0,0,0,0,1,0,0,0,0,0,0,0,0,0,0,0,0,0,0,0,0,0,1,0,1,0,0,0,0,0,1,0,0,0,0,0,0,0,0,0,0,0,0,0,0,0,0,0,1,0,0,0,0,0,0,0,0,1,0,0,0,0,0,0,0,0,1,0,0,0,0,0,0,0,0,0,0,1,0,0,0,0,0,1,0,0,1,0,0,0,1,0,0,0,1,0,0,0
-1.3463189491758178,-0.8076609439927512,"4038.                   After detecting and inspecting the accident site by the policeman, the chart of the accident became clear to him as follows:  While the offending and the damaged vehicles were coming from the south towards the north, the damaged vehicle was in the front and the causing vehicle was moving behind it, and when the damaged vehicle arrived at the intersection on the path of the arrow, the signal was red and stopped and because of drunk driving and not leaving a sufficient distance from the offending driver, he collided with the front of the vehicle at the rear of the damaged vehicle. Regarding the accident, the injured driver was injured and material damage to both vehicles. According to the chart, the accident occurred.",-2.637685636673014,2.490378837640347,-2.3692825732768528,1,0,0,1,0,0,0,-1.2004152333757732,0,0,0,0,0,0,0,0,0,0,0,0,0,0,0,0,0,0,0,0,0,1,0,0,0,0,1,0,0,0,1,0,0,1,0,0,0,0,0,0,0,0,0,0,0,0,0,0,0,0,0,0,0,0,0,0,0,0,0,1,0,0,0,1,0,0,0,0,0,1,0,0,0,0,0,0,0,0,0,0,0,0,0,0,1,0,0,0,0,1,0,0,0,0,1,0,0,0,1,0,0,0,0,1
0.09026831875095438,0.16635734008441097,"4039.                   After detecting and inspecting by the policeman, the chart of the accident became clear the following: While the causing vehicle was coming from the east to the west, walking the right path of a secondary street consisting of two lanes, it was surprised by the arrival of the run-over person coming from the north towards the south, crossing the street in front of it. Because of the speed without taking into account the road conditions by the driver of the causing vehicle, the vehicle was run over the person with the front of the vehicle to fall on the road and the vehicle stopped at site of the accident and the necessary action was taken. ",-0.19746179160121255,-0.4015453331379524,-0.3676863281700941,0,1,0,1,0,0,0,-1.1922068966329733,0,0,0,0,0,0,0,0,0,0,0,0,0,0,0,0,0,0,0,0,0,0,0,0,0,1,0,0,1,0,1,0,0,1,0,0,0,0,0,0,0,0,0,0,0,0,0,0,0,0,0,0,0,0,1,0,0,0,0,0,0,0,0,0,1,0,0,0,0,0,0,0,1,0,0,0,0,0,0,0,0,0,0,0,0,1,0,0,0,0,1,0,1,0,0,0,1,0,0,1,0,0,0,0
0.8883723564880501,-0.9860023199505414,"4040.                   After detecting and inspecting the accident site, the following accident chart became clear: - The causing vehicle coming west towards the east is the middle lane, and because of the failure to adhere to the mandatory traffic line while moving to the right lane, the damaged vehicle that was on the right lane was surprised to stop in a slow stop to drop off the passengers. The accident was occurred and the action was taken. ",-1.4175737141371132,2.490378837640347,-1.3684844507234735,0,1,0,1,0,0,0,-1.2114034601621346,0,0,0,0,0,0,0,0,0,0,0,0,0,0,0,0,0,0,0,0,0,1,0,0,0,0,0,0,1,0,1,0,0,0,0,1,0,0,0,0,0,0,0,0,0,0,0,0,0,0,0,0,0,0,0,0,0,0,0,1,0,0,0,1,0,0,0,0,0,0,1,0,0,0,0,0,0,0,0,0,0,0,0,0,1,0,0,0,0,1,0,0,0,0,1,0,0,0,1,0,1,0,0,0
0.19668219044923382,-0.8076609439927512,"4041.                   After detecting and inspecting the accident site, the following accident chart became clear: During the presence of the forklift that caused the accident and the person being stomped in the work area and due to the lack of attention of the offending driver and his negligence while reversing, he did not notice the person behind him giving him a reverse signal, so the back of the forklift ran over the person according to the picture in the diagram. The accident was planned and necessary was taken.",-0.19746179160121255,-0.4015453331379524,-0.3676863281700941,1,0,0,1,0,0,0,-1.2009624558252932,0,0,0,0,0,0,0,0,0,0,1,0,0,0,0,0,0,0,0,0,0,0,0,0,0,0,1,0,0,0,1,0,0,1,0,0,0,0,0,0,0,0,0,0,0,0,0,0,0,0,0,0,1,0,0,0,0,0,0,0,0,0,0,1,0,0,0,0,0,1,0,0,0,0,0,0,0,0,0,0,0,0,0,0,0,1,0,0,0,1,0,1,0,0,0,0,0,1,0,1,0,0,0,0
-0.38859410389130306,1.4970583760771536,"4042.                   After detecting and inspecting the accident site, the following accident chart became clear: The vehicle causing the vehicle was moving from north to south on a side street in one direction while the vehicle was run over the road from east to west and while it was moving due to the lack of attention of the offending driver and his negligence while driving and not appreciating the road users, he did not notice the person while entering the road, and his vehicle ran over the person from the front left corner according to the picture in the chart. Accident planning and taking the necessary was taken.",-0.19746179160121255,2.490378837640347,-2.3692825732768528,0,1,0,1,0,0,0,-1.2069271805250612,0,0,0,0,1,0,0,0,0,0,0,0,0,0,0,0,0,0,0,0,0,0,0,0,0,0,1,0,0,0,1,0,0,0,0,0,0,0,0,0,0,0,0,0,0,1,0,0,0,0,0,0,0,0,0,1,0,0,0,0,0,0,0,1,0,0,0,0,0,0,1,0,0,0,0,0,0,0,0,0,0,0,0,0,1,0,0,0,0,1,0,0,0,0,1,0,0,0,1,0,1,0,0,0
1.1544070357337486,-0.9311280504250675,"4043.                   After detecting and inspecting the accident site, the person who charted the accident revealed the following: While the causing vehicle was coming from the east towards the west, taking the far-left lane, and was in a forward state, and the damaged vehicle was coming from the south and was in a left turn turning left, the far-right lane was cleared, and because of drunk driving and bypassing the red light, a collision occurred between two vehicles. The accident resulted in material damage to the two vehicles and the injury of the injured driver. The location of the accident was revealed and necessary actions were taken.",-0.19746179160121255,2.490378837640347,-2.3692825732768528,0,1,0,1,0,0,0,-1.1984999548024533,0,0,0,0,0,0,0,0,0,0,0,0,0,0,0,0,0,0,0,0,0,1,0,0,0,0,0,0,1,0,1,0,0,1,0,0,0,0,0,0,0,0,0,0,0,0,0,0,0,0,0,0,0,0,0,0,0,0,0,1,0,0,0,1,0,0,0,0,0,0,0,1,0,0,0,0,0,0,0,0,0,0,0,0,1,0,0,0,0,1,0,0,0,0,1,0,0,0,1,1,0,0,0,0
-0.2289732963438839,0.7836928722459926,"4044.                   After detecting and inspecting the accident site by the person who charted the accident, it became clear to him the following: While the causing vehicle was moving from the north to the south in the sub-street and the road was coming from the west towards the east, it crossed the road on foot and due to the speed without taking into account the road conditions by the driver who was causing the driver collided with the front of his vehicle with the body of the vehicle who was hit by the accident resulting in the hit of the vehicle and material damage to the vehicle according to the chart.",-0.19746179160121255,-0.4015453331379524,1.6339099169366647,0,1,0,1,0,0,0,-1.2118193492237699,0,0,0,0,0,0,0,0,0,0,0,0,0,0,0,0,0,0,0,0,0,0,0,0,0,1,1,0,0,0,1,0,0,1,0,0,0,0,0,0,0,0,0,0,0,0,0,0,0,0,0,0,0,0,1,0,0,0,0,0,0,0,0,0,1,0,0,1,0,0,0,0,0,0,0,0,0,0,0,0,0,0,0,1,0,0,0,0,0,1,0,0,1,0,0,0,1,0,0,0,1,0,0,0
-1.0802842699301194,-0.8076609439927512,"4045.                   After inspecting the accident site by the accident planner, the following became clear:  While the causing vehicle was coming from the south to the north, moving the far left in front of the unit mall, the vehicle happened to cross the cause of the vehicle coming from the east towards the west. According to the chart. ",-1.4175737141371132,2.490378837640347,-2.3692825732768528,0,1,0,1,0,0,0,-1.208131069914005,0,0,0,0,0,0,0,0,0,0,0,0,0,0,0,0,0,0,0,0,0,1,0,0,0,0,1,0,0,0,1,0,0,1,0,0,0,0,0,0,0,0,0,0,0,0,0,0,0,0,0,0,0,0,0,0,0,0,0,1,0,0,0,1,0,0,0,0,0,1,0,0,0,0,0,0,0,0,0,0,0,0,0,0,1,0,0,0,0,1,0,0,0,0,1,0,0,0,1,0,1,0,0,0
-0.2289732963438839,-0.8488166461368566,"4046.                   After detecting and inspecting the accident site, the following accident chart became clear: - While the causing vehicle and the affected parties were walking from the west towards the east taking the right, where the affected party was in the front and during their course, and due to the speed without taking into account the conditions of the road, negligence and lack of attention of the driver of causing vehicle, he collided by the front of his vehicle at the rear of the damaged vehicle from the right side, which led to the aggrieved driver losing control on his vehicle and its capsized on its left side and colliding with the side sidewalk while it was capsizing and stabilizing at a distance of 32 meters and so the accident occurred.",-0.19746179160121255,-0.4015453331379524,-0.3676863281700941,0,1,0,1,0,0,0,-1.194986786676535,0,0,0,0,0,0,0,0,0,0,0,0,0,1,0,0,0,0,0,0,0,0,0,0,0,0,0,1,0,0,1,0,0,1,0,0,0,0,0,0,0,0,0,0,0,0,0,0,0,0,0,0,1,0,0,0,0,0,0,0,0,0,0,1,0,0,0,0,0,0,1,0,0,0,0,0,0,0,0,0,0,0,0,0,1,0,0,0,0,1,0,0,0,0,1,0,0,0,1,0,1,0,0,0
0.09026831875095438,-0.944846617806436,"4047.                   After detecting and inspecting the accident site, the following accident chart became clear: - While the causing vehicle and the affected parties were walking from the west towards the east taking the right, where the affected party was in the front and during their course, and due to the speed without taking into account the conditions of the road, negligence and lack of attention of the driver of causing vehicle, he collided by the front of his vehicle at the rear of the damaged vehicle from the right side, which led to the aggrieved driver losing control on his vehicle and its capsized on its left side and colliding with the side sidewalk while it was capsizing and stabilizing at a distance of 32 meters and so the accident occurred.",2.2427620534705888,-0.4015453331379524,0.6331117943832852,1,0,0,1,0,0,0,-1.1909482849990773,0,0,0,0,0,0,0,0,0,0,0,0,0,0,0,0,0,0,0,0,0,1,0,0,0,0,0,1,0,0,1,0,0,0,0,0,0,0,0,0,0,0,1,0,0,0,0,0,0,0,0,0,1,0,0,0,0,0,0,0,0,0,0,0,1,0,0,0,0,0,0,0,0,0,1,0,0,0,0,0,0,0,0,0,0,1,0,0,0,1,0,1,0,0,0,0,0,1,0,0,1,0,0,0
1.5268555866777267,-0.944846617806436,"4048.                   After detecting and inspecting the accident site, the following accident chart became clear: - While the causing vehicle and the affected parties were walking from the west towards the east taking the right, where the affected party was in the front and during their course, and due to the speed without taking into account the conditions of the road, negligence and lack of attention of the driver of causing vehicle, he collided by the front of his vehicle at the rear of the damaged vehicle from the right side, which led to the aggrieved driver losing control on his vehicle and its capsized on its left side and colliding with the side sidewalk while it was capsizing and stabilizing at a distance of 32 meters and so the accident occurred.",2.2427620534705888,-0.4015453331379524,0.6331117943832852,1,0,0,1,0,0,0,-1.1909482849990773,0,0,0,0,0,0,0,0,0,0,0,0,0,0,0,0,0,0,0,0,0,1,0,0,0,0,0,1,0,0,1,0,0,0,0,0,0,0,0,0,0,0,1,0,0,0,0,0,0,0,0,0,1,0,0,0,0,0,0,0,0,0,0,0,1,0,0,0,0,0,0,0,0,0,1,0,0,0,0,0,0,0,0,0,0,1,0,0,0,1,0,1,0,0,0,0,0,1,0,0,1,0,0,0
1.4204417149794473,-0.944846617806436,"4049.                   After detecting and inspecting the accident site, the following accident chart became clear: - While the causing vehicle and the affected parties were walking from the west towards the east taking the right, where the affected party was in the front and during their course, and due to the speed without taking into account the conditions of the road, negligence and lack of attention of the driver of causing vehicle, he collided by the front of his vehicle at the rear of the damaged vehicle from the right side, which led to the aggrieved driver losing control on his vehicle and its capsized on its left side and colliding with the side sidewalk while it was capsizing and stabilizing at a distance of 32 meters and so the accident occurred.",2.2427620534705888,-0.4015453331379524,0.6331117943832852,1,0,0,1,0,0,0,-1.1909482849990773,0,0,0,0,0,0,0,0,0,0,0,0,0,0,0,0,0,0,0,0,0,1,0,0,0,0,0,1,0,0,1,0,0,0,0,0,0,0,0,0,0,0,1,0,0,0,0,0,0,0,0,0,1,0,0,0,0,0,0,0,0,0,0,0,1,0,0,0,0,0,0,0,0,0,1,0,0,0,0,0,0,0,0,0,0,1,0,0,0,0,1,0,0,1,0,0,0,1,0,0,1,0,0,0
0.35630299799665294,-0.944846617806436,"4050.                   After detecting and inspecting the accident site, the following accident chart became clear: - While the causing vehicle and the affected parties were walking from the west towards the east taking the right, where the affected party was in the front and during their course, and due to the speed without taking into account the conditions of the road, negligence and lack of attention of the driver of causing vehicle, he collided by the front of his vehicle at the rear of the damaged vehicle from the right side, which led to the aggrieved driver losing control on his vehicle and its capsized on its left side and colliding with the side sidewalk while it was capsizing and stabilizing at a distance of 32 meters and so the accident occurred.",2.2427620534705888,-0.4015453331379524,0.6331117943832852,0,1,0,1,0,0,0,-1.1909482849990773,0,0,0,0,0,0,0,0,0,0,0,0,0,0,0,0,0,0,0,0,0,1,0,0,0,0,0,1,0,0,1,0,0,0,0,0,0,0,0,0,0,0,1,0,0,0,0,0,0,0,0,0,1,0,0,0,0,0,0,0,0,0,0,0,1,0,0,0,0,0,0,0,0,0,1,0,0,0,0,0,0,0,0,0,0,1,0,0,0,0,1,0,1,0,0,0,1,0,0,0,1,0,0,0