Age of the injured,Str Code,Accident Description,Road speed limit,Pedestrian action,Number of Lanes,Gender_F,Gender_M,Week_Fifth week,Week_First week,Week_Fourth week,Week_Second week,Week_Third week,Date_time,Reasons__??? ????? ?????? ?????? ???? ????? ??? ???? ???????,Reasons__???? ?? ??????? (???),Reasons__Bypassing the red traffic light,Reasons__Driving back without attention,Reasons__Driving back without traffic clearance,Reasons__Driving in the opposite direction,Reasons__Entering main road without traffic clearance,Reasons__Exceeding speed limit,Reasons__Fatigue and drowsiness,Reasons__Faults in the road,Reasons__Ignoring road lane,Reasons__Ignoring traffic lights,Reasons__Lack of driving awareness,Reasons__Misuse of traffic,Reasons__Negligence and inobservance,Reasons__Negligent driving,Reasons__Not giving priority to pedestrian crossing,Reasons__Not giving way / not giving priority,Reasons__Not leaving enough space,Reasons__Not observing the stop sign,Reasons__Not securing vehicle stability while stopping,Reasons__Speedy without taking road conditions into account,Reasons__Sudden deviation,Reasons__Sudden stop,Reasons__Tyre burst,Reasons__under influence of intoxicant or narcotic drug,__Al Madina Police Station,__Khaldiya Police Station,__Shaabiya Police Station,Streetname_Intersection,Streetname_Street,place__Bridge / Tunnel,place__Coastal area,place__Commercial area,place__Fuel Station,place__Govt. authority,place__Hospital,place__Island,place__Mosque,place__One level intersection,place__Other,place__Park,place__Residential area,place__Sand area,place__School,place__Work area,place__external road,place__unknown,location__ ,location__Bridge,location__Bridge /  Tunnel,location__Car parking,location__Double road,location__Highway,location__Intersection,location__Off the road,location__Other(specify),location__Roundabout,location__Side parking,location__Single road,location__Tunnel,location__Two-way road,location__Unknown,lighting__day,lighting__night - enough lights,lighting__night - weak lights,intersection__Deviated intersection,intersection__Half Perpendicular Intersection,intersection__Multiple leg Intersection,intersection__Not on Intersection,intersection__Not on or around 20 meters,intersection__Other,intersection__Perpendicular Intersection,intersection__Roundabout,intersection__Turn ,accidentype__Collision while turning,accidentype__Fall,accidentype__Hitting a moving object off the road,accidentype__Hitting a moving object on the road,accidentype__Hitting a stationary object off the road,accidentype__Hitting a stationary object on the road,accidentype__Multiple collision,accidentype__Other (specify),accidentype__Perpendicular collision,accidentype__Person run over,accidentype__Rear collision,accidentype__Reciprocal collision,accidentype__Side collision,accidentype__deterioration,seat belt_N,seat belt_Y,seat_Back passenger seat,seat_Driver's seat,seat_Front passenger seat,seat_No passenger,seat_bike passenger,position_Driver,position_Passenger,position_Pedestrian,nationality_Arab States,nationality_Asian States,nationality_GCC,nationality_Other,nationality_UAE
-1.6123536284215165,-0.944846617806436,"4051.                   After detecting and inspecting the accident site, the following accident chart became clear: - While the causing vehicle and the affected parties were walking from the west towards the east taking the right, where the affected party was in the front and during their course, and due to the speed without taking into account the conditions of the road, negligence and lack of attention of the driver of causing vehicle, he collided by the front of his vehicle at the rear of the damaged vehicle from the right side, which led to the aggrieved driver losing control on his vehicle and its capsized on its left side and colliding with the side sidewalk while it was capsizing and stabilizing at a distance of 32 meters and so the accident occurred.",2.2427620534705888,-0.4015453331379524,0.6331117943832852,1,0,0,1,0,0,0,-1.1909482849990773,0,0,0,0,0,0,0,0,0,0,0,0,0,0,0,0,0,0,0,0,0,1,0,0,0,0,0,1,0,0,1,0,0,0,0,0,0,0,0,0,0,0,1,0,0,0,0,0,0,0,0,0,1,0,0,0,0,0,0,0,0,0,0,0,1,0,0,0,0,0,0,0,0,0,1,0,0,0,0,0,0,0,0,0,0,1,0,0,0,0,1,1,0,0,0,0,0,1,0,0,1,0,0,0
-1.4527328208740973,-0.944846617806436,"4052.                   After detecting and inspecting the accident site, the following accident chart became clear: - While the causing vehicle and the affected parties were walking from the west towards the east taking the right, where the affected party was in the front and during their course, and due to the speed without taking into account the conditions of the road, negligence and lack of attention of the driver of causing vehicle, he collided by the front of his vehicle at the rear of the damaged vehicle from the right side, which led to the aggrieved driver losing control on his vehicle and its capsized on its left side and colliding with the side sidewalk while it was capsizing and stabilizing at a distance of 32 meters and so the accident occurred.",2.2427620534705888,-0.4015453331379524,0.6331117943832852,1,0,0,0,0,1,0,-1.1909482849990773,0,0,0,0,0,0,0,0,0,0,0,0,0,0,0,0,0,0,0,0,0,1,0,0,0,0,0,1,0,0,1,0,0,0,0,0,0,0,0,0,0,0,1,0,0,0,0,0,0,0,0,0,1,0,0,0,0,0,0,0,0,0,0,0,1,0,0,0,0,0,0,0,0,0,1,0,0,0,0,0,0,0,0,0,0,1,0,0,0,1,0,1,0,0,0,0,0,1,0,0,1,0,0,0
-0.06935248879646476,-0.9860023199505414,"4053.                   After detecting and inspecting the accident site, the following accident chart became clear: - While the causing vehicle and the affected parties were walking from the west towards the east taking the right, where the affected party was in the front and during their course, and due to the speed without taking into account the conditions of the road, negligence and lack of attention of the driver of causing vehicle, he collided by the front of his vehicle at the rear of the damaged vehicle from the right side, which led to the aggrieved driver losing control on his vehicle and its capsized on its left side and colliding with the side sidewalk while it was capsizing and stabilizing at a distance of 32 meters and so the accident occurred.",1.0226501309346883,-0.4015453331379524,0.6331117943832852,1,0,0,0,0,1,0,-1.1993755107216852,0,0,0,0,0,0,0,0,0,0,0,0,0,0,0,0,0,0,0,0,0,1,0,0,0,0,0,0,1,0,1,0,0,0,0,1,0,0,0,0,0,0,0,0,0,0,0,0,0,0,0,0,1,0,0,0,0,0,0,0,0,0,0,1,0,0,0,0,0,0,1,0,0,0,0,0,0,0,0,0,0,0,0,0,0,0,0,1,0,0,1,0,1,0,0,0,1,0,0,1,0,0,0,0
-1.4527328208740973,-0.9860023199505414,"4054.                   After detecting and inspecting the accident site, the following accident chart became clear: - While the causing vehicle and the affected parties were walking from the west towards the east taking the right, where the affected party was in the front and during their course, and due to the speed without taking into account the conditions of the road, negligence and lack of attention of the driver of causing vehicle, he collided by the front of his vehicle at the rear of the damaged vehicle from the right side, which led to the aggrieved driver losing control on his vehicle and its capsized on its left side and colliding with the side sidewalk while it was capsizing and stabilizing at a distance of 32 meters and so the accident occurred.",1.0226501309346883,-0.4015453331379524,0.6331117943832852,0,1,0,0,0,1,0,-1.1993755107216852,0,0,0,0,0,0,0,0,0,0,0,0,0,0,0,0,0,0,0,0,0,1,0,0,0,0,0,0,1,0,1,0,0,0,0,1,0,0,0,0,0,0,0,0,0,0,0,0,0,0,0,0,1,0,0,0,0,0,0,0,0,0,0,1,0,0,0,0,0,0,1,0,0,0,0,0,0,0,0,0,0,0,0,0,0,0,0,1,0,0,1,0,0,1,0,0,0,1,0,1,0,0,0,0
0.09026831875095438,-0.9860023199505414,"4055.                   After detecting and inspecting the accident site, the following becomes clear: The causing car before the accident was coming from the west towards the east and going on the far left and the damaged car is coming in the same lane taking the second lane from the right and due to the speed without taking into account the road conditions of the car causing its sudden deviation in front of the damaged car. It settled on the side pavement near the roundabout, it collided with a sign board, so the accident occurred",1.0226501309346883,-0.4015453331379524,0.6331117943832852,0,1,0,0,0,1,0,-1.1993755107216852,0,0,0,0,0,0,0,0,0,0,0,0,0,0,0,0,0,0,0,0,0,1,0,0,0,0,0,0,1,0,1,0,0,0,0,1,0,0,0,0,0,0,0,0,0,0,0,0,0,0,0,0,1,0,0,0,0,0,0,0,0,0,0,1,0,0,0,0,0,0,1,0,0,0,0,0,0,0,0,0,0,0,0,0,0,0,0,1,0,0,1,0,1,0,0,0,1,0,0,1,0,0,0,0
0.03706138290181467,-0.7527866744672773,"4056.                   After detecting and inspecting the accident site, the following becomes clear: The causing car before the accident was coming from the west towards the east and going on the far left and the damaged car is coming in the same lane taking the second lane from the right and due to the speed without taking into account the road conditions of the car causing its sudden deviation in front of the damaged car. It settled on the side pavement near the roundabout, it collided with a sign board, so the accident occurred",-0.19746179160121255,-0.4015453331379524,-0.3676863281700941,0,1,0,0,0,1,0,-1.1984452325575012,0,0,0,0,0,0,0,0,0,0,0,0,0,0,0,0,0,0,1,0,0,0,0,0,0,0,1,0,0,0,1,1,0,0,0,0,0,0,0,0,0,0,0,0,0,0,0,0,0,0,0,0,1,0,0,0,0,0,0,0,0,0,0,1,0,0,0,0,0,1,0,0,0,0,0,0,0,0,0,0,0,0,0,0,0,1,0,0,0,0,1,0,1,0,0,0,1,0,0,1,0,0,0,0
-0.5482149114387221,-0.9997208873319099,"4057.                   After detecting and inspecting the accident site, the following becomes clear: The causing car before the accident was coming from the west towards the east and going on the far left and the damaged car is coming in the same lane taking the second lane from the right and due to the speed without taking into account the road conditions of the car causing its sudden deviation in front of the damaged car. It settled on the side pavement near the roundabout, it collided with a sign board, so the accident occurred",1.0226501309346883,-0.4015453331379524,0.6331117943832852,1,0,0,0,0,1,0,-1.206051624605829,0,0,0,0,0,0,0,0,0,0,0,0,0,0,0,0,0,0,0,0,0,1,0,0,0,0,0,0,1,0,1,0,0,0,0,0,0,0,0,0,0,0,1,0,0,0,0,0,0,0,0,0,1,0,0,0,0,0,0,0,0,0,0,1,0,0,0,0,0,0,1,0,0,0,0,0,0,0,0,0,0,1,0,0,0,0,0,0,0,0,1,0,1,0,0,0,1,0,0,0,0,0,0,1
0.46271686969493236,-0.8488166461368566,"4058.                   After detecting and inspecting the accident site by the policeman, the chart of the accident revealed the following:  While the damaged vehicle was coming from the west towards the east, taking the path of the far right, she was surprised by the collision of the causing vehicle behind it because there was not enough distance left by the causing vehicle, which was passing the same lane and coming from the same direction to stop the two vehicles at the site of the accident.",-0.19746179160121255,2.490378837640347,0.6331117943832852,1,0,0,0,0,1,0,-1.1926993968375414,0,0,0,0,0,0,0,1,0,0,0,0,0,0,0,0,0,0,0,0,0,0,0,0,0,0,0,0,1,0,1,0,0,1,0,0,0,0,0,0,0,0,0,0,0,0,0,0,0,0,0,0,1,0,0,0,0,0,0,0,0,0,0,0,1,0,0,0,0,0,0,1,0,0,0,0,0,0,0,0,0,0,0,0,1,0,0,0,0,1,0,0,0,0,1,0,0,0,1,1,0,0,0,0
-0.5482149114387221,1.3324355675007318,"4059.                   After detection and inspection of the accident site, the following became clear:  While the affected parties were in a final state of the first and second stop on the left lane and the third damaged one on the second lane from the left in a direction from the east to the west, the driver of the causing vehicle was moving in the same direction on the left lane and at its speed without taking into account the road conditions, she collided with the front of her vehicle at the rear of the first victim’s vehicle, to push his vehicle The front of the victim collides with the rear of the second victim's vehicle, and the vehicle of the first injured person turns to the right and collides with its right front corner on the rear right side of the third victim's vehicle, and so the accident occurred.",1.0226501309346883,-0.4015453331379524,0.6331117943832852,0,1,0,0,0,1,0,-0.2178226030176776,0,0,0,0,0,0,0,1,0,0,0,0,0,0,0,0,0,0,0,0,0,0,0,0,0,0,0,0,1,0,1,0,0,0,0,0,0,0,0,0,0,0,0,0,1,0,0,0,0,0,0,0,1,0,0,0,0,0,0,0,0,0,0,1,0,0,0,0,0,0,1,0,0,0,0,0,0,0,0,0,0,0,0,1,0,0,0,0,0,1,0,0,1,0,0,0,1,0,0,0,0,0,0,1
-0.7078357189861413,-0.9860023199505414,"4060.                   After inspecting the accident site by the person who charted the accident, the following became clear:  While the causing vehicle was coming from the south to the north from the direction of Al-Jazeera Hospital towards the intersection of the bus station, taking the left lane, and while it was running, the vehicle was crossing the street from a place not designated for pedestrian crossing from the east to the west from Al-Wahda Mall towards Al-Arab Restaurant and due to the increased speed beyond the specified limit and speed Without taking into account the road conditions for the driver and crossing the vehicle from a place not designated for pedestrian crossing, the vehicle ran over with its front side to the right on the vehicle’s body, and the vehicle was run over 50.1 meters from the runaway point, while the vehicle was stabilized at a distance of 56.1 meters from the runaway point. The accident resulted in the death of the vehicle. According to the chart, the accident occurred.",-1.4175737141371132,-0.4015453331379524,-2.3692825732768528,0,1,0,0,0,1,0,-0.21136537811334172,0,0,0,0,0,0,0,0,0,0,0,0,1,0,0,0,0,0,0,0,0,0,0,0,0,0,0,0,1,0,1,0,0,0,0,0,0,0,0,0,0,0,0,0,1,0,0,0,0,0,0,0,0,0,0,0,0,0,0,1,0,0,0,1,0,0,0,0,0,0,0,1,0,0,0,0,0,0,0,0,0,0,0,0,0,0,1,0,0,1,0,0,1,0,0,0,1,0,0,0,0,0,0,1
-0.761042654835281,-0.9860023199505414,"4061.                   After detecting and inspecting the accident site, the following became evident:  The car causing the car before the accident was coming from the east towards the west and was moving on the far right, due to the speed exceeding the set limit and speed without taking into account the road conditions, and during the arrival of the driver to the traffic lights, the front of the car hit the side sidewalk (filter) and then the car rushed forward and its front collided with the concrete of the signal pole and stabilized at The lighting post resulted in the injury of the driver. The driver was examined and necessary action was taken",-1.4175737141371132,-0.4015453331379524,-2.3692825732768528,0,1,0,0,0,0,1,-0.21136537811334172,0,0,0,0,0,0,0,0,0,0,0,0,1,0,0,0,0,0,0,0,0,0,0,0,0,0,0,0,1,0,1,0,0,0,0,0,0,0,0,0,0,0,0,0,1,0,0,0,0,0,0,0,0,0,0,0,0,0,0,1,0,0,0,1,0,0,0,0,0,0,0,1,0,0,0,0,0,0,0,0,0,0,0,0,0,0,1,0,0,1,0,0,0,0,0,1,0,1,0,0,0,0,0,1
0.09026831875095438,0.9345971134410459,"4062.                   After the policeman examined the scene of the accident, the chart of the accident became clear to him:  While the first offending motorcycle was coming from the east towards the west and the second causing vehicle was coming from the west towards the east, as the motorcycle was entering the road and after crossing a bump, the driver suddenly changed lane and deviated in front of the car and because of the cyclist's failure to drive and enter a main street without being sure From a seclusion, the motorcycle collided from the right side with the front corner from the left to the left, and according to the chart, the accident occurred.",1.0226501309346883,2.490378837640347,0.6331117943832852,0,1,0,0,0,0,1,-0.011213294976909845,0,0,0,0,0,0,0,0,0,0,0,0,0,0,0,0,0,0,0,0,0,0,0,0,0,1,0,1,0,0,1,0,0,0,0,0,0,0,0,0,0,1,0,0,0,0,0,0,0,0,0,0,0,1,0,0,0,0,0,0,0,0,0,0,1,0,0,0,0,0,1,0,0,0,0,0,0,0,0,0,0,0,0,1,0,0,0,0,0,1,0,0,1,0,0,0,1,0,0,1,0,0,0,0
0.09026831875095438,-0.8350980787554881,"4063.                   After the policeman examined the scene of the accident, the chart of the accident became clear to him:  While the first offending motorcycle was coming from the east towards the west and the second causing vehicle was coming from the west towards the east, as the motorcycle was entering the road and after crossing a bump, the driver suddenly changed lane and deviated in front of the car and because of the cyclist's failure to drive and enter a main street without being sure From a seclusion, the motorcycle collided from the right side with the front corner from the left to the left, and according to the chart, the accident occurred.",-0.19746179160121255,-0.4015453331379524,-1.3684844507234735,1,0,0,0,0,0,1,0.0009022100554627524,0,0,1,0,0,0,0,0,0,0,0,0,0,0,0,0,0,0,0,0,0,0,0,0,0,0,0,0,1,0,1,0,0,0,0,1,0,0,0,0,0,0,0,0,0,0,0,0,0,0,0,0,1,0,0,0,0,0,0,0,0,0,0,1,0,0,0,0,0,0,0,0,0,0,1,0,0,0,0,0,0,0,0,1,0,0,0,0,0,0,1,0,0,1,0,0,0,1,0,0,1,0,0,0
1.4736486508285869,0.5641957941440969,"4064.                   After detecting and inspecting the accident site, the following became clear:  The causing car before the accident was coming from the west towards the east and driving the far left. Because of the driver driving under the influence of an intoxicant or drug, and while entering the hatch in the middle of the island, the front car burst into the front and collided with the front of the sidewalk and then settled in the middle of the island and over the plants. The accident resulted in material damage to the vehicle or damage to plants. Necessary action was taken.",-0.19746179160121255,-0.4015453331379524,-0.3676863281700941,1,0,0,0,0,0,1,0.11466975731066886,0,0,1,0,0,0,0,0,0,0,0,0,0,0,0,0,0,0,0,0,0,0,0,0,0,0,0,1,0,0,1,0,0,1,0,0,0,0,0,0,0,0,0,0,0,0,0,0,0,0,0,0,0,0,1,0,0,0,0,0,0,0,0,1,0,0,0,0,0,0,0,0,1,0,0,0,0,0,0,0,0,0,0,1,0,0,0,0,0,1,0,0,1,0,0,0,1,0,0,0,0,0,1,0
-0.5482149114387221,-1.1643436959083318,"4065.                   After detecting and inspecting the accident site, the following accident chart became clear: - The causing vehicle is coming from the north towards the south, and the damaged vehicle is coming from the south towards the north, a U-shaped turn. Because of the red light bypassing the causing vehicle, the front left corner of the causing vehicle collided with the front right door of the damaged vehicle. The accident was planned and conducted Necessary.",2.2427620534705888,-0.4015453331379524,0.6331117943832852,0,1,0,0,0,0,1,0.2079274071578657,0,0,0,0,0,0,0,0,0,0,0,0,0,0,0,0,0,0,0,0,0,1,0,0,0,0,1,0,0,0,1,1,0,0,0,0,0,0,0,0,0,0,0,0,0,0,0,0,0,0,0,0,0,1,0,0,0,0,0,0,0,0,0,0,1,0,0,0,0,0,1,0,0,0,0,0,0,0,0,0,0,0,0,0,0,0,0,0,1,0,1,0,1,0,0,0,1,0,0,0,0,0,0,1
0.19668219044923382,1.4421841065516796,"4066.                   After inspecting the site, the following accident chart was revealed: -  The causing vehicle is coming from the north and is heading towards the east and is moving the far left, the first damaged vehicle is heading from the south towards the north and is on the middle path, and the second damaged vehicle is heading from the south towards the north and is moving the far right. Because of passing the causing vehicle the red traffic light, the causing vehicle from the right side collided with the front of the first damaged vehicle. As a result, the corner of the first damaged vehicle collided with the front of the second damaged vehicle, which resulted in the capsized of the second damaged vehicle. The accident resulted in the injury of the driver of the causing vehicle and material damage to the vehicles. The accident was planned and necessary action was taken.",-1.4175737141371132,-0.4015453331379524,-0.3676863281700941,1,0,0,0,0,0,1,0.2207761902725951,0,0,0,0,0,0,0,0,0,0,1,0,0,0,0,0,0,0,0,0,0,0,0,0,0,0,0,1,0,0,1,1,0,0,0,0,0,0,0,0,0,0,0,0,0,0,0,0,0,0,0,0,0,0,1,0,0,0,0,0,0,0,0,1,0,0,0,0,0,0,0,0,0,1,0,0,0,0,0,0,0,0,0,0,0,1,0,0,0,0,1,0,1,0,0,0,1,0,0,1,0,0,0,0
0.3030960621475132,-0.8076609439927512,"4067.                   After detecting and inspecting the accident site by the accident planner, the following became clear: -  The vehicle causing the vehicle was coming from the north towards the south, taking the left lane from the street, and because of the speed without taking into account the road conditions, the front left corner of the vehicle causing the plastic barriers collided and then deteriorated several times and then rushed forward and settled for a distance of 98 meters after the first collision, and according to the diagram, the accident occurred.",-0.19746179160121255,2.490378837640347,-0.3676863281700941,0,1,0,0,0,0,1,0.4358127240359707,0,0,0,0,0,0,0,0,0,0,0,0,0,0,0,1,0,0,0,0,0,0,0,0,0,0,0,1,0,0,1,0,0,1,0,0,0,0,0,0,0,0,0,0,0,0,0,0,0,0,0,0,1,0,0,0,0,0,0,0,0,0,0,1,0,0,0,0,0,0,1,0,0,0,0,0,0,0,0,0,0,0,0,0,0,1,0,0,0,1,0,0,0,0,1,0,0,0,1,0,1,0,0,0
1.260820907432028,-0.8213795113741197,"4068.                   After inspecting the site of the accident, it became clear as follows:  The first and second causing vehicles were coming from the west towards the east (coming from the traffic direction outside) and at the entrance to the roundabout from the Arabian Gulf Street, and because one of the vehicles did not abide by the traffic line, the front right corner of the second causing vehicle collided with the rear left side of the first causing vehicle, which led to the two vehicles rushing towards the pavement and the collision of the first causing vehicle with the concrete pavement on the separating island and the collision of the second causing vehicle with the traffic sign (arrows). According to the chart, the accident occurred.",-2.637685636673014,2.490378837640347,-2.3692825732768528,0,1,0,0,0,0,1,0.4434410049822794,0,0,0,0,0,0,0,0,0,0,0,0,0,0,0,0,0,0,0,0,0,1,0,0,0,0,1,0,0,0,1,0,0,1,0,0,0,0,0,0,0,0,0,0,0,0,0,0,0,0,0,0,0,0,0,0,0,0,0,0,0,1,0,1,0,0,0,0,0,1,0,0,0,0,0,0,0,0,0,0,0,0,0,0,1,0,0,0,0,1,0,0,0,0,1,0,0,0,1,0,1,0,0,0
0.9415792923371898,-0.9311280504250675,"4069.                   After detecting and inspecting the accident site by the person who charted the accident, it became clear to him the following: While the causing vehicle was coming from the east, turning towards the south and after the intersection, and because of the reckless driving by the offending driver, it collided with the front left side of his vehicle at the right rear corner of the damaged vehicle that was moving in front of him in the right lane, then the causing vehicle veered to climb over the sidewalk and descended in the stops to coincide with the advent of the pedestrian walking on Foot in the parking lots and ran over with the front of the vehicle’s body. The accident resulted in the victim’s injury and material damage to the damaged vehicle. After that, the driver who had caused the escape from the scene of the accident and after a short period of time returned to the site of the accident, according to the plan, the accident occurred.",-2.637685636673014,-0.4015453331379524,-1.3684844507234735,1,0,0,0,0,0,1,0.5471943814112696,0,0,0,0,1,0,0,0,0,0,0,0,0,0,0,0,0,0,0,0,0,0,0,0,0,0,0,0,1,0,1,0,0,1,0,0,0,0,0,0,0,0,0,0,0,0,0,0,0,0,0,0,0,0,0,0,0,0,0,1,0,0,0,1,0,0,0,0,0,1,0,0,0,0,0,0,0,0,0,0,0,0,0,0,1,0,0,0,0,1,0,0,0,0,1,0,0,0,1,0,0,0,0,1
-0.28218023219302363,1.3461541348821002,"4070.                   After detecting and inspecting the accident site, the following accident chart became clear: - The causing vehicle was coming from the south to the north on a secondary street parallel to Zayed the First Street, and at that time the vehicle was running beside the sidewalk in the same direction as the vehicle, and due to the lack of appreciation of the road users by the driver who was run over by his vehicle from the right side mirror side on the body of the driver. The accident was charted and the necessary actions was taken.",1.0226501309346883,-0.4015453331379524,0.6331117943832852,0,1,0,0,0,0,1,0.5526009392125272,0,0,1,0,0,0,0,0,0,0,0,0,0,0,0,0,0,0,0,0,0,0,0,0,0,0,0,1,0,0,1,0,0,0,0,1,0,0,0,0,0,0,0,0,0,0,0,0,0,0,0,0,0,0,1,0,0,0,0,0,0,0,0,1,0,0,0,0,0,0,0,0,1,0,0,0,0,0,0,0,0,0,0,1,0,0,0,0,0,0,1,0,1,0,0,0,1,0,0,0,0,0,0,1
0.19668219044923382,0.9894713829665198,"4071.                   After detecting and inspecting the accident site by the policeman, the chart of the accident revealed the following:  While the vehicle causing the secondary street behind the Bin Hammoud Agency was returning to the south, he was surprised by the arrival of the vehicle from the east towards the west, and because of the return to the rear by the driver of the vehicle without making sure that the road was clear, it ran over to the rear of the vehicle being run over to the road and the vehicle stopped at the site of the accident. The necessary action was taken",-0.19746179160121255,-0.4015453331379524,-0.3676863281700941,0,1,0,0,0,0,1,0.5603605535467207,0,0,1,0,0,0,0,0,0,0,0,0,0,0,0,0,0,0,0,0,0,0,0,0,0,0,0,1,0,0,1,0,0,0,0,0,0,0,0,0,0,0,0,0,1,0,0,0,0,0,0,0,0,0,1,0,0,0,0,0,0,0,0,0,1,0,0,0,0,0,0,0,1,0,0,0,0,0,0,0,0,0,0,0,0,0,1,0,0,0,1,0,1,0,0,0,1,0,0,0,1,0,0,0
1.2076139715828884,0.9894713829665198,"4072.                   After detecting and inspecting the accident site, the following accident chart became clear: The causing vehicle is coming from the east towards the west, turning towards the south, taking the path of the arrow, and the damaged vehicle is coming from the west towards the east, taking the second lane from the left, and because of the red light passing by the causing vehicle, the front of the damaged vehicle collided with the right side of the causing vehicle and as a result of this Collision The causing vehicle rotated to collide with its left side with the pavement, and then stabilized. The accident was planned and the necessary action was taken.",-0.19746179160121255,-0.4015453331379524,-0.3676863281700941,0,1,0,0,0,0,1,0.5603605535467207,0,0,1,0,0,0,0,0,0,0,0,0,0,0,0,0,0,0,0,0,0,0,0,0,0,0,0,1,0,0,1,0,0,0,0,0,0,0,0,0,0,0,0,0,1,0,0,0,0,0,0,0,0,0,1,0,0,0,0,0,0,0,0,0,1,0,0,0,0,0,0,0,1,0,0,0,0,0,0,0,0,0,0,0,0,0,1,0,0,0,1,0,1,0,0,0,1,0,0,0,1,0,0,0
0.728751548940631,0.9894713829665198,"4073.                   After detecting and inspecting the accident site, the following accident chart became clear: The first causing vehicle is coming from the west towards the east turning towards the north, taking the path of the arrow and the second causing vehicle coming from the east towards the west taking the middle path, because of bypassing the red traffic light by one of the two vehicles, the front of the first causing vehicle collided with the front left corner of the second causing vehicle. As a result of this collision, the first causing vehicle rotated around itself and then stabilized and the causing vehicle rushed forward to ascend the sidewalk and settle over the filter triangle. The accident was charted and the necessary action was taken. ",-0.19746179160121255,-0.4015453331379524,-0.3676863281700941,0,1,0,0,0,0,1,0.5603605535467207,0,0,1,0,0,0,0,0,0,0,0,0,0,0,0,0,0,0,0,0,0,0,0,0,0,0,0,1,0,0,1,0,0,0,0,0,0,0,0,0,0,0,0,0,1,0,0,0,0,0,0,0,0,0,1,0,0,0,0,0,0,0,0,0,1,0,0,0,0,0,0,0,1,0,0,0,0,0,0,0,0,0,0,0,0,0,1,0,0,1,0,1,0,0,0,0,0,1,0,0,1,0,0,0
-0.12255942464560447,-0.9860023199505414,"4074.                   After detecting and inspecting the accident site, the following accident chart became clear: The first causing vehicle is coming from the west towards the east turning towards the north, taking the path of the arrow and the second causing vehicle coming from the east towards the west taking the middle path, because of bypassing the red traffic light by one of the two vehicles, the front of the first causing vehicle collided with the front left corner of the second causing vehicle. As a result of this collision, the first causing vehicle rotated around itself and then stabilized and the causing vehicle rushed forward to ascend the sidewalk and settle over the filter triangle. The accident was charted and the necessary action was taken. ",1.0226501309346883,-0.4015453331379524,0.6331117943832852,1,0,0,0,0,0,1,0.6566388713152679,0,0,0,0,0,0,0,0,0,0,0,0,0,0,0,0,0,0,1,0,0,0,0,0,0,0,0,0,1,0,1,0,0,0,0,0,0,0,0,1,0,0,0,0,0,0,0,0,0,0,0,0,1,0,0,0,0,0,0,0,0,0,0,1,0,0,0,0,0,0,0,0,1,0,0,0,0,0,0,0,0,0,0,0,0,1,0,0,0,0,1,0,1,0,0,0,1,0,0,0,0,0,0,1
-0.2289732963438839,-0.9860023199505414,"4075.                   After detecting and inspecting the accident site, the following accident chart became clear: The first causing vehicle is coming from the west towards the east turning towards the north, taking the path of the arrow and the second causing vehicle coming from the east towards the west taking the middle path, because of bypassing the red traffic light by one of the two vehicles, the front of the first causing vehicle collided with the front left corner of the second causing vehicle. As a result of this collision, the first causing vehicle rotated around itself and then stabilized and the causing vehicle rushed forward to ascend the sidewalk and settle over the filter triangle. The accident was charted and the necessary action was taken. ",1.0226501309346883,-0.4015453331379524,0.6331117943832852,1,0,0,0,0,0,1,0.6566388713152679,0,0,0,0,0,0,0,0,0,0,0,0,0,0,0,0,0,0,1,0,0,0,0,0,0,0,0,0,1,0,1,0,0,0,0,0,0,0,0,1,0,0,0,0,0,0,0,0,0,0,0,0,1,0,0,0,0,0,0,0,0,0,0,1,0,0,0,0,0,0,0,0,1,0,0,0,0,0,0,0,0,0,0,0,0,1,0,0,0,0,1,0,1,0,0,0,1,0,0,1,0,0,0,0