Age of the injured,Str Code,Accident Description,Road speed limit,Pedestrian action,Number of Lanes,Gender_F,Gender_M,Week_Fifth week,Week_First week,Week_Fourth week,Week_Second week,Week_Third week,Date_time,Reasons__??? ????? ?????? ?????? ???? ????? ??? ???? ???????,Reasons__???? ?? ??????? (???),Reasons__Bypassing the red traffic light,Reasons__Driving back without attention,Reasons__Driving back without traffic clearance,Reasons__Driving in the opposite direction,Reasons__Entering main road without traffic clearance,Reasons__Exceeding speed limit,Reasons__Fatigue and drowsiness,Reasons__Faults in the road,Reasons__Ignoring road lane,Reasons__Ignoring traffic lights,Reasons__Lack of driving awareness,Reasons__Misuse of traffic,Reasons__Negligence and inobservance,Reasons__Negligent driving,Reasons__Not giving priority to pedestrian crossing,Reasons__Not giving way / not giving priority,Reasons__Not leaving enough space,Reasons__Not observing the stop sign,Reasons__Not securing vehicle stability while stopping,Reasons__Speedy without taking road conditions into account,Reasons__Sudden deviation,Reasons__Sudden stop,Reasons__Tyre burst,Reasons__under influence of intoxicant or narcotic drug,__Al Madina Police Station,__Khaldiya Police Station,__Shaabiya Police Station,Streetname_Intersection,Streetname_Street,place__Bridge / Tunnel,place__Coastal area,place__Commercial area,place__Fuel Station,place__Govt. authority,place__Hospital,place__Island,place__Mosque,place__One level intersection,place__Other,place__Park,place__Residential area,place__Sand area,place__School,place__Work area,place__external road,place__unknown,location__ ,location__Bridge,location__Bridge /  Tunnel,location__Car parking,location__Double road,location__Highway,location__Intersection,location__Off the road,location__Other(specify),location__Roundabout,location__Side parking,location__Single road,location__Tunnel,location__Two-way road,location__Unknown,lighting__day,lighting__night - enough lights,lighting__night - weak lights,intersection__Deviated intersection,intersection__Half Perpendicular Intersection,intersection__Multiple leg Intersection,intersection__Not on Intersection,intersection__Not on or around 20 meters,intersection__Other,intersection__Perpendicular Intersection,intersection__Roundabout,intersection__Turn ,accidentype__Collision while turning,accidentype__Fall,accidentype__Hitting a moving object off the road,accidentype__Hitting a moving object on the road,accidentype__Hitting a stationary object off the road,accidentype__Hitting a stationary object on the road,accidentype__Multiple collision,accidentype__Other (specify),accidentype__Perpendicular collision,accidentype__Person run over,accidentype__Rear collision,accidentype__Reciprocal collision,accidentype__Side collision,accidentype__deterioration,seat belt_N,seat belt_Y,seat_Back passenger seat,seat_Driver's seat,seat_Front passenger seat,seat_No passenger,seat_bike passenger,position_Driver,position_Passenger,position_Pedestrian,nationality_Arab States,nationality_Asian States,nationality_GCC,nationality_Other,nationality_UAE
-0.33538716804216334,1.0992199220174677,"4076.                   After detecting and inspecting the accident site by the policeman, the accident planner revealed the following: -  While the damaged vehicles were at their final stop at the Pakistani school intersection towards the outside, walking the second lane from the left side, I was surprised by the arrival of the first causing vehicle from the west towards the east, and because of the lack of sufficient distance left by the drivers of the causing vehicles, it hit the rear of the first damaged vehicle with its front, so that the second causing vehicle was surprised and collided with the front of the vehicle causing the first, and by the arrival of the third causing vehicle, it also appealed to the accident and collided with its front at the rear of the vehicle causing the second, so that the vehicles stopped at the site of the accident and the necessary action was taken. ",-0.19746179160121255,-0.4015453331379524,-0.3676863281700941,0,1,0,0,1,0,0,0.6679007093263892,0,0,0,0,0,0,0,0,0,0,0,0,0,0,0,0,0,0,0,0,0,1,0,0,0,0,0,1,0,0,1,0,0,1,0,0,0,0,0,0,0,0,0,0,0,0,0,0,0,0,0,0,1,0,0,0,0,0,0,0,0,0,0,0,1,0,0,0,0,0,1,0,0,0,0,0,0,0,0,0,0,0,0,0,0,0,0,1,0,0,1,0,0,1,0,0,0,1,0,1,0,0,0,0
1.260820907432028,0.6876629005764132,"4077.                   After detecting and inspecting the accident site by the policeman, the accident planner revealed the following: -  While the damaged vehicles were at their final stop at the Pakistani school intersection towards the outside, walking the second lane from the left side, I was surprised by the arrival of the first causing vehicle from the west towards the east, and because of the lack of sufficient distance left by the drivers of the causing vehicles, it hit the rear of the first damaged vehicle with its front, so that the second causing vehicle was surprised and collided with the front of the vehicle causing the first, and by the arrival of the third causing vehicle, it also appealed to the accident and collided with its front at the rear of the vehicle causing the second, so that the vehicles stopped at the site of the accident and the necessary action was taken. ",-0.19746179160121255,-0.4015453331379524,-1.3684844507234735,0,1,0,0,1,0,0,0.8657544581748371,0,0,0,0,0,0,0,0,0,0,0,0,0,0,0,0,0,0,0,0,0,0,0,0,0,1,0,1,0,0,1,0,0,0,0,0,0,0,0,0,0,0,1,0,0,0,0,0,0,0,0,0,0,0,1,0,0,0,0,0,0,0,0,1,0,0,0,0,0,0,0,0,1,0,0,0,0,0,0,0,0,0,0,0,0,0,0,1,0,1,0,0,1,0,0,0,1,0,0,0,0,0,1,0
0.1434752546000941,1.0306270851106252,"4078.                   After inspecting and inspecting the accident by the person who charted the accident, the following is revealed: - The causing vehicle was coming from the west towards the east with the center line, and while it was moving, the driver overtook another vehicle and then lost control of the vehicle due to the presence of water on the road surface, and the vehicle veered towards the middle and by the arrival of the damaged vehicle in the center line, the damaged vehicle collided with the front left side in the rear right side of the vehicle The fallen vehicle, which resulted in the driver losing control of the vehicle, collided with the pavement and the vehicle stabilized as shown in the drawing.",-0.19746179160121255,-0.4015453331379524,-0.3676863281700941,0,1,0,0,1,0,0,0.8765128515324001,0,0,1,0,0,0,0,0,0,0,0,0,0,0,0,0,0,0,0,0,0,0,0,0,0,0,0,0,1,0,1,0,0,1,0,0,0,0,0,0,0,0,0,0,0,0,0,0,0,0,0,0,0,0,1,0,0,0,0,0,0,0,0,1,0,0,0,0,0,0,0,0,1,0,0,0,0,0,0,0,0,0,0,1,0,0,0,0,0,1,0,0,1,0,0,0,1,0,0,0,1,0,0,0
1.0479931640354692,-0.8213795113741197,"4079.                   After inspecting the accident site by the person who charted the accident, the following became clear: While the causing vehicle was coming from the west, turning at Al Hudayriat intersection, left to the north, and because of drunk driving and not adhering to the obligatory traffic line, the front of the vehicle collided with the sidewalk and then hit a traffic sign that determines the speed, and then it hit the road and collided with the sidewalk in the middle of the island to the street according to the chart, the accident occurred. ",-2.637685636673014,2.490378837640347,-2.3692825732768528,1,0,0,0,1,0,0,0.8775087963905266,0,0,0,0,0,0,0,0,0,0,0,0,0,0,0,0,0,0,0,0,0,1,0,0,0,0,0,0,1,0,1,0,0,1,0,0,0,0,0,0,0,0,0,0,0,0,0,0,0,0,0,1,0,0,0,0,0,0,0,0,0,0,0,1,0,0,0,0,0,1,0,0,0,0,0,0,0,0,0,0,0,0,0,0,1,0,0,0,0,1,0,0,0,0,1,0,0,0,1,0,1,0,0,0
0.24988912629837354,-0.944846617806436,"4080.                   After inspecting and inspecting the site of the accident, clear the following accident chart: -  The causing vehicle is coming from the south towards the north, taking the left lane, and the damaged vehicle is a motorcycle coming from the west towards the east. The middle lane is cleared, and because of the red light bypassed by the causing vehicle, the front of the damaged vehicle hit a motorcycle with the rear left door of the causing vehicle. The accident was charted and the necessary action was taken. ",2.2427620534705888,-0.4015453331379524,0.6331117943832852,0,1,0,0,1,0,0,0.88663646684852,0,0,0,0,0,0,0,0,0,0,1,0,0,0,0,0,0,0,0,0,0,0,0,0,0,0,0,1,0,0,1,0,0,0,0,1,0,0,0,0,0,0,0,0,0,0,0,0,0,0,0,0,1,0,0,0,0,0,0,0,0,0,0,0,1,0,0,0,0,0,1,0,0,0,0,0,0,0,0,0,0,0,0,0,0,1,0,0,0,0,1,0,1,0,0,0,1,0,0,0,1,0,0,0
-0.4950079755895825,0.5504772267627285,"4081.                   After detecting and inspecting the accident site, the right of the following accident chart became clear: While the causing vehicle was coming from the south towards the north in the car parks the vehicle happened to come from the east to the west, and due to the lack of road conditions by the driver, the causing vehicle collided with the vehicle that was hit on the front right side of the causing vehicle and the accident resulted in the injury of the vehicle with a slight injury and left the hospital and was as follows.",-0.19746179160121255,-0.4015453331379524,0.6331117943832852,0,1,0,0,1,0,0,0.9747940034661905,0,0,1,0,0,0,0,0,0,0,0,0,0,0,0,0,0,0,0,0,0,0,0,0,0,0,0,1,0,0,1,0,0,1,0,0,0,0,0,0,0,0,0,0,0,0,0,0,0,0,0,0,0,0,1,0,0,0,0,0,0,0,0,0,1,0,0,0,0,0,0,0,1,0,0,0,0,0,0,0,0,0,0,1,0,0,0,0,0,0,1,0,0,1,0,0,0,1,0,1,0,0,0,0
-0.4950079755895825,0.5504772267627285,"4082.                   After detecting and inspecting the accident site, the following became clear:  While the driver of the first causing vehicle was moving from the east towards the west, walking the right lane, and while he was moving and not adhering to the traffic line and speed without taking into account the road conditions, he was surprised by the second offender's vehicle parked on the shoulder of the road (emergency line) without securing its stopping by taking the necessary precautions, the first offender collided at an angle His front right vehicle in the rear left corner of the second offender's vehicle so that the first offending driver lost control of his vehicle and was intercepted by the road deviating to the right, which led to its deterioration and collision with the sidewalk, and then climbing to the agricultural island as shown in the chart and then stabilizing it overturning and thus the accident occurred.",-0.19746179160121255,-0.4015453331379524,0.6331117943832852,0,1,0,0,1,0,0,0.9747940034661905,0,0,1,0,0,0,0,0,0,0,0,0,0,0,0,0,0,0,0,0,0,0,0,0,0,0,0,1,0,0,1,0,0,1,0,0,0,0,0,0,0,0,0,0,0,0,0,0,0,0,0,0,0,0,1,0,0,0,0,0,0,0,0,0,1,0,0,0,0,0,0,0,1,0,0,0,0,0,0,0,0,0,0,1,0,0,0,0,0,0,1,1,0,0,0,0,0,1,0,1,0,0,0,0
0.728751548940631,-0.8625352135182252,"4083.                   After inspecting and examining the site of the accident, the following accident chart became clear:  While the driver of the causing vehicle was coming from the Sheraton (east) and heading to Hilton (south), the driver of the damaged vehicle was moving on the far left, and while the driver of the damaged vehicle was coming from the Corniche Street (south) heading to Mina Street (north), and because of passing the red tragic light by the causing vehicle, the front of the vehicle collided The damaged one in the left rear door of the causing vehicle. The accident resulted in injuries to the two passengers in the vehicle causing a minor injury, as well as material damage to the vehicles. The accident was planned and necessary action.",-0.19746179160121255,2.490378837640347,-0.3676863281700941,0,1,0,0,1,0,0,1.0955112758303005,0,0,0,0,0,0,0,0,0,0,0,0,0,0,0,0,1,0,0,0,0,0,0,0,0,0,0,0,1,0,1,0,0,0,0,0,0,0,0,0,0,0,1,0,0,0,0,0,0,0,0,0,0,1,0,0,0,0,0,0,0,0,0,1,0,0,0,0,0,0,1,0,0,0,0,0,0,0,0,0,0,0,0,0,1,0,0,0,0,1,0,0,0,0,1,0,0,0,1,0,1,0,0,0
0.46271686969493236,-0.972283752569173,"4084.                   After detecting and inspecting the accident site, the following accident chart became clear:  While the drivers of the causing vehicle were coming from the Sheraton (east) and heading to Hilton (south), moving the far left, and while the driver of the damaged vehicle was coming from the Corniche Street (south) heading to Mina Street (north), and because of bypassing the red traffic light by the causing vehicle, the front of the vehicle collided The damaged one in the left rear door of the causing vehicle. The accident resulted in injuries to the two passengers in the vehicle causing a minor injury, as well as material damage to the vehicles. The accident was planned and necessary action.",-2.637685636673014,2.490378837640347,-2.3692825732768528,0,1,0,0,1,0,0,1.0966057207293405,0,0,0,0,0,0,0,0,0,0,0,0,0,1,0,0,0,0,0,0,0,0,0,0,0,0,0,1,0,0,1,0,0,1,0,0,0,0,0,0,0,0,0,0,0,0,0,0,0,0,0,1,0,0,0,0,0,0,0,0,0,0,0,1,0,0,0,0,0,0,1,0,0,0,0,0,0,0,0,0,0,0,0,0,1,0,0,0,0,1,0,0,0,0,1,0,0,0,1,1,0,0,0,0
0.09026831875095438,-0.9860023199505414,"4085.                   After the policeman inspected and inspected the scene of the accident, the chart of the accident became clear: While the causing vehicle was coming from the north towards the south, crossing the middle path from the street, and the road was crossing the street from the east towards the west, and because of the speed without taking into account the road conditions, and the vehicle was crossing from a place not designated for pedestrian crossing, the vehicle’s body hit the front of the vehicle and according to the chart in the chart, the accident occurred.",-2.637685636673014,2.490378837640347,-1.3684844507234735,0,1,0,0,1,0,0,1.2113911017406538,0,0,0,0,0,0,0,0,0,0,0,0,0,0,0,0,0,0,0,0,0,1,0,0,0,0,0,0,1,0,1,0,0,1,0,0,0,0,0,0,0,0,0,0,0,0,0,0,0,0,0,1,0,0,0,0,0,0,0,0,0,0,0,1,0,0,0,0,0,0,1,0,0,0,0,0,0,0,0,0,0,0,0,0,1,0,0,0,0,1,0,0,0,0,1,0,0,0,1,1,0,0,0,0
0.24988912629837354,-0.944846617806436,"4086.                   After detecting and inspecting the accident site, the following became clear:  The causing car before the accident was coming from the north towards the south and the run-over person was coming from the west towards the east, and because of the road users' lack of appreciation for the offending driver, the car collided with the run-over person, which resulted in an injury and was transferred to the hospital. Thus, the accident occurred",-2.637685636673014,-0.4015453331379524,-2.3692825732768528,1,0,0,0,1,0,0,1.308599697673385,0,0,0,0,0,0,0,0,0,0,0,0,0,0,0,0,0,0,0,0,0,0,0,0,0,1,0,1,0,0,1,0,0,0,0,0,0,0,0,0,0,0,1,0,0,0,0,0,0,0,0,0,0,0,0,0,0,0,0,1,0,0,0,1,0,0,0,0,0,1,0,0,0,0,0,0,0,0,0,1,0,0,0,0,0,0,0,0,0,0,1,0,1,0,0,0,1,0,0,0,0,0,0,1
0.6755446130914913,1.195249893687047,"4087.                   After detecting and inspecting the site of the accident, the following accident chart became clear: - The causing vehicle is moving from west to east in the right lane of the road, while the run-over person  is crossing the road from south to north inside the parking lot and due to the lack of attention of the offending driver, his negligence while driving and his speed without taking into account the road conditions and cutting the road by run-over person without attention from a place not designated for pedestrians he was run over The vehicle causing the right front angle when the person entered the road according to the picture in the chart, the accident was planned and the necessary measures were taken. ",-0.19746179160121255,-0.4015453331379524,-0.3676863281700941,0,1,0,0,1,0,0,1.3068157524879498,0,0,0,0,0,0,0,0,0,0,0,0,0,0,0,0,0,0,1,0,0,0,0,0,0,0,0,1,0,0,1,0,0,0,0,0,0,0,0,0,0,0,1,0,0,0,0,0,0,0,0,0,1,0,0,0,0,0,0,0,0,0,0,1,0,0,0,0,0,0,0,0,1,0,0,0,0,0,0,0,0,0,0,0,0,1,0,0,0,0,1,0,1,0,0,0,1,0,0,1,0,0,0,0
-0.8674565265335604,1.195249893687047,"4088.                   After detecting and inspecting the accident site, the following accident chart became clear: - In the Arabian Gulf Street and behind the Al-Khalediah Association, due to driving a vehicle under the influence of narcotic substances, and while the vehicle was returning to the rear in a residential area in the parking of a house, the rear of the vehicle collided with its table, then the vehicle moved forward to enter the street and collide with the pavement and a cruiser from the left side of the vehicle and then veered to the left side to collide with the wall of a house with the front The vehicle resulted in a moderate injury to the driver, as well as material damage to the vehicle and the wall of the house, and so the accident occurred. ",-0.19746179160121255,-0.4015453331379524,-0.3676863281700941,1,0,0,0,1,0,0,1.3068157524879498,0,0,0,0,0,0,0,0,0,0,0,0,0,0,0,0,0,0,1,0,0,0,0,0,0,0,0,1,0,0,1,0,0,0,0,0,0,0,0,0,0,0,1,0,0,0,0,0,0,0,0,0,1,0,0,0,0,0,0,0,0,0,0,1,0,0,0,0,0,0,0,0,1,0,0,0,0,0,0,0,0,0,0,0,0,1,0,0,0,1,0,1,0,0,0,0,0,1,0,1,0,0,0,0
0.35630299799665294,1.195249893687047,"4089.                   After detecting and inspecting the accident site, the following accident chart became clear:   While the parties of the accident were walking from the east towards the west, taking the left lane, and while they were walking, the damaged vehicles stopped after the intersection, and not leaving enough distance between the vehicles for the driver of the offending vehicle who was moving behind them after the intersection hit the front of his vehicle with the rear of the first affected vehicle to rush and collide with the front of the vehicle with the rear of the second affected vehicle to rush It collides with its front and rear of the vehicle of the third affected, to push and hit its front with the rear of the fourth aggrieved vehicle to push and collide with its front at the rear of the vehicle of the fifth victim, and so the accident occurred.",-0.19746179160121255,-0.4015453331379524,-0.3676863281700941,1,0,0,0,1,0,0,1.3068157524879498,0,0,0,0,0,0,0,0,0,0,0,0,0,0,0,0,0,0,1,0,0,0,0,0,0,0,0,1,0,0,1,0,0,0,0,0,0,0,0,0,0,0,1,0,0,0,0,0,0,0,0,0,1,0,0,0,0,0,0,0,0,0,0,1,0,0,0,0,0,0,0,0,1,0,0,0,0,0,0,0,0,0,0,0,0,1,0,0,0,0,1,0,0,1,0,0,0,1,0,1,0,0,0,0
-1.1866981416283988,1.195249893687047,"4090.                   After detecting and inspecting the accident site, the following accident chart became clear:   While the parties of the accident were walking from the east towards the west, taking the left lane, and while they were walking, the damaged vehicles stopped after the intersection, and not leaving enough distance between the vehicles for the driver of the offending vehicle who was moving behind them after the intersection hit the front of his vehicle with the rear of the first affected vehicle to rush and collide with the front of the vehicle with the rear of the second affected vehicle to rush It collides with its front and rear of the vehicle of the third affected, to push and hit its front with the rear of the fourth aggrieved vehicle to push and collide with its front at the rear of the vehicle of the fifth victim, and so the accident occurred.",-0.19746179160121255,-0.4015453331379524,-0.3676863281700941,0,1,0,0,1,0,0,1.3068157524879498,0,0,0,0,0,0,0,0,0,0,0,0,0,0,0,0,0,0,1,0,0,0,0,0,0,0,0,1,0,0,1,0,0,0,0,0,0,0,0,0,0,0,1,0,0,0,0,0,0,0,0,0,1,0,0,0,0,0,0,0,0,0,0,1,0,0,0,0,0,0,0,0,1,0,0,0,0,0,0,0,0,0,0,0,0,1,0,0,0,1,0,1,0,0,0,0,0,1,0,1,0,0,0,0
-0.9206634623827001,1.195249893687047,"4091.                   After detecting and inspecting the accident site, the following accident chart became clear:   While the parties of the accident were walking from the east towards the west, taking the left lane, and while they were walking, the damaged vehicles stopped after the intersection, and not leaving enough distance between the vehicles for the driver of the offending vehicle who was moving behind them after the intersection hit the front of his vehicle with the rear of the first affected vehicle to rush and collide with the front of the vehicle with the rear of the second affected vehicle to rush It collides with its front and rear of the vehicle of the third affected, to push and hit its front with the rear of the fourth aggrieved vehicle to push and collide with its front at the rear of the vehicle of the fifth victim, and so the accident occurred.",-0.19746179160121255,-0.4015453331379524,-0.3676863281700941,0,1,0,0,1,0,0,1.3068157524879498,0,0,0,0,0,0,0,0,0,0,0,0,0,0,0,0,0,0,1,0,0,0,0,0,0,0,0,1,0,0,1,0,0,0,0,0,0,0,0,0,0,0,1,0,0,0,0,0,0,0,0,0,1,0,0,0,0,0,0,0,0,0,0,1,0,0,0,0,0,0,0,0,1,0,0,0,0,0,0,0,0,0,0,0,0,1,0,0,0,1,0,1,0,0,0,0,0,1,0,1,0,0,0,0
-1.2931120133266782,1.195249893687047,"4092.                   After detecting and inspecting the accident site, the following accident chart became clear:   While the parties of the accident were walking from the east towards the west, taking the left lane, and while they were walking, the damaged vehicles stopped after the intersection, and not leaving enough distance between the vehicles for the driver of the offending vehicle who was moving behind them after the intersection hit the front of his vehicle with the rear of the first affected vehicle to rush and collide with the front of the vehicle with the rear of the second affected vehicle to rush It collides with its front and rear of the vehicle of the third affected, to push and hit its front with the rear of the fourth aggrieved vehicle to push and collide with its front at the rear of the vehicle of the fifth victim, and so the accident occurred.",-0.19746179160121255,-0.4015453331379524,-0.3676863281700941,1,0,0,0,1,0,0,1.3068157524879498,0,0,0,0,0,0,0,0,0,0,0,0,0,0,0,0,0,0,1,0,0,0,0,0,0,0,0,1,0,0,1,0,0,0,0,0,0,0,0,0,0,0,1,0,0,0,0,0,0,0,0,0,1,0,0,0,0,0,0,0,0,0,0,1,0,0,0,0,0,0,0,0,1,0,0,0,0,0,0,0,0,0,0,0,0,1,0,0,0,1,0,1,0,0,0,0,0,1,0,1,0,0,0,0
-0.4950079755895825,1.4147469717889427,"4093.                   After detecting and inspecting the accident site, the following accident chart became clear:   While the parties of the accident were walking from the east towards the west, taking the left lane, and while they were walking, the damaged vehicles stopped after the intersection, and not leaving enough distance between the vehicles for the driver of the offending vehicle who was moving behind them after the intersection hit the front of his vehicle with the rear of the first affected vehicle to rush and collide with the front of the vehicle with the rear of the second affected vehicle to rush It collides with its front and rear of the vehicle of the third affected, to push and hit its front with the rear of the fourth aggrieved vehicle to push and collide with its front at the rear of the vehicle of the fifth victim, and so the accident occurred.",1.0226501309346883,-0.4015453331379524,-0.3676863281700941,1,0,0,0,1,0,0,1.3201460913582568,0,0,1,0,0,0,0,0,0,0,0,0,0,0,0,0,0,0,0,0,0,0,0,0,0,0,0,0,1,1,0,0,0,1,0,0,0,0,0,0,0,0,0,0,0,0,0,0,0,0,0,0,0,0,1,0,0,0,0,0,0,0,0,1,0,0,0,0,0,0,0,0,1,0,0,0,0,0,0,0,0,0,0,0,0,0,1,0,0,1,0,0,0,1,0,0,0,1,0,0,0,0,0,1
-0.33538716804216334,-0.972283752569173,"4094.                   After detecting and inspecting the accident site, the following accident chart became clear:   While the parties of the accident were walking from the east towards the west, taking the left lane, and while they were walking, the damaged vehicles stopped after the intersection, and not leaving enough distance between the vehicles for the driver of the offending vehicle who was moving behind them after the intersection hit the front of his vehicle with the rear of the first affected vehicle to rush and collide with the front of the vehicle with the rear of the second affected vehicle to rush It collides with its front and rear of the vehicle of the third affected, to push and hit its front with the rear of the fourth aggrieved vehicle to push and collide with its front at the rear of the vehicle of the fifth victim, and so the accident occurred.",-2.637685636673014,-0.4015453331379524,-1.3684844507234735,0,1,0,0,1,0,0,1.4206599108860887,0,0,0,0,0,0,0,0,0,0,0,0,0,0,1,0,0,0,0,0,0,0,0,0,0,0,0,0,1,0,1,0,0,0,0,1,0,0,0,0,0,0,0,0,0,0,0,0,0,0,0,0,0,0,0,0,1,0,0,0,0,0,0,1,0,0,0,0,0,1,0,0,0,0,0,0,0,0,0,0,0,0,0,0,1,0,0,0,0,1,0,0,0,1,0,0,0,1,0,0,1,0,0,0
-0.016145552947325045,-0.9311280504250675,"4095.                   After detecting the accident site by the person who charted the accident, the following became clear:  While the causing vehicle was coming from the west towards the east, turning towards the south towards the outside, the second lane was passed from the left, and the damaged vehicle was coming from the east towards the west, the middle path was passed, and due to the red arrow passing by the perpetrator, the front right corner of the causing vehicle collided in the front left corner of the damaged vehicle As a result of the accident, the two vehicles rushed to the north side to collide the front of the vehicle causing the pavement and then stabilized according to planning, the accident occurred.",-1.4175737141371132,-0.4015453331379524,-2.3692825732768528,0,1,1,0,0,0,0,1.4283100807303781,0,0,0,0,0,0,0,0,0,0,0,0,0,0,0,0,0,0,0,0,0,1,0,0,0,0,0,0,1,0,1,0,0,0,0,1,0,0,0,0,0,0,0,0,0,0,0,0,0,0,0,0,0,0,0,0,0,0,0,1,0,0,0,1,0,0,0,1,0,0,0,0,0,0,0,0,0,0,0,0,1,0,0,0,0,0,0,0,0,1,0,0,1,0,0,0,1,0,0,1,0,0,0,0
-0.06935248879646476,0.5230400919999915,"4096.                   After detecting and inspecting the accident site by the policeman, the chart of the accident revealed the following: While the driver of the causing vehicle was driving the forklift (forklift) inside the workshop store and the vehicle was run over next to him in the vehicle, and because the vehicle had come off the vehicle without informing the driver, and due to the carelessness and lack of attention of the driver for the descent of the vehicle, the runaway man hit the vehicle, so the vehicle was hit by the vehicle, and the vehicle stopped at the site of the accident.",-0.19746179160121255,-0.4015453331379524,-0.3676863281700941,0,1,1,0,0,0,0,1.5199917299229575,0,0,1,0,0,0,0,0,0,0,0,0,0,0,0,0,0,0,0,0,0,0,0,0,0,0,0,1,0,0,1,0,0,1,0,0,0,0,0,0,0,0,0,0,0,0,0,0,0,0,0,0,0,0,1,0,0,0,0,0,0,0,0,0,1,0,0,0,0,0,0,0,1,0,0,0,0,0,0,0,0,0,0,1,0,0,0,0,0,1,0,0,1,0,0,0,1,0,0,1,0,0,0,0
-0.2289732963438839,0.7013814679577817,"4097.                   After detecting and inspecting the scene, the following became clear: The motorcycle was moving on a side street behind the distribution company, and due to the speed without taking into account the circumstances, it collided with the front of the motorcycle on the sidewalk. The accident resulted in the bike driver being injured and material damage to the bike.",-0.19746179160121255,-0.4015453331379524,-0.3676863281700941,0,1,1,0,0,0,0,1.5201558966578135,0,0,0,0,0,0,0,0,0,0,0,0,0,0,0,0,0,0,0,0,0,0,0,0,0,1,0,1,0,0,1,0,0,0,0,0,0,0,0,0,0,0,1,0,0,0,0,0,0,0,0,0,0,0,0,0,1,0,0,0,0,0,0,0,1,0,0,0,0,0,0,0,0,1,0,0,0,0,0,0,1,0,0,0,0,0,0,0,0,0,1,0,1,0,0,0,1,0,0,1,0,0,0,0
0.03706138290181467,-0.8213795113741197,"4098.                   After detecting and inspecting the site of the accident, the following accident chart became clear: - On the Corniche Street, and due to the red traffic light bypassing, a collision occurred between his vehicle and motorbike. The first offending vehicle was coming from the west towards the second offending motorbike coming from the south towards the north, and the front of the vehicle collided with the right side of the motorcycle, so the accident happened. ",-0.19746179160121255,-0.4015453331379524,-0.3676863281700941,1,0,1,0,0,0,0,1.5256281211530134,0,0,0,0,0,0,0,0,0,0,0,0,0,0,0,0,0,0,0,0,0,0,0,0,0,1,0,1,0,0,1,0,0,1,0,0,0,0,0,0,0,0,0,0,0,0,0,0,0,0,0,0,0,0,1,0,0,0,0,0,0,0,0,0,1,0,0,0,0,0,0,0,1,0,0,0,0,0,0,0,0,0,0,1,0,0,0,0,0,0,1,0,1,0,0,0,1,0,0,0,0,0,1,0
-0.44180103974044277,-0.972283752569173,"4099.                   After detecting and inspecting the accident site, the following accident chart became clear: -  The causing vehicle “rotor” was coming from the south towards the north, taking the left lane, and due to the driving in an abnormal state (drunk), the vehicle causing the rotor entered the roundabout to hit the front of the roundabout and climbed up the roundabout and settled over the roundabout. The accident was planned and the necessary action was taken.",-0.19746179160121255,-0.4015453331379524,0.6331117943832852,1,0,1,0,0,0,0,1.5256390656020038,0,0,0,0,0,0,0,0,0,0,0,0,0,0,0,0,0,0,0,0,0,1,0,0,0,0,0,0,1,0,1,0,0,1,0,0,0,0,0,0,0,0,0,0,0,0,0,0,0,0,0,0,1,0,0,0,0,0,0,0,0,0,0,0,1,0,0,0,0,0,0,0,0,0,1,0,0,0,0,0,0,0,0,0,1,0,0,0,0,1,0,0,0,0,1,0,0,0,1,0,1,0,0,0