Age of the injured,Str Code,Accident Description,Road speed limit,Pedestrian action,Number of Lanes,Gender_F,Gender_M,Week_Fifth week,Week_First week,Week_Fourth week,Week_Second week,Week_Third week,Date_time,Reasons__??? ????? ?????? ?????? ???? ????? ??? ???? ???????,Reasons__???? ?? ??????? (???),Reasons__Bypassing the red traffic light,Reasons__Driving back without attention,Reasons__Driving back without traffic clearance,Reasons__Driving in the opposite direction,Reasons__Entering main road without traffic clearance,Reasons__Exceeding speed limit,Reasons__Fatigue and drowsiness,Reasons__Faults in the road,Reasons__Ignoring road lane,Reasons__Ignoring traffic lights,Reasons__Lack of driving awareness,Reasons__Misuse of traffic,Reasons__Negligence and inobservance,Reasons__Negligent driving,Reasons__Not giving priority to pedestrian crossing,Reasons__Not giving way / not giving priority,Reasons__Not leaving enough space,Reasons__Not observing the stop sign,Reasons__Not securing vehicle stability while stopping,Reasons__Speedy without taking road conditions into account,Reasons__Sudden deviation,Reasons__Sudden stop,Reasons__Tyre burst,Reasons__under influence of intoxicant or narcotic drug,__Al Madina Police Station,__Khaldiya Police Station,__Shaabiya Police Station,Streetname_Intersection,Streetname_Street,place__Bridge / Tunnel,place__Coastal area,place__Commercial area,place__Fuel Station,place__Govt. authority,place__Hospital,place__Island,place__Mosque,place__One level intersection,place__Other,place__Park,place__Residential area,place__Sand area,place__School,place__Work area,place__external road,place__unknown,location__ ,location__Bridge,location__Bridge /  Tunnel,location__Car parking,location__Double road,location__Highway,location__Intersection,location__Off the road,location__Other(specify),location__Roundabout,location__Side parking,location__Single road,location__Tunnel,location__Two-way road,location__Unknown,lighting__day,lighting__night - enough lights,lighting__night - weak lights,intersection__Deviated intersection,intersection__Half Perpendicular Intersection,intersection__Multiple leg Intersection,intersection__Not on Intersection,intersection__Not on or around 20 meters,intersection__Other,intersection__Perpendicular Intersection,intersection__Roundabout,intersection__Turn ,accidentype__Collision while turning,accidentype__Fall,accidentype__Hitting a moving object off the road,accidentype__Hitting a moving object on the road,accidentype__Hitting a stationary object off the road,accidentype__Hitting a stationary object on the road,accidentype__Multiple collision,accidentype__Other (specify),accidentype__Perpendicular collision,accidentype__Person run over,accidentype__Rear collision,accidentype__Reciprocal collision,accidentype__Side collision,accidentype__deterioration,seat belt_N,seat belt_Y,seat_Back passenger seat,seat_Driver's seat,seat_Front passenger seat,seat_No passenger,seat_bike passenger,position_Driver,position_Passenger,position_Pedestrian,nationality_Arab States,nationality_Asian States,nationality_GCC,nationality_Other,nationality_UAE
0.09026831875095438,1.3735912696448374,"4100.                   After detecting and inspecting the accident site by the person who charted the accident, the following became evident: -  While the causing vehicle was coming from the south towards the north and upon its arrival at the BM junction and veering towards the right, and because of the vehicle driving in a state of drunkenness and speed without taking into account the road conditions, its front collided with the pavement (filter) and then rushed forward and collided its front one time with the separating pavement in the middle of the island, and then entered the separating island and after that She rushed forward and entered the opposite street, and her front collided with the left side of the damaged vehicle, which was in a parking state. The site of the accident was examined and the necessary measures were taken.",1.0226501309346883,-0.4015453331379524,0.6331117943832852,1,0,0,1,0,0,0,1.535751736469133,0,0,1,0,0,0,0,0,0,0,0,0,0,0,0,0,0,0,0,0,0,0,0,0,0,0,0,0,1,0,1,0,0,1,0,0,0,0,0,0,0,0,0,0,0,0,0,0,0,0,0,0,0,0,1,0,0,0,0,0,0,0,0,1,0,0,0,0,0,0,0,0,1,0,0,0,0,0,0,0,0,0,0,1,0,0,0,0,0,0,1,0,1,0,0,0,1,0,0,1,0,0,0,0
-0.28218023219302363,-0.9997208873319099,"4101.                   After detecting and inspecting the accident site, the following became clear: While the causing vehicle was coming from the east towards the west, taking the right path, and upon reaching the supervisor intersection 5 and deviating to the left, using the right filter at the intersection, and because of the speed, without taking into account the road conditions by the driver causing the precipitating vehicle, the causing vehicle rose above the sidewalk to run over the person that was standing on the sidewalk and the vehicle returned to the street The public collapsed and the trampled on the street. The necessary action was done.",-0.19746179160121255,-0.4015453331379524,0.6331117943832852,0,1,0,1,0,0,0,-1.093159633269855,0,0,0,0,0,0,0,0,0,0,0,0,0,0,0,0,0,0,0,0,0,1,0,0,0,0,0,0,1,0,1,0,0,1,0,0,0,0,0,0,0,0,0,0,0,0,0,0,0,0,0,0,1,0,0,0,0,0,0,0,0,0,0,1,0,0,0,0,0,1,0,0,0,0,0,0,0,0,0,0,0,0,0,0,0,1,0,0,0,1,0,1,0,0,0,0,0,1,0,0,0,0,1,0
-0.2289732963438839,-0.9997208873319099,"4102.                   After detecting and inspecting the accident site, the following accident chart became clear: - The causing vehicle is moving from east to west inside the intersection towards the south, while the damaged vehicle is moving from west to east, crossing the right lane of the road due to the lack of attention of the offending driver, his negligence while driving, and his failure to abide by the traffic rules, bypassing the red light and collided the front of the damaged vehicle is at the front of the causing vehicle on the right side, according to the picture in the diagram. The accident was planned and necessary action was taken.",-0.19746179160121255,-0.4015453331379524,0.6331117943832852,0,1,0,1,0,0,0,-1.093159633269855,0,0,0,0,0,0,0,0,0,0,0,0,0,0,0,0,0,0,0,0,0,1,0,0,0,0,0,0,1,0,1,0,0,1,0,0,0,0,0,0,0,0,0,0,0,0,0,0,0,0,0,0,1,0,0,0,0,0,0,0,0,0,0,1,0,0,0,0,0,1,0,0,0,0,0,0,0,0,0,0,0,0,0,0,0,1,0,0,0,0,1,1,0,0,0,0,0,1,0,0,1,0,0,0
0.3030960621475132,-0.9997208873319099,"4103.                   After detecting and inspecting the accident site, the following accident chart became clear: - While the causing vehicle was coming from the east towards the west taking the second lane from the right, due to the speed without taking into account the road conditions by the causing vehicle, its front collided with the rear of the first damaged vehicle standing and was completely stopped at the traffic light, and as a result of this collision, the first damaged vehicle rushed to the far left to collide Its front of plastic barriers, then it settled on the sandy island 62 meters away from the point of collision. The causing vehicle rushed to the far right to collide its front right side with the left side of the second damaged vehicle standing completely then it rushed forward and collided its front right side also with the left side of the damaged vehicle. The third and the stopped station is a complete stop and settles forward after the traffic light at a distance of 15 meters. The accident was charted and the necessary action was taken.",-0.19746179160121255,-0.4015453331379524,0.6331117943832852,1,0,0,1,0,0,0,-1.093159633269855,0,0,0,0,0,0,0,0,0,0,0,0,0,0,0,0,0,0,0,0,0,1,0,0,0,0,0,0,1,0,1,0,0,1,0,0,0,0,0,0,0,0,0,0,0,0,0,0,0,0,0,0,1,0,0,0,0,0,0,0,0,0,0,1,0,0,0,0,0,1,0,0,0,0,0,0,0,0,0,0,0,0,0,0,0,1,0,0,0,1,0,1,0,0,0,0,0,1,0,1,0,0,0,0
-0.016145552947325045,-0.9997208873319099,"4104.                   After detecting and inspecting the accident site, the following accident chart became clear: - While the causing vehicle was coming from the east towards the west taking the second lane from the right, due to the speed without taking into account the road conditions by the causing vehicle, its front collided with the rear of the first damaged vehicle standing and was completely stopped at the traffic light, and as a result of this collision, the first damaged vehicle rushed to the far left to collide Its front of plastic barriers, then it settled on the sandy island 62 meters away from the point of collision. The causing vehicle rushed to the far right to collide its front right side with the left side of the second damaged vehicle standing completely then it rushed forward and collided its front right side also with the left side of the damaged vehicle. The third and the stopped station is a complete stop and settles forward after the traffic light at a distance of 15 meters. The accident was charted and the necessary action was taken.",-0.19746179160121255,-0.4015453331379524,0.6331117943832852,0,1,0,1,0,0,0,-1.093159633269855,0,0,0,0,0,0,0,0,0,0,0,0,0,0,0,0,0,0,0,0,0,1,0,0,0,0,0,0,1,0,1,0,0,1,0,0,0,0,0,0,0,0,0,0,0,0,0,0,0,0,0,0,1,0,0,0,0,0,0,0,0,0,0,1,0,0,0,0,0,1,0,0,0,0,0,0,0,0,0,0,0,0,0,0,0,1,0,0,0,1,0,1,0,0,0,0,0,1,0,0,1,0,0,0
0.6223376772423516,-0.9997208873319099,"4105.                   After detecting and inspecting the accident site, the following accident chart became clear: - While the causing vehicle was coming from the east towards the west taking the second lane from the right, due to the speed without taking into account the road conditions by the causing vehicle, its front collided with the rear of the first damaged vehicle standing and was completely stopped at the traffic light, and as a result of this collision, the first damaged vehicle rushed to the far left to collide Its front of plastic barriers, then it settled on the sandy island 62 meters away from the point of collision. The causing vehicle rushed to the far right to collide its front right side with the left side of the second damaged vehicle standing completely then it rushed forward and collided its front right side also with the left side of the damaged vehicle. The third and the stopped station is a complete stop and settles forward after the traffic light at a distance of 15 meters. The accident was charted and the necessary action was taken.",-0.19746179160121255,-0.4015453331379524,0.6331117943832852,0,1,0,1,0,0,0,-1.093159633269855,0,0,0,0,0,0,0,0,0,0,0,0,0,0,0,0,0,0,0,0,0,1,0,0,0,0,0,0,1,0,1,0,0,1,0,0,0,0,0,0,0,0,0,0,0,0,0,0,0,0,0,0,1,0,0,0,0,0,0,0,0,0,0,1,0,0,0,0,0,1,0,0,0,0,0,0,0,0,0,0,0,0,0,0,0,1,0,0,0,1,0,1,0,0,0,0,0,1,0,0,1,0,0,0
-0.44180103974044277,-0.9997208873319099,"4106.                   After detecting and inspecting the accident site, the following accident chart became clear: - While the causing vehicle was coming from the east towards the west taking the second lane from the right, due to the speed without taking into account the road conditions by the causing vehicle, its front collided with the rear of the first damaged vehicle standing and was completely stopped at the traffic light, and as a result of this collision, the first damaged vehicle rushed to the far left to collide Its front of plastic barriers, then it settled on the sandy island 62 meters away from the point of collision. The causing vehicle rushed to the far right to collide its front right side with the left side of the second damaged vehicle standing completely then it rushed forward and collided its front right side also with the left side of the damaged vehicle. The third and the stopped station is a complete stop and settles forward after the traffic light at a distance of 15 meters. The accident was charted and the necessary action was taken.",-0.19746179160121255,-0.4015453331379524,0.6331117943832852,1,0,0,1,0,0,0,-1.093159633269855,0,0,0,0,0,0,0,0,0,0,0,0,0,0,0,0,0,0,0,0,0,1,0,0,0,0,0,0,1,0,1,0,0,1,0,0,0,0,0,0,0,0,0,0,0,0,0,0,0,0,0,0,1,0,0,0,0,0,0,0,0,0,0,1,0,0,0,0,0,1,0,0,0,0,0,0,0,0,0,0,0,0,0,0,0,1,0,0,0,1,0,1,0,0,0,0,0,1,0,0,1,0,0,0
-0.44180103974044277,-0.9997208873319099,"4107.                   After detecting and inspecting the accident site, the following accident chart became clear: - While the causing vehicle was coming from the east towards the west taking the second lane from the right, due to the speed without taking into account the road conditions by the causing vehicle, its front collided with the rear of the first damaged vehicle standing and was completely stopped at the traffic light, and as a result of this collision, the first damaged vehicle rushed to the far left to collide Its front of plastic barriers, then it settled on the sandy island 62 meters away from the point of collision. The causing vehicle rushed to the far right to collide its front right side with the left side of the second damaged vehicle standing completely then it rushed forward and collided its front right side also with the left side of the damaged vehicle. The third and the stopped station is a complete stop and settles forward after the traffic light at a distance of 15 meters. The accident was charted and the necessary action was taken.",-0.19746179160121255,-0.4015453331379524,0.6331117943832852,0,1,0,1,0,0,0,-1.093159633269855,0,0,0,0,0,0,0,0,0,0,0,0,0,0,0,0,0,0,0,0,0,1,0,0,0,0,0,0,1,0,1,0,0,1,0,0,0,0,0,0,0,0,0,0,0,0,0,0,0,0,0,0,1,0,0,0,0,0,0,0,0,0,0,1,0,0,0,0,0,1,0,0,0,0,0,0,0,0,0,0,0,0,0,0,0,1,0,0,0,1,0,1,0,0,0,0,0,1,0,0,1,0,0,0
0.35630299799665294,-0.6841938375604348,"4108.                   After detecting and inspecting the accident site, the following accident chart became clear: - While the causing vehicle was coming from the east towards the west taking the second lane from the right, due to the speed without taking into account the road conditions by the causing vehicle, its front collided with the rear of the first damaged vehicle standing and was completely stopped at the traffic light, and as a result of this collision, the first damaged vehicle rushed to the far left to collide Its front of plastic barriers, then it settled on the sandy island 62 meters away from the point of collision. The causing vehicle rushed to the far right to collide its front right side with the left side of the second damaged vehicle standing completely then it rushed forward and collided its front right side also with the left side of the damaged vehicle. The third and the stopped station is a complete stop and settles forward after the traffic light at a distance of 15 meters. The accident was charted and the necessary action was taken.",-0.19746179160121255,2.490378837640347,-0.3676863281700941,0,1,0,1,0,0,0,-1.098631857765055,0,0,0,0,0,0,0,0,0,0,0,0,0,0,0,0,0,0,0,0,0,1,0,0,0,0,0,1,0,0,1,0,0,0,1,0,0,0,0,0,0,0,0,0,0,0,0,0,0,0,0,0,0,0,1,0,0,0,0,0,0,0,0,1,0,0,0,0,0,0,0,0,1,0,0,0,0,0,0,0,0,0,0,0,1,0,0,0,0,1,0,0,0,0,1,0,0,0,1,1,0,0,0,0
1.0479931640354692,1.0580642198733623,"4109.                   After detecting and inspecting the accident site, the following accident chart became clear: - While the causing vehicle was coming from the east towards the west taking the second lane from the right, due to the speed without taking into account the road conditions by the causing vehicle, its front collided with the rear of the first damaged vehicle standing and was completely stopped at the traffic light, and as a result of this collision, the first damaged vehicle rushed to the far left to collide Its front of plastic barriers, then it settled on the sandy island 62 meters away from the point of collision. The causing vehicle rushed to the far right to collide its front right side with the left side of the second damaged vehicle standing completely then it rushed forward and collided its front right side also with the left side of the damaged vehicle. The third and the stopped station is a complete stop and settles forward after the traffic light at a distance of 15 meters. The accident was charted and the necessary action was taken.",-0.19746179160121255,-0.4015453331379524,0.6331117943832852,0,1,0,1,0,0,0,-1.093214355514807,0,0,0,0,0,0,0,0,0,0,0,0,0,0,0,0,0,0,0,0,0,1,0,0,0,0,0,0,1,0,1,0,0,1,0,0,0,0,0,0,0,0,0,0,0,0,0,0,0,0,0,0,1,0,0,0,0,0,0,0,0,0,0,1,0,0,0,0,0,0,0,1,0,0,0,0,0,0,0,0,0,0,0,0,0,1,0,0,0,1,0,0,1,0,0,0,1,0,0,0,1,0,0,0
-0.6014218472878619,-0.944846617806436,"4110.                   After detecting and inspecting the accident site, the following accident chart became clear: - The causing vehicle is moving from the south towards the north, crossing the middle path of the road, while the run-over person is being hit while he is coming from the west to the east, cutting the road from a place not designated for pedestrians. Due to the lack of attention of the driver causing the accident, neglecting him while driving and not estimating  the road users, the front of his vehicle ran over the person while entering the road according to the picture with the chart, the accident was charted and necessary action was taken. ",2.2427620534705888,-0.4015453331379524,0.6331117943832852,0,1,0,1,0,0,0,-1.090423521022255,0,0,0,0,0,0,0,0,0,0,0,0,0,0,0,0,0,0,0,0,0,1,0,0,0,0,0,1,0,0,1,0,0,0,0,0,0,0,0,0,0,0,1,0,0,0,0,0,0,0,0,0,1,0,0,0,0,0,0,0,0,0,0,1,0,0,0,0,0,0,1,0,0,0,0,0,0,0,0,0,0,0,0,0,0,0,0,0,1,0,1,0,1,0,0,0,1,0,0,0,0,0,0,1
0.728751548940631,-0.9860023199505414,"4111.                   After detecting the accident site by the accident planner, the following became clear: Due to the disease of the driver of the offending vehicle, and while he was coming from Al Nahyan Bridge towards Al Barhuhs intersection, taking the far right lane, he turned to the left and collided with the front of his vehicle on the rear left side of the first damaged vehicle, which was stopped in the second lane from the right, which led to its movement and collision with its front right side on the left side of the third damaged vehicle The one who was parked on the far right and then continued the offending vehicle and collided with the front left corner and the front right rear corner of the fourth damaged vehicle, which led to it moving from its third lane from the right to the left lane from the right and the causing vehicle continued to continue driving and collided with the fifth damaged vehicle in its third lane from the right. This caused it to move and collide with the vehicles in front of it, respectively, the sixth, seventh, eighth, and ninth, and as a result of the collision, the sixth damaged vehicle deviated to the far left lane and collided with the front of the tenth damaged vehicle, according to planning the accident occurred.",-0.19746179160121255,-0.4015453331379524,-0.3676863281700941,1,0,0,1,0,0,0,-1.0857174079563832,0,0,1,0,0,0,0,0,0,0,0,0,0,0,0,0,0,0,0,0,0,0,0,0,0,0,0,0,1,0,1,0,0,0,0,1,0,0,0,0,0,0,0,0,0,0,0,0,0,0,0,0,0,0,1,0,0,0,0,0,0,0,0,0,1,0,0,0,0,0,0,0,1,0,0,0,0,0,0,0,0,0,0,1,0,0,0,0,0,0,1,0,1,0,0,0,1,0,0,1,0,0,0,0
0.9415792923371898,-0.9860023199505414,"4112.                   After detecting and inspecting the accident site, the following became clear: While the driver of the offending vehicle was moving from the west towards the east, taking the left lane, and while he was moving and speeding without taking into account the road conditions, he lost control of his vehicle, which led to its deterioration in the street, swerving to the left and colliding with its front left corner on the sidewalk, and then ascending and settling on its roof on the agricultural island separating the two streets and so on. The accident happened.",-0.19746179160121255,-0.4015453331379524,-0.3676863281700941,0,1,0,1,0,0,0,-1.0857174079563832,0,0,1,0,0,0,0,0,0,0,0,0,0,0,0,0,0,0,0,0,0,0,0,0,0,0,0,0,1,0,1,0,0,0,0,1,0,0,0,0,0,0,0,0,0,0,0,0,0,0,0,0,0,0,1,0,0,0,0,0,0,0,0,0,1,0,0,0,0,0,0,0,1,0,0,0,0,0,0,0,0,0,0,1,0,0,0,0,0,0,1,0,1,0,0,0,1,0,0,0,1,0,0,0
1.1544070357337486,-0.9860023199505414,"4113.                   After the policeman examined the scene of the accident, the chart of the accident became clear to him: The causing vehicle is coming from the east and heading through the intersection to the south and the damaged vehicle is coming from the west heading to the east. Because of the red light bypassing the red light by the vehicle that caused the collision of the front of the vehicle causing the front left corner of the damaged vehicle, according to the chart, the accident occurred.",-0.19746179160121255,-0.4015453331379524,-1.3684844507234735,0,1,0,1,0,0,0,-1.1033926930758788,0,0,0,0,0,0,0,0,0,0,0,0,0,0,0,0,0,0,0,0,0,1,0,0,0,0,0,0,1,0,1,1,0,0,0,0,0,0,0,0,0,0,0,0,0,0,0,0,0,0,0,0,1,0,0,0,0,0,0,0,0,0,0,1,0,0,0,0,0,0,1,0,0,0,0,0,0,0,0,0,0,0,0,0,0,1,0,0,0,0,1,0,1,0,0,0,1,0,0,1,0,0,0,0
0.09026831875095438,-0.8213795113741197,"4114.                   After the policeman examined the scene of the accident, the chart of the accident became clear to him: The causing vehicle is coming from the east and heading through the intersection to the south and the damaged vehicle is coming from the west heading to the east. Because of bypassing the red traffic light by the vehicle that caused. The collision of the front of the vehicle caused the front left corner of the damaged vehicle, according to the chart, the accident occurred.",-0.19746179160121255,-0.4015453331379524,-0.3676863281700941,1,0,0,0,0,1,0,-1.096990190416495,0,0,1,0,0,0,0,0,0,0,0,0,0,0,0,0,0,0,0,0,0,0,0,0,0,0,0,0,1,0,1,0,0,1,0,0,0,0,0,0,0,0,0,0,0,0,0,0,0,0,0,0,0,0,1,0,0,0,0,0,0,0,0,1,0,0,0,0,0,0,0,0,0,0,0,0,0,0,0,0,0,0,0,1,0,0,0,0,0,0,1,0,1,0,0,0,1,0,0,1,0,0,0,0
-1.0802842699301194,-0.6156010006535925,"4115.                   After detecting and inspecting the accident site by the policeman, the chart of the accident revealed the following: - While the causing vehicle was coming from the east towards the west, taking the right lane of the road, and when it reached the curve, due to the speed without taking into account the road conditions, the driver of the causing vehicle lost control of his vehicle, which led to the vehicle deviating from its pedestrian towards the right to exit outside the street and hit the front of the damaged vehicle from its rear It was parked, a final stop outside the road, and stopped behind, and the necessary measures were taken.",-2.637685636673014,2.490378837640347,-1.3684844507234735,1,0,0,0,0,1,0,-1.091189632451583,0,0,0,0,0,0,0,0,0,0,0,0,0,0,0,0,0,0,0,0,0,1,0,0,0,0,0,1,0,0,1,0,0,0,0,0,0,0,0,0,0,0,0,0,1,0,0,0,0,0,0,1,0,0,0,0,0,0,0,0,0,0,0,1,0,0,0,0,0,0,0,1,0,0,0,0,0,0,0,0,0,0,0,0,1,0,0,0,0,1,0,1,0,0,0,0,0,1,0,0,0,0,0,1
0.9415792923371898,-0.972283752569173,"4116.                   After detecting and inspecting the scene of the accident, the policeman became aware of the following accident chart: While causing vehicle was coming from the west towards the east and the damaged vehicle was coming from the south towards the north, and because of the red light bypassing the red light by the vehicle that caused the collision of the vehicle causing its front right side to hit the front of the causing vehicle, according to the drawing in the diagram, the accident occurred.",1.0226501309346883,2.490378837640347,-0.3676863281700941,1,0,0,0,0,1,0,-1.094199355923943,0,0,0,0,0,0,0,0,0,0,0,0,0,1,0,0,0,0,0,0,0,0,0,0,0,0,0,0,1,0,1,0,0,0,0,0,0,0,0,0,0,1,0,0,0,0,0,0,0,0,0,0,0,1,0,0,0,0,0,0,0,0,0,1,0,0,0,0,0,1,0,0,0,0,0,0,0,0,0,0,0,0,0,0,1,0,0,0,0,1,0,0,0,0,1,0,0,0,1,0,1,0,0,0
0.5691307413932118,-0.9311280504250675,"4117.                   After detecting and inspecting the person who is charted the accident, the following is revealed: - The vehicle was coming from the south to the north, and the vehicle was run over from the direction west to the east. While the vehicle was moving, the driver was surprised by the runaway child crossing the street, due to the speed, without taking into account the road conditions by the driver who was run over the vehicle by the left front corner and therefore the accident was planned.",-2.637685636673014,2.490378837640347,-2.3692825732768528,0,1,0,0,0,1,0,-1.106216360915402,0,0,0,0,0,0,0,0,0,0,0,0,0,0,0,0,0,0,0,0,0,1,0,0,0,0,1,0,0,0,1,0,0,1,0,0,0,0,0,0,0,0,0,0,0,0,0,0,0,0,0,1,0,0,0,0,0,0,0,0,0,0,0,0,1,0,0,0,0,0,0,1,0,0,0,0,0,0,0,0,0,0,0,0,1,0,0,0,0,1,0,0,0,0,1,0,0,0,1,0,0,0,0,1
2.1121318810182634,1.222687028449784,"4118.                   After detecting and inspecting the accident site by the planner, the following became evident: -  While the offending vehicle was coming from the Al-Jawiyyah Bridge in the Mushrif area and on the Airport Street towards the inside, the driver of the causing vehicle entered the Airport Street and was moving the right lane, and then moved to the second lane from the left, and because of the lack of appreciation of the road users by the driver, he was surprised to cross the vehicle from the south to the north from the place. Not intended for pedestrian crossing, the driver was run over, and the accident resulted in a moderate injury to the vehicle. Material damage also resulted in the vehicle, and necessary action was taken.",-0.19746179160121255,-0.4015453331379524,0.6331117943832852,0,1,0,0,0,1,0,-1.092065188370815,0,0,1,0,0,0,0,0,0,0,0,0,0,0,0,0,0,0,0,0,0,0,0,0,0,0,0,0,1,1,0,0,0,1,0,0,0,0,0,0,0,0,0,0,0,0,0,0,0,0,0,0,0,0,1,0,0,0,0,0,0,0,0,1,0,0,0,0,0,0,0,0,1,0,0,0,0,0,0,0,0,0,0,1,0,0,0,0,0,1,0,1,0,0,0,0,0,1,0,0,0,0,1,0
0.8883723564880501,-0.972283752569173,"4119.                   After detecting and inspecting the accident site, the following became clear: Before the accident, the vehicle was standing in a standing state, and during the arrival of the offending driver near the vehicle, he turned on the runaway to the left, which led to the fall of one of the crushed’s legs under the front tire on the left, which led to his injury and fell over the land, and immediately after the accident, the driver and the car managed to escape from the site of the accident and so happened the incident.",-0.19746179160121255,-0.4015453331379524,0.6331117943832852,0,1,0,0,0,1,0,-1.102024636952079,0,0,1,0,0,0,0,0,0,0,0,0,0,0,0,0,0,0,0,0,0,0,0,0,0,0,0,0,1,0,1,0,0,1,0,0,0,0,0,0,0,0,0,0,0,0,0,0,0,0,0,0,1,0,0,0,0,0,0,0,0,0,0,1,0,0,0,0,0,0,0,0,1,0,0,0,0,0,0,0,0,0,0,1,0,0,0,0,0,0,1,0,1,0,0,0,1,0,0,1,0,0,0,0
0.24988912629837354,-0.972283752569173,"4120.                   After detecting and inspecting the accident site, the following became evident: -  The causing vehicle is coming from the west turning towards the north and taking the left lane and the damaged vehicle is coming from the east to the west on the middle lane. In the vehicle causing material damage to the two vehicles, and so the accident took place as charted.",-0.19746179160121255,-0.4015453331379524,0.6331117943832852,1,0,0,0,0,1,0,-1.095567412047743,0,0,0,0,0,0,0,0,0,0,0,0,0,0,0,0,0,0,1,0,0,0,0,0,0,0,0,0,1,0,1,0,0,1,0,0,0,0,0,0,0,0,0,0,0,0,0,0,0,0,0,0,1,0,0,0,0,0,0,0,0,0,0,1,0,0,0,0,0,1,0,0,0,0,0,0,0,0,0,0,0,0,0,0,0,1,0,0,0,0,1,0,1,0,0,0,1,0,0,1,0,0,0,0
-0.38859410389130306,-0.944846617806436,"4121.                   After detecting and inspecting the accident site by the policeman, the chart of the accident revealed the following: - While the causing vehicle was coming from the north towards the south and was moving the third lane from the left, and when it reached the intersection and passed the red light, it was surprised before it crossed the intersection with the damaged vehicle that was moving from the south towards the north to hit the vehicle causing its front on the left side of the damaged vehicle. Both vehicles and according to the chart, the accident occurred.",1.0226501309346883,-0.4015453331379524,-0.3676863281700941,1,0,0,0,0,1,0,-1.104213526750159,0,0,0,0,0,0,0,0,0,0,0,0,0,0,0,0,0,0,1,0,0,0,0,0,0,0,0,1,0,0,1,0,0,0,0,0,0,0,0,0,0,0,0,0,1,0,0,0,0,0,0,0,1,0,0,0,0,0,0,0,0,0,0,1,0,0,0,0,0,0,1,0,0,0,0,0,0,0,0,0,0,0,0,0,0,1,0,0,0,0,1,0,1,0,0,0,1,0,0,0,0,0,0,1
-0.7078357189861413,-0.8076609439927512,"4122.                   After inspecting the accident site and inspecting the accident planner, the following became clear:  While the vehicles were moving from the east to the west after the driving bridge towards the entrance in the second lane from the right, and because of not leaving enough distance for the driver of the offending vehicle, this accident led to the occurrence of this accident where the front of the causing vehicle collided at the rear of the first damaged vehicle and from the force of the shock the first damaged vehicle rushed forward, The front of the vehicle collided at the rear of the second damaged vehicle. The accident resulted in the injury of the first damaged driver and material damage to the vehicles. According to the plan, the accident occurred.",-0.19746179160121255,2.490378837640347,-0.3676863281700941,0,1,0,0,0,1,0,-1.100032747235826,0,0,0,0,0,0,0,0,0,0,0,0,0,0,0,0,0,0,0,0,0,1,0,0,0,0,1,0,0,0,1,0,0,1,0,0,0,0,0,0,0,0,0,0,0,0,0,0,0,0,0,0,1,0,0,0,0,0,0,0,0,0,0,1,0,0,0,0,0,1,0,0,0,0,0,0,0,0,0,0,0,0,0,0,1,0,0,0,0,1,0,0,0,0,1,0,0,0,1,0,0,0,0,1