Age of the injured,Str Code,Accident Description,Road speed limit,Pedestrian action,Number of Lanes,Gender_F,Gender_M,Week_Fifth week,Week_First week,Week_Fourth week,Week_Second week,Week_Third week,Date_time,Reasons__??? ????? ?????? ?????? ???? ????? ??? ???? ???????,Reasons__???? ?? ??????? (???),Reasons__Bypassing the red traffic light,Reasons__Driving back without attention,Reasons__Driving back without traffic clearance,Reasons__Driving in the opposite direction,Reasons__Entering main road without traffic clearance,Reasons__Exceeding speed limit,Reasons__Fatigue and drowsiness,Reasons__Faults in the road,Reasons__Ignoring road lane,Reasons__Ignoring traffic lights,Reasons__Lack of driving awareness,Reasons__Misuse of traffic,Reasons__Negligence and inobservance,Reasons__Negligent driving,Reasons__Not giving priority to pedestrian crossing,Reasons__Not giving way / not giving priority,Reasons__Not leaving enough space,Reasons__Not observing the stop sign,Reasons__Not securing vehicle stability while stopping,Reasons__Speedy without taking road conditions into account,Reasons__Sudden deviation,Reasons__Sudden stop,Reasons__Tyre burst,Reasons__under influence of intoxicant or narcotic drug,__Al Madina Police Station,__Khaldiya Police Station,__Shaabiya Police Station,Streetname_Intersection,Streetname_Street,place__Bridge / Tunnel,place__Coastal area,place__Commercial area,place__Fuel Station,place__Govt. authority,place__Hospital,place__Island,place__Mosque,place__One level intersection,place__Other,place__Park,place__Residential area,place__Sand area,place__School,place__Work area,place__external road,place__unknown,location__ ,location__Bridge,location__Bridge /  Tunnel,location__Car parking,location__Double road,location__Highway,location__Intersection,location__Off the road,location__Other(specify),location__Roundabout,location__Side parking,location__Single road,location__Tunnel,location__Two-way road,location__Unknown,lighting__day,lighting__night - enough lights,lighting__night - weak lights,intersection__Deviated intersection,intersection__Half Perpendicular Intersection,intersection__Multiple leg Intersection,intersection__Not on Intersection,intersection__Not on or around 20 meters,intersection__Other,intersection__Perpendicular Intersection,intersection__Roundabout,intersection__Turn ,accidentype__Collision while turning,accidentype__Fall,accidentype__Hitting a moving object off the road,accidentype__Hitting a moving object on the road,accidentype__Hitting a stationary object off the road,accidentype__Hitting a stationary object on the road,accidentype__Multiple collision,accidentype__Other (specify),accidentype__Perpendicular collision,accidentype__Person run over,accidentype__Rear collision,accidentype__Reciprocal collision,accidentype__Side collision,accidentype__deterioration,seat belt_N,seat belt_Y,seat_Back passenger seat,seat_Driver's seat,seat_Front passenger seat,seat_No passenger,seat_bike passenger,position_Driver,position_Passenger,position_Pedestrian,nationality_Arab States,nationality_Asian States,nationality_GCC,nationality_Other,nationality_UAE
-0.44180103974044277,-0.944846617806436,"4123.                   After detecting and inspecting the accident site by the policeman, the chart of the accident revealed the following: - While the damaged vehicle was coming from the east towards the west, crossing the middle lane, she was surprised by the collision of the causing vehicle, which was coming from the same direction and moving on the same lane, to the front of the vehicle causing the rear of the damaged vehicle due to the lack of sufficient distance left by the driver of the vehicle causing the vehicles to stop at the site of the accident and the necessary measures were taken.",-1.4175737141371132,-0.4015453331379524,-2.3692825732768528,1,0,0,0,0,1,0,-1.0946699672305302,0,0,0,0,0,0,0,0,0,0,0,0,0,0,0,0,0,0,1,0,0,0,0,0,0,0,0,1,0,0,1,0,0,0,0,0,1,0,0,0,0,0,0,0,0,0,0,0,0,0,0,0,0,0,0,0,0,0,0,1,0,0,0,1,0,0,0,0,0,1,0,0,0,0,0,0,0,0,0,0,0,0,0,0,0,1,0,0,0,1,0,1,0,0,0,0,0,1,0,0,0,0,0,1
-1.505939756723237,-0.8350980787554881,"4124.                   After detecting and inspecting the accident site, the following became clear: While the causing vehicle was coming from the south towards the north, taking the middle path and was surprised by the run-over person from the east towards the west, it crossed the street in front of it from a place not designated for pedestrian crossing with a pedestrian tunnel near the place and because of the speed without taking into account the road conditions, the captives contributed to running over the driver of the vehicle with the front of the vehicle who was run over. To the right side of the vehicle, it falls on the main street, and the vehicle then stops at the site of the accident, and the necessary measures have been taken.",-2.637685636673014,2.490378837640347,-2.3692825732768528,0,1,0,0,0,1,0,-1.091517965921295,0,0,0,0,0,0,0,0,0,0,0,0,0,0,0,0,0,0,0,0,0,1,0,0,0,0,0,1,0,0,1,0,0,0,0,0,0,0,0,0,0,0,1,0,0,0,0,0,0,0,0,0,0,0,0,0,0,0,0,1,0,0,0,1,0,0,0,0,0,1,0,0,0,0,0,0,0,0,0,0,0,0,0,0,1,0,0,0,0,1,0,0,0,0,1,0,0,0,1,0,0,0,0,1
-0.12255942464560447,-0.8076609439927512,"4125.                   After detecting and inspecting the person who made the chart of accident, the following is revealed: -  The two vehicles are coming from east to west direction, the damaged vehicle is in the front and behind the offending vehicle, while the two vehicles are moving due to not leaving enough distance between the two vehicles by the offending driver colliding with the front of the offending vehicle at the rear of the damaged vehicle, as shown in the drawing.",-0.19746179160121255,-0.4015453331379524,-0.3676863281700941,0,1,0,0,0,1,0,-1.0837474071381112,0,0,0,0,0,0,0,0,0,0,0,0,0,0,0,0,0,0,1,0,0,0,0,0,0,0,1,0,0,0,1,0,0,0,0,0,1,0,0,0,0,0,0,0,0,0,0,0,0,0,0,0,1,0,0,0,0,0,0,0,0,0,0,0,1,0,0,0,0,0,1,0,0,0,0,0,0,0,0,0,0,0,0,0,0,1,0,0,0,1,0,0,1,0,0,0,1,0,0,1,0,0,0,0
0.03706138290181467,-0.9997208873319099,"4126.                   After detecting and inspecting the accident site, the following accident chart became clear: While the causing vehicle was coming from the north to the south and in the case of moving forward and the vehicle was coming from the west towards the east, and due to speed without taking into account the road conditions, the front of the vehicle that caused the vehicle collided with the body of the vehicle, which led to his moderate injury, the site of the accident was examined and the necessary measures were taken.",2.2427620534705888,-0.4015453331379524,0.6331117943832852,0,1,0,0,0,1,0,-0.22252871608354952,0,0,0,0,0,0,0,0,0,0,0,0,0,0,0,0,0,0,1,0,0,0,0,0,0,0,0,0,1,0,1,1,0,0,0,0,0,0,0,0,0,0,0,0,0,0,0,0,0,0,0,0,0,1,0,0,0,0,0,0,0,0,0,1,0,0,0,0,0,1,0,0,0,0,0,0,0,0,0,0,0,0,0,0,0,1,0,0,0,0,1,1,0,0,0,0,0,1,0,0,1,0,0,0
-0.33538716804216334,-0.9997208873319099,"4127.                   After detecting and inspecting the accident site, the following accident chart became clear: While the damaged vehicle was coming from the south towards the north and traversing the middle path, and in the case of moving forward, the vehicle behind it was coming from the same direction and in the same lane, and because of not leaving enough distance, the front of the motorcycle that caused the back of the damaged vehicle collided, resulting in the injury of the driver who caused material damage to the two vehicles. Necessary action was taken. ",2.2427620534705888,-0.4015453331379524,0.6331117943832852,0,1,0,0,0,1,0,-0.22252871608354952,0,0,0,0,0,0,0,0,0,0,0,0,0,0,0,0,0,0,1,0,0,0,0,0,0,0,0,0,1,0,1,1,0,0,0,0,0,0,0,0,0,0,0,0,0,0,0,0,0,0,0,0,0,1,0,0,0,0,0,0,0,0,0,1,0,0,0,0,0,1,0,0,0,0,0,0,0,0,0,0,0,0,0,0,0,1,0,0,0,1,0,0,0,1,0,0,0,1,0,0,1,0,0,0
-1.0802842699301194,-0.8076609439927512,"4128.                   After detecting and inspecting the accident site, the following accident chart became clear: The causing vehicle was coming from the east towards the west, taking the second lane on the left at Al Qurum Street, Sheikh Zayed Bridge, and because of not leaving enough distance behind the vehicles, its front collided with the rear of the damaged vehicle and due to the severity of the shock, the damaged vehicle deviated to the north, colliding with the sidewalk and deteriorating and then settling on the far right lane with respect to the vehicle driver The person who caused him fled the accident. The accident resulted in material damage to the vehicles, as well as damage to the pavement, consisting of scratches by his hand, and both the injured driver and two passengers with him were injured, and so the accident occurred. ",-0.19746179160121255,-0.4015453331379524,-0.3676863281700941,0,1,0,0,0,1,0,-0.21903743685561197,0,0,0,0,0,0,0,0,0,0,0,0,0,1,0,0,0,0,0,0,0,0,0,0,0,0,0,1,0,0,1,0,0,1,0,0,0,0,0,0,0,0,0,0,0,0,0,0,0,0,0,0,1,0,0,0,0,0,0,0,0,0,0,1,0,0,0,0,0,0,1,0,0,0,0,0,0,0,0,0,0,0,0,0,1,0,0,0,0,1,0,0,0,0,1,0,0,0,1,0,0,0,0,1
-1.0270773340809796,0.9208785460596774,"4129.                   After detecting and inspecting the accident site, the following accident chart became clear: The causing vehicle was coming from the east towards the west, taking the second lane on the left at Al Qurum Street, Sheikh Zayed Bridge, and because of not leaving enough distance behind the vehicles, its front collided with the rear of the damaged vehicle and due to the severity of the shock, the damaged vehicle deviated to the north, colliding with the sidewalk and deteriorating and then settling on the far right lane with respect to the vehicle driver The person who caused him fled the accident. The accident resulted in material damage to the vehicles, as well as damage to the pavement, consisting of scratches by his hand, and both the injured driver and two passengers with him were injured, and so the accident occurred. ",-0.19746179160121255,2.490378837640347,-0.3676863281700941,0,1,0,0,0,1,0,-0.21322593444170967,0,0,0,0,0,0,0,0,0,0,0,0,0,1,0,0,0,0,0,0,0,0,0,0,0,0,0,0,1,0,1,0,0,0,0,0,1,0,0,0,0,0,0,0,0,0,0,0,0,0,0,0,1,0,0,0,0,0,0,0,0,0,0,1,0,0,0,0,0,1,0,0,0,0,0,0,0,0,0,0,0,0,0,0,1,0,0,0,0,1,0,0,0,0,1,0,0,0,1,0,1,0,0,0
-0.28218023219302363,0.9208785460596774,"4130.                   After inspecting the accident site, the following accident chart became clear: -  The causing vehicle is moving from east to west far to the right, then stopped at the side parking of the vehicles in order to drop the passenger and during the descent of the crushed child from the causing vehicle and the lack of attention of the offending driver and his negligence while driving and not taking into account the child while getting off the vehicle. The driver was moving with his vehicle before the child left the parking lot, so the rear wheel of the vehicle ran over the child and the driver was able to escape after the accident. He did not stop to inspect the child after he was run over to see if he was injured or not, and in this way the accident took place. The accident was charted and the necessary measures were taken.",-0.19746179160121255,-0.4015453331379524,-0.3676863281700941,0,1,0,0,0,0,1,-0.21322593444170967,0,0,0,0,0,0,0,0,0,0,0,0,0,1,0,0,0,0,0,0,0,0,0,0,0,0,0,0,1,0,1,0,0,0,0,0,1,0,0,0,0,0,0,0,0,0,0,0,0,0,0,0,1,0,0,0,0,0,0,0,0,0,0,1,0,0,0,0,0,1,0,0,0,0,0,0,0,0,0,0,0,0,0,0,1,0,0,0,0,1,0,0,1,0,0,0,1,0,0,0,1,0,0,0
0.40950993384579265,0.07032736841483159,"4131.                   After inspecting the accident site by the person who made the chart of accident, the following became clear:  While the causing motorcycle was coming from the outside towards the inside, taking the lane to the far right, and due to the pedestrian crossing from a place not designated for pedestrian crossing coming from the south towards the north, the front of the motorcycle hit the runaway, which led to the degradation of the bicycle driver, according to planning the accident occurred.",-0.19746179160121255,-0.4015453331379524,0.6331117943832852,0,1,0,0,0,0,1,-7.184590468283138e-05,0,0,1,0,0,0,0,0,0,0,0,0,0,0,0,0,0,0,0,0,0,0,0,0,0,0,0,1,0,0,1,0,0,1,0,0,0,0,0,0,0,0,0,0,0,0,0,0,0,0,0,0,0,0,1,0,0,0,0,0,0,0,0,0,1,0,0,0,0,0,0,0,1,0,0,0,0,0,0,0,0,0,0,0,0,0,0,0,1,1,0,0,1,0,0,0,1,0,0,0,1,0,0,0
0.03706138290181467,-0.9036909156623305,"4132.                   After inspecting the accident site by the person who made the chart of accident, the following became clear:  While the causing motorcycle was coming from the outside towards the inside, taking the lane to the far right, and due to the pedestrian crossing from a place not designated for pedestrian crossing coming from the south towards the north, the front of the motorcycle hit the runaway, which led to the degradation of the bicycle driver, according to planning the accident occurred.",-0.19746179160121255,2.490378837640347,-0.3676863281700941,0,1,0,0,0,0,1,0.006746545816336255,0,0,0,0,0,0,0,0,0,0,0,0,0,0,0,0,0,0,0,0,0,1,0,0,0,0,0,1,0,0,1,0,0,0,0,0,0,0,1,0,0,0,0,0,0,0,0,0,0,0,0,0,0,0,1,0,0,0,0,0,0,0,0,1,0,0,0,0,0,0,0,0,1,0,0,0,0,0,0,0,0,0,0,0,1,0,0,0,0,1,0,0,0,0,1,0,0,0,1,0,1,0,0,0
-0.4950079755895825,-0.9585651851878045,"4133.                   After detecting and inspecting the accident site by the policeman, the chart of the accident revealed the following: - While the causing vehicle was coming from the south towards the north, crossing the path of the far left, and upon entering the intersection and diverging to the left, its entry coincided with the entry of the damaged motorcycle that was coming from the north towards the south following the path of the far right, and because of the red light passing by the driver of the causing vehicle, the injured bike driver was surprised. By that, he avoided colliding with the vehicle that caused the swerving to the right and then deteriorated onto the side sidewalk, so that the causing vehicle stopped after that in the middle of the intersection and the necessary action was taken.",-0.19746179160121255,2.490378837640347,-0.3676863281700941,1,0,0,0,0,0,1,0.01123376990240018,0,0,0,0,0,0,0,0,0,0,0,0,1,0,0,0,0,0,0,0,0,0,0,0,0,0,0,1,0,0,1,0,0,0,0,0,0,0,1,0,0,0,0,0,0,0,0,0,0,0,0,0,1,0,0,0,0,0,0,0,0,0,0,0,1,0,0,0,0,0,1,0,0,0,0,0,0,0,0,0,0,0,0,0,1,0,0,0,0,1,0,0,0,0,1,0,0,0,1,1,0,0,0,0
0.5159238055440721,-0.972283752569173,"4134.                   After detecting and inspecting the accident site, the following became clear: - While the vehicle was moving from the south towards the north, taking the far left lane towards the Qatari intersection, when it entered the intersection and deviated to the west, and when it reached the other side of the intersection, it was surprised that the vehicle was run over in front of him, cleaning the street without securing his parking place and because of the speed without taking into account the road conditions and standing in the main street without securing a place. The vehicle was stopped by the driver who was run over the driver of the causing vehicle who was run over from the front of his vehicle.",1.0226501309346883,-0.4015453331379524,0.6331117943832852,0,1,0,0,0,0,1,0.11018253322460493,0,0,0,0,0,0,0,1,0,0,0,0,0,0,0,0,0,0,0,0,0,0,0,0,0,0,0,0,1,0,1,0,0,0,1,0,0,0,0,0,0,0,0,0,0,0,0,0,0,0,0,0,0,0,1,0,0,0,0,0,0,0,0,1,0,0,0,0,0,0,0,0,1,0,0,0,0,0,0,0,0,0,0,0,0,1,0,0,0,1,0,0,1,0,0,0,1,0,0,0,1,0,0,0
0.19668219044923382,-0.972283752569173,"4135.                   After detecting and inspecting the accident site, the following accident chart became clear: - The causing vehicle is moving from west to east, walking the middle path of the road, and the trampled woman cuts the road from the south to the north from a place not designated for pedestrians while entering the road without attention and the cyclist's lack of attention and negligence while driving and his speed without taking into account the road conditions ran over the front of his bike to the right side of the woman and fell in front of The bike is in the middle of the road according to the picture in the chart. The accident was planned and the necessary action was taken.",1.0226501309346883,-0.4015453331379524,0.6331117943832852,0,1,0,0,0,0,1,0.11018253322460493,0,0,0,0,0,0,0,1,0,0,0,0,0,0,0,0,0,0,0,0,0,0,0,0,0,0,0,0,1,0,1,0,0,0,1,0,0,0,0,0,0,0,0,0,0,0,0,0,0,0,0,0,0,0,1,0,0,0,0,0,0,0,0,1,0,0,0,0,0,0,0,0,1,0,0,0,0,0,0,0,0,0,0,0,0,1,0,0,0,1,0,1,0,0,0,0,0,1,0,0,1,0,0,0
0.46271686969493236,-0.972283752569173,"4136.                   After inspecting the accident site, the following accident chart became clear: The two vehicles are moving from east to west and the damaged vehicle in the front and causing the rear in the middle lane of the road. Due to the lack of attention of the offending driver and his negligence while driving and moving at an excessive speed and not leaving enough distance between his vehicle and the vehicle moving in front of him The front of his vehicle collided with the rear of the damaged vehicle and then rushed The two vehicles were ahead and the damaged vehicle stopped at a distance of 87 , 4 meters from the point of collision, while the causing vehicle stopped at a distance of 57 , 7 meters from the collision point after hitting the plastic barriers on the side of the road, and in this way the accident occurred. The accident was planned and the necessary measures were taken.",1.0226501309346883,-0.4015453331379524,0.6331117943832852,1,0,0,0,0,0,1,0.11018253322460493,0,0,0,0,0,0,0,1,0,0,0,0,0,0,0,0,0,0,0,0,0,0,0,0,0,0,0,0,1,0,1,0,0,0,1,0,0,0,0,0,0,0,0,0,0,0,0,0,0,0,0,0,0,0,1,0,0,0,0,0,0,0,0,1,0,0,0,0,0,0,0,0,1,0,0,0,0,0,0,0,0,0,0,0,0,1,0,0,0,1,0,1,0,0,0,0,0,1,0,0,1,0,0,0
-0.5482149114387221,-0.972283752569173,"4137.                   After inspecting the accident site, the following accident chart became clear: The two vehicles are moving from east to west and the damaged vehicle in the front and causing the rear in the middle lane of the road. Due to the lack of attention of the offending driver and his negligence while driving and moving at an excessive speed and not leaving enough distance between his vehicle and the vehicle moving in front of him The front of his vehicle collided with the rear of the damaged vehicle and then rushed The two vehicles were ahead and the damaged vehicle stopped at a distance of 87 , 4 meters from the point of collision, while the causing vehicle stopped at a distance of 57 , 7 meters from the collision point after hitting the plastic barriers on the side of the road, and in this way the accident occurred. The accident was planned and the necessary measures were taken.",1.0226501309346883,-0.4015453331379524,0.6331117943832852,0,1,0,0,0,0,1,0.11018253322460493,0,0,0,0,0,0,0,1,0,0,0,0,0,0,0,0,0,0,0,0,0,0,0,0,0,0,0,0,1,0,1,0,0,0,1,0,0,0,0,0,0,0,0,0,0,0,0,0,0,0,0,0,0,0,1,0,0,0,0,0,0,0,0,1,0,0,0,0,0,0,0,0,1,0,0,0,0,0,0,0,0,0,0,0,0,1,0,0,0,1,0,0,1,0,0,0,1,0,0,0,1,0,0,0
0.6223376772423516,-0.7527866744672773,"4138.                   After inspecting the accident site, the following accident chart became clear: The two vehicles are moving from east to west and the damaged vehicle in the front and causing the rear in the middle lane of the road. Due to the lack of attention of the offending driver and his negligence while driving and moving at an excessive speed and not leaving enough distance between his vehicle and the vehicle moving in front of him The front of his vehicle collided with the rear of the damaged vehicle and then rushed The two vehicles were ahead and the damaged vehicle stopped at a distance of 87 , 4 meters from the point of collision, while the causing vehicle stopped at a distance of 57 , 7 meters from the collision point after hitting the plastic barriers on the side of the road, and in this way the accident occurred. The accident was planned and the necessary measures were taken.",-1.4175737141371132,-0.4015453331379524,-2.3692825732768528,0,1,0,0,0,0,1,0.225099247623803,0,0,0,0,0,0,0,0,0,0,0,0,0,0,0,0,0,0,0,1,0,0,0,0,0,0,1,0,0,0,1,0,0,1,0,0,0,0,0,0,0,0,0,0,0,0,0,0,0,0,0,0,0,0,1,0,0,0,0,0,0,0,0,1,0,0,0,0,0,0,0,0,1,0,0,0,0,0,0,0,0,0,0,1,0,0,0,0,0,1,0,0,1,0,0,0,1,0,0,0,1,0,0,0
0.6223376772423516,-0.7527866744672773,"4139.                   After inspecting the accident site, the following accident chart became clear: The two vehicles are moving from east to west and the damaged vehicle in the front and causing the rear in the middle lane of the road. Due to the lack of attention of the offending driver and his negligence while driving and moving at an excessive speed and not leaving enough distance between his vehicle and the vehicle moving in front of him The front of his vehicle collided with the rear of the damaged vehicle and then rushed The two vehicles were ahead and the damaged vehicle stopped at a distance of 87 , 4 meters from the point of collision, while the causing vehicle stopped at a distance of 57 , 7 meters from the collision point after hitting the plastic barriers on the side of the road, and in this way the accident occurred. The accident was planned and the necessary measures were taken.",-1.4175737141371132,-0.4015453331379524,-2.3692825732768528,0,1,0,0,0,0,1,0.225099247623803,0,0,0,0,0,0,0,0,0,0,0,0,0,0,0,0,0,0,0,1,0,0,0,0,0,0,1,0,0,0,1,0,0,1,0,0,0,0,0,0,0,0,0,0,0,0,0,0,0,0,0,0,0,0,1,0,0,0,0,0,0,0,0,1,0,0,0,0,0,0,0,0,1,0,0,0,0,0,0,0,0,0,0,1,0,0,0,0,0,1,0,0,1,0,0,0,1,0,0,0,1,0,0,0
-0.7078357189861413,0.07032736841483159,"4140.                   After detecting and inspecting the accident site, the following accident chart became clear:  While the causing vehicle is coming from the west towards the east and in the case of moving forward and the damaged vehicle coming from the north towards the south, and in the case of moving forward, and because of not complying with the stop sign by the offending vehicle, the front of the damaged vehicle collided with the left side of the causing vehicle. The accident resulted in the drivers being injured as well as damage. In the two vehicles, the site of the accident was examined and necessary action was taken.",-0.19746179160121255,-0.4015453331379524,-0.3676863281700941,1,0,0,0,0,0,1,0.2317753615079469,0,0,1,0,0,0,0,0,0,0,0,0,0,0,0,0,0,0,0,0,0,0,0,0,0,0,0,1,0,0,1,0,0,1,0,0,0,0,0,0,0,0,0,0,0,0,0,0,0,0,0,0,0,0,1,0,0,0,0,0,0,0,0,0,1,0,0,0,0,0,0,0,1,0,0,0,0,0,0,0,0,0,0,1,0,0,0,0,0,1,0,1,0,0,0,0,0,1,0,0,0,0,1,0
-0.8142495906844207,0.07032736841483159,"4141.                   After detecting and inspecting the accident site, the following accident chart became clear:  While the offending vehicle was coming from the west towards the east, and in the case of moving forward and the damaged vehicle coming from the north towards the south, and in the case of moving forward, and because of not complying with the stop sign by the offending vehicle, the front of the damaged vehicle collided with the left side of the causing vehicle. The accident resulted in the drivers being injured as well as resulting damage. In the two vehicles, the site of the accident was examined and necessary action was taken.",-0.19746179160121255,-0.4015453331379524,-0.3676863281700941,1,0,0,0,0,0,1,0.2317753615079469,0,0,1,0,0,0,0,0,0,0,0,0,0,0,0,0,0,0,0,0,0,0,0,0,0,0,0,1,0,0,1,0,0,1,0,0,0,0,0,0,0,0,0,0,0,0,0,0,0,0,0,0,0,0,1,0,0,0,0,0,0,0,0,0,1,0,0,0,0,0,0,0,1,0,0,0,0,0,0,0,0,0,0,1,0,0,0,0,0,1,0,1,0,0,0,0,0,1,0,0,0,0,1,0
-0.761042654835281,0.07032736841483159,"4142.                   After detecting and inspecting the accident site, the following accident chart became clear: -  While the causing vehicle was coming from the east to the west, turning south, taking the second lane from the right, the first damaged vehicle was coming from the west toward the east, taking the right lane, and the second damaged vehicle was also coming from the west toward the east, taking the middle path, and because of bypassing the red traffic light. The red front of the damaged vehicle collided with the front of the first damaged vehicle and the front right side of the causing vehicle, and as a result of this collision, the first damaged vehicle deviated to the left side to collide the front of the second damaged vehicle with the rear of the first damaged vehicle. The accident was planned and necessary action was taken.",-0.19746179160121255,-0.4015453331379524,-0.3676863281700941,1,0,0,0,0,0,1,0.2317753615079469,0,0,1,0,0,0,0,0,0,0,0,0,0,0,0,0,0,0,0,0,0,0,0,0,0,0,0,1,0,0,1,0,0,1,0,0,0,0,0,0,0,0,0,0,0,0,0,0,0,0,0,0,0,0,1,0,0,0,0,0,0,0,0,0,1,0,0,0,0,0,0,0,1,0,0,0,0,0,0,0,0,0,0,1,0,0,0,0,0,1,0,1,0,0,0,0,0,1,0,0,0,0,1,0
0.19668219044923382,0.07032736841483159,"4143.                   After detecting and inspecting the accident site, the following accident chart became clear: -  While the causing vehicle was coming from the east to the west, turning south, taking the second lane from the right, the first damaged vehicle was coming from the west toward the east, taking the right lane, and the second damaged vehicle was also coming from the west toward the east, taking the middle path, and because of bypassing the traffic light. The red front of the damaged vehicle collided with the front of the first damaged vehicle and the front right side of the causing vehicle, and as a result of this collision, the first damaged vehicle deviated to the left side to collide the front of the second damaged vehicle with the rear of the first damaged vehicle. The accident was planned and necessary action was taken.",-0.19746179160121255,-0.4015453331379524,-0.3676863281700941,0,1,0,0,0,0,1,0.2317753615079469,0,0,1,0,0,0,0,0,0,0,0,0,0,0,0,0,0,0,0,0,0,0,0,0,0,0,0,1,0,0,1,0,0,1,0,0,0,0,0,0,0,0,0,0,0,0,0,0,0,0,0,0,0,0,1,0,0,0,0,0,0,0,0,0,1,0,0,0,0,0,0,0,1,0,0,0,0,0,0,0,0,0,0,1,0,0,0,0,0,0,1,0,1,0,0,0,1,0,0,0,0,0,1,0
-0.6014218472878619,0.07032736841483159,"4144.                   After detecting and inspecting the accident site, the following accident chart became clear: -  While the causing vehicle was coming from the east to the west, turning south, taking the second lane from the right, the first damaged vehicle was coming from the west toward the east, taking the right lane, and the second damaged vehicle was also coming from the west toward the east, taking the middle path, and because of bypassing the traffic light. The red front of the damaged vehicle collided with the front of the first damaged vehicle and the front right side of the causing vehicle, and as a result of this collision, the first damaged vehicle deviated to the left side to collide the front of the second damaged vehicle with the rear of the first damaged vehicle. The accident was planned and necessary action was taken.",-0.19746179160121255,-0.4015453331379524,-0.3676863281700941,0,1,0,0,0,0,1,0.2317753615079469,0,0,1,0,0,0,0,0,0,0,0,0,0,0,0,0,0,0,0,0,0,0,0,0,0,0,0,1,0,0,1,0,0,1,0,0,0,0,0,0,0,0,0,0,0,0,0,0,0,0,0,0,0,0,1,0,0,0,0,0,0,0,0,0,1,0,0,0,0,0,0,0,1,0,0,0,0,0,0,0,0,0,0,1,0,0,0,0,0,0,1,0,0,1,0,0,0,1,0,1,0,0,0,0
-0.8674565265335604,0.07032736841483159,"4145.                   After detecting and inspecting the accident site, the following accident chart became clear: -  While the causing vehicle was coming from the east to the west, turning south, taking the second lane from the right, the first damaged vehicle was coming from the west toward the east, taking the right lane, and the second damaged vehicle was also coming from the west toward the east, taking the middle path, and because of bypassing the traffic light. The red front of the damaged vehicle collided with the front of the first damaged vehicle and the front right side of the causing vehicle, and as a result of this collision, the first damaged vehicle deviated to the left side to collide the front of the second damaged vehicle with the rear of the first damaged vehicle. The accident was planned and necessary action was taken.",-0.19746179160121255,-0.4015453331379524,-0.3676863281700941,1,0,0,0,0,0,1,0.2317753615079469,0,0,1,0,0,0,0,0,0,0,0,0,0,0,0,0,0,0,0,0,0,0,0,0,0,0,0,1,0,0,1,0,0,1,0,0,0,0,0,0,0,0,0,0,0,0,0,0,0,0,0,0,0,0,1,0,0,0,0,0,0,0,0,0,1,0,0,0,0,0,0,0,1,0,0,0,0,0,0,0,0,0,0,1,0,0,0,0,0,1,0,1,0,0,0,0,0,1,0,1,0,0,0,0
0.9415792923371898,-0.8076609439927512,"4146.                   After detecting and inspecting the accident site, the following accident chart became clear: -  While the causing vehicle was coming from the east to the west, turning south, taking the second lane from the right, the first damaged vehicle was coming from the west toward the east, taking the right lane, and the second damaged vehicle was also coming from the west toward the east, taking the middle path, and because of bypassing the traffic light. The red front of the damaged vehicle collided with the front of the first damaged vehicle and the front right side of the causing vehicle, and as a result of this collision, the first damaged vehicle deviated to the left side to collide the front of the second damaged vehicle with the rear of the first damaged vehicle. The accident was planned and necessary action was taken.",-0.19746179160121255,2.490378837640347,-0.3676863281700941,0,1,0,0,0,0,1,0.3171639525310463,0,0,0,0,0,0,0,0,0,0,0,0,0,0,0,0,0,0,0,0,0,1,0,0,0,0,0,0,1,0,1,0,0,1,0,0,0,0,0,0,0,0,0,0,0,0,0,0,0,0,0,0,1,0,0,0,0,0,0,0,0,0,0,1,0,0,0,0,0,0,1,0,0,0,0,0,0,0,0,0,0,0,0,0,1,0,0,0,0,1,0,0,0,0,1,0,0,0,1,0,1,0,0,0