Age of the injured,Str Code,Accident Description,Road speed limit,Pedestrian action,Number of Lanes,Gender_F,Gender_M,Week_Fifth week,Week_First week,Week_Fourth week,Week_Second week,Week_Third week,Date_time,Reasons__??? ????? ?????? ?????? ???? ????? ??? ???? ???????,Reasons__???? ?? ??????? (???),Reasons__Bypassing the red traffic light,Reasons__Driving back without attention,Reasons__Driving back without traffic clearance,Reasons__Driving in the opposite direction,Reasons__Entering main road without traffic clearance,Reasons__Exceeding speed limit,Reasons__Fatigue and drowsiness,Reasons__Faults in the road,Reasons__Ignoring road lane,Reasons__Ignoring traffic lights,Reasons__Lack of driving awareness,Reasons__Misuse of traffic,Reasons__Negligence and inobservance,Reasons__Negligent driving,Reasons__Not giving priority to pedestrian crossing,Reasons__Not giving way / not giving priority,Reasons__Not leaving enough space,Reasons__Not observing the stop sign,Reasons__Not securing vehicle stability while stopping,Reasons__Speedy without taking road conditions into account,Reasons__Sudden deviation,Reasons__Sudden stop,Reasons__Tyre burst,Reasons__under influence of intoxicant or narcotic drug,__Al Madina Police Station,__Khaldiya Police Station,__Shaabiya Police Station,Streetname_Intersection,Streetname_Street,place__Bridge / Tunnel,place__Coastal area,place__Commercial area,place__Fuel Station,place__Govt. authority,place__Hospital,place__Island,place__Mosque,place__One level intersection,place__Other,place__Park,place__Residential area,place__Sand area,place__School,place__Work area,place__external road,place__unknown,location__ ,location__Bridge,location__Bridge /  Tunnel,location__Car parking,location__Double road,location__Highway,location__Intersection,location__Off the road,location__Other(specify),location__Roundabout,location__Side parking,location__Single road,location__Tunnel,location__Two-way road,location__Unknown,lighting__day,lighting__night - enough lights,lighting__night - weak lights,intersection__Deviated intersection,intersection__Half Perpendicular Intersection,intersection__Multiple leg Intersection,intersection__Not on Intersection,intersection__Not on or around 20 meters,intersection__Other,intersection__Perpendicular Intersection,intersection__Roundabout,intersection__Turn ,accidentype__Collision while turning,accidentype__Fall,accidentype__Hitting a moving object off the road,accidentype__Hitting a moving object on the road,accidentype__Hitting a stationary object off the road,accidentype__Hitting a stationary object on the road,accidentype__Multiple collision,accidentype__Other (specify),accidentype__Perpendicular collision,accidentype__Person run over,accidentype__Rear collision,accidentype__Reciprocal collision,accidentype__Side collision,accidentype__deterioration,seat belt_N,seat belt_Y,seat_Back passenger seat,seat_Driver's seat,seat_Front passenger seat,seat_No passenger,seat_bike passenger,position_Driver,position_Passenger,position_Pedestrian,nationality_Arab States,nationality_Asian States,nationality_GCC,nationality_Other,nationality_UAE
-0.2289732963438839,-0.9860023199505414,"4172.                   After detecting and inspecting the person who charted the accident, it became clear as follows: -  The causing vehicle is coming from the west towards the south, passing the path of the arrow, and the damaged vehicle is coming from the east toward the west, taking the path of the far right. And bypassing the causing vehicle, the red traffic light (arrow) hit the front of the damaged vehicle on the right side of the causing vehicle, and according to the chart, the accident occurred. ",1.0226501309346883,-0.4015453331379524,0.6331117943832852,0,1,0,0,0,1,0,-0.9798845862192169,0,0,1,0,0,0,0,0,0,0,0,0,0,0,0,0,0,0,0,0,0,0,0,0,0,0,0,0,1,0,1,0,0,1,0,0,0,0,0,0,0,0,0,0,0,0,0,0,0,0,0,0,0,0,1,0,0,0,0,0,0,0,0,1,0,0,0,0,0,0,0,0,1,0,0,0,0,0,0,0,0,0,0,1,0,0,0,0,0,0,1,0,0,1,0,0,0,1,0,0,1,0,0,0
-0.44180103974044277,0.7425371701018871,"4173.                   After detecting and inspecting the person who charted the accident, it became clear as follows: -  The causing vehicle is coming from the west towards the south, passing the path of the arrow, and the damaged vehicle is coming from the east toward the west, taking the path of the far right. And bypassing the causing vehicle, the red traffic light (arrow) hit the front of the damaged vehicle on the right side of the causing vehicle, and according to the chart, the accident occurred. ",2.2427620534705888,-0.4015453331379524,-2.3692825732768528,0,1,0,0,0,1,0,-0.9902818127600967,0,0,1,0,0,0,0,0,0,0,0,0,0,0,0,0,0,0,0,0,0,0,0,0,0,0,0,0,1,0,1,0,0,0,0,1,0,0,0,0,0,0,0,0,0,0,0,0,0,0,0,0,0,0,1,0,0,0,0,0,0,0,0,1,0,0,0,0,1,0,0,0,0,0,0,0,0,0,0,0,0,0,0,1,0,0,0,0,0,0,1,0,1,0,0,0,1,0,0,1,0,0,0,0
-1.1866981416283988,0.2898244465167273,"4174.                   After detecting and inspecting the person who charted the accident, it became clear as follows: -  The causing vehicle is coming from the west towards the south, passing the path of the arrow, and the damaged vehicle is coming from the east toward the west, taking the path of the far right. And bypassing the causing vehicle, the red traffic light (arrow) hit the front of the damaged vehicle on the right side of the causing vehicle, and according to the chart, the accident occurred. ",-0.19746179160121255,2.490378837640347,0.6331117943832852,0,1,0,0,0,1,0,-0.9838793101007128,0,0,0,0,0,0,0,0,0,0,0,0,0,1,0,0,0,0,0,0,0,0,0,0,0,0,1,0,0,0,1,0,0,0,0,0,1,0,0,0,0,0,0,0,0,0,0,0,0,0,0,0,0,0,1,0,0,0,0,0,0,0,0,1,0,0,0,0,0,0,0,0,1,0,0,0,0,0,0,0,0,0,0,0,1,0,0,0,0,1,0,0,0,0,1,0,0,0,1,1,0,0,0,0
-0.016145552947325045,-0.8213795113741197,"4175.                   After detection and inspection by the person who charted the accident: -  The causing vehicle is coming from the east towards the south, taking the left lane, and the damaged vehicle is coming from the west towards the east. To bypass the driver of the vehicle causing the red light, the front right corner of the causing vehicle collides with the front left corner of the damaged vehicle, according to the chart, the accident occurred.",-1.4175737141371132,-0.4015453331379524,-1.3684844507234735,1,0,0,0,0,1,0,-0.9751784731533449,0,0,0,0,0,0,0,0,0,0,0,0,0,0,0,0,0,1,0,0,0,0,0,0,0,0,0,0,1,0,1,0,0,1,0,0,0,0,0,0,0,0,0,0,0,0,0,0,0,0,0,0,0,0,0,0,0,0,0,1,0,0,0,0,1,0,0,0,0,1,0,0,0,0,0,0,0,0,0,0,0,0,0,0,0,0,1,0,0,0,1,0,0,1,0,0,0,1,0,0,0,0,0,1
-0.44180103974044277,1.195249893687047,"4176.                   After detecting and inspecting the accident site, the following accident plan became clear: While the causing vehicle was coming from the north towards the south and the lane was on the far left, and in the case of moving forward and the pedestrian was coming from the west towards the east, he was bypassing the red light for pedestrian crossing and due to the lack of appreciation of the road users by the driver of the causing vehicle collision of the front right side of the vehicle with the body of the vehicle caused by The accident injured run-over person moderately and resulted in material damage to the vehicle. The site of the accident was examined and the necessary measures were taken.",-0.19746179160121255,-0.4015453331379524,-0.3676863281700941,0,1,0,0,0,1,0,-0.9957540372552967,0,0,1,0,0,0,0,0,0,0,0,0,0,0,0,0,0,0,0,0,0,0,0,0,0,0,0,1,0,0,1,0,0,0,0,0,0,0,0,0,1,0,0,0,0,0,0,0,0,0,0,0,0,0,1,0,0,0,0,0,0,0,0,0,1,0,0,0,0,0,0,0,1,0,0,0,0,0,0,0,0,0,0,1,0,0,0,0,0,1,0,1,0,0,0,0,0,1,0,1,0,0,0,0
-0.4950079755895825,1.195249893687047,"4177.                   After inspecting and inspecting the accident site, the following became evident: - The offending vehicle was coming from the north towards the south on Dwathiain Street, while the first damaged vehicle was traveling from the south towards the north, and the second damaged vehicle was coming behind the cause, and because the driver of the causing vehicle was not given priority to walk to the first damaged vehicle, the front of the first damaged vehicle hit the front right corner of the causing vehicle and from The force of the impact was pushed back and by the arrival of the second victim, the right back corner of the cause was collided on the left side of the second victim. The accident resulted in the passenger being injured with the causing vehicle and material damage to the vehicles. According to the chart, the accident occurred.",-0.19746179160121255,-0.4015453331379524,-0.3676863281700941,0,1,0,0,0,1,0,-0.9957540372552967,0,0,1,0,0,0,0,0,0,0,0,0,0,0,0,0,0,0,0,0,0,0,0,0,0,0,0,1,0,0,1,0,0,0,0,0,0,0,0,0,1,0,0,0,0,0,0,0,0,0,0,0,0,0,1,0,0,0,0,0,0,0,0,0,1,0,0,0,0,0,0,0,1,0,0,0,0,0,0,0,0,0,0,1,0,0,0,0,0,0,1,0,0,1,0,0,0,1,0,1,0,0,0,0
-0.5482149114387221,1.195249893687047,"4178.                   After detecting and inspecting the accident site, the following became clear: The offending vehicle No. 37441, the sixth class, was taking the left lane coming from the west towards the north, and the damaged vehicle No. 21424, the tenth class, was coming from the east toward the west. The affected victims received the necessary treatment at Sheikh Khalifa Hospital and left in a simple general condition. We also lead to material damage to vehicles. The site of the accident was examined and necessary action was taken.",-0.19746179160121255,-0.4015453331379524,-0.3676863281700941,0,1,0,0,0,1,0,-0.9957540372552967,0,0,1,0,0,0,0,0,0,0,0,0,0,0,0,0,0,0,0,0,0,0,0,0,0,0,0,1,0,0,1,0,0,0,0,0,0,0,0,0,1,0,0,0,0,0,0,0,0,0,0,0,0,0,1,0,0,0,0,0,0,0,0,0,1,0,0,0,0,0,0,0,1,0,0,0,0,0,0,0,0,0,0,1,0,0,0,0,0,1,0,1,0,0,0,0,0,1,0,1,0,0,0,0
-0.9738703982318399,-0.9860023199505414,"4179.                   After detecting and inspecting the accident site, the following became clear: The offending vehicle No. 37441, the sixth class, was taking the left lane coming from the west towards the north, and the damaged vehicle No. 21424, the tenth class, was coming from the east toward the west. The affected victims received the necessary treatment at Sheikh Khalifa Hospital and left in a simple general condition. We also lead to material damage to vehicles. The site of the accident was examined and necessary action was taken.",1.0226501309346883,2.490378837640347,0.6331117943832852,0,1,0,0,0,1,0,-0.1098008914824314,0,0,0,0,0,0,0,0,0,0,0,0,0,0,0,0,0,0,0,0,0,1,0,0,0,0,1,0,0,0,1,0,0,1,0,0,0,0,0,0,0,0,0,0,0,0,0,0,0,0,0,0,1,0,0,0,0,0,0,0,0,0,0,1,0,0,0,0,0,1,0,0,0,0,0,0,0,0,0,0,0,0,0,0,1,0,0,0,0,1,0,0,0,0,1,0,0,0,1,0,0,0,0,1
0.1434752546000941,-0.972283752569173,"4180.                   After detecting and inspecting the accident site, the following became clear: The offending vehicle No. 37441, the sixth class, was taking the left lane coming from the west towards the north, and the damaged vehicle No. 21424, the tenth class, was coming from the east toward the west. The affected victims received the necessary treatment at Sheikh Khalifa Hospital and left in a simple general condition. We also lead to material damage to vehicles. The site of the accident was examined and necessary action was taken.",-0.19746179160121255,-0.4015453331379524,1.6339099169366647,0,1,0,0,0,1,0,-0.11483533801801532,0,0,1,0,0,0,0,0,0,0,0,0,0,0,0,0,0,0,0,0,0,0,0,0,0,0,0,1,0,0,1,0,0,0,0,1,0,0,0,0,0,0,0,0,0,0,0,0,0,0,0,0,0,0,1,0,0,0,0,0,0,0,0,1,0,0,0,0,0,0,0,0,1,0,0,0,0,0,0,0,0,0,0,1,0,0,0,0,0,0,1,0,1,0,0,0,1,0,0,1,0,0,0,0
0.40950993384579265,0.04289023365209463,"4181.                   After detecting and inspecting the accident site, the following accident plan became clear: While the causing vehicle was coming from the east towards the west, the lane was traveling on the far left of Al Dhafra Street towards the inside and while it was traveling and due to speed without taking into account the road conditions by the driver of the vehicle. The vehicle was run over the person from the front of the vehicle which hit the body of run-over person. The accident resulted in material damage to the vehicle and the run-over person was injured in a moderate sleep injury as a result of it in Sheikh Khalifa Hospital to receive the necessary treatment and as planned, the accident occurred.",-2.637685636673014,-0.4015453331379524,-2.3692825732768528,0,1,0,0,0,0,1,-0.10635339005045547,0,0,0,0,0,0,0,0,0,0,0,0,0,1,0,0,0,0,0,0,0,0,0,0,0,0,0,1,0,0,1,0,0,1,0,0,0,0,0,0,0,0,0,0,0,0,0,0,0,0,0,1,0,0,0,0,0,0,0,0,0,0,0,1,0,0,0,0,0,1,0,0,0,0,0,0,0,0,0,0,0,0,0,0,1,0,0,0,0,1,0,0,0,0,1,0,0,0,1,0,1,0,0,0
1.3672347791303074,0.5779143615254654,"4182.                   Through detection and inspection, the following was found: - While the first precipitating vehicle was coming from the north towards the south and would like to turn towards the east and take the lane far left, and the second precipitating vehicle coming from the south towards the north and passing the far-right lane. On the rear left side of the second offending vehicle, and then the second offending vehicle deteriorated upside down. The accident resulted in the second offending driver being injured and material damage to the two vehicles. According to the chart, the accident occurred.",-0.19746179160121255,-0.4015453331379524,0.6331117943832852,0,1,0,0,0,0,1,8.137638118276607e-05,0,0,1,0,0,0,0,0,0,0,0,0,0,0,0,0,0,0,0,0,0,0,0,0,0,0,0,1,0,0,1,0,0,1,0,0,0,0,0,0,0,0,0,0,0,0,0,0,0,0,0,0,0,0,1,0,0,0,0,0,0,0,0,1,0,0,0,0,1,0,0,0,0,0,0,0,0,0,0,0,0,0,0,1,0,0,0,0,0,0,1,0,1,0,0,0,1,0,0,1,0,0,0,0
-0.44180103974044277,0.7151000353391502,"4183.                   After detection and inspection, the following became clear: While the offending vehicle was located in the ground parking of the Marina Mall and its owner was trying to enter the parking lots of the employees, i.e. the private parking, the vehicle that was run over, i.e. one of the security men, tried to prevent the driver from entering the private parking, but despite the insistence of the driver of the vehicle causing the entry, the front of the vehicle was hit by the body of the person who was struck by the accident. With a moderate injury, the examination was done and necessary was done",2.2427620534705888,-0.4015453331379524,0.6331117943832852,0,1,0,0,0,0,1,0.21087146393628325,0,0,0,0,0,0,0,0,0,0,0,0,0,0,0,0,0,0,0,0,0,0,0,0,0,1,0,0,1,0,1,0,0,0,0,0,0,0,0,0,0,0,1,0,0,0,0,0,0,0,0,0,1,0,0,0,0,0,0,0,0,0,0,0,1,0,0,0,0,0,1,0,0,0,0,0,0,0,0,0,0,0,0,1,0,0,0,0,0,0,1,0,1,0,0,0,1,0,0,1,0,0,0,0
-0.06935248879646476,1.3735912696448374,"4184.                   After detecting and examining by the policeman, the chart of the accident revealed the following: - The offending vehicle is coming from the west towards the south, taking the left lane, the arrow line, and the first and second damaged vehicle is coming from the west towards the east. In order to deviate and collide with its left side on the left side of the second damaged vehicle, the accident resulted in the injury of the first injured driver with a minor injury. He received treatment and left the hospital in a minor general condition, as well as material damage to the vehicles. The site of the accident was examined and necessary action was taken.",1.0226501309346883,-0.4015453331379524,0.6331117943832852,0,1,0,0,0,0,1,0.2321584172226109,0,0,1,0,0,0,0,0,0,0,0,0,0,0,0,0,0,0,0,0,0,0,0,0,0,0,0,0,1,0,1,0,0,1,0,0,0,0,0,0,0,0,0,0,0,0,0,0,0,0,0,0,0,0,1,0,0,0,0,0,0,0,0,0,1,0,0,0,0,0,0,0,1,0,0,0,0,0,0,0,0,0,0,1,0,0,0,0,0,1,0,0,1,0,0,0,1,0,0,0,0,0,0,1
1.101200099884609,-0.7527866744672773,"4185.                   After detecting and inspecting the accident site, the following accident plan became clear: While the damaged vehicle was traveling from west to east, following its lane in the left lane, and the causing vehicle was traveling opposite from east to west, facing face to face with the injured vehicle and due to the lack of attention of the offending driver and his negligence and driving the vehicle under the influence of alcoholic drinks and speed without taking into account the road conditions collided The front of his vehicle is the right side at the front right corner of the damaged vehicle according to the picture in the initial chart. The accident was planned and necessary action was taken: -",-2.637685636673014,2.490378837640347,-2.3692825732768528,0,1,0,0,0,0,1,0.3250767891511053,0,0,0,0,0,0,0,0,0,0,0,0,0,1,0,0,0,0,0,0,0,0,0,0,0,0,1,0,0,0,1,0,0,1,0,0,0,0,0,0,0,0,0,0,0,0,0,0,0,0,0,1,0,0,0,0,0,0,0,0,0,0,0,1,0,0,0,0,0,0,0,1,0,0,0,0,0,0,0,0,0,0,0,0,1,0,0,0,0,1,0,0,0,0,1,0,0,0,1,0,0,0,1,0
-0.38859410389130306,-0.944846617806436,"4186.                   After detecting and inspecting the accident planner, the following was found: -  The first causing vehicle was coming from the west towards the east and turning left towards the north, the second causing vehicle was coming from the east towards the west, due to one of the two parties crossing the red signal, the front of the first causing vehicle collided with the left side of the second precipitating vehicle, which led to the collision of the second causing vehicle with the pavement as shown in the drawing.",2.2427620534705888,-0.4015453331379524,0.6331117943832852,0,1,0,0,0,0,1,0.33465318201770516,0,0,0,0,0,0,0,0,0,0,0,0,0,0,0,0,0,0,1,0,0,0,0,0,0,0,0,1,0,0,1,0,0,0,0,0,0,0,1,0,0,0,0,0,0,0,0,0,0,0,0,0,0,1,0,0,0,0,0,0,0,0,0,1,0,0,0,0,0,1,0,0,0,0,0,0,0,0,0,0,0,0,0,0,0,1,0,0,0,1,0,1,0,0,0,0,0,1,0,0,1,0,0,0
-0.44180103974044277,-0.944846617806436,"4187.                   After detecting and inspecting the accident site, the following accident chart became clear: - The causing vehicle was coming from the west towards the west and the south on a secondary street in the port area opposite the Civil Defense and was taking the right lane, as the vehicle was passing from the west towards the east inside the parking lots on foot heading towards his vehicle and because of the speed without taking into account the road conditions by the driver of the vehicle led to The occurrence of this accident where the front right corner and the front right side of the vehicle causing the body of the vehicle were run over. The accident resulted in injury to the vehicle and minor material damage to the vehicle. According to the chart, the accident occurred.",2.2427620534705888,-0.4015453331379524,0.6331117943832852,0,1,0,0,0,0,1,0.33465318201770516,0,0,0,0,0,0,0,0,0,0,0,0,0,0,0,0,0,0,1,0,0,0,0,0,0,0,0,1,0,0,1,0,0,0,0,0,0,0,1,0,0,0,0,0,0,0,0,0,0,0,0,0,0,1,0,0,0,0,0,0,0,0,0,1,0,0,0,0,0,1,0,0,0,0,0,0,0,0,0,0,0,0,0,0,0,1,0,0,0,0,1,0,1,0,0,0,1,0,0,0,1,0,0,0
-0.016145552947325045,-0.944846617806436,"4188.                   After detecting and inspecting the chart of the accident, it became clear to us the following: While the offending vehicle was coming from the west towards the east taking the far-left lane, and the damaged vehicles were moving in front of him in the same lane and as a result of not leaving enough distance behind the vehicles, the front of his vehicle collided with the rear of the first damaged vehicle. At the rear of the third vehicle as charted, the accident occurred",2.2427620534705888,-0.4015453331379524,0.6331117943832852,0,1,0,0,0,0,1,0.33465318201770516,0,0,0,0,0,0,0,0,0,0,0,0,0,0,0,0,0,0,1,0,0,0,0,0,0,0,0,1,0,0,1,0,0,0,0,0,0,0,1,0,0,0,0,0,0,0,0,0,0,0,0,0,0,1,0,0,0,0,0,0,0,0,0,1,0,0,0,0,0,1,0,0,0,0,0,0,0,0,0,0,0,0,0,0,0,1,0,0,0,1,0,1,0,0,0,0,0,1,0,0,1,0,0,0
-0.28218023219302363,-0.7939423766113827,"4189.                   After detecting and inspecting the chart of the accident, it became clear to us the following: While the offending vehicle was coming from the west towards the east taking the far-left lane, and the damaged vehicles were moving in front of him in the same lane and as a result of not leaving enough distance behind the vehicles, the front of his vehicle collided with the rear of the first damaged vehicle. At the rear of the third vehicle as charted, the accident occurred",-0.19746179160121255,2.490378837640347,-0.3676863281700941,1,0,0,0,0,0,1,0.4475451733536793,0,0,0,0,0,0,0,0,0,0,0,0,0,0,0,0,0,0,0,0,0,1,0,0,0,0,0,1,0,0,1,0,0,1,0,0,0,0,0,0,0,0,0,0,0,0,0,0,0,0,0,0,0,1,0,0,0,0,0,0,0,0,0,0,1,0,0,0,0,1,0,0,0,0,0,0,0,0,0,0,0,0,0,0,1,0,0,0,0,1,0,0,0,0,1,0,0,0,1,0,1,0,0,0
-1.2399050774775384,-0.8488166461368566,"4190.                   After detecting and inspecting the chart of the accident, it became clear to us the following: While the offending vehicle was coming from the west towards the east taking the far-left lane, and the damaged vehicles were moving in front of him in the same lane and as a result of not leaving enough distance behind the vehicles, the front of his vehicle collided with the rear of the first damaged vehicle. At the rear of the third vehicle as charted, the accident occurred",-0.19746179160121255,2.490378837640347,0.6331117943832852,0,1,0,0,0,0,1,0.44617711722987935,0,0,0,0,0,0,0,0,0,0,0,0,0,0,0,0,0,0,0,0,0,1,0,0,0,0,0,0,1,0,1,0,0,1,0,0,0,0,0,0,0,0,0,0,0,0,0,0,0,0,0,0,1,0,0,0,0,0,0,0,0,0,0,0,1,0,0,0,0,1,0,0,0,0,0,0,0,0,0,0,0,0,0,0,1,0,0,0,0,1,0,0,0,0,1,0,0,0,1,0,0,1,0,0
-0.016145552947325045,-0.972283752569173,"4191.                   After inspecting and inspecting the accident site, the following accident plan became clear: While the offending vehicle was passing the far left lane on Khalid Bin Al Waleed Street coming from the east towards the west and the run-over person was coming from the north towards the south walking on its feet and due to speed without taking into account the road conditions and crossing the street from a place not designated for pedestrian crossing and it was crossing linearly facing the vehicle direction line After being run over by the vehicle that caused its front from the left side and from the force of the collision, the vehicle hit its body against the windshield of the causing vehicle, and then the run-over person landed at a distance of 15 meters from the runaway point. The vehicle was transported to a hospital by police ambulance.",-2.637685636673014,-0.4015453331379524,-2.3692825732768528,0,1,0,0,0,0,1,0.5418863236509257,0,0,0,0,0,0,0,0,0,0,0,0,0,0,0,0,0,0,0,0,0,1,0,0,0,0,0,1,0,0,1,0,0,1,0,0,0,0,0,0,0,0,0,0,0,0,0,0,0,0,0,1,0,0,0,0,0,0,0,0,0,0,0,1,0,0,0,0,0,0,1,0,0,0,0,0,0,0,0,0,0,0,0,0,1,0,0,0,0,1,0,0,0,0,1,0,0,0,1,0,1,0,0,0
-0.33538716804216334,0.09776450317756856,"4192.                   After detecting and inspecting the street location by the accident planner, the following became clear: While the causing vehicle was coming from the north towards the south, passing the far left, he was surprised by the runaway coming from the west towards the east, crossing in front of him and because of the speed without taking into account the road conditions by the driver of the causing vehicle and crossing the road from a place not designated for pedestrian crossing by the pedestrian run over the driver of the causing vehicle who was stomped on the front of his vehicle In the far left lane, the vehicle was hit by the force of the blow in front of the vehicle and the vehicle that caused moderate damage to the vehicle would stop. The necessary action was taken. ",-0.19746179160121255,-0.4015453331379524,0.6331117943832852,0,1,0,0,0,0,1,0.6630413739746517,0,0,0,0,0,0,0,0,0,0,0,0,0,0,0,0,0,0,1,0,0,0,0,0,0,0,0,1,0,0,1,0,0,1,0,0,0,0,0,0,0,0,0,0,0,0,0,0,0,0,0,0,0,0,1,0,0,0,0,0,0,0,0,1,0,0,0,0,0,0,0,0,1,0,0,0,0,0,0,0,0,0,0,0,0,1,0,0,0,1,0,0,1,0,0,0,1,0,0,0,1,0,0,0
-0.6014218472878619,-0.8625352135182252,"4193.                   After detecting and inspecting the accident site, the following became clear:  The causing vehicle was coming from a side street in the parking lots, and while entering the parking lots, the run-over person was coming down from a place of residence and because of the speed without taking into account the road conditions by the driver who had hit the front of a vehicle on the left side with the vehicle. The accident resulted in a minor injury to the run-over person. He received the necessary treatment and left the hospital in a simple general condition Minor damage was also caused to the vehicle. The site of the accident was examined and necessary actions were taken",-2.637685636673014,-0.4015453331379524,-2.3692825732768528,1,0,0,0,1,0,0,0.6632055407095078,0,0,0,0,0,0,0,0,0,0,0,0,0,0,0,0,0,0,0,0,0,1,0,0,0,0,0,1,0,0,1,0,0,0,0,0,0,0,0,0,0,0,1,0,0,0,0,0,0,0,0,1,0,0,0,0,0,0,0,0,0,0,0,1,0,0,0,0,0,1,0,0,0,0,0,0,0,0,0,0,0,0,0,0,1,0,0,0,0,1,0,0,0,0,1,0,0,0,1,0,0,0,0,1
0.8883723564880501,0.19379447484714793,"4194.                   After detecting and inspecting the accident site, the following accident chart became clear: -  The offending and the damaged vehicle are coming from the north towards the south in the middle lane that is damaged in the front and the one behind it while driving and due to lack of attention of the offending driver and negligence while driving and his speed without taking into account the conditions of the road and not leaving enough distance between the two vehicles. The front of the motorcycle collided with the rear of the damaged vehicle and then the bike rushed forward and deteriorated in the middle of the intersection and the driver fell on the floor of the road according to the picture in the plan, the accident was planned and the necessary measures were taken.",-0.19746179160121255,-0.4015453331379524,-0.3676863281700941,1,0,0,0,1,0,0,0.9819407286569216,0,0,1,0,0,0,0,0,0,0,0,0,0,0,0,0,0,0,0,0,0,0,0,0,0,0,1,0,0,0,1,0,0,1,0,0,0,0,0,0,0,0,0,0,0,0,0,0,0,0,0,0,0,0,1,0,0,0,0,0,0,0,0,1,0,0,0,0,0,0,0,0,1,0,0,0,0,0,0,0,0,0,0,1,0,0,0,0,0,1,0,1,0,0,0,0,0,1,0,0,1,0,0,0
-0.12255942464560447,0.19379447484714793,"4195.                   After detecting and inspecting the accident site, the following accident chart became clear: Before the accident, the vehicle was hit by a parking situation near the side car door, and during that it encountered the advent of the offending car, and according to the testimony of the runaway, the offending driver veered to the left and collided from the front corner to the left with the vehicle, which led to her injury and was taken to the hospital by a civilian car and thus the accident occurred. The accident was planned and necessary. ",-0.19746179160121255,-0.4015453331379524,-0.3676863281700941,0,1,0,0,1,0,0,0.9819407286569216,0,0,1,0,0,0,0,0,0,0,0,0,0,0,0,0,0,0,0,0,0,0,0,0,0,0,1,0,0,0,1,0,0,1,0,0,0,0,0,0,0,0,0,0,0,0,0,0,0,0,0,0,0,0,1,0,0,0,0,0,0,0,0,1,0,0,0,0,0,0,0,0,1,0,0,0,0,0,0,0,0,0,0,1,0,0,0,0,0,0,1,0,1,0,0,0,1,0,0,0,1,0,0,0
-0.38859410389130306,0.056608801033463114,"4196.                   After detecting and inspecting the accident site by the policeman, the chart of the accident revealed the following: - While the offending vehicle was coming from the east towards the west, the middle path of the road was walked from the street and when it entered the intersection, and because it crossed the red signal, it happened that the two damaged vehicles entered in front of it coming from the north towards the south, taking the middle path to collide with the front of the causing vehicle on the rear left side of the first damaged vehicle to deflect the damaged vehicle The first is due to the force of collision and rotates at the site of the accident and deviates towards the second damaged vehicle behind it and collides with the front left corner of it on the front left side of the second damaged vehicle, and the three vehicles stop in the middle of the intersection, causing severe damage to the three vehicles.",-0.19746179160121255,-0.4015453331379524,0.6331117943832852,0,1,0,0,1,0,0,0.9969346237737694,0,0,0,0,0,0,0,0,0,0,0,0,0,0,0,0,0,0,0,0,0,0,0,0,1,0,0,0,1,0,1,0,0,1,0,0,0,0,0,0,0,0,0,0,0,0,0,0,0,0,0,0,0,0,1,0,0,0,0,0,0,0,0,0,1,0,0,0,0,0,0,0,1,0,0,0,0,0,0,0,0,0,0,1,0,0,0,0,0,1,0,0,0,1,0,0,0,1,0,0,1,0,0,0
-0.6546287831370016,-0.972283752569173,"4197.                   After detecting and inspecting the accident site by the policeman, the chart of the accident revealed the following: - While the offending vehicle was coming from the east towards the west, the middle path of the road was walked from the street and when it entered the intersection, and because it crossed the red signal, it happened that the two damaged vehicles entered in front of it coming from the north towards the south, taking the middle path to collide with the front of the causing vehicle on the rear left side of the first damaged vehicle to deflect the damaged vehicle The first is due to the force of collision and rotates at the site of the accident and deviates towards the second damaged vehicle behind it and collides with the front left corner of it on the front left side of the second damaged vehicle, and the three vehicles stop in the middle of the intersection, causing severe damage to the three vehicles.",-2.637685636673014,-0.4015453331379524,-2.3692825732768528,0,1,0,0,1,0,0,1.1042887239206012,0,0,0,1,0,0,0,0,0,0,0,0,0,0,0,0,0,0,0,0,0,0,0,0,0,0,0,1,0,0,1,0,0,1,0,0,0,0,0,0,0,0,0,0,0,0,0,0,0,0,0,0,0,0,0,0,0,0,0,1,0,0,0,0,1,0,0,0,0,0,0,1,0,0,0,0,0,0,0,0,0,0,0,0,1,0,0,0,0,1,0,0,0,0,1,0,0,0,1,0,0,0,0,1