Age of the injured,Str Code,Accident Description,Road speed limit,Pedestrian action,Number of Lanes,Gender_F,Gender_M,Week_Fifth week,Week_First week,Week_Fourth week,Week_Second week,Week_Third week,Date_time,Reasons__??? ????? ?????? ?????? ???? ????? ??? ???? ???????,Reasons__???? ?? ??????? (???),Reasons__Bypassing the red traffic light,Reasons__Driving back without attention,Reasons__Driving back without traffic clearance,Reasons__Driving in the opposite direction,Reasons__Entering main road without traffic clearance,Reasons__Exceeding speed limit,Reasons__Fatigue and drowsiness,Reasons__Faults in the road,Reasons__Ignoring road lane,Reasons__Ignoring traffic lights,Reasons__Lack of driving awareness,Reasons__Misuse of traffic,Reasons__Negligence and inobservance,Reasons__Negligent driving,Reasons__Not giving priority to pedestrian crossing,Reasons__Not giving way / not giving priority,Reasons__Not leaving enough space,Reasons__Not observing the stop sign,Reasons__Not securing vehicle stability while stopping,Reasons__Speedy without taking road conditions into account,Reasons__Sudden deviation,Reasons__Sudden stop,Reasons__Tyre burst,Reasons__under influence of intoxicant or narcotic drug,__Al Madina Police Station,__Khaldiya Police Station,__Shaabiya Police Station,Streetname_Intersection,Streetname_Street,place__Bridge / Tunnel,place__Coastal area,place__Commercial area,place__Fuel Station,place__Govt. authority,place__Hospital,place__Island,place__Mosque,place__One level intersection,place__Other,place__Park,place__Residential area,place__Sand area,place__School,place__Work area,place__external road,place__unknown,location__ ,location__Bridge,location__Bridge /  Tunnel,location__Car parking,location__Double road,location__Highway,location__Intersection,location__Off the road,location__Other(specify),location__Roundabout,location__Side parking,location__Single road,location__Tunnel,location__Two-way road,location__Unknown,lighting__day,lighting__night - enough lights,lighting__night - weak lights,intersection__Deviated intersection,intersection__Half Perpendicular Intersection,intersection__Multiple leg Intersection,intersection__Not on Intersection,intersection__Not on or around 20 meters,intersection__Other,intersection__Perpendicular Intersection,intersection__Roundabout,intersection__Turn ,accidentype__Collision while turning,accidentype__Fall,accidentype__Hitting a moving object off the road,accidentype__Hitting a moving object on the road,accidentype__Hitting a stationary object off the road,accidentype__Hitting a stationary object on the road,accidentype__Multiple collision,accidentype__Other (specify),accidentype__Perpendicular collision,accidentype__Person run over,accidentype__Rear collision,accidentype__Reciprocal collision,accidentype__Side collision,accidentype__deterioration,seat belt_N,seat belt_Y,seat_Back passenger seat,seat_Driver's seat,seat_Front passenger seat,seat_No passenger,seat_bike passenger,position_Driver,position_Passenger,position_Pedestrian,nationality_Arab States,nationality_Asian States,nationality_GCC,nationality_Other,nationality_UAE
-0.17576636049474417,-0.8213795113741197,"4198.                   After detecting and inspecting the accident site, the accident planner revealed the following: While the offending vehicle was coming from the south towards the north, taking the far left path, and was in a forward state, and due to the explosion of the vehicle's tire and its sudden swerving, the crash occurred to the sidewalk, and the accident resulted in material damage to the vehicle and injury to the passenger along with the perpetrator, the location of the accident was revealed. The necessary action was conducted.",-1.4175737141371132,-0.4015453331379524,-1.3684844507234735,0,1,0,0,1,0,0,1.3048348072206875,0,0,0,0,0,0,0,0,0,0,0,0,0,0,0,0,0,0,0,0,0,0,0,0,0,1,0,1,0,0,1,0,0,1,0,0,0,0,0,0,0,0,0,0,0,0,0,0,0,0,0,0,0,0,0,0,0,0,1,0,0,0,0,0,1,0,0,0,0,1,0,0,0,0,0,0,0,0,0,0,0,1,0,0,0,0,0,0,0,0,1,0,0,1,0,0,0,1,0,1,0,0,0,0
0.1434752546000941,-0.972283752569173,"4199.                   After detecting and inspecting the accident site, the following accident plan became clear: The causing vehicle was parking in the forbidden area in the road and the run-over person was standing behind the vehicle in order to photograph it and due to the lack of attention of the offending driver and his negligence while driving, he went back without attention and ran over the rear of the vehicle the person according to the picture in the chart. The accident was planned and necessary. ",-0.19746179160121255,-0.4015453331379524,-0.3676863281700941,0,1,0,0,1,0,0,1.306793863589969,0,0,1,0,0,0,0,0,0,0,0,0,0,0,0,0,0,0,0,0,0,0,0,0,0,0,0,1,0,0,1,1,0,0,0,0,0,0,0,0,0,0,0,0,0,0,0,0,0,1,0,0,0,0,0,0,0,0,0,0,0,0,0,1,0,0,0,0,0,0,0,0,1,0,0,0,0,0,0,0,0,0,0,0,0,0,0,1,0,1,0,1,0,0,0,0,0,1,0,0,1,0,0,0
0.1434752546000941,-0.972283752569173,"4200.                   After inspecting the accident site, the following accident chart became clear: - The cause of the vehicle coming from the north towards the south and passing the right lane, and because of the driver under the influence of alcoholic drinks, the front of the causing vehicle collided with the rear of the first damaged vehicle, which led to the collision of the front of the first damaged vehicle with the rear of the second damaged vehicle, and this led to the collision of the front of the second damaged vehicle with the rear of the third damaged vehicle. The accident, physical damage to vehicles + damage to state property (fire nozzle), and so the accident occurred as planned. ",-0.19746179160121255,-0.4015453331379524,-0.3676863281700941,0,1,0,0,1,0,0,1.306793863589969,0,0,1,0,0,0,0,0,0,0,0,0,0,0,0,0,0,0,0,0,0,0,0,0,0,0,0,1,0,0,1,1,0,0,0,0,0,0,0,0,0,0,0,0,0,0,0,0,0,1,0,0,0,0,0,0,0,0,0,0,0,0,0,1,0,0,0,0,0,0,0,0,1,0,0,0,0,0,0,0,0,0,0,0,0,0,0,1,0,1,0,1,0,0,0,0,0,1,0,0,1,0,0,0
-0.12255942464560447,-0.972283752569173,4201.                   Note: The damaged vehicles are in permanent parking condition.,-0.19746179160121255,-0.4015453331379524,-0.3676863281700941,0,1,0,0,1,0,0,1.306793863589969,0,0,1,0,0,0,0,0,0,0,0,0,0,0,0,0,0,0,0,0,0,0,0,0,0,0,0,1,0,0,1,1,0,0,0,0,0,0,0,0,0,0,0,0,0,0,0,0,0,1,0,0,0,0,0,0,0,0,0,0,0,0,0,1,0,0,0,0,0,0,0,0,1,0,0,0,0,0,0,0,0,0,0,0,0,0,0,1,0,0,1,0,1,0,0,0,1,0,0,1,0,0,0,0
0.1434752546000941,-0.972283752569173,"4202.                   After detecting and inspecting the site of the accident, the following accident chart became clear: - While the first offending vehicle was coming from the west towards the east taking the far right path and it was in a forward state, and the second offending vehicle was coming from the south towards the north, the middle lane was moving forward, because of bypassing the red traffic light, a collision occurred between two vehicles that resulted the accident, material damage to the two vehicles and injury to the perpetrators and the passengers, along with the first offender, and so the accident occurred.",-0.19746179160121255,-0.4015453331379524,-0.3676863281700941,0,1,0,0,1,0,0,1.306793863589969,0,0,1,0,0,0,0,0,0,0,0,0,0,0,0,0,0,0,0,0,0,0,0,0,0,0,0,1,0,0,1,1,0,0,0,0,0,0,0,0,0,0,0,0,0,0,0,0,0,1,0,0,0,0,0,0,0,0,0,0,0,0,0,1,0,0,0,0,0,0,0,0,1,0,0,0,0,0,0,0,0,0,0,0,0,0,0,1,0,1,0,1,0,0,0,0,0,1,0,0,1,0,0,0
0.40950993384579265,-0.972283752569173,"4203.                   After detecting and inspecting the site of the accident, the following accident chart became clear: - While the first offending vehicle was coming from the west towards the east taking the far right path and it was in a forward state, and the second offending vehicle was coming from the south towards the north, the middle lane was moving forward, because of bypassing the red traffic light, a collision occurred between two vehicles that resulted the accident, material damage to the two vehicles and injury to the perpetrators and the passengers, along with the first offender, and so the accident occurred.",-0.19746179160121255,-0.4015453331379524,-0.3676863281700941,0,1,0,0,1,0,0,1.306793863589969,0,0,1,0,0,0,0,0,0,0,0,0,0,0,0,0,0,0,0,0,0,0,0,0,0,0,0,1,0,0,1,1,0,0,0,0,0,0,0,0,0,0,0,0,0,0,0,0,0,1,0,0,0,0,0,0,0,0,0,0,0,0,0,1,0,0,0,0,0,0,0,0,1,0,0,0,0,0,0,0,0,0,0,0,0,0,0,1,0,0,1,0,1,0,0,0,1,0,0,0,1,0,0,0
-0.8674565265335604,0.6602257658136763,"4204.                   After detecting and inspecting the site of the accident, the following accident chart became clear: - While the first offending vehicle was coming from the west towards the east taking the far right path and it was in a forward state, and the second offending vehicle was coming from the south towards the north, the middle lane was moving forward, because of bypassing the red traffic light, a collision occurred between two vehicles that resulted the accident, material damage to the two vehicles and injury to the perpetrators and the passengers, along with the first offender, and so the accident occurred.",-0.19746179160121255,-0.4015453331379524,-0.3676863281700941,1,0,0,0,1,0,0,1.3228274813609047,0,0,1,0,0,0,0,0,0,0,0,0,0,0,0,0,0,0,0,0,0,0,0,0,0,0,0,0,1,0,1,0,0,0,0,0,0,0,0,0,0,0,1,0,0,0,0,0,0,0,0,0,0,0,1,0,0,0,0,0,0,0,0,0,1,0,0,0,0,0,0,0,1,0,0,0,0,0,0,0,0,0,0,1,0,0,0,0,0,0,1,0,0,1,0,0,0,1,0,0,0,1,0,0
0.24988912629837354,0.6602257658136763,"4205.                   After detecting and inspecting the site of the accident, the following accident chart became clear: - While the first offending vehicle was coming from the west towards the east taking the far right path and it was in a forward state, and the second offending vehicle was coming from the south towards the north, the middle lane was moving forward, because of bypassing the red traffic light, a collision occurred between two vehicles that resulted the accident, material damage to the two vehicles and injury to the perpetrators and the passengers, along with the first offender, and so the accident occurred.",-0.19746179160121255,-0.4015453331379524,-0.3676863281700941,1,0,0,0,1,0,0,1.3228274813609047,0,0,1,0,0,0,0,0,0,0,0,0,0,0,0,0,0,0,0,0,0,0,0,0,0,0,0,0,1,0,1,0,0,0,0,0,0,0,0,0,0,0,1,0,0,0,0,0,0,0,0,0,0,0,1,0,0,0,0,0,0,0,0,0,1,0,0,0,0,0,0,0,1,0,0,0,0,0,0,0,0,0,0,1,0,0,0,0,0,1,0,0,1,0,0,0,1,0,0,0,0,1,0,0
-0.38859410389130306,-0.8076609439927512,"4206.                   After detecting and inspecting the site of the accident, the following accident chart became clear: - While the first offending vehicle was coming from the west towards the east taking the far right path and it was in a forward state, and the second offending vehicle was coming from the south towards the north, the middle lane was moving forward, because of bypassing the red traffic light, a collision occurred between two vehicles that resulted the accident, material damage to the two vehicles and injury to the perpetrators and the passengers, along with the first offender, and so the accident occurred.",-0.19746179160121255,2.490378837640347,-0.3676863281700941,1,0,0,0,1,0,0,1.4278941916687429,0,0,0,0,0,0,0,0,0,0,0,0,0,1,0,0,0,0,0,0,0,0,0,0,0,0,0,0,1,0,1,0,0,1,0,0,0,0,0,0,0,0,0,0,0,0,0,0,0,0,0,0,1,0,0,0,0,0,0,0,0,0,0,1,0,0,0,0,0,0,1,0,0,0,0,0,0,0,0,0,0,0,0,0,1,0,0,0,0,1,0,0,0,0,1,0,0,0,1,0,0,0,0,1
-0.2289732963438839,-0.972283752569173,"4207.                   After detecting and inspecting the accident site, the following accident chart became clear: - The offending vehicle is coming from the north towards the south, the middle path is walked, and the damaged vehicle is coming from the west towards the east, moving on the far left, and because of the vehicle that caused the offense, the red traffic light causing harm collided with the front of the causing vehicle colliding on the left side of the damaged vehicle and the accident resulted in material damage to the vehicles and thus the accident occurred as planned.",-0.19746179160121255,-0.4015453331379524,0.6331117943832852,0,1,1,0,0,0,0,1.4289886365677829,0,0,0,0,0,0,0,0,0,0,0,0,0,0,0,0,0,0,1,0,0,0,0,0,0,0,0,0,1,0,1,0,0,1,0,0,0,0,0,0,0,0,0,0,0,0,0,0,0,0,0,0,1,0,0,0,0,0,0,0,0,0,0,1,0,0,0,0,0,0,0,0,1,0,0,0,0,0,0,0,0,0,0,0,0,1,0,0,0,0,1,0,1,0,0,0,1,0,0,0,0,0,0,1
0.46271686969493236,1.3873098370262058,"4208.                   After detecting and inspecting the accident site, the following accident chart became clear: - The offending vehicle is coming from the north towards the south, the middle path is walked, and the damaged vehicle is coming from the west towards the east, moving on the far left, and because of the vehicle that caused the offense, the red traffic light causing harm collided with the front of the causing vehicle colliding on the left side of the damaged vehicle and the accident resulted in material damage to the vehicles and thus the accident occurred as planned.",-0.19746179160121255,-0.4015453331379524,0.6331117943832852,1,0,1,0,0,0,0,1.5329609019765813,0,0,1,0,0,0,0,0,0,0,0,0,0,0,0,0,0,0,0,0,0,0,0,0,0,0,0,0,1,0,1,0,0,1,0,0,0,0,0,0,0,0,0,0,0,0,0,0,0,0,0,0,0,0,1,0,0,0,0,0,0,0,0,1,0,0,0,0,0,0,0,0,1,0,0,0,0,0,0,0,0,0,0,1,0,0,0,0,0,0,1,0,1,0,0,0,1,0,0,1,0,0,0,0
0.03706138290181467,0.19379447484714793,"4209.                   After detecting and inspecting the accident site, the following accident chart became clear: - The run-over person cuts the road from west to east from a place not designated for pedestrians, while the causing vehicle is moving from south towards the north with the left lane. Due to the lack of attention of the offending driver and his negligence while driving and speeding without taking into account the road conditions, he did not pay attention to the woman in front of him and ran over her by the front of the mirror vehicle. The woman who was crossing the road without attention and fell that was hit in the middle of the left lane five meters away from the runaway point according to the picture in the chart while the offending driver managed to escape with his vehicle after the accident. The accident was charted and necessary action was done.",-0.19746179160121255,2.490378837640347,1.6339099169366647,0,1,1,0,0,0,0,1.6338139994231156,0,0,0,0,0,0,0,0,0,0,0,0,0,0,0,0,0,0,0,0,0,0,0,0,0,1,0,0,1,0,1,0,0,1,0,0,0,0,0,0,0,0,0,0,0,0,0,0,0,0,0,0,0,0,1,0,0,0,0,0,0,0,0,0,1,0,0,0,0,0,0,0,1,0,0,0,0,0,0,0,0,0,0,0,1,0,0,0,0,1,0,0,0,0,1,0,0,0,1,0,1,0,0,0
-0.5482149114387221,-0.8213795113741197,"4210.                   After detecting and inspecting the accident site, the following became clear: The causing vehicle coming from the east towards the west takes the second lane from the left, and the damaged vehicle is traveling directly in front of it in the same lane, and because of not leaving enough distance by the offending driver, the front of his vehicle collided with the rear of the damaged vehicle, which reduced its speed when it was nearing its arrival from the intersection, resulting in the injury of the driver causing a medium injuries, he was admitted to Sheikh Khalifa Hospital in a moderate general condition. It also resulted in material damage to vehicles. The site of the accident was examined and necessary action was taken.",-0.19746179160121255,2.490378837640347,-1.3684844507234735,1,0,0,1,0,0,0,1.6514892845426112,0,0,0,0,0,0,0,0,0,0,0,0,0,0,0,0,0,0,0,0,0,1,0,0,0,0,0,0,1,0,1,0,0,1,0,0,0,0,0,0,0,0,0,0,0,0,0,0,0,0,0,0,1,0,0,0,0,0,0,0,0,0,0,0,0,1,0,0,0,0,1,0,0,0,0,0,0,0,0,0,0,0,0,0,1,0,0,0,0,1,0,0,0,0,1,0,0,0,1,0,0,0,1,0
-0.44180103974044277,-0.9860023199505414,"4211.                   After detecting and inspecting the accident site, the following became clear:  While the driver of the offending vehicle was turning left at the intersection coming from the east and turning towards the south, bypassing the red traffic light, the driver of the injured vehicle happened to come from the west towards the east, taking the middle path to collide with the front of his vehicle at the right rear side of the offender's vehicle, and so the accident occurred.",-2.637685636673014,-0.4015453331379524,-2.3692825732768528,0,1,0,1,0,0,0,-0.8879402702508681,0,0,0,0,0,0,0,0,0,0,0,0,0,0,0,0,0,0,0,0,0,0,0,0,0,1,0,0,1,0,1,0,0,1,0,0,0,0,0,0,0,0,0,0,0,0,0,0,0,0,0,1,0,0,0,0,0,0,0,0,0,0,0,0,1,0,0,0,0,1,0,0,0,0,0,0,0,0,0,0,0,0,0,0,1,0,0,0,0,1,0,0,0,0,1,0,0,0,1,0,1,0,0,0
-0.6546287831370016,0.9345971134410459,"4212.                   After detecting and inspecting the accident site, the following accident chart became clear: While the driver was crossing the road over the pedestrian crossing lines and the cat was coming from the north towards the south, and the causing vehicle was coming from the west towards the east, and the second lane was traveling from the left. The red light for pedestrians collided with the vehicle’s front right corner with the body of the vehicle, which led to the stability of the vehicle’s body at a distance of 18.8 meters. The accident resulted in the death of the vehicle, and the driver of the causing vehicle fled the accident site.",-0.19746179160121255,-0.4015453331379524,0.6331117943832852,1,0,0,1,0,0,0,-0.8638515380229981,0,0,1,0,0,0,0,0,0,0,0,0,0,0,0,0,0,0,0,0,0,0,0,0,0,0,0,1,0,0,1,0,0,1,0,0,0,0,0,0,0,0,0,0,0,0,0,0,0,0,0,0,0,0,1,0,0,0,0,0,0,0,0,0,1,0,0,0,0,0,0,0,1,0,0,0,0,0,0,0,0,0,0,1,0,0,0,0,0,0,1,0,0,1,0,0,0,1,0,1,0,0,0,0
-0.4950079755895825,0.9345971134410459,"4213.                   After detecting and inspecting the accident site, the following accident chart became clear: While the causing vehicle was coming from the north towards the south and took the path far right, and in the case of moving forward and the vehicle was coming from the west towards the east, it crossed near the pedestrian crossing lines and because of the speed without taking into account the road conditions by the causing vehicle, the right side mirror of the causing vehicle collided with the object of the vehicle that was hit. A minor injury was caused to the vehicle, and material damage was caused to the vehicle. The site of the accident was examined and the necessary measures were taken.",-0.19746179160121255,-0.4015453331379524,0.6331117943832852,1,0,0,1,0,0,0,-0.8638515380229981,0,0,1,0,0,0,0,0,0,0,0,0,0,0,0,0,0,0,0,0,0,0,0,0,0,0,0,1,0,0,1,0,0,1,0,0,0,0,0,0,0,0,0,0,0,0,0,0,0,0,0,0,0,0,1,0,0,0,0,0,0,0,0,0,1,0,0,0,0,0,0,0,1,0,0,0,0,0,0,0,0,0,0,1,0,0,0,0,0,1,0,0,1,0,0,0,1,0,0,1,0,0,0,0
-0.12255942464560447,-0.972283752569173,"4214.                   After detecting and inspecting the accident site, the following accident chart became clear: While the causing vehicle was coming from the north towards the south and took the path far right, and in the case of moving forward and the vehicle was coming from the west towards the east, it crossed near the pedestrian crossing lines and because of the speed without taking into account the road conditions by the causing vehicle, the right side mirror of the causing vehicle collided with the object of the vehicle that was hit. A minor injury was caused to the vehicle, and material damage was caused to the vehicle. The site of the accident was examined and the necessary measures were taken.",1.0226501309346883,-0.4015453331379524,0.6331117943832852,0,1,0,1,0,0,0,-0.8770067657094586,0,0,0,0,0,0,0,0,0,0,0,0,0,0,0,0,0,0,0,0,0,0,1,0,0,0,0,1,0,0,1,0,0,0,0,0,0,0,1,0,0,0,0,0,0,0,0,0,0,0,0,0,0,0,0,0,1,0,0,0,0,0,0,1,0,0,0,0,0,0,1,0,0,0,0,0,0,0,0,0,0,0,0,1,0,0,0,0,0,0,1,0,1,0,0,0,1,0,0,0,1,0,0,0
0.6223376772423516,0.6739443331950448,"4215.                   After detecting and inspecting the accident site, the following accident chart became clear: While the causing vehicle was coming from the north towards the south and took the path far right, and in the case of moving forward and the vehicle was coming from the west towards the east, it crossed near the pedestrian crossing lines and because of the speed without taking into account the road conditions by the causing vehicle, the right side mirror of the causing vehicle collided with the object of the vehicle that was hit. A minor injury was caused to the vehicle, and material damage was caused to the vehicle. The site of the accident was examined and the necessary measures were taken.",1.0226501309346883,-0.4015453331379524,0.6331117943832852,0,1,0,1,0,0,0,-0.8874039922503384,0,0,1,0,0,0,0,0,0,0,0,0,0,0,0,0,0,0,0,0,0,0,0,0,0,0,0,1,0,0,1,0,0,0,0,1,0,0,0,0,0,0,0,0,0,0,0,0,0,0,0,0,0,0,1,0,0,0,0,0,0,0,0,0,1,0,0,0,0,0,0,0,1,0,0,0,0,0,0,0,0,0,0,1,0,0,0,0,0,1,0,1,0,0,0,0,0,1,0,0,1,0,0,0
1.1544070357337486,0.6739443331950448,"4216.                   After detecting and inspecting the accident site, the following accident chart became clear: While the causing vehicle was coming from the north towards the south and took the path far right, and in the case of moving forward and the vehicle was coming from the west towards the east, it crossed near the pedestrian crossing lines and because of the speed without taking into account the road conditions by the causing vehicle, the right side mirror of the causing vehicle collided with the object of the vehicle that was hit. A minor injury was caused to the vehicle, and material damage was caused to the vehicle. The site of the accident was examined and the necessary measures were taken.",1.0226501309346883,-0.4015453331379524,0.6331117943832852,0,1,0,1,0,0,0,-0.8874039922503384,0,0,1,0,0,0,0,0,0,0,0,0,0,0,0,0,0,0,0,0,0,0,0,0,0,0,0,1,0,0,1,0,0,0,0,1,0,0,0,0,0,0,0,0,0,0,0,0,0,0,0,0,0,0,1,0,0,0,0,0,0,0,0,0,1,0,0,0,0,0,0,0,1,0,0,0,0,0,0,0,0,0,0,1,0,0,0,0,0,1,0,1,0,0,0,0,0,1,0,0,1,0,0,0
-0.12255942464560447,0.5779143615254654,"4217.                   After detecting and inspecting the accident site, the following accident chart became clear: The vehicles involved in the accident are moving from the west towards the east. The causing vehicle is clearing the right lane that enters the exit to the right, while the damaged vehicles are passable to the main street, due to the lack of attention of the driver who caused him and his negligence while driving and his speed without taking into account the road conditions. Turning left confusion for the third victim who tried not to collide with the vehicle. The causing car lost control of the steering wheel, turning to the right, deteriorating into the side street after hitting the sidewalk and then colliding with the vehicle. The one who caused the second damaged vehicle and the second vehicle collided with the third damaged vehicle and the third damaged vehicle rushed and collided with the separating street island sidewalk according to the picture in the chart. The accident was planned and necessary action was taken.",-0.19746179160121255,-0.4015453331379524,0.6331117943832852,0,1,0,1,0,0,0,-0.8734717086855595,0,0,1,0,0,0,0,0,0,0,0,0,0,0,0,0,0,0,0,0,0,0,0,0,0,0,0,1,0,0,1,0,0,1,0,0,0,0,0,0,0,0,0,0,0,0,0,0,0,0,0,0,0,0,1,0,0,0,0,0,0,0,0,1,0,0,0,0,0,0,0,0,1,0,0,0,0,0,0,0,0,0,0,1,0,0,0,0,0,0,1,0,1,0,0,0,1,0,0,1,0,0,0,0
-0.12255942464560447,-0.8488166461368566,"4218.                   After detecting and inspecting the accident site by the policeman, the chart of the accident revealed the following: -  While the causing vehicle was coming from the south towards the north, taking the right lane, which consists of two lanes towards the Said bin Tahnoun intersection, and upon entering the intersection and bypassing the red traffic light happened to enter the damaged vehicle coming from the east towards the west, taking the middle path from the right, which consists of four lanes The driver of the vehicle that caused an accident would cause the front of his vehicle to collide with the side and the left rear door, and the vehicles would stop in the middle of the intersection, causing severe material damage to the two vehicles and injuring the passenger with the injured driver.",-0.19746179160121255,-0.4015453331379524,0.6331117943832852,0,1,0,1,0,0,0,-0.8701664850904587,0,0,0,0,0,0,0,0,0,0,0,0,0,0,0,0,0,0,1,0,0,0,0,0,0,0,0,0,1,0,1,0,0,1,0,0,0,0,0,0,0,0,0,0,0,0,0,0,0,0,0,0,0,0,1,0,0,0,0,0,0,0,0,1,0,0,0,0,0,0,0,0,1,0,0,0,0,0,0,0,0,0,0,0,0,1,0,0,0,0,1,0,1,0,0,0,1,0,0,1,0,0,0,0
-0.2289732963438839,-0.8488166461368566,"4219.                   After detecting and inspecting the accident site by the policeman, the chart of the accident revealed the following: -  While the causing vehicle was coming from the south towards the north, taking the right lane, which consists of two lanes towards the Said bin Tahnoun intersection, and upon entering the intersection and bypassing the red traffic light happened to enter the damaged vehicle coming from the east towards the west, taking the middle path from the right, which consists of four lanes The driver of the vehicle that caused an accident would cause the front of his vehicle to collide with the side and the left rear door, and the vehicles would stop in the middle of the intersection, causing severe material damage to the two vehicles and injuring the passenger with the injured driver.",-0.19746179160121255,-0.4015453331379524,0.6331117943832852,1,0,0,1,0,0,0,-0.8701664850904587,0,0,0,0,0,0,0,0,0,0,0,0,0,0,0,0,0,0,1,0,0,0,0,0,0,0,0,0,1,0,1,0,0,1,0,0,0,0,0,0,0,0,0,0,0,0,0,0,0,0,0,0,0,0,1,0,0,0,0,0,0,0,0,1,0,0,0,0,0,0,0,0,1,0,0,0,0,0,0,0,0,0,0,0,0,1,0,0,0,0,1,0,1,0,0,0,1,0,0,0,0,0,0,1
-0.761042654835281,1.1815313263056786,"4220.                   After inspecting the accident site, the following accident plan became clear: The offending vehicle is coming from the north towards the south, taking the right lane, while the first damaged vehicle is traveling from the west to the east, passing the lane, and the second damaged vehicle was in a final stop in the direction of north-south with the left lane according to the initial plan. Without taking into account the conditions of the road, the perpetrator crossed the red light and hit the front of the first damaged vehicle on the right side of the offending vehicle, then the causing driver lost control of a wheel.  The driving deviated from its course and collided with the traffic guide sign, and the plate fell at the corner of the front of the second damaged vehicle, which was in a state and final stop at the intersection, thus the accident occurred. The accident was planned and necessary action was taken.",-0.19746179160121255,-0.4015453331379524,0.6331117943832852,0,1,0,1,0,0,0,-0.8823148234698025,0,0,1,0,0,0,0,0,0,0,0,0,0,0,0,0,0,0,0,0,0,0,0,0,0,0,0,1,0,0,1,0,0,0,0,0,0,0,0,0,0,0,1,0,0,0,0,0,0,0,0,0,0,0,1,0,0,0,0,0,0,0,0,1,0,0,0,0,0,0,0,0,1,0,0,0,0,0,0,0,0,0,0,1,0,0,0,0,0,0,1,0,1,0,0,0,1,0,0,0,0,0,0,1
0.7819584847897707,0.9208785460596774,"4221.                   After detecting and inspecting the accident site, the following accident plan became clear:  The two vehicles are traveling from the west towards the east, following the right lane, and while driving, lack of attention of the driver causing his negligence while driving and his speed without taking into account the conditions of the road and not leaving enough distance between the vehicles driving in front of him. The front of his vehicle collided with the rear of the damaged vehicle according to the picture in the chart. The accident was planned and necessary action was taken.",-0.19746179160121255,-0.4015453331379524,-0.3676863281700941,1,0,0,1,0,0,0,-0.8781012106084986,0,0,0,0,0,0,0,0,0,0,0,0,0,0,0,0,0,0,1,0,0,0,0,0,0,0,0,0,1,0,1,0,0,1,0,0,0,0,0,0,0,0,0,0,0,0,0,0,0,0,0,0,0,1,0,0,0,0,0,0,0,0,0,1,0,0,0,0,0,0,1,0,0,0,0,0,0,0,0,0,0,0,0,0,0,1,0,0,0,1,0,1,0,0,0,0,0,1,0,0,1,0,0,0
0.35630299799665294,1.3873098370262058,"4222.                   After detecting and inspecting the accident site, the following accident chart became clear: - The two vehicles are traveling from the west towards the east, following the right lane, and while driving, lack of attention of the driver causing his negligence while driving and his speed without taking into account the conditions of the road and not leaving enough distance between the vehicles driving in front of him. The front of his vehicle collided with the rear of the damaged vehicle according to the picture in the chart. The accident was planned and necessary action was taken.",-0.19746179160121255,-0.4015453331379524,0.6331117943832852,1,0,0,1,0,0,0,-0.8759123208104186,0,0,1,0,0,0,0,0,0,0,0,0,0,0,0,0,0,0,0,0,0,0,0,0,0,0,0,0,1,0,1,0,0,1,0,0,0,0,0,0,0,0,0,0,0,0,0,0,0,0,0,0,0,0,1,0,0,0,0,0,0,0,0,1,0,0,0,0,0,0,0,0,1,0,0,0,0,0,0,0,0,0,0,1,0,0,0,0,0,0,1,0,1,0,0,0,1,0,0,0,0,0,0,1