Age of the injured,Str Code,Accident Description,Road speed limit,Pedestrian action,Number of Lanes,Gender_F,Gender_M,Week_Fifth week,Week_First week,Week_Fourth week,Week_Second week,Week_Third week,Date_time,Reasons__??? ????? ?????? ?????? ???? ????? ??? ???? ???????,Reasons__???? ?? ??????? (???),Reasons__Bypassing the red traffic light,Reasons__Driving back without attention,Reasons__Driving back without traffic clearance,Reasons__Driving in the opposite direction,Reasons__Entering main road without traffic clearance,Reasons__Exceeding speed limit,Reasons__Fatigue and drowsiness,Reasons__Faults in the road,Reasons__Ignoring road lane,Reasons__Ignoring traffic lights,Reasons__Lack of driving awareness,Reasons__Misuse of traffic,Reasons__Negligence and inobservance,Reasons__Negligent driving,Reasons__Not giving priority to pedestrian crossing,Reasons__Not giving way / not giving priority,Reasons__Not leaving enough space,Reasons__Not observing the stop sign,Reasons__Not securing vehicle stability while stopping,Reasons__Speedy without taking road conditions into account,Reasons__Sudden deviation,Reasons__Sudden stop,Reasons__Tyre burst,Reasons__under influence of intoxicant or narcotic drug,__Al Madina Police Station,__Khaldiya Police Station,__Shaabiya Police Station,Streetname_Intersection,Streetname_Street,place__Bridge / Tunnel,place__Coastal area,place__Commercial area,place__Fuel Station,place__Govt. authority,place__Hospital,place__Island,place__Mosque,place__One level intersection,place__Other,place__Park,place__Residential area,place__Sand area,place__School,place__Work area,place__external road,place__unknown,location__ ,location__Bridge,location__Bridge /  Tunnel,location__Car parking,location__Double road,location__Highway,location__Intersection,location__Off the road,location__Other(specify),location__Roundabout,location__Side parking,location__Single road,location__Tunnel,location__Two-way road,location__Unknown,lighting__day,lighting__night - enough lights,lighting__night - weak lights,intersection__Deviated intersection,intersection__Half Perpendicular Intersection,intersection__Multiple leg Intersection,intersection__Not on Intersection,intersection__Not on or around 20 meters,intersection__Other,intersection__Perpendicular Intersection,intersection__Roundabout,intersection__Turn ,accidentype__Collision while turning,accidentype__Fall,accidentype__Hitting a moving object off the road,accidentype__Hitting a moving object on the road,accidentype__Hitting a stationary object off the road,accidentype__Hitting a stationary object on the road,accidentype__Multiple collision,accidentype__Other (specify),accidentype__Perpendicular collision,accidentype__Person run over,accidentype__Rear collision,accidentype__Reciprocal collision,accidentype__Side collision,accidentype__deterioration,seat belt_N,seat belt_Y,seat_Back passenger seat,seat_Driver's seat,seat_Front passenger seat,seat_No passenger,seat_bike passenger,position_Driver,position_Passenger,position_Pedestrian,nationality_Arab States,nationality_Asian States,nationality_GCC,nationality_Other,nationality_UAE
-0.38859410389130306,1.4284655391703112,"4249.                   After detecting and inspecting the accident site, the following accident plan became clear: The offending vehicle is coming from the north towards the east, and the damaged vehicle is coming from the south towards the north, and because of the red signal bypassing the red light, the front of the vehicle that was causing the driver collided with the front of the damaged vehicle from the driver's side as well, and so the accident occurred ...",1.0226501309346883,-0.4015453331379524,0.6331117943832852,0,1,0,0,0,0,1,0.5545818844797895,0,0,1,0,0,0,0,0,0,0,0,0,0,0,0,0,0,0,0,0,0,0,0,0,0,0,0,0,1,0,1,0,0,1,0,0,0,0,0,0,0,0,0,0,0,0,0,0,0,0,0,0,0,0,1,0,0,0,0,0,0,0,0,1,0,0,0,0,0,0,0,0,1,0,0,0,0,0,0,0,0,0,0,1,0,0,0,0,0,0,1,0,1,0,0,0,1,0,0,1,0,0,0,0
-0.7078357189861413,-0.9860023199505414,"4250.                   After detecting and inspecting the accident site, the following accident plan became clear: The offending vehicle is coming from the north towards the east, and the damaged vehicle is coming from the south towards the north, and because of the red signal bypassing the red light, the front of the vehicle that was causing the driver collided with the front of the damaged vehicle from the driver's side as well, and so the accident occurred ...",1.0226501309346883,-0.4015453331379524,0.6331117943832852,0,1,0,0,0,0,1,0.644435810690972,0,0,0,0,0,0,0,0,0,0,0,0,0,0,0,0,0,0,0,0,0,1,0,0,0,0,0,0,1,0,1,0,0,0,0,0,0,0,0,0,0,0,0,0,1,0,0,0,0,0,0,0,0,1,0,0,0,0,0,0,0,0,0,0,1,0,0,0,0,1,0,0,0,0,0,0,0,0,0,0,0,0,0,0,1,0,0,0,0,0,1,0,1,0,0,0,1,0,0,0,0,0,0,1
-0.5482149114387221,-0.9860023199505414,"4251.                   After detecting and inspecting the accident site, the following accident plan became clear:  While the offending vehicle was coming from the south towards the north and was taking the middle lane and was on the way to the front, the damaged vehicle was coming from the south towards the north and was on the road ahead and was traveling the middle path and because of the lack of sufficient distance between the vehicles and the insurance expired for the offending vehicle. The necessary action was taken.",1.0226501309346883,2.490378837640347,0.6331117943832852,1,0,0,0,0,0,1,0.644435810690972,0,0,0,0,0,0,0,0,0,0,0,0,0,0,0,0,0,0,0,0,0,1,0,0,0,0,0,0,1,0,1,0,0,0,0,0,0,0,0,0,0,0,0,0,1,0,0,0,0,0,0,0,0,1,0,0,0,0,0,0,0,0,0,0,1,0,0,0,0,1,0,0,0,0,0,0,0,0,0,0,0,0,0,0,1,0,0,0,0,1,0,0,0,0,1,0,0,0,1,0,1,0,0,0
0.1434752546000941,0.7288186027205187,"4252.                   After detecting and inspecting the accident planner, the following became clear:  In the area of ??Zayed Sports City, in the airport street and at the Al Wumpi intersection, the causing vehicle was coming from the east towards the west, and at the intersection, the driver of the vehicle was traveling to the far left, and he was in a left turn. The driver of the damaged vehicle came from the west towards the east and took the second lane from the left. The red front of the offending driver collided with the front of the offending vehicle on the front left side of the damaged vehicle, which led to the damaged vehicle turning left and settling on the sidewalk. The accident resulted in material damage to the vehicles, and the driver of the damaged vehicle was also slightly injured, and necessary action was taken.",-0.19746179160121255,-0.4015453331379524,-0.3676863281700941,0,1,0,0,0,0,1,0.6580069274390679,0,0,1,0,0,0,0,0,0,0,0,0,0,0,0,0,0,0,0,0,0,0,0,0,0,0,0,0,1,0,1,1,0,0,0,0,0,0,0,0,0,0,0,0,0,0,0,0,0,0,0,0,0,0,1,0,0,0,0,0,0,0,0,1,0,0,0,0,1,0,0,0,0,0,0,0,0,0,0,0,0,0,0,1,0,0,0,0,0,0,1,0,1,0,0,0,1,0,0,0,1,0,0,0
0.03706138290181467,0.7288186027205187,"4253.                   After detection and inspection by the accident planner, the following became clear: - While the driver of the causing vehicle was taking the right lane and towards the outside f om the west towards the east in the traffic area and the traffic street near the Pakistani school and at the bus stop and because of the speed without taking into account the road conditions by the driver, he was surprised that the driver crossed the bus stop to a place not designated for pedestrian crossing coming from the south towards The North and the front of the vehicle causing the vehicle was run over, which led to the vehicle’s body being run over and stabilized at a distance of 67 meters from the runaway point in the far left lane. The accident resulted in the death of the vehicle.  Material damage to the vehicle also resulted, and according to the plan, the accident occurred, and the necessary measures were taken.",-0.19746179160121255,-0.4015453331379524,-0.3676863281700941,0,1,0,0,1,0,0,0.6580069274390679,0,0,1,0,0,0,0,0,0,0,0,0,0,0,0,0,0,0,0,0,0,0,0,0,0,0,0,0,1,0,1,1,0,0,0,0,0,0,0,0,0,0,0,0,0,0,0,0,0,0,0,0,0,0,1,0,0,0,0,0,0,0,0,1,0,0,0,0,1,0,0,0,0,0,0,0,0,0,0,0,0,0,0,1,0,0,0,0,0,0,1,0,0,1,0,0,0,1,0,1,0,0,0,0
-0.33538716804216334,-0.8076609439927512,"4254.                   After detecting and inspecting the accident planner, the following became clear: While the driver of the causing vehicle was taking the right lane and towards the outside from the west towards the east in the traffic area and the traffic street near the Pakistani school and at the bus stop and because of the speed without taking into account the road conditions by the driver, he was surprised that the driver crossed the bus stop to a place not designated for pedestrian crossing coming from the south towards The North and the front of the vehicle causing the vehicle was run over, which led to the vehicle’s body being run over and stabilized at a distance of 67 meters from the runaway point in the far left lane. The accident resulted in the death of the vehicle. Material damage to the vehicle also resulted, and according to the plan, the accident occurred, and the necessary measures were taken.",-0.19746179160121255,2.490378837640347,-0.3676863281700941,1,0,0,0,1,0,0,0.8818427981907249,0,0,0,0,0,0,0,0,0,0,0,0,0,1,0,0,0,0,0,0,0,0,0,0,0,0,1,0,0,0,1,0,0,0,0,0,1,0,0,0,0,0,0,0,0,0,0,0,0,0,0,0,0,1,0,0,0,0,0,0,0,0,0,1,0,0,0,1,0,0,0,0,0,0,0,0,0,0,0,0,0,0,0,0,1,0,0,0,0,1,0,0,0,0,1,0,0,0,1,0,0,0,1,0
-0.2289732963438839,1.222687028449784,"4255.                   After detecting and inspecting the accident site by the Major Accidents Planner, the following became clear:  While the offending vehicle was coming from the east towards the west, the right lane took the right path, and upon entering the intersection bypassing the red traffic light, its entry into the intersection encountered the entry of the first affected vehicle coming from the east towards the south to hit the front of the causing vehicle on the right side of the damaged vehicle, so the causing vehicle deviated from the force of the collision and pushed towards the damaged vehicle The second that was parked is a final stop at the intersection to hit it with its front to the right side of the causing vehicle and deflected after it and hit a signal post by the side of the road and settles at the necessary action.",-0.19746179160121255,-0.4015453331379524,0.6331117943832852,0,1,0,0,1,0,0,1.0865915499031247,0,0,1,0,0,0,0,0,0,0,0,0,0,0,0,0,0,0,0,0,0,0,0,0,0,0,0,0,1,1,0,0,0,1,0,0,0,0,0,0,0,0,0,0,0,0,0,0,0,0,0,0,0,0,1,0,0,0,0,0,0,0,0,1,0,0,0,0,0,0,0,0,1,0,0,0,0,0,0,0,0,0,0,0,0,0,1,0,0,1,0,1,0,0,0,0,0,1,0,0,1,0,0,0
-0.7078357189861413,-0.9860023199505414,"4256.                   After detecting and inspecting the accident site by the serious accidents plan, the following became clear: While the offending vehicle was coming from the east towards the west, the right lane took the right path, and upon entering the intersection bypassing the red traffic light, its entry into the intersection encountered the entry of the first affected vehicle coming from the east towards the south to hit the front of the causing vehicle on the right side of the damaged vehicle, so the causing vehicle deviated from the force of the collision and pushed towards the damaged vehicle The second that was parked is a final stop at the intersection to hit it with its front to the right side of the causing vehicle and deflected after it and hit a signal post by the side of the road and settles at the necessary action.",-1.4175737141371132,-0.4015453331379524,-1.3684844507234735,0,1,0,0,1,0,0,1.0889446064360606,0,0,0,0,0,0,0,0,0,0,0,0,0,0,0,0,0,0,0,1,0,0,0,0,0,0,0,0,1,0,1,0,0,0,0,0,0,0,0,0,0,0,1,0,0,0,0,0,0,0,0,0,0,0,0,0,0,0,0,1,0,0,0,1,0,0,0,0,0,0,1,0,0,0,0,0,0,0,0,0,0,0,0,1,0,0,0,0,0,1,0,0,1,0,0,0,1,0,0,0,0,0,0,1
-0.28218023219302363,1.0717827872547308,"4257.                   After detecting and inspecting the accident site, the following chart became clear:  The run-over person cuts the road from the east to the west from a place not designated for pedestrians, while the causing vehicle is traveling from the south towards the north, the left lane is cleared and while the vehicle is traveling, due to the lack of attention of the offending driver, his negligence while driving, and his lack of appreciation for road users, the front of his vehicle ran over the left front side of the woman. The road was cut off from a place not designated for pedestrians, although there is a tunnel to cross pedestrians five meters from the area of ??the accident. The accident was planned and necessary action was taken.",-0.19746179160121255,-0.4015453331379524,0.6331117943832852,1,0,0,0,1,0,0,1.0902032180699566,0,0,1,0,0,0,0,0,0,0,0,0,0,0,0,0,0,0,0,0,0,0,0,0,0,0,0,1,0,0,1,0,0,1,0,0,0,0,0,0,0,0,0,0,0,0,0,0,0,0,0,0,0,0,1,0,0,0,0,0,0,0,0,1,0,0,0,0,0,0,0,0,1,0,0,0,0,0,0,0,0,0,0,1,0,0,0,0,0,0,1,0,1,0,0,0,1,0,0,0,0,0,0,1
-1.0802842699301194,-0.8350980787554881,"4258.                   After detecting and inspecting the accident site, the following became evident: - While the causing vehicle was coming from the west towards the east, walking the far left, and when it entered the intersection and passed it by the red light signal, the arrow signal happened to enter the damaged vehicle coming from the east towards the west, taking the middle path to collide with the front of the damaged vehicle on the side and the front right corner of the causing vehicle to stop the two vehicles in the middle of the intersection. Necessary action was taken.",-0.19746179160121255,2.490378837640347,-2.3692825732768528,0,1,0,0,1,0,0,1.1020232229795883,0,0,0,0,0,0,0,0,0,0,0,0,0,1,0,0,0,0,0,0,0,0,0,0,0,0,0,0,1,0,1,0,0,1,0,0,0,0,0,0,0,0,0,0,0,0,0,0,0,0,0,0,0,0,0,0,0,0,0,1,0,0,0,0,1,0,0,0,0,1,0,0,0,0,0,0,0,0,0,0,0,0,0,0,1,0,0,0,0,1,0,0,0,0,1,0,0,0,1,1,0,0,0,0
1.4204417149794473,1.1678127589243101,"4259.                   After detecting and inspecting the accident site by the policeman, the chart of the accident became clear as follows: While the vehicle causing the motorcycle was coming from the south towards the north, taking the right lane towards the sub-intersection of Al Muroor Street, and upon entering the sub-intersection without being bound by a stop sign, it happened to enter the damaged vehicle coming from the west towards the east to hit the front of the motorcycle with the left rear corner of the damaged vehicle.",-0.19746179160121255,2.490378837640347,-0.3676863281700941,0,1,0,0,1,0,0,1.2137113249266185,0,0,0,0,0,0,0,0,0,0,0,0,0,1,0,0,0,0,0,0,0,0,0,0,0,0,0,1,0,0,1,0,0,1,0,0,0,0,0,0,0,0,0,0,0,0,0,0,0,0,0,0,0,1,0,0,0,0,0,0,0,0,0,0,1,0,0,0,0,0,0,0,1,0,0,0,0,0,0,0,0,0,0,0,1,0,0,0,0,1,0,0,0,0,1,0,0,0,1,0,1,0,0,0
-0.38859410389130306,-0.7665052418486458,"4260.                   While the offending vehicle was coming from the west toward the east, taking the far left lane, and the damaged vehicle was coming from the east to the west, taking the middle lane from the street, and because of the driver’s failure to abide by the obligatory traffic line and bypassing the red light signal (the arrow signal), the front of the causing vehicle hit the left side. The damaged vehicle then rushed and collided with an irrigated plate, and the damaged vehicle rushed and collided with the filter pavement, according to the drawing, the accident occurred.",-1.4175737141371132,-0.4015453331379524,-0.3676863281700941,1,0,0,0,1,0,0,1.2068710443076187,0,0,0,0,0,0,0,0,0,0,0,0,0,0,0,0,0,0,0,1,0,0,0,0,0,0,0,1,0,0,1,0,0,0,0,1,0,0,0,0,0,0,0,0,0,0,0,0,0,0,0,0,1,0,0,0,0,0,0,0,0,0,0,1,0,0,0,0,0,0,0,0,0,0,1,0,0,0,0,0,0,0,0,1,0,0,0,0,0,1,0,0,1,0,0,0,1,0,0,0,0,0,0,1
0.1434752546000941,-0.972283752569173,"4261.                   After detecting and inspecting the accident site, the following accident plan became clear:  On a secondary street in Madinat Zayed, a run over accident occurred that caused the harm to the vehicle that was causing the injury was coming from the west towards the north and the trample was coming from the east towards the west, and during that, due to the lack of appreciation of the road users, the offending vehicle ran over the front of the vehicle and from the severity of the shock the vehicle settled two meters away from the collision point and thus the accident occurred.",-1.4175737141371132,2.490378837640347,-2.3692825732768528,0,1,0,0,1,0,0,1.2085127116561787,0,0,0,0,0,0,0,0,0,0,0,0,0,1,0,0,0,0,0,0,0,0,0,0,0,0,1,0,0,0,1,0,0,0,0,0,0,0,0,0,0,0,0,0,0,0,0,1,0,0,0,1,0,0,0,0,0,0,0,0,0,0,0,1,0,0,0,0,0,0,0,1,0,0,0,0,0,0,0,0,0,0,0,0,1,0,0,0,0,1,0,0,0,0,1,0,0,0,1,0,1,0,0,0
-1.0802842699301194,-0.9997208873319099,"4262.                   After detecting and inspecting the accident site, the following accident plan became clear: While the causing vehicle was coming from the east and was traveling forward towards the west, the path was on the far right, and the vehicle was coming from the south towards the north and was in the case of moving forward on the pedestrian crossing lines, and because of the pedestrian's crossing of the traffic lights designated for pedestrian crossing and the lack of appreciation of road users before The driver of the vehicle causing the injury. A run-over accident occurred, causing the injury. The accident resulted in material damage to the vehicle and the injury to the person who was hit by the accident site.",1.0226501309346883,-0.4015453331379524,0.6331117943832852,0,1,0,0,1,0,0,1.308052475223865,0,0,0,0,0,0,0,0,0,0,0,0,0,0,0,0,0,0,0,0,0,0,0,0,1,0,0,0,1,0,1,0,0,0,0,0,0,0,0,0,0,0,1,0,0,0,0,0,0,0,0,0,0,1,0,0,0,0,0,0,0,0,0,1,0,0,0,0,0,1,0,0,0,0,0,0,0,0,0,0,0,0,1,0,0,0,0,0,0,1,0,1,0,0,0,0,0,1,0,0,1,0,0,0
0.6223376772423516,1.0443456524919938,"4263.                   The causing vehicle is coming from the north towards the south, passing the middle path, the damaged vehicle is coming from the east to the west, following the center path. And because the driver of the causing vehicle did not comply with the stop sign, the front of the causing vehicle collided with the right side of the damaged vehicle and according to the chart, the accident occurred.",-0.19746179160121255,-0.4015453331379524,1.6339099169366647,0,1,1,0,0,0,0,1.3175741458455128,0,0,1,0,0,0,0,0,0,0,0,0,0,0,0,0,0,0,0,0,0,0,0,0,0,0,0,0,1,0,1,0,0,1,0,0,0,0,0,0,0,0,0,0,0,0,0,0,0,0,0,0,0,0,1,0,0,0,0,0,0,0,0,1,0,0,0,0,0,0,0,0,1,0,0,0,0,0,0,0,0,0,0,1,0,0,0,0,0,0,1,0,1,0,0,0,1,0,0,0,1,0,0,0
0.03706138290181467,0.04289023365209463,"4264.                   After detecting and inspecting the scene of the accident, it became clear to the policeman who planned the following accident: While the first causing vehicle was driving on the street from the south towards the north with a car park with two opposite lanes, the pedestrian crosses the street from the west towards the east while he is running, and because of the lack of appreciation of the road users by the first causing driver and the passage of the second offender, while running without attention, the body of the hitman, the second offender, hit the left door The front of the vehicle causing the first offense, according to the chart in the chart, the accident occurred.",-1.4175737141371132,2.490378837640347,-0.3676863281700941,0,1,1,0,0,0,0,1.5431501839866435,0,0,0,0,0,0,0,0,0,0,0,0,0,0,0,0,1,0,0,0,0,0,0,0,0,0,0,1,0,0,1,0,0,1,0,0,0,0,0,0,0,0,0,0,0,0,0,0,0,0,0,0,0,0,1,0,0,0,0,0,0,0,0,0,1,0,0,0,0,0,0,0,1,0,0,0,0,0,0,0,0,0,0,0,1,0,0,0,0,1,0,0,0,0,1,0,0,0,1,0,1,0,0,0
0.728751548940631,0.6739443331950448,"4265.                   After inspecting and examining the site of the accident, it became clear to the chart as follows: -  While the causing vehicle was driving on Al Sharqi Ring Street and while it was traveling the rear left tire exploded and from the force of the explosion, cracks from the tire hit the interior of the vehicle’s interior, causing the floor to be broken while one of the passengers was sitting and as a result of the explosion, the passenger was injured in the seat near the area affected by the explosion, where he was fractured An open boat, he entered the surgical ward and resulted in material damage to the vehicle. The site of the accident was examined and necessary action was taken",-0.19746179160121255,-0.4015453331379524,0.6331117943832852,0,1,1,0,0,0,0,1.7467059907590896,0,0,1,0,0,0,0,0,0,0,0,0,0,0,0,0,0,0,0,0,0,0,0,0,0,0,0,1,0,0,1,0,0,0,0,0,0,0,0,1,0,0,0,0,0,0,0,0,0,0,0,0,0,0,1,0,0,0,0,0,0,0,0,1,0,0,0,0,0,0,0,0,1,0,0,0,0,0,0,0,0,0,0,1,0,0,0,0,0,0,1,0,1,0,0,0,1,0,0,0,1,0,0,0
0.8883723564880501,0.3035430138980958,"4266.                   After inspecting and inspecting the accident site, the following accident plan became clear: -  The offending vehicle is traveling from the north towards the south, using the second lane to the right of the road, while the damaged vehicle is traveling from the east to the west, clearing the middle lane. During the course of the two vehicles, due to the lack of attention of the offending driver, his negligence while driving, and his failure to abide by the traffic and traffic rules, bypassing the red traffic light, the front of the damaged vehicle hit the front of the offending vehicle on the left side, according to the picture in the diagram, the accident was planned and necessary action was taken",-0.19746179160121255,2.490378837640347,1.6339099169366647,0,1,1,0,0,0,0,1.7486759915773615,0,0,0,0,0,0,0,0,0,0,0,0,0,0,0,0,1,0,0,0,0,0,0,0,0,0,0,0,1,0,1,0,0,1,0,0,0,0,0,0,0,0,0,0,0,0,0,0,0,0,0,0,1,0,0,0,0,0,0,0,0,0,0,0,1,0,0,0,0,0,1,0,0,0,0,0,0,0,0,0,0,0,0,0,1,0,0,0,0,1,0,0,0,0,1,0,0,0,1,1,0,0,0,0
-0.6014218472878619,0.3035430138980958,"4267.                   After inspecting the accident site from the accident planner, the following became clear: While the causing vehicle was coming from Alkasir towards the marina intersection and at the intersection, the caster crossed from the marina towards the Hilton intersection, and because of not giving priority to pedestrian crossing at the intersection, he ran over the front of the vehicle to the left side of the person’s body, which resulted in the injury of the vehicle, and according to the planning, the accident occurred.",-0.19746179160121255,2.490378837640347,1.6339099169366647,0,1,0,1,0,0,0,1.7486759915773615,0,0,0,0,0,0,0,0,0,0,0,0,0,0,0,0,1,0,0,0,0,0,0,0,0,0,0,0,1,0,1,0,0,1,0,0,0,0,0,0,0,0,0,0,0,0,0,0,0,0,0,0,1,0,0,0,0,0,0,0,0,0,0,0,1,0,0,0,0,0,1,0,0,0,0,0,0,0,0,0,0,0,0,0,1,0,0,0,0,1,0,0,1,0,0,0,1,0,0,0,1,0,0,0
-0.44180103974044277,-0.8488166461368566,"4268.                   After detecting and inspecting the accident site by the policeman, the chart of the accident became clear as follows: While the offending vehicle was coming from the south towards the north, the middle lane on the right side, and when it reached the intersection and crossed it with the red traffic light, its entry coincides with the entry of the damaged vehicle coming from the east towards the west to collide with the front of the causing vehicle on the side and the left rear door to stop the two vehicles at the site of the accident.",-0.19746179160121255,-0.4015453331379524,-2.3692825732768528,0,1,0,1,0,0,0,-0.7729250558107563,0,0,0,0,0,0,0,0,0,0,0,0,0,0,0,0,0,0,0,0,0,1,0,0,0,0,0,1,0,0,1,0,0,0,1,0,0,0,0,0,0,0,0,0,0,0,0,0,0,0,0,0,0,0,0,0,1,0,0,0,0,0,0,1,0,0,0,0,0,0,0,0,1,0,0,0,0,0,0,0,0,0,0,0,1,0,0,0,0,1,0,0,0,0,1,0,0,0,1,0,1,0,0,0
0.728751548940631,-0.9997208873319099,"4269.                   After inspecting the accident site by an operating patrol, and then the Serious Accidents Patrol to rebuild the traffic accident, the following is revealed: -  While the causing vehicle was coming from the east towards the west, crossing the middle lane from the left, I was surprised after it crossed and arrived near the Abu Dhabi Travel Office by crossing the vehicle coming from the north towards the south on the street from the pedestrian crossing lines and because of the lack of priority given to pedestrian crossing by the driver who ran over the bike The motorbike with its front was run over, so that the victim fell on the street affected by his wounds, and the motorcyclist then fell onto the main street due to the force of the trampling, and the necessary measures were taken.",-2.637685636673014,-0.4015453331379524,-2.3692825732768528,0,1,0,1,0,0,0,-0.7649574969457453,0,0,0,0,0,0,0,0,0,0,0,0,0,0,0,0,0,0,0,0,0,1,0,0,0,0,0,0,1,0,1,0,0,1,0,0,0,0,0,0,0,0,0,0,0,0,0,0,0,0,0,1,0,0,0,0,0,0,0,0,0,0,0,1,0,0,0,0,0,1,0,0,0,0,0,0,0,0,0,0,0,0,0,0,1,0,0,0,0,1,0,0,0,0,1,0,0,0,1,0,0,0,1,0
-0.28218023219302363,-0.972283752569173,"4270.                   After inspecting the accident site by an operating patrol, and then the Serious Accidents Patrol to rebuild the traffic accident, the following is revealed: -  While the causing vehicle was coming from the east towards the west, crossing the middle lane from the left, I was surprised after it crossed and arrived near the Abu Dhabi Travel Office by crossing the vehicle coming from the north towards the south on the street from the pedestrian crossing lines and because of the lack of priority given to pedestrian crossing by the driver who ran over the bike The motorbike with its front was run over, so that the victim fell on the street affected by his wounds, and the motorcyclist then fell onto the main street due to the force of the trampling, and the necessary measures were taken.",-0.19746179160121255,2.490378837640347,0.6331117943832852,1,0,0,1,0,0,0,-0.7539911590573647,0,0,0,0,0,0,0,0,0,0,0,0,0,0,0,0,0,0,0,0,0,1,0,0,0,0,0,1,0,0,1,0,0,1,0,0,0,0,0,0,0,0,0,0,0,0,0,0,0,0,0,0,0,1,0,0,0,0,0,0,0,0,0,0,1,0,0,0,0,0,1,0,0,0,0,0,0,0,0,0,0,0,0,0,1,0,0,0,0,1,0,0,0,0,1,0,0,0,1,0,0,0,1,0
-0.44180103974044277,0.6465071984323078,"4271.                   After inspecting the accident site by an operating patrol, and then the Serious Accidents Patrol to rebuild the traffic accident, the following is revealed: - While the causing vehicle was coming from the east towards the west, crossing the middle lane from the left, I was surprised after it crossed and arrived near the Abu Dhabi Travel Office by crossing the vehicle coming from the north towards the south on the street from the pedestrian crossing lines and because of the lack of priority given to pedestrian crossing by the driver causing the bike The motorbike with its front was run over, so that the victim fell on the street affected by his wounds, and the motorcyclist then fell onto the main street due to the force of the trampling, and the necessary measures were taken.",-0.19746179160121255,-0.4015453331379524,-0.3676863281700941,0,1,0,1,0,0,0,-0.7650450525376685,0,0,1,0,0,0,0,0,0,0,0,0,0,0,0,0,0,0,0,0,0,0,0,0,0,0,0,0,1,0,1,0,0,0,0,0,0,0,0,0,0,0,1,0,0,0,0,0,0,0,0,0,0,0,1,0,0,0,0,0,0,0,0,1,0,0,0,0,0,0,0,0,1,0,0,0,0,0,0,0,0,0,0,1,0,0,0,0,0,1,0,0,1,0,0,0,1,0,0,0,1,0,0,0
-0.38859410389130306,0.6465071984323078,"4272.                   After detecting and inspecting the accident planner, it became clear as follows: -  The offending vehicle entered the station heading towards the north and the damaged vehicle stopped to fill in fuel and for the speed of the causing vehicle driver, without taking into account the road conditions, he ran over the driver who was walking behind the damaged vehicle and then collided with the damaged vehicle, and according to the chart, the accident occurred.",-0.19746179160121255,-0.4015453331379524,-0.3676863281700941,0,1,0,1,0,0,0,-0.7650450525376685,0,0,1,0,0,0,0,0,0,0,0,0,0,0,0,0,0,0,0,0,0,0,0,0,0,0,0,0,1,0,1,0,0,0,0,0,0,0,0,0,0,0,1,0,0,0,0,0,0,0,0,0,0,0,1,0,0,0,0,0,0,0,0,1,0,0,0,0,0,0,0,0,1,0,0,0,0,0,0,0,0,0,0,1,0,0,0,0,0,1,0,0,1,0,0,0,1,0,0,0,1,0,0,0
1.0479931640354692,1.4284655391703112,"4273.                   After detecting and examining the site of the accident, the following accident plan became clear:  While the causing vehicle was coming from the west towards the east, and in the case of moving forward in the stops, the vehicle was stopped by a vehicle in the middle lane, and upon disembarking from the vehicle, he ran over the front left tire of the vehicle causing the treadmill. The accident resulted in a minor injury to the vehicle.",-0.19746179160121255,-0.4015453331379524,0.6331117943832852,0,1,0,1,0,0,0,-0.7639506076386285,0,0,1,0,0,0,0,0,0,0,0,0,0,0,0,0,0,0,0,0,0,0,0,0,0,0,0,1,0,0,1,0,0,0,1,0,0,0,0,0,0,0,0,0,0,0,0,0,0,0,0,0,0,0,1,0,0,0,0,0,0,0,0,1,0,0,0,0,0,0,0,0,1,0,0,0,0,0,0,0,0,0,0,0,0,1,0,0,0,0,1,0,1,0,0,0,1,0,0,1,0,0,0,0
0.40950993384579265,1.4284655391703112,"4274.                   After inspecting the accident site by the accident planner, the following became clear:  While the causing vehicle was coming from the south, heading to the north, the damaged vehicle came from west to east, and because of the overriding red light signal by the causing vehicle, it collided with its front on the right side of the damaged vehicle, according to planning, the accident occurred.",-0.19746179160121255,-0.4015453331379524,0.6331117943832852,0,1,0,1,0,0,0,-0.7639506076386285,0,0,1,0,0,0,0,0,0,0,0,0,0,0,0,0,0,0,0,0,0,0,0,0,0,0,0,1,0,0,1,0,0,0,1,0,0,0,0,0,0,0,0,0,0,0,0,0,0,0,0,0,0,0,1,0,0,0,0,0,0,0,0,1,0,0,0,0,0,0,0,0,1,0,0,0,0,0,0,0,0,0,0,0,0,1,0,0,0,0,1,0,0,1,0,0,0,1,0,1,0,0,0,0