Age of the injured,Str Code,Accident Description,Road speed limit,Pedestrian action,Number of Lanes,Gender_F,Gender_M,Week_Fifth week,Week_First week,Week_Fourth week,Week_Second week,Week_Third week,Date_time,Reasons__??? ????? ?????? ?????? ???? ????? ??? ???? ???????,Reasons__???? ?? ??????? (???),Reasons__Bypassing the red traffic light,Reasons__Driving back without attention,Reasons__Driving back without traffic clearance,Reasons__Driving in the opposite direction,Reasons__Entering main road without traffic clearance,Reasons__Exceeding speed limit,Reasons__Fatigue and drowsiness,Reasons__Faults in the road,Reasons__Ignoring road lane,Reasons__Ignoring traffic lights,Reasons__Lack of driving awareness,Reasons__Misuse of traffic,Reasons__Negligence and inobservance,Reasons__Negligent driving,Reasons__Not giving priority to pedestrian crossing,Reasons__Not giving way / not giving priority,Reasons__Not leaving enough space,Reasons__Not observing the stop sign,Reasons__Not securing vehicle stability while stopping,Reasons__Speedy without taking road conditions into account,Reasons__Sudden deviation,Reasons__Sudden stop,Reasons__Tyre burst,Reasons__under influence of intoxicant or narcotic drug,__Al Madina Police Station,__Khaldiya Police Station,__Shaabiya Police Station,Streetname_Intersection,Streetname_Street,place__Bridge / Tunnel,place__Coastal area,place__Commercial area,place__Fuel Station,place__Govt. authority,place__Hospital,place__Island,place__Mosque,place__One level intersection,place__Other,place__Park,place__Residential area,place__Sand area,place__School,place__Work area,place__external road,place__unknown,location__ ,location__Bridge,location__Bridge /  Tunnel,location__Car parking,location__Double road,location__Highway,location__Intersection,location__Off the road,location__Other(specify),location__Roundabout,location__Side parking,location__Single road,location__Tunnel,location__Two-way road,location__Unknown,lighting__day,lighting__night - enough lights,lighting__night - weak lights,intersection__Deviated intersection,intersection__Half Perpendicular Intersection,intersection__Multiple leg Intersection,intersection__Not on Intersection,intersection__Not on or around 20 meters,intersection__Other,intersection__Perpendicular Intersection,intersection__Roundabout,intersection__Turn ,accidentype__Collision while turning,accidentype__Fall,accidentype__Hitting a moving object off the road,accidentype__Hitting a moving object on the road,accidentype__Hitting a stationary object off the road,accidentype__Hitting a stationary object on the road,accidentype__Multiple collision,accidentype__Other (specify),accidentype__Perpendicular collision,accidentype__Person run over,accidentype__Rear collision,accidentype__Reciprocal collision,accidentype__Side collision,accidentype__deterioration,seat belt_N,seat belt_Y,seat_Back passenger seat,seat_Driver's seat,seat_Front passenger seat,seat_No passenger,seat_bike passenger,position_Driver,position_Passenger,position_Pedestrian,nationality_Arab States,nationality_Asian States,nationality_GCC,nationality_Other,nationality_UAE
1.101200099884609,1.4284655391703112,"4275.                   After inspecting the accident site by the accident planner, the following became clear:  While the causing vehicle was coming from the south, heading to the north, the damaged vehicle came from west to east, and because of the overriding red light signal by the causing vehicle, it collided with its front on the right side of the damaged vehicle, according to planning, the accident occurred.",-0.19746179160121255,-0.4015453331379524,0.6331117943832852,1,0,0,1,0,0,0,-0.7639506076386285,0,0,1,0,0,0,0,0,0,0,0,0,0,0,0,0,0,0,0,0,0,0,0,0,0,0,0,1,0,0,1,0,0,0,1,0,0,0,0,0,0,0,0,0,0,0,0,0,0,0,0,0,0,0,1,0,0,0,0,0,0,0,0,1,0,0,0,0,0,0,0,0,1,0,0,0,0,0,0,0,0,0,0,0,0,1,0,0,0,0,1,0,1,0,0,0,1,0,0,0,1,0,0,0
-0.44180103974044277,-0.8625352135182252,"4276.                   After inspecting and inspecting the accident site, the following accident plan became clear: -  The offending vehicle is traveling from the east towards the Arabs, using the left lane inside the intersection to the south, while the first and second damaged vehicles are driving from the west towards the east, the first damaged car in the right lane and the second in the middle lane and while driving due to the lack of attention of the offending driver, his negligence while driving, and his non-compliance with traffic and traffic rules He bypassed the red traffic lights and the front of the first damaged vehicle hit the front of the offending vehicle on the right side, then the front of the second damaged vehicle hit the rear of the first damaged vehicle according to the picture in the scheme. The accident was planned and the necessary measures were taken.",-0.19746179160121255,-0.4015453331379524,-0.3676863281700941,0,1,0,1,0,0,0,-0.7781783913261483,0,0,0,0,0,0,0,0,0,0,0,0,0,0,0,0,0,0,0,0,0,1,0,0,0,0,0,0,1,0,1,0,0,1,0,0,0,0,0,0,0,0,0,0,0,0,0,0,0,0,0,0,1,0,0,0,0,0,0,0,0,0,0,0,1,0,0,0,0,0,1,0,0,0,0,0,0,0,0,0,0,0,0,0,0,1,0,0,0,1,0,0,1,0,0,0,1,0,0,0,0,0,0,1
-0.7078357189861413,-0.7665052418486458,"4277.                   After inspecting and inspecting the accident site, the following accident plan became clear: -  The offending vehicle is traveling from the east towards west, using the left lane inside the intersection to the south, while the first and second damaged vehicles are driving from the west towards the east, the first damaged car in the right lane and the second in the middle lane and while driving due to the lack of attention of the offending driver, his negligence while driving, and his non-compliance with traffic and traffic rules He bypassed the red traffic lights and the front of the first damaged vehicle hit the front of the offending vehicle on the right side, then the front of the second damaged vehicle hit the rear of the first damaged vehicle according to the picture in the scheme. The accident was planned and the necessary measures were taken.",-0.19746179160121255,-0.4015453331379524,0.6331117943832852,0,1,0,1,0,0,0,-0.7739100562198923,0,0,0,0,0,0,0,0,0,0,0,0,0,0,0,0,0,0,0,0,0,0,0,0,0,1,0,1,0,0,1,0,0,0,1,0,0,0,0,0,0,0,0,0,0,0,0,0,0,0,0,0,0,1,0,0,0,0,0,0,0,0,0,0,1,0,0,0,0,1,0,0,0,0,0,0,0,0,0,1,0,0,0,0,0,0,0,0,0,1,0,0,1,0,0,0,1,0,0,0,0,0,0,1
-0.4950079755895825,-0.944846617806436,"4278.                   After inspecting the accident site, the following accident plan became clear:  The offending vehicle is traveling from the east towards the Arabs, using the left lane inside the intersection to the south, while the first and second damaged vehicles are driving from the west towards the east, the first damaged car in the right lane and the second in the middle lane and while driving due to the lack of attention of the offending driver, his negligence while driving, and his non-compliance with traffic and traffic rules He bypassed the red traffic lights and the front of the first damaged vehicle hit the front of the offending vehicle on the right side, then the front of the second damaged vehicle hit the rear of the first damaged vehicle according to the picture in the scheme. The accident was planned and the necessary measures were taken.",2.2427620534705888,-0.4015453331379524,0.6331117943832852,0,1,0,1,0,0,0,-0.7757706125482603,0,0,0,0,0,0,0,0,0,0,0,0,0,0,0,0,0,0,1,0,0,0,0,0,0,0,0,1,0,0,1,0,0,0,0,0,0,0,0,0,0,0,1,0,0,0,0,0,0,0,0,0,1,0,0,0,0,0,0,0,0,0,0,0,1,0,0,0,0,0,1,0,0,0,0,0,0,0,0,0,0,0,0,0,0,1,0,0,0,0,1,0,1,0,0,0,1,0,0,0,0,0,0,1
0.03706138290181467,0.46816582247451755,"4279.                   After  inspecting the accident site, the following accident plan became clear: -   Vehicles involved in the accident are traveling north to south The damaged vehicle in the front and causing the motorcycle at the rear is the far right before the accident and during the course of the two vehicles and the lack of attention of the driver causing his negligence while driving and driving the motorcycle at speed without taking into account the road conditions collided with the driver losing control of the steering wheel and the bike collided at the rear The damaged vehicle is on the left, then the bike deteriorated into a motorcycle after the collision and its driver fell on the road floor, and in this way the accident took place. The accident was planned and the necessary measures were taken.",1.0226501309346883,-0.4015453331379524,-0.3676863281700941,0,1,0,1,0,0,0,-0.7576794383671294,0,0,0,0,0,0,0,0,0,0,0,0,0,0,0,0,0,0,0,0,0,1,0,0,0,0,1,0,0,0,1,0,0,1,0,0,0,0,0,0,0,0,0,0,0,0,0,0,0,0,0,0,0,1,0,0,0,0,0,0,0,0,0,0,1,0,0,0,0,1,0,0,0,0,0,0,0,0,0,1,0,0,0,0,0,0,0,0,0,1,0,0,1,0,0,0,1,0,0,1,0,0,0,0
-0.7078357189861413,-0.7665052418486458,"4280.                   After detection and inspection by the accident planner, the following became clear: - While the driver of the vehicle was coming from Hilton Street towards Goldfish and on Corniche Street, and as a result of a sudden swerving by the driver, the front of the vehicle hit the pavement and then collided with the tree, and the accident resulted in the driver's injury, as well as material damage to the vehicle and also caused damage to state property, which is 31 meters of weed + pipe Water + tree large size and the necessary measure was done.",-0.19746179160121255,-0.4015453331379524,-1.3684844507234735,1,0,0,1,0,0,0,-0.7528967141583247,0,0,0,0,0,0,0,0,0,0,0,0,0,0,0,0,0,0,0,0,0,1,0,0,0,0,0,1,0,0,1,0,0,1,0,0,0,0,0,0,0,0,0,0,0,0,0,0,0,0,0,0,1,0,0,0,0,0,0,0,0,0,0,0,1,0,0,0,0,1,0,0,0,0,0,0,0,0,0,0,0,0,0,0,0,0,0,0,1,1,0,0,0,0,0,1,0,1,0,1,0,0,0,0
-0.12255942464560447,1.1266570567802046,"4281.                   After inspecting by the policeman, the scheme of the accident became clear to him the  following: -  While the offending driver was coming from the west towards the east on Al-Khaleej Al-Arabi Street and traveling on the far left, while the injured driver was coming and traveling in the same direction as the offending driver, and because of not leaving enough distance by the offending driver, he collided with the front of his vehicle from the front left corner at the right rear corner of the damaged vehicle, which led to a deviation The vehicle causing the second lane from the left and its deterioration, according to the scheme, the accident occurred",-0.19746179160121255,-0.4015453331379524,-0.3676863281700941,1,0,0,1,0,0,0,-0.7784410581019179,0,0,1,0,0,0,0,0,0,0,0,0,0,0,0,0,0,0,0,0,0,0,0,0,0,0,0,1,0,0,1,0,0,1,0,0,0,0,0,0,0,0,0,0,0,0,0,0,0,0,0,0,0,0,1,0,0,0,0,0,0,0,0,0,1,0,0,0,0,0,0,0,1,0,0,0,0,0,0,0,0,0,0,1,0,0,0,0,0,0,1,0,1,0,0,0,1,0,0,0,0,0,0,1
0.9947862281863296,1.1266570567802046,"4282.                   After detection and inspection by the accident planner, the following became clear:  While the driver of the vehicle was coming from the north towards the south, and on El Mina Street at the Capital intersection, he was taking the right lane and before the turn, he continued marching as a result of speeding without taking into account the road conditions by the driver. The front of the bike collided with the sidewalk at the corner of the turn and the accident resulted in the driver being moderately injured and the necessary measures were taken.",-0.19746179160121255,-0.4015453331379524,-0.3676863281700941,1,0,0,1,0,0,0,-0.7784410581019179,0,0,1,0,0,0,0,0,0,0,0,0,0,0,0,0,0,0,0,0,0,0,0,0,0,0,0,1,0,0,1,0,0,1,0,0,0,0,0,0,0,0,0,0,0,0,0,0,0,0,0,0,0,0,1,0,0,0,0,0,0,0,0,0,1,0,0,0,0,0,0,0,1,0,0,0,0,0,0,0,0,0,0,1,0,0,0,0,0,0,1,0,0,1,0,0,0,1,0,0,0,0,0,1
-0.8674565265335604,0.3446987160422012,"4283.                   After inspecting and inspecting the accident site, the following accident plan became clear: - The motorcycle was coming from the south to the north, and because of the speed without overcoming the road conditions, and during the arrival of the driver near the bump and the failure to reduce the speed, the passenger fell from behind the driver, which led to her rolling onto the street and injuring her as a result, and she was transferred to the hospital.",-0.19746179160121255,2.490378837640347,-0.3676863281700941,0,1,0,1,0,0,0,-0.7769197796922522,0,0,0,0,0,0,0,0,0,0,0,0,0,1,0,0,0,0,0,0,0,0,0,0,0,0,0,1,0,0,1,0,0,1,0,0,0,0,0,0,0,0,0,0,0,0,0,0,0,0,0,0,0,0,1,0,0,0,0,0,0,0,0,0,1,0,0,0,0,0,1,0,0,0,0,0,0,0,0,0,0,0,0,0,1,0,0,0,0,1,0,0,0,0,1,0,0,0,1,1,0,0,0,0
0.40950993384579265,0.37213585080493816,"4284.                   After inspecting and inspecting by the policeman the accident planner of the scene of the accident, it  became clear to him the following: - While the offending vehicle was coming from the west heading across the intersection towards the north, the two damaged vehicles were coming from the east to the west, the damaged one by the second lane from the right, and the second in the far right lane, and because of the red traffic light bypassing the arrow signal specifically by the offending vehicle, it collided with its front on the front right side of the first damaged vehicle. It led to the deviation of the first damaged vehicle and collision with the right side of the front left side of the second damaged vehicle, according to the chart of the drawing, the accident occurred.",-0.19746179160121255,-0.4015453331379524,-0.3676863281700941,0,1,0,1,0,0,0,-0.7675622758054604,0,0,1,0,0,0,0,0,0,0,0,0,0,0,0,0,0,0,0,0,0,0,0,0,0,0,0,1,0,0,1,0,0,1,0,0,0,0,0,0,0,0,0,0,0,0,0,0,0,0,0,0,0,0,1,0,0,0,0,0,0,0,0,1,0,0,0,0,0,0,0,0,1,0,0,0,0,0,0,0,0,0,0,1,0,0,0,0,0,1,0,0,1,0,0,0,1,0,0,1,0,0,0,0
-0.6546287831370016,-0.7665052418486458,"4285.                   After inspecting by the policeman the accident planner of the scene of the accident, it became clear to him the following: -  While the offending vehicle was coming from the west heading across the intersection towards the north, the two damaged vehicles were coming from the east to the west, the damaged one by the second lane from the right, and the second in the far right lane, and because of the red traffic light bypassing the arrow signal specifically by the offending vehicle, it collided with its front on the front right side of the first damaged vehicle. It led to the deviation of the first damaged vehicle and collision with the right side of the front left side of the second damaged vehicle, according to the chart of the drawing, the accident occurred.",-0.19746179160121255,-0.4015453331379524,-0.3676863281700941,0,1,0,1,0,0,0,-0.7752233900987403,0,0,1,0,0,0,0,0,0,0,0,0,0,0,0,0,0,0,0,0,0,0,0,0,0,0,1,0,0,0,1,0,0,1,0,0,0,0,0,0,0,0,0,0,0,0,0,0,0,0,0,0,0,0,1,0,0,0,0,0,0,0,0,0,1,0,0,0,0,0,0,0,1,0,0,0,0,0,0,0,0,0,0,1,0,0,0,0,0,1,0,0,1,0,0,0,1,0,0,0,0,1,0,0
-0.9738703982318399,-0.7665052418486458,"4286.                   After inspecting the accident site, the following accident plan became clear: -  While the first causing vehicle was coming from the north towards the south, taking the left path, and the second causing the vehicle was coming from the west towards the east, and due to the lack of appreciation of the road users by the first causing vehicle and the second offending tracker crossing not on the pedestrian crossing lines, the front right corner collided with the vehicle. The accident happened.",-0.19746179160121255,-0.4015453331379524,-0.3676863281700941,1,0,0,1,0,0,0,-0.7752233900987403,0,0,1,0,0,0,0,0,0,0,0,0,0,0,0,0,0,0,0,0,0,0,0,0,0,0,1,0,0,0,1,0,0,1,0,0,0,0,0,0,0,0,0,0,0,0,0,0,0,0,0,0,0,0,1,0,0,0,0,0,0,0,0,0,1,0,0,0,0,0,0,0,1,0,0,0,0,0,0,0,0,0,0,1,0,0,0,0,0,1,0,1,0,0,0,0,0,1,0,0,0,1,0,0
-0.8142495906844207,-0.7665052418486458,"4287.                   After inspecting the accident site, the following is revealed:  he offending vehicle is coming from the west towards the east, taking the middle lane, and the damaged vehicle is coming from the south towards the north, crossing the middle path. According to the plan, the accident occurred.",-0.19746179160121255,-0.4015453331379524,-0.3676863281700941,1,0,0,1,0,0,0,-0.7752233900987403,0,0,1,0,0,0,0,0,0,0,0,0,0,0,0,0,0,0,0,0,0,0,0,0,0,0,1,0,0,0,1,0,0,1,0,0,0,0,0,0,0,0,0,0,0,0,0,0,0,0,0,0,0,0,1,0,0,0,0,0,0,0,0,0,1,0,0,0,0,0,0,0,1,0,0,0,0,0,0,0,0,0,0,1,0,0,0,0,0,1,0,0,0,1,0,0,0,1,0,0,0,1,0,0
0.03706138290181467,-0.7665052418486458,"4288.                   After detection and inspection by the accident planner, it became clear as follows: - The causing vehicle is coming from the south towards the north, passing the path of the arrow, and the damaged vehicle is coming from the north towards the south, crossing the center path. To bypass the red light by one of the drivers, the front of the damaged vehicle collided with the right side of the offending vehicle and according to the scheme, the accident occurred",-0.19746179160121255,-0.4015453331379524,-0.3676863281700941,0,1,0,1,0,0,0,-0.7752233900987403,0,0,1,0,0,0,0,0,0,0,0,0,0,0,0,0,0,0,0,0,0,0,0,0,0,0,1,0,0,0,1,0,0,1,0,0,0,0,0,0,0,0,0,0,0,0,0,0,0,0,0,0,0,0,1,0,0,0,0,0,0,0,0,0,1,0,0,0,0,0,0,0,1,0,0,0,0,0,0,0,0,0,0,1,0,0,0,0,0,1,0,1,0,0,0,0,0,1,0,0,1,0,0,0
-0.9206634623827001,-0.944846617806436,"4289.                   After detection and inspection by the accident planner, it became clear as follows: - The causing vehicle is coming from the south towards the north, passing the path of the arrow, and the damaged vehicle is coming from the north towards the south, crossing the center path. To bypass the red light by one of the drivers, the front of the damaged vehicle collided with the right side of the offending vehicle and according to the scheme, the accident occurred",1.0226501309346883,2.490378837640347,1.6339099169366647,0,1,0,1,0,0,0,-0.7561253266104926,0,0,0,0,0,0,0,0,0,0,0,0,0,0,0,0,0,0,0,0,0,1,0,0,0,0,0,1,0,0,1,0,0,0,0,0,0,0,0,0,0,0,1,0,0,0,0,0,0,0,0,0,1,0,0,0,0,0,0,0,0,0,0,0,1,0,0,0,0,0,1,0,0,0,0,0,0,0,0,0,0,0,0,0,1,0,0,0,0,1,0,0,0,0,1,0,0,0,1,0,0,0,1,0
-0.12255942464560447,-0.9860023199505414,"4290.                   After detection and inspection by the accident planner, it became clear as follows: - The causing vehicle is coming from the south towards the north, passing the path of the arrow, and the damaged vehicle is coming from the north towards the south, crossing the center path. To bypass the red light by one of the drivers, the front of the damaged vehicle collided with the right side of the offending vehicle and according to the scheme, the accident occurred",-2.637685636673014,2.490378837640347,-2.3692825732768528,0,1,0,0,0,1,0,-0.7555233819160206,0,0,0,0,0,0,0,0,0,0,0,0,0,1,0,0,0,0,0,0,0,0,0,0,0,0,0,0,1,0,1,0,0,1,0,0,0,0,0,0,0,0,0,0,0,0,0,0,0,0,0,1,0,0,0,0,0,0,0,0,0,0,0,0,1,0,0,0,0,1,0,0,0,0,0,0,0,0,0,0,0,0,0,0,1,0,0,0,0,1,0,0,0,0,1,0,0,0,1,0,1,0,0,0
-1.4527328208740973,0.9894713829665198,"4291.                   After inspecting and inspecting the accident planner, it became clear as follows: -  The causing vehicle is coming from the south towards the north, passing the path of the arrow, and the damaged vehicle is coming from the north towards the south, crossing the center path. To bypass the red light by one of the drivers, the front of the damaged vehicle collided with the right side of the offending vehicle and according to the scheme, the accident occurred",-0.19746179160121255,-0.4015453331379524,0.6331117943832852,1,0,0,0,0,1,0,-0.7774122798968203,0,0,1,0,0,0,0,0,0,0,0,0,0,0,0,0,0,0,0,0,0,0,0,0,0,0,0,1,0,0,1,0,0,0,0,0,0,0,0,0,0,0,1,0,0,0,0,0,0,0,0,0,0,0,1,0,0,0,0,0,0,0,0,0,1,0,0,0,0,0,0,0,1,0,0,0,0,0,0,0,0,0,0,1,0,0,0,0,0,1,0,1,0,0,0,0,0,1,0,0,0,1,0,0
-1.3463189491758178,0.9894713829665198,"4292.                   After inspecting and inspecting the accident site, the following accident plan became clear: - While the causing vehicle was coming from the east towards the west, passing the left lane, and the second offender was crossing the road from a place not designated for pedestrians from the south towards the north while entering the road, due to the lack of attention of the first offending driver and his negligence while driving and his speed without taking into account the road conditions, ran over the front of his vehicle, the front left corner The accident was planned and necessary.",-0.19746179160121255,-0.4015453331379524,0.6331117943832852,1,0,0,0,0,1,0,-0.7774122798968203,0,0,1,0,0,0,0,0,0,0,0,0,0,0,0,0,0,0,0,0,0,0,0,0,0,0,0,1,0,0,1,0,0,0,0,0,0,0,0,0,0,0,1,0,0,0,0,0,0,0,0,0,0,0,1,0,0,0,0,0,0,0,0,0,1,0,0,0,0,0,0,0,1,0,0,0,0,0,0,0,0,0,0,1,0,0,0,0,0,0,1,0,0,1,0,0,0,1,0,0,0,1,0,0
-0.06935248879646476,0.9894713829665198,"4293.                   After inspecting the site of the accident, it became clear to me the following: While the causing vehicle was coming from the west towards the east, taking the right lane of the road, and the person being hit was walking from the south, the road was cut off to the north, and while the vehicle was being attacked, entering the road due to the lack of attention of the offending driver, his negligence while driving, and his lack of appreciation for the road users, the front of his vehicle ran over the right front corner of the person. The right front tire was fixed on the left treadmill, and in this way the accident occurred. The accident was planned and the necessary measures were taken.",-0.19746179160121255,-0.4015453331379524,0.6331117943832852,1,0,0,0,0,1,0,-0.7774122798968203,0,0,1,0,0,0,0,0,0,0,0,0,0,0,0,0,0,0,0,0,0,0,0,0,0,0,0,1,0,0,1,0,0,0,0,0,0,0,0,0,0,0,1,0,0,0,0,0,0,0,0,0,0,0,1,0,0,0,0,0,0,0,0,0,1,0,0,0,0,0,0,0,1,0,0,0,0,0,0,0,0,0,0,1,0,0,0,0,0,0,1,0,1,0,0,0,1,0,0,0,0,1,0,0
0.19668219044923382,0.9894713829665198,"4294.                   After inspecting the accident site, the following became clear:  The causing vehicle coming from the west towards the east takes the arrow line and wants to turn north and the damaged vehicle is coming from the east toward the west. Because of the red  traffic light crossing, the front of the damaged vehicle collided with the front right side of the causing vehicle and from the force of the collision the two vehicles deviated to collide with the concrete of the traffic light pole and collide the damaged vehicle with concrete barriers As a result of the accident, everyone received treatment and left the hospital, as well as material damage to vehicles",-0.19746179160121255,-0.4015453331379524,0.6331117943832852,0,1,0,0,0,1,0,-0.7774122798968203,0,0,1,0,0,0,0,0,0,0,0,0,0,0,0,0,0,0,0,0,0,0,0,0,0,0,0,1,0,0,1,0,0,0,0,0,0,0,0,0,0,0,1,0,0,0,0,0,0,0,0,0,0,0,1,0,0,0,0,0,0,0,0,0,1,0,0,0,0,0,0,0,1,0,0,0,0,0,0,0,0,0,0,1,0,0,0,0,0,1,0,0,1,0,0,0,1,0,0,0,0,0,0,1
-0.2289732963438839,1.4010284044075743,"4295.                   After inspecting the accident site, the following became clear:  The causing vehicle coming from the west towards the east takes the arrow line and wants to turn north and the damaged vehicle is coming from the east toward the west. Because of the red  traffic light crossing, the front of the damaged vehicle collided with the front right side of the causing vehicle and from the force of the collision the two vehicles deviated to collide with the concrete of the traffic light pole and collide the damaged vehicle with concrete barriers As a result of the accident, everyone received treatment and left the hospital, as well as material damage to vehicles",1.0226501309346883,-0.4015453331379524,-0.3676863281700941,1,0,0,0,0,1,0,-0.7584783831434286,0,0,1,0,0,0,0,0,0,0,0,0,0,0,0,0,0,0,0,0,0,0,0,0,0,0,0,1,0,1,0,0,0,0,0,1,0,0,0,0,0,0,0,0,0,0,0,0,0,0,0,0,0,0,1,0,0,0,0,0,0,0,0,1,0,0,0,0,0,0,0,0,1,0,0,0,0,0,0,0,0,0,0,1,0,0,0,0,0,0,1,1,0,0,0,0,0,1,0,0,1,0,0,0
-0.44180103974044277,1.4010284044075743,"4296.                   After inspecting the accident site, the following became clear:  The causing vehicle coming from the west towards the east takes the arrow line and wants to turn north and the damaged vehicle is coming from the east toward the west. Because of the red  traffic light crossing, the front of the damaged vehicle collided with the front right side of the causing vehicle and from the force of the collision the two vehicles deviated to collide with the concrete of the traffic light pole and collide the damaged vehicle with concrete barriers As a result of the accident, everyone received treatment and left the hospital, as well as material damage to vehicles",1.0226501309346883,-0.4015453331379524,-0.3676863281700941,1,0,0,0,0,1,0,-0.7584783831434286,0,0,1,0,0,0,0,0,0,0,0,0,0,0,0,0,0,0,0,0,0,0,0,0,0,0,0,1,0,1,0,0,0,0,0,1,0,0,0,0,0,0,0,0,0,0,0,0,0,0,0,0,0,0,1,0,0,0,0,0,0,0,0,1,0,0,0,0,0,0,0,0,1,0,0,0,0,0,0,0,0,0,0,1,0,0,0,0,0,0,1,0,0,1,0,0,0,1,0,0,1,0,0,0
-0.33538716804216334,-0.944846617806436,"4297.                   After inspecting the accident site, the following became clear:  The causing vehicle coming from the west towards the east takes the arrow line and wants to turn north and the damaged vehicle is coming from the east toward the west. Because of the red  traffic light crossing, the front of the damaged vehicle collided with the front right side of the causing vehicle and from the force of the collision the two vehicles deviated to collide with the concrete of the traffic light pole and collide the damaged vehicle with concrete barriers As a result of the accident, everyone received treatment and left the hospital, as well as material damage to vehicles",-1.4175737141371132,2.490378837640347,-1.3684844507234735,0,1,0,0,0,1,0,-0.7704078325429644,0,0,0,0,0,0,0,0,0,0,0,0,0,0,0,0,0,0,0,0,0,1,0,0,0,0,0,1,0,0,1,0,0,0,0,0,0,0,0,0,1,0,0,0,0,0,0,0,0,0,0,0,1,0,0,0,0,0,0,0,0,0,0,0,1,0,0,0,0,0,1,0,0,0,0,0,0,0,0,0,0,0,0,0,1,0,0,0,0,1,0,0,0,0,1,0,0,0,1,0,1,0,0,0
-0.7078357189861413,1.2912798653566264,"4298.                   After the policeman examined the scene of the accident, the scheme of the accident became clear to him: While the offending vehicle was coming from the west towards the east, crossing the middle path from the street, and the two damaged vehicles were coming from the north towards the south, and due to the red light being crossed by the offending vehicle, the front of the vehicle hit the right side of the first damaged vehicle, and then the offending vehicle ran and collided with the front of the vehicle on the right side of the second damaged vehicle According to the diagram, the accident occurred.",1.0226501309346883,-0.4015453331379524,-0.3676863281700941,0,1,0,0,0,1,0,-0.7737458894850363,0,0,0,0,0,0,0,0,0,0,0,0,0,0,0,0,0,0,0,0,0,0,1,0,0,0,0,1,0,0,1,0,0,0,0,1,0,0,0,0,0,0,0,0,0,0,0,0,0,0,0,0,0,0,1,0,0,0,0,0,0,0,0,1,0,0,0,0,0,0,0,0,1,0,0,0,0,0,0,0,1,0,0,0,0,0,0,0,0,0,1,0,1,0,0,0,1,0,0,0,0,0,0,1
-1.6655605642706561,-0.9860023199505414,"4299.                   After the policeman examined the scene of the accident, the scheme of the accident became clear to him: While the offending vehicle was coming from the west towards the east, crossing the middle path from the street, and the two damaged vehicles were coming from the north towards the south, and due to the red light being crossed by the offending vehicle, the front of the vehicle hit the right side of the first damaged vehicle, and then the offending vehicle ran and collided with the front of the vehicle on the right side of the second damaged vehicle According to the diagram, the accident occurred.",-0.19746179160121255,-0.4015453331379524,0.6331117943832852,0,1,0,0,0,1,0,-0.7555233819160206,0,0,0,0,0,0,0,0,0,0,0,0,0,0,0,0,0,0,0,0,0,0,0,0,0,1,1,0,0,0,1,0,0,1,0,0,0,0,0,0,0,0,0,0,0,0,0,0,0,0,0,0,0,0,1,0,0,0,0,0,0,0,0,0,1,0,0,0,0,0,0,0,1,0,0,0,0,0,0,0,0,0,0,0,0,1,0,0,0,1,0,1,0,0,0,0,0,1,0,0,1,0,0,0
-0.6014218472878619,-0.7665052418486458,"4300.                   After inspecting and inspecting the accident site, the following became evident: -  While the causing vehicle was passing the left lane on a street consisting of two lanes coming from the west towards the east and because of the speed without taking into account the road conditions and the lack of appreciation of the road users, he was surprised by the runaway crossing the road coming from the north towards the south crossing from a place not designated for pedestrian crossing to run over the vehicle causing its left side that was stomped over to fall after He is run over in the middle of the road, and the driver of the vehicle who is causing the escape from the scene of the accident has been done",-0.19746179160121255,-0.4015453331379524,0.6331117943832852,0,1,0,0,0,1,0,-0.7555233819160206,0,0,0,0,0,0,0,0,0,0,0,0,0,0,0,0,0,0,0,0,0,1,0,0,0,0,1,0,0,0,1,0,0,1,0,0,0,0,0,0,0,0,0,0,0,0,0,0,0,0,0,0,0,1,0,0,0,0,0,0,0,0,0,0,1,0,0,1,0,0,0,0,0,0,0,0,0,0,0,0,0,0,0,0,0,0,0,0,1,1,0,0,1,0,0,0,1,0,0,0,1,0,0,0