Age of the injured,Str Code,Accident Description,Road speed limit,Pedestrian action,Number of Lanes,Gender_F,Gender_M,Week_Fifth week,Week_First week,Week_Fourth week,Week_Second week,Week_Third week,Date_time,Reasons__??? ????? ?????? ?????? ???? ????? ??? ???? ???????,Reasons__???? ?? ??????? (???),Reasons__Bypassing the red traffic light,Reasons__Driving back without attention,Reasons__Driving back without traffic clearance,Reasons__Driving in the opposite direction,Reasons__Entering main road without traffic clearance,Reasons__Exceeding speed limit,Reasons__Fatigue and drowsiness,Reasons__Faults in the road,Reasons__Ignoring road lane,Reasons__Ignoring traffic lights,Reasons__Lack of driving awareness,Reasons__Misuse of traffic,Reasons__Negligence and inobservance,Reasons__Negligent driving,Reasons__Not giving priority to pedestrian crossing,Reasons__Not giving way / not giving priority,Reasons__Not leaving enough space,Reasons__Not observing the stop sign,Reasons__Not securing vehicle stability while stopping,Reasons__Speedy without taking road conditions into account,Reasons__Sudden deviation,Reasons__Sudden stop,Reasons__Tyre burst,Reasons__under influence of intoxicant or narcotic drug,__Al Madina Police Station,__Khaldiya Police Station,__Shaabiya Police Station,Streetname_Intersection,Streetname_Street,place__Bridge / Tunnel,place__Coastal area,place__Commercial area,place__Fuel Station,place__Govt. authority,place__Hospital,place__Island,place__Mosque,place__One level intersection,place__Other,place__Park,place__Residential area,place__Sand area,place__School,place__Work area,place__external road,place__unknown,location__ ,location__Bridge,location__Bridge /  Tunnel,location__Car parking,location__Double road,location__Highway,location__Intersection,location__Off the road,location__Other(specify),location__Roundabout,location__Side parking,location__Single road,location__Tunnel,location__Two-way road,location__Unknown,lighting__day,lighting__night - enough lights,lighting__night - weak lights,intersection__Deviated intersection,intersection__Half Perpendicular Intersection,intersection__Multiple leg Intersection,intersection__Not on Intersection,intersection__Not on or around 20 meters,intersection__Other,intersection__Perpendicular Intersection,intersection__Roundabout,intersection__Turn ,accidentype__Collision while turning,accidentype__Fall,accidentype__Hitting a moving object off the road,accidentype__Hitting a moving object on the road,accidentype__Hitting a stationary object off the road,accidentype__Hitting a stationary object on the road,accidentype__Multiple collision,accidentype__Other (specify),accidentype__Perpendicular collision,accidentype__Person run over,accidentype__Rear collision,accidentype__Reciprocal collision,accidentype__Side collision,accidentype__deterioration,seat belt_N,seat belt_Y,seat_Back passenger seat,seat_Driver's seat,seat_Front passenger seat,seat_No passenger,seat_bike passenger,position_Driver,position_Passenger,position_Pedestrian,nationality_Arab States,nationality_Asian States,nationality_GCC,nationality_Other,nationality_UAE
0.40950993384579265,-0.9860023199505414,"4301.                   After detection and inspection by the accident planner:  The offending vehicle and the damaged vehicle are coming from the east towards the west, the offending vehicle is taking the left lane, and the damaged vehicle is going to the far right. The vehicle causing the rear of the damaged car, and then the causing vehicle blew forward and continued to the right and went up on the sidewalk until it reached near the lighting pole where the front of it collided with the lighting pole. This led to the burning of the vehicle resulting in the death of the offending driver and thus the accident occurred",-0.19746179160121255,-0.4015453331379524,0.6331117943832852,1,0,0,0,0,1,0,-0.7555233819160206,0,0,0,0,0,0,0,0,0,0,0,0,0,0,0,0,0,0,0,0,0,0,0,0,0,1,1,0,0,0,1,0,0,1,0,0,0,0,0,0,0,0,0,0,0,0,0,0,0,0,0,0,0,0,1,0,0,0,0,0,0,0,0,0,1,0,0,0,0,0,0,0,1,0,0,0,0,0,0,0,0,0,0,0,0,1,0,0,0,1,0,1,0,0,0,0,0,1,0,0,1,0,0,0
-1.4527328208740973,-0.9860023199505414,"4302.                   After inspecting and inspecting the accident site, the following accident plan became clear:  While the offending vehicle was coming from the south towards the north and took the second lane from the right, and in the case of moving forward, the damaged vehicle was in the same lane and was in front of the causing vehicle and was stopped while driving at the intersection because the traffic light was red and because of driving under the influence of alcoholic drinks and not leaving enough distance from Before the driver of the offending vehicle hit the front of the causing vehicle and hit the rear of the damaged vehicle. The accident resulted in the occupants being injured in the vehicle causing minor injuries and material damage was also caused to both vehicles.",-0.19746179160121255,-0.4015453331379524,0.6331117943832852,0,1,0,0,0,1,0,-0.7555233819160206,0,0,0,0,0,0,0,0,0,0,0,0,0,0,0,0,0,0,0,0,0,0,0,0,0,1,1,0,0,0,1,0,0,1,0,0,0,0,0,0,0,0,0,0,0,0,0,0,0,0,0,0,0,0,1,0,0,0,0,0,0,0,0,0,1,0,0,0,0,0,0,0,1,0,0,0,0,0,0,0,0,0,0,0,0,1,0,0,0,1,0,1,0,0,0,0,0,1,0,0,1,0,0,0
1.3672347791303074,1.1266570567802046,"4303.                   After detecting and inspecting the accident site, the following accident chart became clear: While the causing vehicle was coming from the north towards the south and took the path far right, and in the case of moving forward and the vehicle was coming from the west towards the east, it crossed near the pedestrian crossing lines and because of the speed without taking into account the road conditions by the causing vehicle, the right side mirror of the causing vehicle collided with the object of the vehicle that was hit. A minor injury was caused to the vehicle, and material damage was caused to the vehicle. The site of the accident was examined and the necessary measures were taken.",1.0226501309346883,-0.4015453331379524,-0.3676863281700941,1,0,0,0,0,1,0,-0.2068234317823258,0,0,1,0,0,0,0,0,0,0,0,0,0,0,0,0,0,0,0,0,0,0,0,0,0,0,0,1,0,0,1,0,0,0,1,0,0,0,0,0,0,0,0,0,0,0,0,0,0,0,0,0,0,0,1,0,0,0,0,0,0,0,0,0,1,0,0,0,0,0,0,0,1,0,0,0,0,0,0,0,0,0,0,1,0,0,0,0,0,1,0,0,0,1,0,0,0,1,0,0,0,0,0,1
-0.12255942464560447,1.1266570567802046,"4304.                   After detecting and inspecting the accident site, the following accident chart became clear: While the causing vehicle was coming from the north towards the south and took the path far right, and in the case of moving forward and the vehicle was coming from the west towards the east, it crossed near the pedestrian crossing lines and because of the speed without taking into account the road conditions by the causing vehicle, the right side mirror of the causing vehicle collided with the object of the vehicle that was hit. A minor injury was caused to the vehicle, and material damage was caused to the vehicle. The site of the accident was examined and the necessary measures were taken.",1.0226501309346883,-0.4015453331379524,-0.3676863281700941,1,0,0,0,0,1,0,-0.2068234317823258,0,0,1,0,0,0,0,0,0,0,0,0,0,0,0,0,0,0,0,0,0,0,0,0,0,0,0,1,0,0,1,0,0,0,1,0,0,0,0,0,0,0,0,0,0,0,0,0,0,0,0,0,0,0,1,0,0,0,0,0,0,0,0,0,1,0,0,0,0,0,0,0,1,0,0,0,0,0,0,0,0,0,0,1,0,0,0,0,0,1,0,0,1,0,0,0,1,0,0,0,0,0,0,1
1.8993041376217046,1.140375624161573,"4305.                   After detecting and inspecting the accident site, the following accident chart became clear: The vehicles involved in the accident are moving from the west towards the east. The causing vehicle is clearing the right lane that enters the exit to the right, while the damaged vehicles are passable to the main street, due to the lack of attention of the driver who caused him and his negligence while driving and his speed without taking into account the road conditions. Turning left confusion for the third victim who tried not to collide with the vehicle. The causing car lost control of the steering wheel, turning to the right, deteriorating into the side street after hitting the sidewalk and then colliding with the vehicle. The one who caused the second damaged vehicle and the second vehicle collided with the third damaged vehicle and the third damaged vehicle rushed and collided with the separating street island sidewalk according to the picture in the chart. The accident was planned and necessary action was taken.",-0.19746179160121255,-0.4015453331379524,-1.3684844507234735,1,0,0,0,0,0,1,-0.2176037140378696,0,0,1,0,0,0,0,0,0,0,0,0,0,0,0,0,0,0,0,0,0,0,0,0,0,0,0,1,0,0,1,0,0,0,0,0,0,0,0,0,0,0,1,0,0,0,0,0,0,0,0,0,0,1,0,0,0,0,0,0,0,0,0,1,0,0,0,1,0,0,0,0,0,0,0,0,0,0,0,0,0,0,0,0,0,0,1,0,0,1,0,0,1,0,0,0,1,0,0,0,0,0,1,0
1.846097201772565,0.6190700636695708,"4306.                   After detecting and inspecting the accident site by the policeman, the chart of the accident revealed the following: -  While the causing vehicle was coming from the south towards the north, taking the right lane, which consists of two lanes towards the Said bin Tahnoun intersection, and upon entering the intersection and bypassing the red traffic light happened to enter the damaged vehicle coming from the east towards the west, taking the middle path from the right, which consists of four lanes The driver of the vehicle that caused an accident would cause the front of his vehicle to collide with the side and the left rear door, and the vehicles would stop in the middle of the intersection, causing severe material damage to the two vehicles and injuring the passenger with the injured driver.",-0.19746179160121255,2.490378837640347,-0.3676863281700941,1,0,0,0,0,0,1,0.012941103944902551,0,0,0,0,0,0,0,0,0,0,0,0,0,1,0,0,0,0,0,0,0,0,0,0,0,0,0,0,1,0,1,0,0,0,0,0,0,0,0,0,0,0,0,0,1,0,0,0,0,0,0,0,1,0,0,0,0,0,0,0,0,0,0,0,1,0,0,0,0,1,0,0,0,0,0,0,0,0,0,0,0,0,0,0,1,0,0,0,0,1,0,0,0,0,1,0,0,0,1,0,0,1,0,0
1.260820907432028,0.37213585080493816,"4307.                   After detecting and inspecting the accident site by the policeman, the chart of the accident revealed the following: -  While the causing vehicle was coming from the south towards the north, taking the right lane, which consists of two lanes towards the Said bin Tahnoun intersection, and upon entering the intersection and bypassing the red traffic light happened to enter the damaged vehicle coming from the east towards the west, taking the middle path from the right, which consists of four lanes The driver of the vehicle that caused an accident would cause the front of his vehicle to collide with the side and the left rear door, and the vehicles would stop in the middle of the intersection, causing severe material damage to the two vehicles and injuring the passenger with the injured driver.",-0.19746179160121255,-0.4015453331379524,-0.3676863281700941,1,0,0,0,0,0,1,0.21556663255316477,0,0,1,0,0,0,0,0,0,0,0,0,0,0,0,0,0,0,0,0,0,0,0,0,0,0,0,1,0,0,1,0,0,1,0,0,0,0,0,0,0,0,0,0,0,0,0,0,0,0,0,0,0,1,0,0,0,0,0,0,0,0,0,1,0,0,0,0,0,0,0,0,0,1,0,0,0,0,0,0,0,0,0,1,0,0,0,0,0,1,0,1,0,0,0,0,0,1,0,0,1,0,0,0
0.5159238055440721,1.1266570567802046,"4308.                   After inspecting the accident site, the following accident plan became clear: The offending vehicle is coming from the north towards the south, taking the right lane, while the first damaged vehicle is traveling from the west to the east, passing the lane, and the second damaged vehicle was in a final stop in the direction of north-south with the left lane according to the initial plan. Without taking into account the conditions of the road, the perpetrator crossed the red light and hit the front of the first damaged vehicle on the right side of the offending vehicle, then the causing driver lost control of a wheel.  The driving deviated from its course and collided with the traffic guide sign, and the plate fell at the corner of the front of the second damaged vehicle, which was in a state and final stop at the intersection, thus the accident occurred. The accident was planned and necessary action was taken.",-0.19746179160121255,-0.4015453331379524,-0.3676863281700941,0,1,0,0,0,0,1,0.21665013300321437,0,0,1,0,0,0,0,0,0,0,0,0,0,0,0,0,0,0,0,0,0,0,0,0,0,0,0,1,0,0,1,0,0,0,1,0,0,0,0,0,0,0,0,0,0,0,0,0,0,0,0,0,0,0,1,0,0,0,0,0,0,0,0,1,0,0,0,0,0,0,0,0,1,0,0,0,0,0,0,0,0,0,0,1,0,0,0,0,0,1,0,0,0,1,0,0,0,1,0,0,1,0,0,0
0.9947862281863296,1.1266570567802046,"4309.                   After detecting and inspecting the accident site, the following accident plan became clear:  The two vehicles are traveling from the west towards the east, following the right lane, and while driving, lack of attention of the driver causing his negligence while driving and his speed without taking into account the conditions of the road and not leaving enough distance between the vehicles driving in front of him. The front of his vehicle collided with the rear of the damaged vehicle according to the picture in the chart. The accident was planned and necessary action was taken.",-0.19746179160121255,-0.4015453331379524,-0.3676863281700941,0,1,0,0,0,0,1,0.21665013300321437,0,0,1,0,0,0,0,0,0,0,0,0,0,0,0,0,0,0,0,0,0,0,0,0,0,0,0,1,0,0,1,0,0,0,1,0,0,0,0,0,0,0,0,0,0,0,0,0,0,0,0,0,0,0,1,0,0,0,0,0,0,0,0,1,0,0,0,0,0,0,0,0,1,0,0,0,0,0,0,0,0,0,0,1,0,0,0,0,0,1,0,0,1,0,0,0,1,0,0,0,1,0,0,0
0.24988912629837354,-0.8213795113741197,"4310.                   After detecting and inspecting the accident site, the following accident chart became clear: - The two vehicles are traveling from the west towards the east, following the right lane, and while driving, lack of attention of the driver causing his negligence while driving and his speed without taking into account the conditions of the road and not leaving enough distance between the vehicles driving in front of him. The front of his vehicle collided with the rear of the damaged vehicle according to the picture in the chart. The accident was planned and necessary action was taken.",-0.19746179160121255,-0.4015453331379524,-0.3676863281700941,0,1,0,0,0,0,1,0.21968174537355512,0,0,0,0,0,0,0,0,0,0,1,0,0,0,0,0,0,0,0,0,0,0,0,0,0,0,0,1,0,0,1,0,0,0,1,0,0,0,0,0,0,0,0,0,0,0,0,0,0,0,0,0,0,1,0,0,0,0,0,0,0,0,0,1,0,0,0,0,0,1,0,0,0,0,0,0,0,0,0,0,0,0,0,0,0,0,0,1,0,1,0,0,1,0,0,0,1,0,0,1,0,0,0,0
-0.38859410389130306,1.4284655391703112,"4311.                   After detecting and inspecting the accident site by the policeman, the chart of the accident revealed the following: -  While the causing vehicle was coming from the east towards the west, the middle path was driven from the right, and when it reached the intersection and passed the red traffic light, its entry coincided with the entry of the first damaged vehicle coming from the north towards the south to hit the front of the first damaged vehicle on the side and the right rear corner of the vehicle that caused the vehicle to deviate from the force of the collision. It rushes towards the second and third damaged vehicles, which were parked at the opposite side at the intersection, to collide the causing vehicle on its left side forcefully with the second damaged vehicle and then collide with the third damaged vehicle and stop at the two vehicles and the necessary action was taken.",1.0226501309346883,-0.4015453331379524,1.6339099169366647,1,0,0,0,0,0,1,0.22526341435865901,0,0,1,0,0,0,0,0,0,0,0,0,0,0,0,0,0,0,0,0,0,0,0,0,0,0,0,0,1,0,1,0,0,0,1,0,0,0,0,0,0,0,0,0,0,0,0,0,0,0,0,0,0,0,1,0,0,0,0,0,0,0,0,1,0,0,0,0,0,0,0,0,1,0,0,0,0,0,0,0,0,0,0,1,0,0,0,0,0,1,0,1,0,0,0,0,0,1,0,0,1,0,0,0
1.1544070357337486,1.4284655391703112,"4312.                   After detecting and inspecting the accident site, the following accident plan became clear: The causing vehicle is coming from the south towards the north, passing the path of the arrow, and the damaged vehicle is coming from the south towards the north, the path of the arrow is cleared. And do the necessary.",1.0226501309346883,-0.4015453331379524,1.6339099169366647,0,1,0,0,0,0,1,0.22526341435865901,0,0,1,0,0,0,0,0,0,0,0,0,0,0,0,0,0,0,0,0,0,0,0,0,0,0,0,0,1,0,1,0,0,0,1,0,0,0,0,0,0,0,0,0,0,0,0,0,0,0,0,0,0,0,1,0,0,0,0,0,0,0,0,1,0,0,0,0,0,0,0,0,1,0,0,0,0,0,0,0,0,0,0,1,0,0,0,0,0,0,1,0,1,0,0,0,1,0,0,0,1,0,0,0
1.260820907432028,-0.8762537808995936,"4313.                   After detecting and inspecting the accident site, the following became clear:  The causing vehicle is coming from the east towards the west and takes the left lane, the arrow line, and the first damaged and the second damaged vehicle and the third damaged one coming from the west towards the east, the first damaged one takes the second lane from the left, and the second and third damaged vehicle takes the middle lane, and because of the red signal bypassing the front of the vehicle causing the collision. The vehicle causing the left side of the first damaged vehicle and from the force of the collision continued its course and collided with the sidewalk separating the two streets, while the first and second damaged vehicle surprises with the accident and the second damaged vehicle stopped and the front of the second damaged vehicle collided with the rear of the damaged vehicle. The accident resulted in the injury of the first damaged driver and material damage to the vehicles. The accident was done.",-1.4175737141371132,-0.4015453331379524,-2.3692825732768528,0,1,0,0,0,0,1,0.3317857363822204,0,0,0,0,0,0,0,0,0,0,0,0,0,0,0,0,0,0,0,1,0,0,0,0,0,0,0,0,1,0,1,0,0,1,0,0,0,0,0,0,0,0,0,0,0,0,0,0,0,0,0,0,0,0,0,0,0,0,0,1,0,0,0,1,0,0,0,1,0,0,0,0,0,0,0,0,0,0,0,0,0,0,0,0,0,0,0,1,0,0,1,0,1,0,0,0,1,0,0,0,1,0,0,0
-0.06935248879646476,-0.8350980787554881,"4314.                   After inspecting and inspecting the scene of the accident, the policeman found the following chart of the accident: - While the damaged vehicle was moving from the north towards the south and the offending vehicle was traveling behind it and both vehicles were traveling in the far right lane, and because of the failure of the causing vehicle to abide by the obligatory driving line and overtake the same lane from the right, it collided with its right side on the left side of the damaged vehicle, according to the chart, the accident occurred.",1.0226501309346883,-0.4015453331379524,-0.3676863281700941,1,0,0,0,0,0,1,0.4484754515178633,0,0,0,0,0,0,0,0,0,0,0,0,0,0,0,0,0,0,0,0,0,1,0,0,0,0,0,0,1,0,1,1,0,0,0,0,0,0,0,0,0,0,0,0,0,0,0,0,0,0,0,0,1,0,0,0,0,0,0,0,0,0,0,0,1,0,0,0,0,1,0,0,0,0,0,0,0,0,0,0,0,0,0,0,0,1,0,0,0,1,0,1,0,0,0,0,0,1,0,0,1,0,0,0
-0.44180103974044277,-0.8350980787554881,"4315.                   After inspecting and inspecting the scene of the accident, the policeman found the following chart of the accident: - While the damaged vehicle was moving from the north towards the south and the offending vehicle was traveling behind it and both vehicles were traveling in the far right lane, and because of the failure of the causing vehicle to abide by the obligatory driving line and overtake the same lane from the right, it collided with its right side on the left side of the damaged vehicle, according to the chart, the accident occurred.",1.0226501309346883,-0.4015453331379524,-0.3676863281700941,1,0,0,0,0,0,1,0.4484754515178633,0,0,0,0,0,0,0,0,0,0,0,0,0,0,0,0,0,0,0,0,0,1,0,0,0,0,0,0,1,0,1,1,0,0,0,0,0,0,0,0,0,0,0,0,0,0,0,0,0,0,0,0,1,0,0,0,0,0,0,0,0,0,0,0,1,0,0,0,0,1,0,0,0,0,0,0,0,0,0,0,0,0,0,0,0,1,0,0,0,0,1,0,1,0,0,0,1,0,0,0,0,0,0,1
1.1544070357337486,-0.8350980787554881,"4316.                   After detecting and inspecting the accident site, the following accident plan became clear:  While the causing vehicle was coming from the south towards the north and coming from a side street and would like to enter the main street, the damaged vehicle is coming from the west towards the east, and in the case of moving forward and taking the path on the far right, because of not complying with the stop sign by the driver of the offending vehicle, the front of the causing vehicle hit the right side of the damaged vehicle As a result, the causing vehicle turned to the right and deteriorated 14.2 meters from the point of collision. The accident resulted in injury to the driver and passengers of the causing vehicle. Material damage was also caused to the two vehicles.",1.0226501309346883,-0.4015453331379524,-0.3676863281700941,0,1,0,0,0,0,1,0.4484754515178633,0,0,0,0,0,0,0,0,0,0,0,0,0,0,0,0,0,0,0,0,0,1,0,0,0,0,0,0,1,0,1,1,0,0,0,0,0,0,0,0,0,0,0,0,0,0,0,0,0,0,0,0,1,0,0,0,0,0,0,0,0,0,0,0,1,0,0,0,0,1,0,0,0,0,0,0,0,0,0,0,0,0,0,0,0,1,0,0,0,0,1,0,1,0,0,0,1,0,0,0,1,0,0,0
-0.2289732963438839,-0.8350980787554881,"4317.                   After detecting and inspecting the accident site, the following accident plan became clear:  While the causing vehicle was coming from the south towards the north and coming from a side street and would like to enter the main street, the damaged vehicle is coming from the west towards the east, and in the case of moving forward and taking the path on the far right, because of not complying with the stop sign by the driver of the offending vehicle, the front of the causing vehicle hit the right side of the damaged vehicle As a result, the causing vehicle turned to the right and deteriorated 14.2 meters from the point of collision. The accident resulted in injury to the driver and passengers of the causing vehicle. Material damage was also caused to the two vehicles.",1.0226501309346883,-0.4015453331379524,-0.3676863281700941,0,1,0,0,0,0,1,0.4484754515178633,0,0,0,0,0,0,0,0,0,0,0,0,0,0,0,0,0,0,0,0,0,1,0,0,0,0,0,0,1,0,1,1,0,0,0,0,0,0,0,0,0,0,0,0,0,0,0,0,0,0,0,0,1,0,0,0,0,0,0,0,0,0,0,0,1,0,0,0,0,1,0,0,0,0,0,0,0,0,0,0,0,0,0,0,0,1,0,0,0,1,0,1,0,0,0,0,0,1,0,0,1,0,0,0
1.3672347791303074,-0.8488166461368566,"4318.                   After detecting and inspecting the accident planner, it became clear as follows: - The first precipitating vehicle coming from the north, turning to the east, taking the path of the arrow, and the second precipitating vehicle coming from the south towards the north, taking the center path. One of the two vehicles bypassed the red traffic light hit the front of the second precipitating vehicle with the front right side of the first causing vehicle and according to the chart, the accident occurred.",-0.19746179160121255,2.490378837640347,0.6331117943832852,1,0,0,0,0,0,1,0.5481793818204056,0,0,0,0,0,0,0,0,0,0,0,0,0,0,0,0,0,0,0,0,0,1,0,0,0,0,0,0,1,0,1,0,0,1,0,0,0,0,0,0,0,0,0,0,0,0,0,0,0,0,0,0,1,0,0,0,0,0,0,0,0,0,0,1,0,0,0,0,0,0,1,0,0,0,0,0,0,0,0,0,0,0,0,0,1,0,0,0,0,1,0,0,0,0,1,0,0,0,1,0,1,0,0,0
-0.761042654835281,-0.7665052418486458,"4319.                   After detecting and inspecting the accident site, the following accident plan became clear:  While the causing vehicle was coming from the west towards the east, passing the middle path, then changing its course to take the far left path to the left, to encounter the advent of the vehicle from the north towards the south, and during the descent of the vehicle on the road to the far left and due to the speed without taking into account the road conditions and crossing the pedestrian from the place not designated for pedestrian crossing was run over. The vehicle is causing the front of the vehicle from the left side was the body of the driver, then tried to use the brakes and pulled the vehicle who was run over with it up to 42 meters from the runaway point. The accident resulted in the death of the vehicle and material damage to the vehicle, according to the plan, the accident occurred.",-0.19746179160121255,-0.4015453331379524,0.6331117943832852,0,1,0,0,0,0,1,0.5605247202815766,0,0,1,0,0,0,0,0,0,0,0,0,0,0,0,0,0,0,0,0,0,0,0,0,0,0,1,0,0,0,1,0,0,1,0,0,0,0,0,0,0,0,0,0,0,0,0,0,0,0,0,0,0,0,1,0,0,0,0,0,0,0,0,0,1,0,0,0,0,0,0,0,1,0,0,0,0,0,0,0,0,0,0,1,0,0,0,0,0,1,0,0,1,0,0,0,1,0,0,1,0,0,0,0
-0.38859410389130306,-0.9997208873319099,"4320.                   After detecting and inspecting the site of the accident, the following accident plan became clear: - While the causing vehicle was coming from the east and was in a state of deviation left to the south and was taking the far left lane, and the damaged vehicle was coming from the west towards the east and was traveling forward, crossing the middle lane, and because of the red light passing by, a collision occurred between two vehicles. As for the accident, material damage to the two vehicles and the injury of the female passenger, along with the injured driver, the location of the accident was revealed and the necessary actions were taken.",-0.19746179160121255,-0.4015453331379524,-1.3684844507234735,0,1,0,0,1,0,0,0.6523924251069927,0,0,0,0,0,0,0,0,0,0,0,0,0,0,0,0,0,0,0,0,0,1,0,0,0,0,0,0,1,0,1,0,0,0,1,0,0,0,0,0,0,0,0,0,0,0,0,0,0,0,0,0,0,1,0,0,0,0,0,0,0,0,0,1,0,0,0,0,0,1,0,0,0,0,0,0,0,0,0,0,0,0,0,0,0,0,0,1,0,1,0,0,0,0,1,0,0,0,1,0,1,0,0,0
0.3030960621475132,-0.9585651851878045,"4321.                   After inspecting and inspecting the accident site, the following accident plan became clear: The offending vehicle was coming from the west towards the east, following the path on the far right, and the trample was coming from the south towards the north, trying to cross the street, and in the far-right lane, on the pedestrian crossing lines, the front of the motorcycle collided with the body of the pedestrian. And do what is necessary ....",-0.19746179160121255,-0.4015453331379524,-0.0073990040508776864,0,1,0,0,1,0,0,0.8656231247869524,0,0,0,0,0,0,0,0,0,0,0,0,0,0,0,0,0,0,0,0,0,1,0,0,0,0,0,1,0,0,1,0,0,0,0,0,0,0,0,0,0,1,0,0,0,0,0,0,0,0,0,0,1,0,0,0,0,0,0,0,0,0,0,0,1,0,0,0,0,1,0,0,0,0,0,0,0,0,0,0,1,0,0,0,0,0,0,0,0,1,0,0,1,0,0,0,1,0,0,0,0,0,0,1
0.03706138290181467,0.5367586593813599,"4322.                   After detecting and inspecting the accident site, the following accident chart became clear: - The causing vehicle is coming from west to east inside the intersection towards the north, taking the left lane, while the damaged vehicle is coming from the east to the west, taking the right lane due to the lack of attention of the offending driver, his negligence while driving and his failure to abide by traffic and traffic rules, bypassing the red light signal that hit the front of his vehicle in the front corner The left side is on the left side of the damaged vehicle, then the damaged vehicle is unbalanced and the driver lost control of the steering wheel and the vehicle deteriorated in the middle of the road on the right side according to the picture in the chart. The accident was charted and necessary action was taken.",-0.19746179160121255,-0.4015453331379524,0.6331117943832852,0,1,0,0,1,0,0,0.882203965007408,0,0,1,0,0,0,0,0,0,0,0,0,0,0,0,0,0,0,0,0,0,0,0,0,0,0,0,1,0,0,1,0,0,1,0,0,0,0,0,0,0,0,0,0,0,0,0,0,0,0,0,0,0,0,1,0,0,0,0,0,0,0,0,1,0,0,0,1,0,0,0,0,0,0,0,0,0,0,0,0,0,0,0,1,0,0,0,0,0,0,1,0,1,0,0,0,1,0,0,0,0,0,1,0
-0.44180103974044277,-0.9860023199505414,"4323.                   After detecting and inspecting the accident site by the policeman, the chart of the accident revealed the following: - While the causing vehicle was coming from the north towards the south, taking the far left lane, and upon entering the intersection and bypassing the red traffic light, its divergence encountered to the left, entering the damaged vehicle coming from the south towards the north, taking the far right lane, so that the front of the causing vehicle collided with the left two doors of the damaged vehicle and the two vehicles stopped at the scene take the necessary action was taken.",-0.19746179160121255,-0.4015453331379524,0.6331117943832852,1,0,0,0,1,0,0,0.884119243580728,0,0,0,0,0,0,0,0,0,0,0,0,0,0,0,0,0,0,0,0,0,0,1,0,0,0,0,1,0,0,1,0,0,0,0,0,0,0,0,0,0,0,1,0,0,0,0,0,0,0,0,0,0,1,0,0,0,0,0,0,0,0,0,0,1,0,0,0,0,1,0,0,0,0,0,0,0,0,0,0,0,0,0,0,0,0,0,0,1,1,0,0,1,0,0,0,1,0,0,1,0,0,0,0
-0.06935248879646476,-1.1643436959083318,"4324.                   After detecting and inspecting the accident site by the policeman, the cart of the accident revealed the following: - While the causing vehicle was coming from the west towards the east and because of his driving the vehicle in a non-normal condition, which led to his speed without taking into account the road conditions, the front of the vehicle collided with the sidewalk so that the vehicle stopped on the sidewalk and necessary action was taken.",-0.19746179160121255,-0.4015453331379524,0.6331117943832852,0,1,0,0,1,0,0,0.888332856442032,0,0,0,0,0,0,0,0,0,0,0,0,0,0,0,0,0,0,0,0,0,1,0,0,0,0,1,0,0,0,1,1,0,0,0,0,0,0,0,0,0,0,0,0,0,0,0,0,0,1,0,0,0,0,0,0,0,0,0,0,0,0,0,0,0,1,0,0,0,1,0,0,0,0,0,0,0,0,0,0,0,0,0,0,0,1,0,0,0,1,0,0,1,0,0,0,1,0,0,0,0,0,0,1
-0.6014218472878619,-1.1643436959083318,"4325.                   After detecting and inspecting the accident site, the following accident plan became clear: - The offending vehicle was in a final stop before the accident inside the car park, and the injured child was inside the pram that her grandmother pushed before the accident, and the offending driver's lack of attention and negligence while moving from standing and backward without attention hit the back of his vehicle the stroller. The vehicle deteriorated after the impact and this caused the child to be injured, according to the picture in the chart. The accident was charted and necessary action was taken.",-0.19746179160121255,-0.4015453331379524,0.6331117943832852,0,1,0,0,1,0,0,0.888332856442032,0,0,0,0,0,0,0,0,0,0,0,0,0,0,0,0,0,0,0,0,0,1,0,0,0,0,1,0,0,0,1,1,0,0,0,0,0,0,0,0,0,0,0,0,0,0,0,0,0,1,0,0,0,0,0,0,0,0,0,0,0,0,0,0,0,1,0,0,0,1,0,0,0,0,0,0,0,0,0,0,0,0,0,0,0,1,0,0,0,1,0,0,1,0,0,0,1,0,0,0,0,0,0,1