Age of the injured,Str Code,Accident Description,Road speed limit,Pedestrian action,Number of Lanes,Gender_F,Gender_M,Week_Fifth week,Week_First week,Week_Fourth week,Week_Second week,Week_Third week,Date_time,Reasons__??? ????? ?????? ?????? ???? ????? ??? ???? ???????,Reasons__???? ?? ??????? (???),Reasons__Bypassing the red traffic light,Reasons__Driving back without attention,Reasons__Driving back without traffic clearance,Reasons__Driving in the opposite direction,Reasons__Entering main road without traffic clearance,Reasons__Exceeding speed limit,Reasons__Fatigue and drowsiness,Reasons__Faults in the road,Reasons__Ignoring road lane,Reasons__Ignoring traffic lights,Reasons__Lack of driving awareness,Reasons__Misuse of traffic,Reasons__Negligence and inobservance,Reasons__Negligent driving,Reasons__Not giving priority to pedestrian crossing,Reasons__Not giving way / not giving priority,Reasons__Not leaving enough space,Reasons__Not observing the stop sign,Reasons__Not securing vehicle stability while stopping,Reasons__Speedy without taking road conditions into account,Reasons__Sudden deviation,Reasons__Sudden stop,Reasons__Tyre burst,Reasons__under influence of intoxicant or narcotic drug,__Al Madina Police Station,__Khaldiya Police Station,__Shaabiya Police Station,Streetname_Intersection,Streetname_Street,place__Bridge / Tunnel,place__Coastal area,place__Commercial area,place__Fuel Station,place__Govt. authority,place__Hospital,place__Island,place__Mosque,place__One level intersection,place__Other,place__Park,place__Residential area,place__Sand area,place__School,place__Work area,place__external road,place__unknown,location__ ,location__Bridge,location__Bridge /  Tunnel,location__Car parking,location__Double road,location__Highway,location__Intersection,location__Off the road,location__Other(specify),location__Roundabout,location__Side parking,location__Single road,location__Tunnel,location__Two-way road,location__Unknown,lighting__day,lighting__night - enough lights,lighting__night - weak lights,intersection__Deviated intersection,intersection__Half Perpendicular Intersection,intersection__Multiple leg Intersection,intersection__Not on Intersection,intersection__Not on or around 20 meters,intersection__Other,intersection__Perpendicular Intersection,intersection__Roundabout,intersection__Turn ,accidentype__Collision while turning,accidentype__Fall,accidentype__Hitting a moving object off the road,accidentype__Hitting a moving object on the road,accidentype__Hitting a stationary object off the road,accidentype__Hitting a stationary object on the road,accidentype__Multiple collision,accidentype__Other (specify),accidentype__Perpendicular collision,accidentype__Person run over,accidentype__Rear collision,accidentype__Reciprocal collision,accidentype__Side collision,accidentype__deterioration,seat belt_N,seat belt_Y,seat_Back passenger seat,seat_Driver's seat,seat_Front passenger seat,seat_No passenger,seat_bike passenger,position_Driver,position_Passenger,position_Pedestrian,nationality_Arab States,nationality_Asian States,nationality_GCC,nationality_Other,nationality_UAE
-0.761042654835281,-0.9997208873319099,"4326.                   After detecting and inspecting the accident site by the policeman, the chart of the accident revealed the following: - While the causing vehicle was coming from the west towards the east taking the path of the far right, upon reaching the turning hole on the right, it was surprised by the arrest of the vehicle of the run-over person. While the runaway attempted, the runaway alerted to move his vehicle. The runaway vehicle opened the door of the runaway vehicle while it was moving, and because of the lack of appreciation of the road users from the offending driver, the crashed driver hit the causing vehicle and the driver of the vehicle causing the escape was indifferent to this and the necessary action was taken",1.0226501309346883,-0.4015453331379524,2.634708039490044,0,1,0,0,1,0,0,0.9764903930597025,0,0,0,0,0,0,0,0,0,0,0,0,0,0,0,0,0,0,0,0,0,1,0,0,0,0,0,0,1,0,1,0,0,0,0,1,0,0,0,0,0,0,0,0,0,0,0,0,0,0,0,0,1,0,0,0,0,0,0,0,0,0,0,0,1,0,0,0,0,1,0,0,0,0,0,0,0,0,0,0,0,0,0,0,0,0,0,0,1,0,1,0,0,1,0,0,0,1,0,0,0,0,0,1
-0.7078357189861413,-0.9997208873319099,"4327.                   After detection and inspection by the accident planner, it became clear as follows: -  The offending and the damaged vehicles were coming from the east towards the west and taking the far right path and not leaving a sufficient distance for the vehicle that caused the front of the vehicle to hit the rear of the damaged vehicle, and according to the plan, the accident occurred.",1.0226501309346883,-0.4015453331379524,2.634708039490044,0,1,0,0,1,0,0,0.9764903930597025,0,0,0,0,0,0,0,0,0,0,0,0,0,0,0,0,0,0,0,0,0,1,0,0,0,0,0,0,1,0,1,0,0,0,0,1,0,0,0,0,0,0,0,0,0,0,0,0,0,0,0,0,1,0,0,0,0,0,0,0,0,0,0,0,1,0,0,0,0,1,0,0,0,0,0,0,0,0,0,0,0,0,0,0,0,0,0,0,1,0,1,0,1,0,0,0,1,0,0,0,0,0,0,1
-0.8674565265335604,-0.9997208873319099,"4328.                   After detection and inspection by the accident planner, it became clear as follows: -  The offending and the damaged vehicles were coming from the east towards the west and taking the far right path and not leaving a sufficient distance for the vehicle that caused the front of the vehicle to hit the rear of the damaged vehicle, and according to the plan, the accident occurred.",1.0226501309346883,-0.4015453331379524,2.634708039490044,0,1,0,0,1,0,0,0.9764903930597025,0,0,0,0,0,0,0,0,0,0,0,0,0,0,0,0,0,0,0,0,0,1,0,0,0,0,0,0,1,0,1,0,0,0,0,1,0,0,0,0,0,0,0,0,0,0,0,0,0,0,0,0,1,0,0,0,0,0,0,0,0,0,0,0,1,0,0,0,0,1,0,0,0,0,0,0,0,0,0,0,0,0,0,0,0,0,0,0,1,1,0,1,0,0,0,0,0,1,0,0,0,0,0,1
0.19668219044923382,-0.944846617806436,"4329.                   After detecting and inspecting the accident site by the policeman, the chart of the accident revealed the following: - While the vehicle was parked in a side car park from the Abu Dhabi Islamic Bank parking lot, when the driver started the vehicle and half of his body inside the vehicle and the other half outside the vehicle, due to the driver's negligence and lack of attention, the vehicle was pushed forward as the vehicle's spare parts were not in the correct position, the vehicle collided with an iron pole and the driver fell The outside of the vehicle is affected by his presence in the vehicle and the necessary measures have been taken",2.2427620534705888,-0.4015453331379524,2.634708039490044,0,1,0,0,1,0,0,1.1050329464519484,0,0,0,0,0,0,0,0,0,0,0,0,0,0,0,0,0,0,0,0,0,1,0,0,0,0,0,1,0,0,1,0,0,0,0,1,0,0,0,0,0,0,0,0,0,0,0,0,0,0,0,0,1,0,0,0,0,0,0,0,0,0,0,0,1,0,0,0,0,0,0,1,0,0,0,0,0,0,0,0,0,0,0,0,0,0,0,0,1,0,1,0,1,0,0,0,1,0,0,0,0,0,0,1
0.3030960621475132,-0.7665052418486458,"4330.                   After detecting and inspecting the accident site, the following accident plan became clear: - While the causing vehicle was coming from the west and heading towards the east, taking the secondary street with the right and the treaded path, it crossed the secondary street on feet coming from the south towards the north and because of the speed without taking into account the road conditions by the driver and the pedestrian crossed from a place not designated for pedestrian crossing. As a result of the accident, the driver was injured and the vehicle was damaged. According to the plan, the accident occurred.",-0.19746179160121255,-0.4015453331379524,-0.3676863281700941,0,1,0,0,1,0,0,1.2047697101014618,0,0,1,0,0,0,0,0,0,0,0,0,0,0,0,0,0,0,0,0,0,0,0,0,0,0,1,0,0,0,1,0,0,0,0,0,0,0,0,0,0,1,0,0,0,0,0,0,0,0,0,0,0,0,1,0,0,0,0,0,0,0,0,1,0,0,0,0,0,0,0,0,1,0,0,0,0,0,0,0,0,0,0,1,0,0,0,0,0,1,0,0,1,0,0,0,1,0,0,1,0,0,0,0
0.09026831875095438,-0.8076609439927512,"4331.                   After the policeman examined the accident site and examined the accident site, the following became clear: While the offending vehicle was coming from the north towards the south, it took the far right towards the intersection below Al Nahyan camp and towards the filter, and before its arrival, the driver of the vehicle causing the vehicle was surprised to come from the east towards the west, crossing in front of him and due to the speed without taking into account the road conditions by the offending driver and crossing the vehicle from an unspecified place For pedestrians to cross, the vehicle that caused its front was run over, and the vehicle was run over the road, and the vehicle stopped at the site of the accident.",-0.19746179160121255,2.490378837640347,-0.3676863281700941,0,1,0,0,1,0,0,1.2114348795366154,0,0,0,0,0,0,0,0,0,0,0,0,0,0,0,0,0,0,0,0,0,1,0,0,0,0,1,0,0,0,1,0,0,1,0,0,0,0,0,0,0,0,0,0,0,0,0,0,0,0,0,0,1,0,0,0,0,0,0,0,0,0,0,1,0,0,0,0,0,0,1,0,0,0,0,0,0,0,0,0,0,0,0,0,1,0,0,0,0,1,0,0,1,0,0,0,1,0,0,0,1,0,0,0
0.8883723564880501,0.9071599786783089,"4332.                   After detecting and inspecting the site of the accident, the following accident plan became clear: - While the vehicles participating in the accident were traveling from west to east, taking the left lane, the two damaged vehicles at the front and the vehicle causing the rear, and the lack of attention of the driver who caused him and his negligence while driving and not leaving enough distance between his vehicle and the vehicles in front of him, the front of his vehicle collided with the rear of the first damaged vehicle, then the first damaged vehicle rushed and collided with the front At the rear of the second damaged vehicle, according to the picture in the chart, the accident was planned and necessary action was taken.",-0.19746179160121255,-0.4015453331379524,-0.3676863281700941,1,0,0,0,1,0,0,1.318482535111716,0,0,1,0,0,0,0,0,0,0,0,0,0,0,0,0,0,0,0,0,0,0,0,0,0,0,0,0,1,0,1,0,0,1,0,0,0,0,0,0,0,0,0,0,0,0,0,0,0,0,0,0,0,0,1,0,0,0,0,0,0,0,0,1,0,0,0,0,0,0,0,0,1,0,0,0,0,0,0,0,0,0,0,1,0,0,0,0,0,0,1,0,1,0,0,0,1,0,0,1,0,0,0,0
-0.17576636049474417,1.3873098370262058,"4333.                   After detecting and examining the accident site, the following accident plan became clear: - While the vehicles participating in the accident were traveling from west to east, taking the left lane, the two damaged vehicles at the front and the vehicle causing the rear, and the lack of attention of the driver who caused him and his negligence while driving and not leaving enough distance between his vehicle and the vehicles in front of him, the front of his vehicle collided with the rear of the first damaged vehicle, then the first damaged vehicle rushed and collided with the front At the rear of the second damaged vehicle, according to the picture in the chart, the accident was planned and necessary action was taken.",-0.19746179160121255,-0.4015453331379524,-0.3676863281700941,1,0,0,0,1,0,0,1.3195550911127751,0,0,1,0,0,0,0,0,0,0,0,0,0,0,0,0,0,0,0,0,0,0,0,0,0,0,0,1,0,0,1,0,0,0,1,0,0,0,0,0,0,0,0,0,0,0,0,0,0,0,0,0,0,0,1,0,0,0,0,0,0,0,0,1,0,0,0,0,0,0,0,0,1,0,0,0,0,0,0,0,0,0,0,1,0,0,0,0,0,1,0,0,0,1,0,0,0,1,0,0,1,0,0,0
-1.3995258850249577,1.3873098370262058,"4334.                   After detecting and inspecting the accident site, the following accident chart became clear: While the causing vehicle was coming from the north towards the south and took the path far right, and in the case of moving forward and the vehicle was coming from the west towards the east, it crossed near the pedestrian crossing lines and because of the speed without taking into account the road conditions by the causing vehicle, the right side mirror of the causing vehicle collided with the object of the vehicle that was hit. A minor injury was caused to the vehicle, and material damage was caused to the vehicle. The site of the accident was examined and the necessary measures were taken.",-0.19746179160121255,-0.4015453331379524,-0.3676863281700941,1,0,1,0,0,0,0,1.3195550911127751,0,0,1,0,0,0,0,0,0,0,0,0,0,0,0,0,0,0,0,0,0,0,0,0,0,0,0,1,0,0,1,0,0,0,1,0,0,0,0,0,0,0,0,0,0,0,0,0,0,0,0,0,0,0,1,0,0,0,0,0,0,0,0,1,0,0,0,0,0,0,0,0,1,0,0,0,0,0,0,0,0,0,0,1,0,0,0,0,0,0,1,1,0,0,0,0,0,1,0,0,1,0,0,0
1.2076139715828884,0.37213585080493816,"4335.                   After detecting and inspecting the accident site, the following accident chart became clear: While the causing vehicle was coming from the north towards the south and took the path far right, and in the case of moving forward and the vehicle was coming from the west towards the east, it crossed near the pedestrian crossing lines and because of the speed without taking into account the road conditions by the causing vehicle, the right side mirror of the causing vehicle collided with the object of the vehicle that was hit. A minor injury was caused to the vehicle, and material damage was caused to the vehicle. The site of the accident was examined and the necessary measures were taken.",-0.19746179160121255,-0.4015453331379524,-0.3676863281700941,0,1,1,0,0,0,0,1.5204513967805542,0,0,1,0,0,0,0,0,0,0,0,0,0,0,0,0,0,0,0,0,0,0,0,0,0,0,1,0,0,0,1,0,0,1,0,0,0,0,0,0,0,0,0,0,0,0,0,0,0,0,0,0,0,1,0,0,0,0,0,0,0,0,0,0,1,0,0,0,0,1,0,0,0,0,0,0,0,0,0,0,0,0,0,1,0,0,0,0,0,1,0,1,0,0,0,0,0,1,0,0,1,0,0,0
0.8883723564880501,0.37213585080493816,"4336.                   After detecting and inspecting the accident site, the following accident chart became clear: The vehicles involved in the accident are moving from the west towards the east. The causing vehicle is clearing the right lane that enters the exit to the right, while the damaged vehicles are passable to the main street, due to the lack of attention of the driver who caused him and his negligence while driving and his speed without taking into account the road conditions. Turning left confusion for the third victim who tried not to collide with the vehicle. The causing car lost control of the steering wheel, turning to the right, deteriorating into the side street after hitting the sidewalk and then colliding with the vehicle. The one who caused the second damaged vehicle and the second vehicle collided with the third damaged vehicle and the third damaged vehicle rushed and collided with the separating street island sidewalk according to the picture in the chart. The accident was planned and necessary action was taken.",-0.19746179160121255,-0.4015453331379524,-0.3676863281700941,0,1,1,0,0,0,0,1.5204513967805542,0,0,1,0,0,0,0,0,0,0,0,0,0,0,0,0,0,0,0,0,0,0,0,0,0,0,1,0,0,0,1,0,0,1,0,0,0,0,0,0,0,0,0,0,0,0,0,0,0,0,0,0,0,1,0,0,0,0,0,0,0,0,0,0,1,0,0,0,0,1,0,0,0,0,0,0,0,0,0,0,0,0,0,1,0,0,0,0,0,1,0,0,0,1,0,0,0,1,0,0,1,0,0,0
-0.8142495906844207,1.1815313263056786,"4337.                   After detecting and inspecting the accident site by the policeman, the chart of the accident revealed the following: -  While the causing vehicle was coming from the south towards the north, taking the right lane, which consists of two lanes towards the Said bin Tahnoun intersection, and upon entering the intersection and bypassing the red traffic light happened to enter the damaged vehicle coming from the east towards the west, taking the middle path from the right, which consists of four lanes The driver of the vehicle that caused an accident would cause the front of his vehicle to collide with the side and the left rear door, and the vehicles would stop in the middle of the intersection, causing severe material damage to the two vehicles and injuring the passenger with the injured driver.",-0.19746179160121255,-0.4015453331379524,-0.3676863281700941,1,0,1,0,0,0,0,1.5344931248352371,0,0,1,0,0,0,0,0,0,0,0,0,0,0,0,0,0,0,0,0,0,0,0,0,0,0,0,1,0,0,1,0,0,0,0,0,0,0,0,0,0,0,1,0,0,0,0,0,0,0,0,0,0,0,1,0,0,0,0,0,0,0,0,1,0,0,0,0,0,0,0,0,1,0,0,0,0,0,0,0,0,0,0,1,0,0,0,0,0,0,1,0,0,1,0,0,0,1,0,0,1,0,0,0
-0.4950079755895825,-0.9860023199505414,"4338.                   After detecting and inspecting the accident site by the policeman, the chart of the accident revealed the following: -  While the causing vehicle was coming from the south towards the north, taking the right lane, which consists of two lanes towards the Said bin Tahnoun intersection, and upon entering the intersection and bypassing the red traffic light happened to enter the damaged vehicle coming from the east towards the west, taking the middle path from the right, which consists of four lanes The driver of the vehicle that caused an accident would cause the front of his vehicle to collide with the side and the left rear door, and the vehicles would stop in the middle of the intersection, causing severe material damage to the two vehicles and injuring the passenger with the injured driver.",-0.19746179160121255,-0.4015453331379524,-0.3676863281700941,0,1,1,0,0,0,0,1.5220164529861815,0,0,0,0,0,0,0,0,0,0,0,0,0,0,0,0,0,0,0,0,0,1,0,0,0,0,0,0,1,0,1,0,0,0,0,0,0,0,0,0,0,0,0,0,1,0,0,0,0,0,0,0,1,0,0,0,0,0,0,0,0,0,0,0,1,0,0,0,0,1,0,0,0,0,0,0,0,0,0,0,0,0,0,0,1,0,0,0,0,1,0,0,0,0,1,0,0,0,1,0,1,0,0,0
0.46271686969493236,0.7836928722459926,"4339.                   After inspecting the accident site, the following accident plan became clear: The offending vehicle is coming from the north towards the south, taking the right lane, while the first damaged vehicle is traveling from the west to the east, passing the lane, and the second damaged vehicle was in a final stop in the direction of north-south with the left lane according to the initial plan. Without taking into account the conditions of the road, the perpetrator crossed the red light and hit the front of the first damaged vehicle on the right side of the offending vehicle, then the causing driver lost control of a wheel.  The driving deviated from its course and collided with the traffic guide sign, and the plate fell at the corner of the front of the second damaged vehicle, which was in a state and final stop at the intersection, thus the accident occurred. The accident was planned and necessary action was taken.",-0.19746179160121255,-0.4015453331379524,-0.0073990040508776864,1,0,1,0,0,0,0,1.6383559457541315,0,0,1,0,0,0,0,0,0,0,0,0,0,0,0,0,0,0,0,0,0,0,0,0,0,0,0,0,1,0,1,0,0,1,0,0,0,0,0,0,0,0,0,0,0,0,0,0,0,0,0,0,0,0,1,0,0,0,0,0,0,0,0,1,0,0,0,0,0,0,0,0,1,0,0,0,0,0,0,0,0,0,0,1,0,0,0,0,0,0,1,0,1,0,0,0,1,0,0,1,0,0,0,0
-0.33538716804216334,0.7836928722459926,"4340.                   After detecting and inspecting the accident site, the following accident plan became clear:  The two vehicles are traveling from the west towards the east, following the right lane, and while driving, lack of attention of the driver causing his negligence while driving and his speed without taking into account the conditions of the road and not leaving enough distance between the vehicles driving in front of him. The front of his vehicle collided with the rear of the damaged vehicle according to the picture in the chart. The accident was planned and necessary action was taken.",-0.19746179160121255,-0.4015453331379524,-0.0073990040508776864,1,0,1,0,0,0,0,1.6383559457541315,0,0,1,0,0,0,0,0,0,0,0,0,0,0,0,0,0,0,0,0,0,0,0,0,0,0,0,0,1,0,1,0,0,1,0,0,0,0,0,0,0,0,0,0,0,0,0,0,0,0,0,0,0,0,1,0,0,0,0,0,0,0,0,1,0,0,0,0,0,0,0,0,1,0,0,0,0,0,0,0,0,0,0,1,0,0,0,0,0,1,0,0,0,1,0,0,0,1,0,0,1,0,0,0
0.7819584847897707,-0.9311280504250675,"4341.                   After detecting and inspecting the accident site, the following accident chart became clear: - The two vehicles are traveling from the west towards the east, following the right lane, and while driving, lack of attention of the driver causing his negligence while driving and his speed without taking into account the conditions of the road and not leaving enough distance between the vehicles driving in front of him. The front of his vehicle collided with the rear of the damaged vehicle according to the picture in the chart. The accident was planned and necessary action was taken.",-0.19746179160121255,-0.4015453331379524,-2.3692825732768528,1,0,1,0,0,0,0,1.6437734480043793,0,0,0,0,1,0,0,0,0,0,0,0,0,0,0,0,0,0,0,0,0,0,0,0,0,0,0,0,1,0,1,0,0,1,0,0,0,0,0,0,0,0,0,0,0,0,0,0,0,0,0,1,0,0,0,0,0,0,0,0,0,0,0,1,0,0,0,0,0,0,0,1,0,0,0,0,0,0,0,0,0,0,0,0,0,0,0,1,0,1,0,0,1,0,0,0,1,0,0,0,1,0,0,0
-0.38859410389130306,0.9894713829665198,"4342.                   After detecting and inspecting the accident site by the policeman, the chart of the accident revealed the following: -  While the causing vehicle was coming from the east towards the west, the middle path was driven from the right, and when it reached the intersection and passed the red traffic light, its entry coincided with the entry of the first damaged vehicle coming from the north towards the south to hit the front of the first damaged vehicle on the side and the right rear corner of the vehicle that caused the vehicle to deviate from the force of the collision. It rushes towards the second and third damaged vehicles, which were parked at the opposite side at the intersection, to collide the causing vehicle on its left side forcefully with the second damaged vehicle and then collide with the third damaged vehicle and stop at the two vehicles and the necessary action was taken.",-0.19746179160121255,-0.4015453331379524,0.6331117943832852,1,0,1,0,0,0,0,1.6484795610702514,0,0,1,0,0,0,0,0,0,0,0,0,0,0,0,0,0,0,0,0,0,0,0,0,0,0,0,1,0,0,1,0,0,0,0,0,0,0,0,0,0,0,1,0,0,0,0,0,0,0,0,0,0,0,1,0,0,0,0,0,0,0,0,1,0,0,0,0,0,0,0,0,1,0,0,0,0,0,0,0,0,0,0,1,0,0,0,0,0,1,0,0,0,1,0,0,0,1,0,0,1,0,0,0
-0.016145552947325045,0.9894713829665198,"4343.                   After detecting and inspecting the accident site, the following accident plan became clear: The causing vehicle is coming from the south towards the north, passing the path of the arrow, and the damaged vehicle is coming from the south towards the north, the path of the arrow is cleared. And do the necessary.",-0.19746179160121255,-0.4015453331379524,0.6331117943832852,0,1,1,0,0,0,0,1.6484795610702514,0,0,1,0,0,0,0,0,0,0,0,0,0,0,0,0,0,0,0,0,0,0,0,0,0,0,0,1,0,0,1,0,0,0,0,0,0,0,0,0,0,0,1,0,0,0,0,0,0,0,0,0,0,0,1,0,0,0,0,0,0,0,0,1,0,0,0,0,0,0,0,0,1,0,0,0,0,0,0,0,0,0,0,1,0,0,0,0,0,1,0,0,1,0,0,0,1,0,0,0,1,0,0,0
-0.28218023219302363,-0.9860023199505414,"4344.                   After detecting and inspecting the accident site, the following became clear:  The causing vehicle is coming from the east towards the west and takes the left lane, the arrow line, and the first damaged and the second damaged vehicle and the third damaged one coming from the west towards the east, the first damaged one takes the second lane from the left, and the second and third damaged vehicle takes the middle lane, and because of the red signal bypassing the front of the vehicle causing the collision. The vehicle causing the left side of the first damaged vehicle and from the force of the collision continued its course and collided with the sidewalk separating the two streets, while the first and second damaged vehicle surprises with the accident and the second damaged vehicle stopped and the front of the second damaged vehicle collided with the rear of the damaged vehicle. The accident resulted in the injury of the first damaged driver and material damage to the vehicles. The accident was done.",1.0226501309346883,-0.4015453331379524,-1.3684844507234735,0,1,1,0,0,0,0,1.7411243217739858,0,0,0,0,0,0,0,0,0,0,0,0,0,0,0,0,0,0,0,0,0,1,0,0,0,0,0,0,1,0,1,0,0,1,0,0,0,0,0,0,0,0,0,0,0,0,0,0,0,0,0,0,0,1,0,0,0,0,0,0,0,0,0,0,1,0,0,0,0,0,0,0,0,1,0,0,0,0,0,0,0,0,0,0,0,1,0,0,0,1,0,0,0,1,0,0,0,1,0,1,0,0,0,0
-0.4950079755895825,-0.9860023199505414,"4345.                   After inspecting and inspecting the scene of the accident, the policeman found the following chart of the accident: - While the damaged vehicle was moving from the north towards the south and the offending vehicle was traveling behind it and both vehicles were traveling in the far right lane, and because of the failure of the causing vehicle to abide by the obligatory driving line and overtake the same lane from the right, it collided with its right side on the left side of the damaged vehicle, according to the chart, the accident occurred.",1.0226501309346883,-0.4015453331379524,-1.3684844507234735,0,1,1,0,0,0,0,1.7411243217739858,0,0,0,0,0,0,0,0,0,0,0,0,0,0,0,0,0,0,0,0,0,1,0,0,0,0,0,0,1,0,1,0,0,1,0,0,0,0,0,0,0,0,0,0,0,0,0,0,0,0,0,0,0,1,0,0,0,0,0,0,0,0,0,0,1,0,0,0,0,0,0,0,0,1,0,0,0,0,0,0,0,0,0,0,0,1,0,0,0,0,1,0,1,0,0,0,1,0,0,1,0,0,0,0
-0.6014218472878619,-0.9860023199505414,"4346.                   After inspecting and inspecting the scene of the accident, the policeman found the following chart of the accident: - While the damaged vehicle was moving from the north towards the south and the offending vehicle was traveling behind it and both vehicles were traveling in the far right lane, and because of the failure of the causing vehicle to abide by the obligatory driving line and overtake the same lane from the right, it collided with its right side on the left side of the damaged vehicle, according to the chart, the accident occurred.",1.0226501309346883,-0.4015453331379524,-1.3684844507234735,1,0,1,0,0,0,0,1.7411243217739858,0,0,0,0,0,0,0,0,0,0,0,0,0,0,0,0,0,0,0,0,0,1,0,0,0,0,0,0,1,0,1,0,0,1,0,0,0,0,0,0,0,0,0,0,0,0,0,0,0,0,0,0,0,1,0,0,0,0,0,0,0,0,0,0,1,0,0,0,0,0,0,0,0,1,0,0,0,0,0,0,0,0,0,0,0,1,0,0,0,1,0,0,0,1,0,0,0,1,0,0,0,0,1,0
-0.38859410389130306,-0.9860023199505414,"4347.                   After detecting and inspecting the accident site, the following accident plan became clear:  While the causing vehicle was coming from the south towards the north and coming from a side street and would like to enter the main street, the damaged vehicle is coming from the west towards the east, and in the case of moving forward and taking the path on the far right, because of not complying with the stop sign by the driver of the offending vehicle, the front of the causing vehicle hit the right side of the damaged vehicle As a result, the causing vehicle turned to the right and deteriorated 14.2 meters from the point of collision. The accident resulted in injury to the driver and passengers of the causing vehicle. Material damage was also caused to the two vehicles.",1.0226501309346883,-0.4015453331379524,-1.3684844507234735,0,1,1,0,0,0,0,1.7411243217739858,0,0,0,0,0,0,0,0,0,0,0,0,0,0,0,0,0,0,0,0,0,1,0,0,0,0,0,0,1,0,1,0,0,1,0,0,0,0,0,0,0,0,0,0,0,0,0,0,0,0,0,0,0,1,0,0,0,0,0,0,0,0,0,0,1,0,0,0,0,0,0,0,0,1,0,0,0,0,0,0,0,0,0,0,0,1,0,0,0,1,0,0,0,1,0,0,0,1,0,1,0,0,0,0
-0.28218023219302363,0.6053514962882024,"4348.                   After detecting and inspecting the accident site, the following accident plan became clear:  While the causing vehicle was coming from the south towards the north and coming from a side street and would like to enter the main street, the damaged vehicle is coming from the west towards the east, and in the case of moving forward and taking the path on the far right, because of not complying with the stop sign by the driver of the offending vehicle, the front of the causing vehicle hit the right side of the damaged vehicle As a result, the causing vehicle turned to the right and deteriorated 14.2 meters from the point of collision. The accident resulted in injury to the driver and passengers of the causing vehicle. Material damage was also caused to the two vehicles.",1.0226501309346883,-0.4015453331379524,-0.3676863281700941,0,1,0,1,0,0,0,1.7618093303658413,0,0,0,0,0,0,0,0,0,0,0,0,0,0,0,0,0,0,0,0,0,0,0,0,0,1,0,0,1,0,1,0,0,0,0,1,0,0,0,0,0,0,0,0,0,0,0,0,0,0,0,0,1,0,0,0,0,0,0,0,0,0,0,0,1,0,0,0,0,0,0,1,0,0,0,0,0,0,0,0,0,0,0,0,0,1,0,0,0,0,1,0,0,1,0,0,0,1,0,0,1,0,0,0
-0.44180103974044277,0.07032736841483159,"4349.                   After detecting and inspecting the accident planner, it became clear as follows: - The first precipitating vehicle coming from the north, turning to the east, taking the path of the arrow, and the second precipitating vehicle coming from the south towards the north, taking the center path. One of the two vehicles bypassed the red traffic light hit the front of the second precipitating vehicle with the front right side of the first causing vehicle and according to the chart, the accident occurred.",-0.19746179160121255,-0.4015453331379524,0.6331117943832852,0,1,0,1,0,0,0,-0.6575486745539615,0,0,1,0,0,0,0,0,0,0,0,0,0,0,0,0,0,0,0,0,0,0,0,0,0,0,0,1,0,0,1,0,0,0,0,1,0,0,0,0,0,0,0,0,0,0,0,0,0,0,0,0,0,0,1,0,0,0,0,0,0,0,0,1,0,0,0,0,0,0,0,0,1,0,0,0,0,0,0,0,0,0,0,1,0,0,0,0,0,1,0,0,0,1,0,0,0,1,0,0,0,0,1,0