Age of the injured,Str Code,Accident Description,Road speed limit,Pedestrian action,Number of Lanes,Gender_F,Gender_M,Week_Fifth week,Week_First week,Week_Fourth week,Week_Second week,Week_Third week,Date_time,Reasons__??? ????? ?????? ?????? ???? ????? ??? ???? ???????,Reasons__???? ?? ??????? (???),Reasons__Bypassing the red traffic light,Reasons__Driving back without attention,Reasons__Driving back without traffic clearance,Reasons__Driving in the opposite direction,Reasons__Entering main road without traffic clearance,Reasons__Exceeding speed limit,Reasons__Fatigue and drowsiness,Reasons__Faults in the road,Reasons__Ignoring road lane,Reasons__Ignoring traffic lights,Reasons__Lack of driving awareness,Reasons__Misuse of traffic,Reasons__Negligence and inobservance,Reasons__Negligent driving,Reasons__Not giving priority to pedestrian crossing,Reasons__Not giving way / not giving priority,Reasons__Not leaving enough space,Reasons__Not observing the stop sign,Reasons__Not securing vehicle stability while stopping,Reasons__Speedy without taking road conditions into account,Reasons__Sudden deviation,Reasons__Sudden stop,Reasons__Tyre burst,Reasons__under influence of intoxicant or narcotic drug,__Al Madina Police Station,__Khaldiya Police Station,__Shaabiya Police Station,Streetname_Intersection,Streetname_Street,place__Bridge / Tunnel,place__Coastal area,place__Commercial area,place__Fuel Station,place__Govt. authority,place__Hospital,place__Island,place__Mosque,place__One level intersection,place__Other,place__Park,place__Residential area,place__Sand area,place__School,place__Work area,place__external road,place__unknown,location__ ,location__Bridge,location__Bridge /  Tunnel,location__Car parking,location__Double road,location__Highway,location__Intersection,location__Off the road,location__Other(specify),location__Roundabout,location__Side parking,location__Single road,location__Tunnel,location__Two-way road,location__Unknown,lighting__day,lighting__night - enough lights,lighting__night - weak lights,intersection__Deviated intersection,intersection__Half Perpendicular Intersection,intersection__Multiple leg Intersection,intersection__Not on Intersection,intersection__Not on or around 20 meters,intersection__Other,intersection__Perpendicular Intersection,intersection__Roundabout,intersection__Turn ,accidentype__Collision while turning,accidentype__Fall,accidentype__Hitting a moving object off the road,accidentype__Hitting a moving object on the road,accidentype__Hitting a stationary object off the road,accidentype__Hitting a stationary object on the road,accidentype__Multiple collision,accidentype__Other (specify),accidentype__Perpendicular collision,accidentype__Person run over,accidentype__Rear collision,accidentype__Reciprocal collision,accidentype__Side collision,accidentype__deterioration,seat belt_N,seat belt_Y,seat_Back passenger seat,seat_Driver's seat,seat_Front passenger seat,seat_No passenger,seat_bike passenger,position_Driver,position_Passenger,position_Pedestrian,nationality_Arab States,nationality_Asian States,nationality_GCC,nationality_Other,nationality_UAE
-0.6546287831370016,1.4010284044075743,"4375.                   After detecting and inspecting the accident site, the following became clear:  The causing vehicle is coming from the east towards the west and takes the left lane, the arrow line, and the first damaged and the second damaged vehicle and the third damaged one coming from the west towards the east, the first damaged one takes the second lane from the left, and the second and third damaged vehicle takes the middle lane, and because of the red signal bypassing the front of the vehicle causing the collision. The vehicle causing the left side of the first damaged vehicle and from the force of the collision continued its course and collided with the sidewalk separating the two streets, while the first and second damaged vehicle surprises with the accident and the second damaged vehicle stopped and the front of the second damaged vehicle collided with the rear of the damaged vehicle. The accident resulted in the injury of the first damaged driver and material damage to the vehicles. The accident was done.",1.0226501309346883,-0.4015453331379524,1.6339099169366647,0,1,0,0,0,1,0,-0.6523172279365503,0,0,1,0,0,0,0,0,0,0,0,0,0,0,0,0,0,0,0,0,0,0,0,0,0,0,0,0,1,1,0,0,0,0,0,1,0,0,0,0,0,0,0,0,0,0,0,0,0,0,0,0,0,0,1,0,0,0,0,0,0,0,0,1,0,0,0,0,1,0,0,0,0,0,0,0,0,0,0,0,0,0,0,1,0,0,0,0,0,0,1,0,1,0,0,0,1,0,0,1,0,0,0,0
-0.9738703982318399,0.6602257658136763,"4376.                   After inspecting and inspecting the scene of the accident, the policeman found the following chart of the accident: - While the damaged vehicle was moving from the north towards the south and the offending vehicle was traveling behind it and both vehicles were traveling in the far right lane, and because of the failure of the causing vehicle to abide by the obligatory driving line and overtake the same lane from the right, it collided with its right side on the left side of the damaged vehicle, according to the chart, the accident occurred.",-0.19746179160121255,-0.4015453331379524,-0.3676863281700941,1,0,0,0,0,1,0,-0.6459694475221185,0,0,1,0,0,0,0,0,0,0,0,0,0,0,0,0,0,0,0,0,0,0,0,0,0,0,0,1,0,0,1,0,0,0,0,0,0,0,0,0,0,0,1,0,0,0,0,0,0,0,0,0,0,0,1,0,0,0,0,0,0,0,0,0,1,0,0,0,0,0,0,0,1,0,0,0,0,0,0,0,0,0,0,1,0,0,0,0,0,1,0,0,0,1,0,0,0,1,0,0,0,0,0,1
-1.5591466925723767,0.6602257658136763,"4377.                   After inspecting and inspecting the scene of the accident, the policeman found the following chart of the accident: - While the damaged vehicle was moving from the north towards the south and the offending vehicle was traveling behind it and both vehicles were traveling in the far right lane, and because of the failure of the causing vehicle to abide by the obligatory driving line and overtake the same lane from the right, it collided with its right side on the left side of the damaged vehicle, according to the chart, the accident occurred.",-0.19746179160121255,-0.4015453331379524,-0.3676863281700941,1,0,0,0,0,1,0,-0.6459694475221185,0,0,1,0,0,0,0,0,0,0,0,0,0,0,0,0,0,0,0,0,0,0,0,0,0,0,0,1,0,0,1,0,0,0,0,0,0,0,0,0,0,0,1,0,0,0,0,0,0,0,0,0,0,0,1,0,0,0,0,0,0,0,0,0,1,0,0,0,0,0,0,0,1,0,0,0,0,0,0,0,0,0,0,1,0,0,0,0,0,1,0,1,0,0,0,0,0,1,0,0,1,0,0,0
0.3030960621475132,0.6602257658136763,"4378.                   After detecting and inspecting the accident site, the following accident plan became clear:  While the causing vehicle was coming from the south towards the north and coming from a side street and would like to enter the main street, the damaged vehicle is coming from the west towards the east, and in the case of moving forward and taking the path on the far right, because of not complying with the stop sign by the driver of the offending vehicle, the front of the causing vehicle hit the right side of the damaged vehicle As a result, the causing vehicle turned to the right and deteriorated 14.2 meters from the point of collision. The accident resulted in injury to the driver and passengers of the causing vehicle. Material damage was also caused to the two vehicles.",-0.19746179160121255,-0.4015453331379524,-0.3676863281700941,1,0,0,0,0,1,0,-0.6459694475221185,0,0,1,0,0,0,0,0,0,0,0,0,0,0,0,0,0,0,0,0,0,0,0,0,0,0,0,1,0,0,1,0,0,0,0,0,0,0,0,0,0,0,1,0,0,0,0,0,0,0,0,0,0,0,1,0,0,0,0,0,0,0,0,0,1,0,0,0,0,0,0,0,1,0,0,0,0,0,0,0,0,0,0,1,0,0,0,0,0,0,1,0,0,1,0,0,0,1,0,0,1,0,0,0
-1.1866981416283988,0.6602257658136763,"4379.                   After detecting and inspecting the accident site, the following accident plan became clear:  While the causing vehicle was coming from the south towards the north and coming from a side street and would like to enter the main street, the damaged vehicle is coming from the west towards the east, and in the case of moving forward and taking the path on the far right, because of not complying with the stop sign by the driver of the offending vehicle, the front of the causing vehicle hit the right side of the damaged vehicle As a result, the causing vehicle turned to the right and deteriorated 14.2 meters from the point of collision. The accident resulted in injury to the driver and passengers of the causing vehicle. Material damage was also caused to the two vehicles.",-0.19746179160121255,-0.4015453331379524,-0.3676863281700941,0,1,0,0,0,1,0,-0.6459694475221185,0,0,1,0,0,0,0,0,0,0,0,0,0,0,0,0,0,0,0,0,0,0,0,0,0,0,0,1,0,0,1,0,0,0,0,0,0,0,0,0,0,0,1,0,0,0,0,0,0,0,0,0,0,0,1,0,0,0,0,0,0,0,0,0,1,0,0,0,0,0,0,0,1,0,0,0,0,0,0,0,0,0,0,1,0,0,0,0,0,1,0,1,0,0,0,0,0,1,0,0,1,0,0,0
-0.6014218472878619,0.6602257658136763,"4380.                   After detecting and inspecting the accident planner, it became clear as follows: - The first precipitating vehicle coming from the north, turning to the east, taking the path of the arrow, and the second precipitating vehicle coming from the south towards the north, taking the center path. One of the two vehicles bypassed the red traffic light hit the front of the second precipitating vehicle with the front right side of the first causing vehicle and according to the chart, the accident occurred.",-0.19746179160121255,-0.4015453331379524,-0.3676863281700941,1,0,0,0,0,1,0,-0.6459694475221185,0,0,1,0,0,0,0,0,0,0,0,0,0,0,0,0,0,0,0,0,0,0,0,0,0,0,0,1,0,0,1,0,0,0,0,0,0,0,0,0,0,0,1,0,0,0,0,0,0,0,0,0,0,0,1,0,0,0,0,0,0,0,0,0,1,0,0,0,0,0,0,0,1,0,0,0,0,0,0,0,0,0,0,1,0,0,0,0,0,0,1,0,1,0,0,0,1,0,0,0,0,0,0,1
0.8351654206389104,0.6602257658136763,"4381.                   After detecting and inspecting the accident site, the following accident plan became clear:  While the causing vehicle was coming from the west towards the east, passing the middle path, then changing its course to take the far left path to the left, to encounter the advent of the vehicle from the north towards the south, and during the descent of the vehicle on the road to the far left and due to the speed without taking into account the road conditions and crossing the pedestrian from the place not designated for pedestrian crossing was run over. The vehicle is causing the front of the vehicle from the left side was the body of the driver, then tried to use the brakes and pulled the vehicle who was run over with it up to 42 meters from the runaway point. The accident resulted in the death of the vehicle and material damage to the vehicle, according to the plan, the accident occurred.",-0.19746179160121255,-0.4015453331379524,-0.3676863281700941,0,1,0,0,0,1,0,-0.6459694475221185,0,0,1,0,0,0,0,0,0,0,0,0,0,0,0,0,0,0,0,0,0,0,0,0,0,0,0,1,0,0,1,0,0,0,0,0,0,0,0,0,0,0,1,0,0,0,0,0,0,0,0,0,0,0,1,0,0,0,0,0,0,0,0,0,1,0,0,0,0,0,0,0,1,0,0,0,0,0,0,0,0,0,0,1,0,0,0,0,0,0,1,0,1,0,0,0,1,0,0,0,1,0,0,0
1.5268555866777267,-0.8488166461368566,"4382.                   After detecting and inspecting the site of the accident, the following accident plan became clear: - While the causing vehicle was coming from the east and was in a state of deviation left to the south and was taking the far left lane, and the damaged vehicle was coming from the west towards the east and was traveling forward, crossing the middle lane, and because of the red light passing by, a collision occurred between two vehicles. As for the accident, material damage to the two vehicles and the injury of the female passenger, along with the injured driver, the location of the accident was revealed and the necessary actions were taken.",-0.19746179160121255,-0.4015453331379524,-0.3676863281700941,1,0,0,0,0,1,0,-0.6581177859014623,0,0,0,0,0,0,0,0,0,0,0,0,0,0,0,0,0,0,0,0,0,0,1,0,0,0,0,1,0,0,1,0,0,0,0,0,0,0,0,0,0,0,1,0,0,0,0,0,0,0,0,0,1,0,0,0,0,0,0,0,0,0,0,1,0,0,0,0,0,1,0,0,0,0,0,0,0,0,0,0,1,0,0,0,0,0,0,0,0,0,1,0,1,0,0,0,1,0,0,0,0,0,0,1
-0.6014218472878619,-0.8488166461368566,"4383.                   After inspecting and inspecting the accident site, the following accident plan became clear: The offending vehicle was coming from the west towards the east, following the path on the far right, and the trample was coming from the south towards the north, trying to cross the street, and in the far-right lane, on the pedestrian crossing lines, the front of the motorcycle collided with the body of the pedestrian. And do what is necessary ....",-0.19746179160121255,2.490378837640347,-0.3676863281700941,0,1,0,0,0,1,0,-0.6581177859014623,0,0,0,0,0,0,0,0,0,0,0,0,0,0,0,0,0,0,0,0,0,0,1,0,0,0,0,1,0,0,1,0,0,0,0,0,0,0,0,0,0,0,1,0,0,0,0,0,0,0,0,0,1,0,0,0,0,0,0,0,0,0,0,1,0,0,0,0,0,1,0,0,0,0,0,0,0,0,0,0,1,0,0,0,0,0,0,0,0,1,0,0,0,0,1,0,0,0,1,0,1,0,0,0
-0.016145552947325045,-0.8488166461368566,"4384.                   After detecting and inspecting the accident site, the following accident chart became clear: - The causing vehicle is coming from west to east inside the intersection towards the north, taking the left lane, while the damaged vehicle is coming from the east to the west, taking the right lane due to the lack of attention of the offending driver, his negligence while driving and his failure to abide by traffic and traffic rules, bypassing the red light signal that hit the front of his vehicle in the front corner The left side is on the left side of the damaged vehicle, then the damaged vehicle is unbalanced and the driver lost control of the steering wheel and the vehicle deteriorated in the middle of the road on the right side according to the picture in the chart. The accident was charted and necessary action was taken.",-0.19746179160121255,2.490378837640347,-0.3676863281700941,0,1,0,0,0,1,0,-0.6581177859014623,0,0,0,0,0,0,0,0,0,0,0,0,0,0,0,0,0,0,0,0,0,0,1,0,0,0,0,1,0,0,1,0,0,0,0,0,0,0,0,0,0,0,1,0,0,0,0,0,0,0,0,0,1,0,0,0,0,0,0,0,0,0,0,1,0,0,0,0,0,1,0,0,0,0,0,0,0,0,0,0,1,0,0,0,0,0,0,0,0,1,0,0,0,0,1,0,0,0,1,0,1,0,0,0
-1.2931120133266782,-0.9311280504250675,"4385.                   After detecting and inspecting the accident site by the policeman, the chart of the accident revealed the following: - While the causing vehicle was coming from the north towards the south, taking the far left lane, and upon entering the intersection and bypassing the red traffic light, its divergence encountered to the left, entering the damaged vehicle coming from the south towards the north, taking the far right lane, so that the front of the causing vehicle collided with the left two doors of the damaged vehicle and the two vehicles stopped at the scene take the necessary action was taken.",-2.637685636673014,-0.4015453331379524,-2.3692825732768528,0,1,0,0,0,1,0,-0.6478518927484672,0,0,0,0,0,0,1,0,0,0,0,0,0,0,0,0,0,0,0,0,0,0,0,0,0,0,0,0,1,0,1,0,0,1,0,0,0,0,0,0,0,0,0,0,0,0,0,0,0,0,0,0,0,0,0,0,0,0,0,0,0,1,0,0,1,0,0,0,0,1,0,0,0,0,0,0,0,0,0,0,0,0,0,1,0,0,0,0,0,1,0,0,1,0,0,0,1,0,0,0,0,0,1,0
-0.28218023219302363,0.2212316096098849,"4386.                   After detecting and inspecting the accident site by the policeman, the cart of the accident revealed the following: - While the causing vehicle was coming from the west towards the east and because of his driving the vehicle in a non-normal condition, which led to his speed without taking into account the road conditions, the front of the vehicle collided with the sidewalk so that the vehicle stopped on the sidewalk and necessary action was taken.",-0.19746179160121255,-0.4015453331379524,-1.3684844507234735,0,1,0,0,0,1,0,-0.6645750108057982,0,0,0,0,0,0,0,0,0,0,1,0,0,0,0,0,0,0,0,0,0,0,0,0,0,0,0,0,1,0,1,0,0,1,0,0,0,0,0,0,0,0,0,0,0,0,0,0,0,0,0,0,1,0,0,0,0,0,0,0,0,0,0,1,0,0,0,0,0,0,0,0,0,0,1,0,0,0,0,0,0,0,0,0,0,0,0,1,0,1,0,0,1,0,0,0,1,0,0,0,1,0,0,0
0.1434752546000941,1.0717827872547308,"4387.                   After detecting and inspecting the accident site, the following accident plan became clear: - The offending vehicle was in a final stop before the accident inside the car park, and the injured child was inside the pram that her grandmother pushed before the accident, and the offending driver's lack of attention and negligence while moving from standing and backward without attention hit the back of his vehicle the stroller. The vehicle deteriorated after the impact and this caused the child to be injured, according to the picture in the chart. The accident was charted and necessary action was taken.",-0.19746179160121255,-0.4015453331379524,0.6331117943832852,1,0,0,0,0,1,0,-0.6602300645566094,0,0,1,0,0,0,0,0,0,0,0,0,0,0,0,0,0,0,0,0,0,0,0,0,0,0,0,1,0,0,1,0,0,0,0,1,0,0,0,0,0,0,0,0,0,0,0,0,0,0,0,0,0,0,1,0,0,0,0,0,0,0,0,1,0,0,0,0,1,0,0,0,0,0,0,0,0,0,0,0,0,0,0,1,0,0,0,0,0,0,1,0,0,1,0,0,0,1,0,0,0,0,1,0
0.35630299799665294,1.0717827872547308,"4388.                   After detecting and inspecting the accident site by the policeman, the chart of the accident revealed the following: - While the causing vehicle was coming from the west towards the east taking the path of the far right, upon reaching the turning hole on the right, it was surprised by the arrest of the vehicle of the run-over person. While the runaway attempted, the runaway alerted to move his vehicle. The runaway vehicle opened the door of the runaway vehicle while it was moving, and because of the lack of appreciation of the road users from the offending driver, the crashed driver hit the causing vehicle and the driver of the vehicle causing the escape was indifferent to this and the necessary action was taken",-0.19746179160121255,-0.4015453331379524,0.6331117943832852,1,0,0,0,0,1,0,-0.6602300645566094,0,0,1,0,0,0,0,0,0,0,0,0,0,0,0,0,0,0,0,0,0,0,0,0,0,0,0,1,0,0,1,0,0,0,0,1,0,0,0,0,0,0,0,0,0,0,0,0,0,0,0,0,0,0,1,0,0,0,0,0,0,0,0,1,0,0,0,0,1,0,0,0,0,0,0,0,0,0,0,0,0,0,0,1,0,0,0,0,0,0,1,0,1,0,0,0,1,0,0,0,0,0,0,1
0.728751548940631,-0.8350980787554881,"4389.                   After detection and inspection by the accident planner, it became clear as follows: -  The offending and the damaged vehicles were coming from the east towards the west and taking the far right path and not leaving a sufficient distance for the vehicle that caused the front of the vehicle to hit the rear of the damaged vehicle, and according to the plan, the accident occurred.",-1.4175737141371132,-0.4015453331379524,-2.3692825732768528,0,1,0,0,0,1,0,-0.20906704382535776,0,0,0,0,0,0,0,0,0,0,0,0,0,1,0,0,0,0,0,0,0,0,0,0,0,0,0,0,1,0,1,0,0,0,0,0,0,0,0,0,0,0,0,0,1,0,0,0,0,0,0,0,0,0,0,0,0,0,0,1,0,0,0,0,1,0,0,0,0,0,1,0,0,0,0,0,0,0,0,0,0,0,0,0,1,0,0,0,0,1,0,0,0,0,1,0,0,0,1,0,1,0,0,0
0.8351654206389104,-0.9585651851878045,"4390.                   After detection and inspection by the accident planner, it became clear as follows: -  The offending and the damaged vehicles were coming from the east towards the west and taking the far right path and not leaving a sufficient distance for the vehicle that caused the front of the vehicle to hit the rear of the damaged vehicle, and according to the plan, the accident occurred.",-0.19746179160121255,-0.4015453331379524,-1.3684844507234735,0,1,0,0,0,0,1,-0.11401450434373533,0,0,0,0,0,0,0,0,0,0,0,0,0,0,0,0,0,0,0,0,0,1,0,0,0,0,0,1,0,0,1,0,0,0,0,0,0,0,0,0,0,1,0,0,0,0,0,0,0,0,0,0,0,0,0,0,1,0,0,0,0,0,0,1,0,0,0,0,0,0,0,0,0,1,0,0,0,0,0,0,1,0,0,0,0,0,0,0,0,0,1,0,1,0,0,0,1,0,0,0,1,0,0,0
-0.17576636049474417,-0.972283752569173,"4391.                   After detecting and inspecting the accident site by the policeman, the chart of the accident revealed the following: - While the vehicle was parked in a side car park from the Abu Dhabi Islamic Bank parking lot, when the driver started the vehicle and half of his body inside the vehicle and the other half outside the vehicle, due to the driver's negligence and lack of attention, the vehicle was pushed forward as the vehicle's spare parts were not in the correct position, the vehicle collided with an iron pole and the driver fell The outside of the vehicle is affected by his presence in the vehicle and the necessary measures have been taken",1.0226501309346883,2.490378837640347,0.6331117943832852,1,0,0,0,0,0,1,0.0011758212802227479,0,0,0,0,0,0,0,0,0,0,0,0,0,0,0,0,0,0,0,0,0,1,0,0,0,0,0,0,1,0,1,0,0,1,0,0,0,0,0,0,0,0,0,0,0,0,0,0,0,0,0,0,0,1,0,0,0,0,0,0,0,0,0,1,0,0,0,0,0,1,0,0,0,0,0,0,0,0,0,0,0,0,0,0,1,0,0,0,0,1,0,0,0,0,1,0,0,0,1,0,0,0,1,0
-1.2931120133266782,-0.8350980787554881,"4392.                   After detecting and inspecting the accident site, the following accident plan became clear: - While the causing vehicle was coming from the west and heading towards the east, taking the secondary street with the right and the treaded path, it crossed the secondary street on feet coming from the south towards the north and because of the speed without taking into account the road conditions by the driver and the pedestrian crossed from a place not designated for pedestrian crossing. As a result of the accident, the driver was injured and the vehicle was damaged. According to the plan, the accident occurred.",-1.4175737141371132,-0.4015453331379524,-2.3692825732768528,0,1,0,0,0,0,1,0.01299582618985455,0,0,0,0,0,0,0,0,0,0,0,0,0,1,0,0,0,0,0,0,0,0,0,0,0,0,0,0,1,0,1,0,0,1,0,0,0,0,0,0,0,0,0,0,0,0,0,0,0,0,0,0,0,0,0,0,0,0,0,1,0,0,0,0,1,0,0,0,0,0,0,1,0,0,0,0,0,0,0,0,0,0,0,0,1,0,0,0,0,1,0,0,0,0,1,0,0,0,1,1,0,0,0,0
-0.33538716804216334,0.852285709152835,"4393.                   After the policeman examined the accident site and examined the accident site, the following became clear: While the offending vehicle was coming from the north towards the south, it took the far right towards the intersection below Al Nahyan camp and towards the filter, and before its arrival, the driver of the vehicle causing the vehicle was surprised to come from the east towards the west, crossing in front of him and due to the speed without taking into account the road conditions by the offending driver and crossing the vehicle from an unspecified place For pedestrians to cross, the vehicle that caused its front was run over, and the vehicle was run over the road, and the vehicle stopped at the site of the accident.",-0.19746179160121255,-0.4015453331379524,-0.3676863281700941,0,1,0,0,0,0,1,0.013105270679758549,0,0,1,0,0,0,0,0,0,0,0,0,0,0,0,0,0,0,0,0,0,0,0,0,0,0,0,0,1,0,1,0,0,1,0,0,0,0,0,0,0,0,0,0,0,0,0,0,0,0,0,0,0,0,1,0,0,0,0,0,0,0,0,0,1,0,0,0,0,0,0,0,1,0,0,0,0,0,0,0,0,0,0,1,0,0,0,0,0,0,1,0,1,0,0,0,1,0,0,1,0,0,0,0
-0.2289732963438839,0.852285709152835,"4394.                   After detecting and inspecting the site of the accident, the following accident plan became clear: - While the vehicles participating in the accident were traveling from west to east, taking the left lane, the two damaged vehicles at the front and the vehicle causing the rear, and the lack of attention of the driver who caused him and his negligence while driving and not leaving enough distance between his vehicle and the vehicles in front of him, the front of his vehicle collided with the rear of the first damaged vehicle, then the first damaged vehicle rushed and collided with the front At the rear of the second damaged vehicle, according to the picture in the chart, the accident was planned and necessary action was taken.",-0.19746179160121255,-0.4015453331379524,-0.3676863281700941,0,1,0,0,0,0,1,0.013105270679758549,0,0,1,0,0,0,0,0,0,0,0,0,0,0,0,0,0,0,0,0,0,0,0,0,0,0,0,0,1,0,1,0,0,1,0,0,0,0,0,0,0,0,0,0,0,0,0,0,0,0,0,0,0,0,1,0,0,0,0,0,0,0,0,0,1,0,0,0,0,0,0,0,1,0,0,0,0,0,0,0,0,0,0,1,0,0,0,0,0,1,0,1,0,0,0,0,0,1,0,1,0,0,0,0
-0.17576636049474417,-0.8762537808995936,"4395.                   After detecting and examining the accident site, the following accident plan became clear: - While the vehicles participating in the accident were traveling from west to east, taking the left lane, the two damaged vehicles at the front and the vehicle causing the rear, and the lack of attention of the driver who caused him and his negligence while driving and not leaving enough distance between his vehicle and the vehicles in front of him, the front of his vehicle collided with the rear of the first damaged vehicle, then the first damaged vehicle rushed and collided with the front At the rear of the second damaged vehicle, according to the picture in the chart, the accident was planned and necessary action was taken.",-0.19746179160121255,-0.4015453331379524,-0.0073990040508776864,0,1,0,0,0,0,1,0.10503864219911702,0,0,0,0,0,0,0,0,0,0,0,0,0,0,0,0,0,0,0,0,0,1,0,0,0,0,0,1,0,0,1,0,0,0,0,0,0,0,0,0,0,0,1,0,0,0,0,0,0,0,0,0,0,1,0,0,0,0,0,0,0,0,0,1,0,0,0,0,0,1,0,0,0,0,0,0,0,0,0,0,0,0,0,0,0,0,0,0,1,0,1,0,0,1,0,0,0,1,0,0,1,0,0,0
1.1544070357337486,-0.8762537808995936,"4396.                   After detecting and inspecting the accident site, the following accident chart became clear: While the causing vehicle was coming from the north towards the south and took the path far right, and in the case of moving forward and the vehicle was coming from the west towards the east, it crossed near the pedestrian crossing lines and because of the speed without taking into account the road conditions by the causing vehicle, the right side mirror of the causing vehicle collided with the object of the vehicle that was hit. A minor injury was caused to the vehicle, and material damage was caused to the vehicle. The site of the accident was examined and the necessary measures were taken.",-0.19746179160121255,-0.4015453331379524,-0.0073990040508776864,0,1,0,0,0,0,1,0.10503864219911702,0,0,0,0,0,0,0,0,0,0,0,0,0,0,0,0,0,0,0,0,0,1,0,0,0,0,0,1,0,0,1,0,0,0,0,0,0,0,0,0,0,0,1,0,0,0,0,0,0,0,0,0,0,1,0,0,0,0,0,0,0,0,0,1,0,0,0,0,0,1,0,0,0,0,0,0,0,0,0,0,0,0,0,0,0,0,0,0,1,0,1,0,1,0,0,0,1,0,0,0,1,0,0,0
0.7819584847897707,-0.944846617806436,"4397.                   After detecting and inspecting the accident site, the following accident chart became clear: While the causing vehicle was coming from the north towards the south and took the path far right, and in the case of moving forward and the vehicle was coming from the west towards the east, it crossed near the pedestrian crossing lines and because of the speed without taking into account the road conditions by the causing vehicle, the right side mirror of the causing vehicle collided with the object of the vehicle that was hit. A minor injury was caused to the vehicle, and material damage was caused to the vehicle. The site of the accident was examined and the necessary measures were taken.",2.2427620534705888,-0.4015453331379524,0.6331117943832852,0,1,0,0,0,0,1,0.10928508840739215,0,0,0,0,0,0,0,0,0,0,0,0,0,0,0,0,0,0,0,0,0,0,0,0,0,1,0,1,0,0,1,0,0,0,0,0,0,0,0,0,0,0,1,0,0,0,0,0,0,0,0,0,1,0,0,0,0,0,0,0,0,0,0,0,1,0,0,0,0,0,0,1,0,0,0,0,0,0,0,0,0,0,0,0,0,1,0,0,0,1,0,0,1,0,0,0,1,0,0,0,0,0,0,1
-0.12255942464560447,-0.944846617806436,"4398.                   After detecting and inspecting the accident site, the following accident chart became clear: The vehicles involved in the accident are moving from the west towards the east. The causing vehicle is clearing the right lane that enters the exit to the right, while the damaged vehicles are passable to the main street, due to the lack of attention of the driver who caused him and his negligence while driving and his speed without taking into account the road conditions. Turning left confusion for the third victim who tried not to collide with the vehicle. The causing car lost control of the steering wheel, turning to the right, deteriorating into the side street after hitting the sidewalk and then colliding with the vehicle. The one who caused the second damaged vehicle and the second vehicle collided with the third damaged vehicle and the third damaged vehicle rushed and collided with the separating street island sidewalk according to the picture in the chart. The accident was planned and necessary action was taken.",2.2427620534705888,-0.4015453331379524,0.6331117943832852,1,0,0,0,0,0,1,0.10928508840739215,0,0,0,0,0,0,0,0,0,0,0,0,0,0,0,0,0,0,0,0,0,0,0,0,0,1,0,1,0,0,1,0,0,0,0,0,0,0,0,0,0,0,1,0,0,0,0,0,0,0,0,0,1,0,0,0,0,0,0,0,0,0,0,0,1,0,0,0,0,0,0,1,0,0,0,0,0,0,0,0,0,0,0,0,0,1,0,0,0,1,0,0,1,0,0,0,1,0,0,0,0,0,1,0
0.8883723564880501,-0.8488166461368566,"4399.                   After detecting and inspecting the accident site by the policeman, the chart of the accident revealed the following: -  While the causing vehicle was coming from the south towards the north, taking the right lane, which consists of two lanes towards the Said bin Tahnoun intersection, and upon entering the intersection and bypassing the red traffic light happened to enter the damaged vehicle coming from the east towards the west, taking the middle path from the right, which consists of four lanes The driver of the vehicle that caused an accident would cause the front of his vehicle to collide with the side and the left rear door, and the vehicles would stop in the middle of the intersection, causing severe material damage to the two vehicles and injuring the passenger with the injured driver.",-1.4175737141371132,2.490378837640347,-2.3692825732768528,1,0,0,0,0,0,1,0.1116053115933569,0,0,0,0,0,0,0,0,0,0,0,0,0,0,1,0,0,0,0,0,0,0,0,0,0,0,0,1,0,0,1,0,0,0,0,0,0,0,0,0,0,0,1,0,0,0,0,0,0,0,0,0,0,0,0,0,0,0,0,1,0,0,0,1,0,0,0,0,0,1,0,0,0,0,0,0,0,0,0,0,0,0,0,0,1,0,0,0,0,1,0,1,0,0,0,0,0,1,0,1,0,0,0,0