Age of the injured,Str Code,Accident Description,Road speed limit,Pedestrian action,Number of Lanes,Gender_F,Gender_M,Week_Fifth week,Week_First week,Week_Fourth week,Week_Second week,Week_Third week,Date_time,Reasons__??? ????? ?????? ?????? ???? ????? ??? ???? ???????,Reasons__???? ?? ??????? (???),Reasons__Bypassing the red traffic light,Reasons__Driving back without attention,Reasons__Driving back without traffic clearance,Reasons__Driving in the opposite direction,Reasons__Entering main road without traffic clearance,Reasons__Exceeding speed limit,Reasons__Fatigue and drowsiness,Reasons__Faults in the road,Reasons__Ignoring road lane,Reasons__Ignoring traffic lights,Reasons__Lack of driving awareness,Reasons__Misuse of traffic,Reasons__Negligence and inobservance,Reasons__Negligent driving,Reasons__Not giving priority to pedestrian crossing,Reasons__Not giving way / not giving priority,Reasons__Not leaving enough space,Reasons__Not observing the stop sign,Reasons__Not securing vehicle stability while stopping,Reasons__Speedy without taking road conditions into account,Reasons__Sudden deviation,Reasons__Sudden stop,Reasons__Tyre burst,Reasons__under influence of intoxicant or narcotic drug,__Al Madina Police Station,__Khaldiya Police Station,__Shaabiya Police Station,Streetname_Intersection,Streetname_Street,place__Bridge / Tunnel,place__Coastal area,place__Commercial area,place__Fuel Station,place__Govt. authority,place__Hospital,place__Island,place__Mosque,place__One level intersection,place__Other,place__Park,place__Residential area,place__Sand area,place__School,place__Work area,place__external road,place__unknown,location__ ,location__Bridge,location__Bridge /  Tunnel,location__Car parking,location__Double road,location__Highway,location__Intersection,location__Off the road,location__Other(specify),location__Roundabout,location__Side parking,location__Single road,location__Tunnel,location__Two-way road,location__Unknown,lighting__day,lighting__night - enough lights,lighting__night - weak lights,intersection__Deviated intersection,intersection__Half Perpendicular Intersection,intersection__Multiple leg Intersection,intersection__Not on Intersection,intersection__Not on or around 20 meters,intersection__Other,intersection__Perpendicular Intersection,intersection__Roundabout,intersection__Turn ,accidentype__Collision while turning,accidentype__Fall,accidentype__Hitting a moving object off the road,accidentype__Hitting a moving object on the road,accidentype__Hitting a stationary object off the road,accidentype__Hitting a stationary object on the road,accidentype__Multiple collision,accidentype__Other (specify),accidentype__Perpendicular collision,accidentype__Person run over,accidentype__Rear collision,accidentype__Reciprocal collision,accidentype__Side collision,accidentype__deterioration,seat belt_N,seat belt_Y,seat_Back passenger seat,seat_Driver's seat,seat_Front passenger seat,seat_No passenger,seat_bike passenger,position_Driver,position_Passenger,position_Pedestrian,nationality_Arab States,nationality_Asian States,nationality_GCC,nationality_Other,nationality_UAE
0.3030960621475132,1.3461541348821002,"4500.                 Having surveyed the scene of the accident: - As per the primary chart, the first vehicle, responsible for the accident, was heading from the north to the south, taking the middle lane, and the second vehicle, the ambulance, was heading from the east to the north, taking the middle lane, one driver lost attention and crossed the red traffic light, the head of the first crashed into the rear corner of the second one depending on the photos. The accident is charted and necessary actions are made. ",-0.19746179160121255,-0.4015453331379524,0.6331117943832852,1,0,0,1,0,0,0,-0.4292693575122021,0,0,1,0,0,0,0,0,0,0,0,0,0,0,0,0,0,0,0,0,0,0,0,0,0,0,0,0,1,0,1,0,0,1,0,0,0,0,0,0,0,0,0,0,0,0,0,0,0,0,0,0,0,0,1,0,0,0,0,0,0,0,0,0,1,0,0,0,0,0,0,0,1,0,0,0,0,0,0,0,0,0,0,1,0,0,0,0,0,1,0,1,0,0,0,0,0,1,0,0,0,0,0,1
-1.1866981416283988,1.2638427305938895,"4501.                 Having surveyed the scene of the accident: - The damaged vehicle was heading from the west to the east, it crossed the lane of the vehicle coming from the south to the north, the vehicle crossed the red light and crashed into the left side of the damaged vehicle. The accident is charted and necessary actions are made.",-0.19746179160121255,-0.4015453331379524,0.6331117943832852,1,0,0,1,0,0,0,-0.43983075078793793,0,0,1,0,0,0,0,0,0,0,0,0,0,0,0,0,0,0,0,0,0,0,0,0,0,0,0,1,0,0,1,0,0,0,0,0,0,0,0,0,0,0,1,0,0,0,0,0,0,0,0,0,0,0,1,0,0,0,0,0,0,0,0,0,1,0,0,0,0,0,0,0,1,0,0,0,0,0,0,0,0,0,0,1,0,0,0,0,0,1,0,1,0,0,0,0,0,1,0,0,0,0,0,1
-1.2931120133266782,1.2638427305938895,"4502.                 Having surveyed the scene of the accident: - The damaged vehicle was heading from the west to the east, it crossed the lane of the vehicle coming from the south to the north, the vehicle crossed the red light and crashed into the left side of the damaged vehicle. The accident is charted and necessary actions are made.",-0.19746179160121255,-0.4015453331379524,0.6331117943832852,1,0,0,1,0,0,0,-0.43983075078793793,0,0,1,0,0,0,0,0,0,0,0,0,0,0,0,0,0,0,0,0,0,0,0,0,0,0,0,1,0,0,1,0,0,0,0,0,0,0,0,0,0,0,1,0,0,0,0,0,0,0,0,0,0,0,1,0,0,0,0,0,0,0,0,0,1,0,0,0,0,0,0,0,1,0,0,0,0,0,0,0,0,0,0,1,0,0,0,0,0,1,0,1,0,0,0,0,0,1,0,0,0,0,0,1
-1.3463189491758178,1.2638427305938895,"4503.                 Having surveyed the scene of the accident: -The damaged vehicle was heading from the west to the east, it crossed the lane of the vehicle coming from the south to the north, the vehicle crossed the red light and crashed into the left side of the damaged vehicle. The accident is charted and necessary actions are made.",-0.19746179160121255,-0.4015453331379524,0.6331117943832852,0,1,0,1,0,0,0,-0.43983075078793793,0,0,1,0,0,0,0,0,0,0,0,0,0,0,0,0,0,0,0,0,0,0,0,0,0,0,0,1,0,0,1,0,0,0,0,0,0,0,0,0,0,0,1,0,0,0,0,0,0,0,0,0,0,0,1,0,0,0,0,0,0,0,0,0,1,0,0,0,0,0,0,0,1,0,0,0,0,0,0,0,0,0,0,1,0,0,0,0,0,1,0,1,0,0,0,0,0,1,0,0,0,0,0,1
-0.33538716804216334,1.2638427305938895,"4504.                 Having surveyed the scene of the accident: -The damaged vehicle was heading from the west to the east, it crossed the lane of the vehicle coming from the south to the north, the vehicle crossed the red light and crashed into the left side of the damaged vehicle. The accident is charted and necessary actions are made.",-0.19746179160121255,-0.4015453331379524,0.6331117943832852,1,0,0,1,0,0,0,-0.43983075078793793,0,0,1,0,0,0,0,0,0,0,0,0,0,0,0,0,0,0,0,0,0,0,0,0,0,0,0,1,0,0,1,0,0,0,0,0,0,0,0,0,0,0,1,0,0,0,0,0,0,0,0,0,0,0,1,0,0,0,0,0,0,0,0,0,1,0,0,0,0,0,0,0,1,0,0,0,0,0,0,0,0,0,0,1,0,0,0,0,0,0,1,0,0,1,0,0,0,1,0,0,0,0,1,0
-1.4527328208740973,1.2638427305938895,"4505.                 Having surveyed the scene of the accident: - The damaged vehicle was heading from the west to the east, it crossed the lane of the vehicle coming from the south to the north, the vehicle crossed the red light and crashed into the left side of the damaged vehicle. The accident is charted and necessary actions are made.",-0.19746179160121255,-0.4015453331379524,0.6331117943832852,1,0,0,1,0,0,0,-0.43983075078793793,0,0,1,0,0,0,0,0,0,0,0,0,0,0,0,0,0,0,0,0,0,0,0,0,0,0,0,1,0,0,1,0,0,0,0,0,0,0,0,0,0,0,1,0,0,0,0,0,0,0,0,0,0,0,1,0,0,0,0,0,0,0,0,0,1,0,0,0,0,0,0,0,1,0,0,0,0,0,0,0,0,0,0,1,0,0,0,0,0,1,0,1,0,0,0,0,0,1,0,0,0,0,0,1
-1.2399050774775384,0.3035430138980958,"4506.                 Having surveyed the scene of the accident: - Due to the lack of attention and crossing the red light, a crash of 3 vehicles happened, the vehicle responsible for this accident had a plate no. 2445, grey, Abu Dhabi license, Camry model, it was heading from the west to the east, it crashed into the vehicle holding the plate no. 1584, yellow, Abu Dhabi license, Camry model, the latter swerved off crashing into another vehicle holding plate no. 63764, Volkswagen, series 5, causing material damages. necessary actions are made.  ",-0.19746179160121255,-0.4015453331379524,-1.3684844507234735,1,0,0,1,0,0,0,-0.43583602690644196,0,0,1,0,0,0,0,0,0,0,0,0,0,0,0,0,0,0,0,0,0,0,0,0,0,0,0,1,0,0,1,0,0,0,0,0,0,0,0,0,0,0,1,0,0,0,0,0,0,0,0,0,0,0,1,0,0,0,0,0,0,0,0,1,0,0,0,0,0,0,0,0,1,0,0,0,0,0,0,0,0,0,0,1,0,0,0,0,0,1,0,1,0,0,0,0,0,1,0,0,0,0,1,0
0.35630299799665294,0.3035430138980958,"4507.                 Having surveyed the scene of the accident: - The two vehicles were heading from the west to the north, due to the narrow space the other driver kept from the damaged vehicle, it crashed into the rear part, due to the power of collision the vehicle is pushed ahead and ran over 2 victims. The accident is charted and necessary actions are made.",-0.19746179160121255,-0.4015453331379524,-1.3684844507234735,1,0,0,1,0,0,0,-0.43583602690644196,0,0,1,0,0,0,0,0,0,0,0,0,0,0,0,0,0,0,0,0,0,0,0,0,0,0,0,1,0,0,1,0,0,0,0,0,0,0,0,0,0,0,1,0,0,0,0,0,0,0,0,0,0,0,1,0,0,0,0,0,0,0,0,1,0,0,0,0,0,0,0,0,1,0,0,0,0,0,0,0,0,0,0,1,0,0,0,0,0,1,0,1,0,0,0,0,0,1,0,1,0,0,0,0
0.19668219044923382,-0.8076609439927512,"4508.                 Having surveyed the scene of the accident: - The two vehicles were heading from the south to the north, due to the narrow space the other driver kept from the damaged vehicle, it crashed into the rear part, due to the power of collision the vehicle is pushed ahead and ran over 2 victims. The accident is charted and necessary actions are made.",-0.19746179160121255,-0.4015453331379524,-0.3676863281700941,1,0,0,1,0,0,0,-0.43320935914874603,0,0,0,0,0,0,0,0,0,0,0,0,0,0,0,0,0,0,1,0,0,0,0,0,0,0,1,0,0,0,1,0,0,1,0,0,0,0,0,0,0,0,0,0,0,0,0,0,0,0,0,0,1,0,0,0,0,0,0,0,0,0,0,1,0,0,0,0,0,1,0,0,0,0,0,0,0,0,0,0,0,0,0,0,0,1,0,0,0,1,0,0,0,0,1,0,0,0,1,0,0,0,1,0
0.1434752546000941,-0.8076609439927512,"4509.                 Having surveyed the scene of the accident: -The two vehicles were heading from the south to the north, due to the narrow space the other driver kept from the damaged vehicle, it crashed into the rear part, due to the power of collision the vehicle is pushed ahead and ran over 2 victims. The accident is charted and necessary actions are made.",-0.19746179160121255,-0.4015453331379524,-0.3676863281700941,1,0,0,1,0,0,0,-0.43320935914874603,0,0,0,0,0,0,0,0,0,0,0,0,0,0,0,0,0,0,1,0,0,0,0,0,0,0,1,0,0,0,1,0,0,1,0,0,0,0,0,0,0,0,0,0,0,0,0,0,0,0,0,0,1,0,0,0,0,0,0,0,0,0,0,1,0,0,0,0,0,1,0,0,0,0,0,0,0,0,0,0,0,0,0,0,0,1,0,0,0,0,1,0,1,0,0,0,1,0,0,0,0,0,1,0
-0.12255942464560447,-0.8076609439927512,"4510.                 Having surveyed the scene of the accident: - The first vehicle was heading from the north to the south in the middle lane, when it arrived an exist in the middle of the street, out of a sudden another vehicle was coming from the south to the west crossing the red light, which resulted in crashing the head of the first into the rear part of the second, both stopped at the scene of the accident. The necessary actions are made.",-0.19746179160121255,-0.4015453331379524,-0.3676863281700941,1,0,0,1,0,0,0,-0.43320935914874603,0,0,0,0,0,0,0,0,0,0,0,0,0,0,0,0,0,0,1,0,0,0,0,0,0,0,1,0,0,0,1,0,0,1,0,0,0,0,0,0,0,0,0,0,0,0,0,0,0,0,0,0,1,0,0,0,0,0,0,0,0,0,0,1,0,0,0,0,0,1,0,0,0,0,0,0,0,0,0,0,0,0,0,0,0,1,0,0,0,1,0,0,0,0,1,0,0,0,1,0,0,0,1,0
0.6223376772423516,-0.8350980787554881,"4511.                 Having surveyed the scene of the accident: - The first vehicle was heading from the north to the south in the middle lane, when it arrived an exit in the middle of the street, out of a sudden another vehicle was coming from the south to the west crossing the red light, which resulted in crashing the head of the first into the rear part of the second, both stopped at the scene of the accident. The necessary actions are made.",-0.19746179160121255,-0.4015453331379524,-0.3676863281700941,0,1,0,1,0,0,0,-0.43807963894947394,0,0,1,0,0,0,0,0,0,0,0,0,0,0,0,0,0,0,0,0,0,0,0,0,0,0,0,0,1,0,1,0,0,0,0,1,0,0,0,0,0,0,0,0,0,0,0,0,0,0,0,0,1,0,0,0,0,0,0,0,0,0,0,1,0,0,0,0,0,0,0,0,0,0,1,0,0,0,0,0,0,0,0,1,0,0,0,0,0,0,1,0,1,0,0,0,1,0,0,1,0,0,0,0
-0.016145552947325045,-0.8350980787554881,"4512.                 Having surveyed the scene of the accident: - The two vehicles were heading from the west to the east, taking the right second lane, the damaged motorbike was a head of the vehicle, the biker stopped at the intersection waiting for the red turns green, due to the lack of attention and distraction of the other driver and keeping enough space between the two vehicles, the head of the vehicle crashed into the rear part of the bike, the bike lost balance and the driver fell down and injured, in addition to the material damages to the two vehicles. The accident is charted and necessary actions are made.    ",-0.19746179160121255,-0.4015453331379524,-0.3676863281700941,0,1,0,0,0,1,0,-0.43807963894947394,0,0,1,0,0,0,0,0,0,0,0,0,0,0,0,0,0,0,0,0,0,0,0,0,0,0,0,0,1,0,1,0,0,0,0,1,0,0,0,0,0,0,0,0,0,0,0,0,0,0,0,0,1,0,0,0,0,0,0,0,0,0,0,1,0,0,0,0,0,0,0,0,0,0,1,0,0,0,0,0,0,0,0,1,0,0,0,0,0,0,1,0,1,0,0,0,1,0,0,0,1,0,0,0
-0.44180103974044277,1.4010284044075743,"4513.                 Having surveyed the scene of the accident: - The two vehicles were heading from the west to the east, the first taking the right fourth lane and the other second lane, the vehicle was heading from the east to the west, a driver broke the rules and crossed the red light and crashed into the other vehicle, therefore, the first driver is injured and common damages caused to both vehicles.  ",1.0226501309346883,-0.4015453331379524,1.6339099169366647,0,1,0,0,0,1,0,-0.43698519405043396,0,0,0,0,0,0,0,0,0,0,0,0,0,0,0,0,0,0,0,0,0,1,0,0,0,0,0,1,0,1,0,0,0,0,0,1,0,0,0,0,0,0,0,0,0,0,0,0,0,0,0,0,0,0,1,0,0,0,0,0,0,0,0,0,1,0,0,0,0,0,0,0,1,0,0,0,0,0,0,0,0,0,0,0,0,1,0,0,0,1,0,0,1,0,0,0,1,0,0,0,1,0,0,0
0.09026831875095438,0.8934414112969404,"4514.                 Having surveyed the scene of the accident: - One vehicle was heading from the east to the north taking the far right lane, once it arrived the intersection and crossed the red light, the damaged vehicle was coming from north to the south, then the other strongly crashed into the left side of the other, which pushed the vehicle into the signal pavement, both were stopped at this point. The necessary actions are made.    ",-0.19746179160121255,-0.4015453331379524,0.6331117943832852,0,1,0,0,0,1,0,-0.43118463608552204,0,0,1,0,0,0,0,0,0,0,0,0,0,0,0,0,0,0,0,0,0,0,0,0,0,0,0,0,1,0,1,0,0,1,0,0,0,0,0,0,0,0,0,0,0,0,0,0,0,0,0,0,0,0,1,0,0,0,0,0,0,0,0,1,0,0,0,0,0,0,0,0,1,0,0,0,0,0,0,0,0,0,0,0,0,0,1,0,0,0,1,0,1,0,0,0,1,0,0,0,1,0,0,0
1.2076139715828884,1.3461541348821002,"4515.                 Having surveyed the scene of the accident: - One vehicle was heading from the east to the north taking the far left lane, once it arrived the intersection and crossed the red light, the damaged vehicle was coming from north to the south, then the other strongly crashed into the left side of the other, which pushed the vehicle into the signal pavement, both were stopped at this point. The necessary actions are made.    ",1.0226501309346883,-0.4015453331379524,0.6331117943832852,0,1,0,0,0,1,0,-0.4323228587805236,0,0,1,0,0,0,0,0,0,0,0,0,0,0,0,0,0,0,0,0,0,0,0,0,0,0,0,0,1,0,1,0,0,1,0,0,0,0,0,0,0,0,0,0,0,0,0,0,0,0,0,0,0,0,1,0,0,0,0,0,0,0,0,1,0,0,0,0,0,0,0,0,1,0,0,0,0,0,0,0,0,0,0,1,0,0,0,0,0,0,1,0,1,0,0,0,1,0,0,0,1,0,0,0
0.5159238055440721,1.3461541348821002,"4516.                 Having surveyed the scene of the accident: - One vehicle was heading from the east to the north taking the far right lane, once it arrived the intersection and crossed the red light, the damaged vehicle was coming from north to the south, then the other strongly crashed into the left side of the other, which pushed the vehicle into the signal pavement, both were stopped at this point. The necessary actions are made.    ",1.0226501309346883,-0.4015453331379524,0.6331117943832852,1,0,0,0,0,1,0,-0.4323228587805236,0,0,1,0,0,0,0,0,0,0,0,0,0,0,0,0,0,0,0,0,0,0,0,0,0,0,0,0,1,0,1,0,0,1,0,0,0,0,0,0,0,0,0,0,0,0,0,0,0,0,0,0,0,0,1,0,0,0,0,0,0,0,0,1,0,0,0,0,0,0,0,0,1,0,0,0,0,0,0,0,0,0,0,1,0,0,0,0,0,0,1,1,0,0,0,0,0,1,0,0,1,0,0,0
0.5159238055440721,1.3461541348821002,"4517.                 Having surveyed the scene of the accident: - One vehicle was heading from the east to the north taking the far right lane, once it arrived the intersection and crossed the red light, the damaged vehicle was coming from north to the south, then the other strongly crashed into the left side of the other, which pushed the vehicle into the signal pavement, both were stopped at this point. The necessary actions are made.    ",1.0226501309346883,-0.4015453331379524,0.6331117943832852,1,0,0,0,0,1,0,-0.4323228587805236,0,0,1,0,0,0,0,0,0,0,0,0,0,0,0,0,0,0,0,0,0,0,0,0,0,0,0,0,1,0,1,0,0,1,0,0,0,0,0,0,0,0,0,0,0,0,0,0,0,0,0,0,0,0,1,0,0,0,0,0,0,0,0,1,0,0,0,0,0,0,0,0,1,0,0,0,0,0,0,0,0,0,0,1,0,0,0,0,0,1,0,0,0,1,0,0,0,1,0,0,1,0,0,0
-0.761042654835281,-0.7665052418486458,"4518.                 Having surveyed the scene of the accident: - The damaged vehicle was totally stopped at the intersection of the airport and corniche, the driver was surprised by another vehicle coming from behind, due to the excessive speed and breaking the traffic rules it hit the rear of the inactive vehicle, the latter was pushed ahead into the right side of the road, both stopped at the scene of the accident. The necessary actions are made.      ",-0.19746179160121255,-0.4015453331379524,-0.3676863281700941,0,1,0,0,0,1,0,-0.4387910281338499,0,0,0,0,0,0,0,1,0,0,0,0,0,0,0,0,0,0,0,0,0,0,0,0,0,0,0,0,1,0,1,0,0,0,0,0,0,0,0,1,0,0,0,0,0,0,0,0,0,0,0,0,1,0,0,0,0,0,0,0,0,0,0,1,0,0,0,0,0,1,0,0,0,0,0,0,0,0,0,0,0,0,0,0,0,1,0,0,0,0,1,0,1,0,0,0,1,0,0,1,0,0,0,0
-0.12255942464560447,-0.972283752569173,"4519.                 Having surveyed the scene of the accident: - A vehicle was heading from the east to the west, taking the middle lane, when it arrived a certain location at the side of the road, out of a sudden a women crossed the road from a line not designed for pedestrians, due to the exceed speed and non-compliance with the traffic rules, the vehicle hit her heavily. The necessary actions are made.       ",1.0226501309346883,2.490378837640347,0.6331117943832852,1,0,0,0,0,1,0,-0.4290504685323941,0,0,0,0,0,0,0,0,0,0,0,0,0,0,0,0,0,0,0,0,0,1,0,0,0,0,0,0,1,0,1,0,0,0,0,0,0,0,0,0,0,0,1,0,0,0,0,0,0,0,0,0,1,0,0,0,0,0,0,0,0,0,0,0,1,0,0,0,0,1,0,0,0,0,0,0,0,0,0,0,0,0,0,0,1,0,0,0,0,1,0,0,0,0,1,0,0,0,1,0,1,0,0,0
-0.12255942464560447,-0.9997208873319099,"4520.                 Having surveyed the scene of the accident: - All the vehicles involved in this accident were heading from the west to the east, taking the same lane, one vehicle slowed down due to a traffic congestion, other was behind, and due to the lack of attention, the exceed speed, and non-compliance with the traffic rules, the three vehicles crashed into another. The accident is charted and the necessary actions are made.       ",1.0226501309346883,-0.4015453331379524,0.6331117943832852,1,0,0,0,0,1,0,-0.22318538302297353,0,0,0,0,0,0,0,0,0,0,0,0,0,0,0,0,0,0,0,0,0,1,0,0,0,0,0,0,1,0,1,0,0,0,0,1,0,0,0,0,0,0,0,0,0,0,0,0,0,0,0,0,0,0,0,0,0,0,0,1,0,0,0,1,0,0,0,0,0,0,1,0,0,0,0,0,0,0,0,0,0,0,0,0,0,1,0,0,0,0,1,0,0,1,0,0,0,1,0,0,1,0,0,0
-0.12255942464560447,-0.9997208873319099,"4521.                 Having surveyed the scene of the accident: - All the vehicles involved in this accident were heading from the west to the east, taking the same lane, one vehicle slowed down due to a traffic congestion, other was behind, and due to the lack of attention, the exceed speed, and non-compliance with the traffic rules, the three vehicles crashed into another. The accident is charted and the necessary actions are made.       ",1.0226501309346883,-0.4015453331379524,0.6331117943832852,0,1,0,0,0,1,0,-0.22318538302297353,0,0,0,0,0,0,0,0,0,0,0,0,0,0,0,0,0,0,0,0,0,1,0,0,0,0,0,0,1,0,1,0,0,0,0,1,0,0,0,0,0,0,0,0,0,0,0,0,0,0,0,0,0,0,0,0,0,0,0,1,0,0,0,1,0,0,0,0,0,0,1,0,0,0,0,0,0,0,0,0,0,0,0,0,0,1,0,0,0,1,0,1,0,0,0,0,0,1,0,0,1,0,0,0
0.09026831875095438,-0.9997208873319099,"4522.                 Having surveyed the scene of the accident: - All the vehicles involved in this accident were heading from the west to the east, taking the same lane, one vehicle slowed down due to a traffic congestion, other was behind, and due to the lack of attention, the exceed speed, and non-compliance with the traffic rules, the three vehicles crashed into another. The accident is charted and the necessary actions are made.       ",1.0226501309346883,-0.4015453331379524,0.6331117943832852,0,1,0,0,0,1,0,-0.22318538302297353,0,0,0,0,0,0,0,0,0,0,0,0,0,0,0,0,0,0,0,0,0,1,0,0,0,0,0,0,1,0,1,0,0,0,0,1,0,0,0,0,0,0,0,0,0,0,0,0,0,0,0,0,0,0,0,0,0,0,0,1,0,0,0,1,0,0,0,0,0,0,1,0,0,0,0,0,0,0,0,0,0,0,0,0,0,1,0,0,0,1,0,1,0,0,0,0,0,1,0,0,1,0,0,0
-0.016145552947325045,-0.9997208873319099,"4523.                 Having surveyed the scene of the accident: - All the vehicles involved in this accident were heading from the west to the east, taking the same lane, one vehicle slowed down due to a traffic congestion, other was behind, and due to the lack of attention, the exceed speed, and non-compliance with the traffic rules, the three vehicles crashed into another. The accident is charted and the necessary actions are made.        ",1.0226501309346883,-0.4015453331379524,0.6331117943832852,1,0,0,0,0,1,0,-0.22318538302297353,0,0,0,0,0,0,0,0,0,0,0,0,0,0,0,0,0,0,0,0,0,1,0,0,0,0,0,0,1,0,1,0,0,0,0,1,0,0,0,0,0,0,0,0,0,0,0,0,0,0,0,0,0,0,0,0,0,0,0,1,0,0,0,1,0,0,0,0,0,0,1,0,0,0,0,0,0,0,0,0,0,0,0,0,0,1,0,0,0,1,0,1,0,0,0,0,0,1,0,0,1,0,0,0
-0.5482149114387221,-0.8076609439927512,"4524.                 Having surveyed the scene of the accident: - One vehicle was on a side parking lot, the other was heading from the south to south on the right lane, the first lost attention and broke the traffic rules entering the highway before making sure the road is clear, the front of the vehicle hit the rear part of the other vehicle, the driver lost control and had a mild injury as well as physical damages to both vehicles. The accident is charted and the necessary actions are made.       ",-0.19746179160121255,-0.4015453331379524,-0.3676863281700941,0,1,0,0,0,1,0,-0.21429849044276886,0,0,0,0,0,0,1,0,0,0,0,0,0,0,0,0,0,0,0,0,0,0,0,0,0,0,1,0,0,0,1,0,0,0,0,0,1,0,0,0,0,0,0,0,0,0,0,0,0,0,0,0,1,0,0,0,0,0,0,0,0,0,0,1,0,0,0,0,0,0,1,0,0,0,0,0,0,0,0,0,0,0,0,0,0,1,0,0,0,0,1,0,1,0,0,0,1,0,0,0,0,0,0,1
-0.2289732963438839,-0.972283752569173,"4525.                 Having surveyed the scene of the accident: - One vehicle was heading from the west to the east on the right lane, the first damaged vehicle was coming from the same direction, and the second damaged one was coming from the east to the west in the opposite direction, the victim was standing in the island between the two streets, the vehicle causing the accident suddenly swerved off  and hit the right side of the first, the latter crashed into the pavement and the iron rail and the palm tree and the victim, then it entered the opposite lane and crashed into the rear part of the second, the causing car kept moving and crashed and stopped on pavement separating the two streets. The victim, the driver of the first vehicle, and the driver of the second together with his companion had several injuries, in addition, the damages to the state-owned properties including the iron rail, palm tree, and physical damages to the vehicles. The necessary actions are made.         ",-0.19746179160121255,-0.4015453331379524,0.6331117943832852,0,1,0,0,0,1,0,-0.21333537893161367,0,0,0,0,0,0,0,0,0,0,0,0,0,0,0,0,0,0,0,0,0,0,1,0,0,0,0,1,0,0,1,0,0,1,0,0,0,0,0,0,0,0,0,0,0,0,0,0,0,0,0,0,1,0,0,0,0,0,0,0,0,0,0,1,0,0,0,0,0,0,1,0,0,0,0,0,0,0,0,0,0,0,0,0,0,0,0,1,0,0,1,0,0,1,0,0,0,1,0,0,1,0,0,0
1.1544070357337486,-0.972283752569173,"4526.                 Having surveyed the scene of the accident: - One vehicle was heading from the west to the east on the right lane, the first damaged vehicle was coming from the same direction, and the second damaged one was coming from the east to the west in the opposite direction, the victim was standing in the island between the two streets, the vehicle causing the accident suddenly swerved off  and hit the right side of the first, the latter crashed into the pavement and the iron rail and the palm tree and the victim, then it entered the opposite lane and crashed into the rear part of the second, the causing car kept moving and crashed and stopped on pavement separating the two streets. The victim, the driver of the first vehicle, and the driver of the second together with his companion had several injuries, in addition, the damages to the state-owned properties including the iron rail, palm tree, and physical damages to the vehicles. The necessary actions are made.         ",-0.19746179160121255,2.490378837640347,0.6331117943832852,0,1,0,0,0,1,0,-0.21333537893161367,0,0,0,0,0,0,0,0,0,0,0,0,0,0,0,0,0,0,0,0,0,0,1,0,0,0,0,1,0,0,1,0,0,1,0,0,0,0,0,0,0,0,0,0,0,0,0,0,0,0,0,0,1,0,0,0,0,0,0,0,0,0,0,1,0,0,0,0,0,0,1,0,0,0,0,0,0,0,0,0,0,0,0,0,0,0,0,1,0,1,0,0,0,0,1,0,0,0,1,0,1,0,0,0
0.46271686969493236,-0.972283752569173,"4527.                 Having surveyed the scene of the accident: - One vehicle was heading from the west to the east on the right lane, the first damaged vehicle was coming from the same direction, and the second damaged one was coming from the east to the west in the opposite direction, the victim was standing in the island between the two streets, the vehicle causing the accident suddenly swerved off  and hit the right side of the first, the latter crashed into the pavement and the iron rail and the palm tree and the victim, then it entered the opposite lane and crashed into the rear part of the second, the causing car kept moving and crashed and stopped on pavement separating the two streets. The victim, the driver of the first vehicle, and the driver of the second together with his companion had several injuries, in addition, the damages to the state-owned properties including the iron rail, palm tree, and physical damages to the vehicles. The necessary actions are made.         ",-0.19746179160121255,-0.4015453331379524,0.6331117943832852,0,1,0,0,0,1,0,-0.21333537893161367,0,0,0,0,0,0,0,0,0,0,0,0,0,0,0,0,0,0,0,0,0,0,1,0,0,0,0,1,0,0,1,0,0,1,0,0,0,0,0,0,0,0,0,0,0,0,0,0,0,0,0,0,1,0,0,0,0,0,0,0,0,0,0,1,0,0,0,0,0,0,1,0,0,0,0,0,0,0,0,0,0,0,0,0,0,0,0,1,0,0,1,0,1,0,0,0,1,0,0,1,0,0,0,0
-0.12255942464560447,-0.972283752569173,"4528.                 Having surveyed the scene of the accident: - One vehicle was heading from the west to the east on the right lane, the first damaged vehicle was coming from the same direction, and the second damaged one was coming from the east to the west in the opposite direction, the victim was standing in the island between the two streets, the vehicle causing the accident suddenly swerved off  and hit the right side of the first, the latter crashed into the pavement and the iron rail and the palm tree and the victim, then it entered the opposite lane and crashed into the rear part of the second, the causing car kept moving and crashed and stopped on pavement separating the two streets. The victim, the driver of the first vehicle, and the driver of the second together with his companion had several injuries, in addition, the damages to the state-owned properties including the iron rail, palm tree, and physical damages to the vehicles. The necessary actions are made.         ",-0.19746179160121255,-0.4015453331379524,0.6331117943832852,1,0,0,0,0,1,0,-0.21333537893161367,0,0,0,0,0,0,0,0,0,0,0,0,0,0,0,0,0,0,0,0,0,0,1,0,0,0,0,1,0,0,1,0,0,1,0,0,0,0,0,0,0,0,0,0,0,0,0,0,0,0,0,0,1,0,0,0,0,0,0,0,0,0,0,1,0,0,0,0,0,0,1,0,0,0,0,0,0,0,0,0,0,0,0,0,0,0,0,1,0,0,1,0,1,0,0,0,1,0,0,0,0,0,0,1
0.35630299799665294,1.3049984327379949,"4529.                 Having surveyed the scene of the accident: - The vehicle causing the accident was heading from the north to the south, the other was coming from the east to the west, once the two arrived the intersection, the first ran the red light and crashed into the right side of the other and stopped as illustrated in the chart. ",-0.19746179160121255,-0.4015453331379524,-0.3676863281700941,1,0,0,0,0,1,0,-0.10728366821463944,0,0,1,0,0,0,0,0,0,0,0,0,0,0,0,0,0,0,0,0,0,0,0,0,0,0,0,1,0,0,1,0,0,0,0,1,0,0,0,0,0,0,0,0,0,0,0,0,0,0,0,0,0,0,1,0,0,0,0,0,0,0,0,1,0,0,0,0,0,0,0,0,1,0,0,0,0,0,0,0,0,0,0,0,0,0,0,1,0,0,1,0,0,1,0,0,0,1,0,1,0,0,0,0