Age of the injured,Str Code,Accident Description,Road speed limit,Pedestrian action,Number of Lanes,Gender_F,Gender_M,Week_Fifth week,Week_First week,Week_Fourth week,Week_Second week,Week_Third week,Date_time,Reasons__??? ????? ?????? ?????? ???? ????? ??? ???? ???????,Reasons__???? ?? ??????? (???),Reasons__Bypassing the red traffic light,Reasons__Driving back without attention,Reasons__Driving back without traffic clearance,Reasons__Driving in the opposite direction,Reasons__Entering main road without traffic clearance,Reasons__Exceeding speed limit,Reasons__Fatigue and drowsiness,Reasons__Faults in the road,Reasons__Ignoring road lane,Reasons__Ignoring traffic lights,Reasons__Lack of driving awareness,Reasons__Misuse of traffic,Reasons__Negligence and inobservance,Reasons__Negligent driving,Reasons__Not giving priority to pedestrian crossing,Reasons__Not giving way / not giving priority,Reasons__Not leaving enough space,Reasons__Not observing the stop sign,Reasons__Not securing vehicle stability while stopping,Reasons__Speedy without taking road conditions into account,Reasons__Sudden deviation,Reasons__Sudden stop,Reasons__Tyre burst,Reasons__under influence of intoxicant or narcotic drug,__Al Madina Police Station,__Khaldiya Police Station,__Shaabiya Police Station,Streetname_Intersection,Streetname_Street,place__Bridge / Tunnel,place__Coastal area,place__Commercial area,place__Fuel Station,place__Govt. authority,place__Hospital,place__Island,place__Mosque,place__One level intersection,place__Other,place__Park,place__Residential area,place__Sand area,place__School,place__Work area,place__external road,place__unknown,location__ ,location__Bridge,location__Bridge /  Tunnel,location__Car parking,location__Double road,location__Highway,location__Intersection,location__Off the road,location__Other(specify),location__Roundabout,location__Side parking,location__Single road,location__Tunnel,location__Two-way road,location__Unknown,lighting__day,lighting__night - enough lights,lighting__night - weak lights,intersection__Deviated intersection,intersection__Half Perpendicular Intersection,intersection__Multiple leg Intersection,intersection__Not on Intersection,intersection__Not on or around 20 meters,intersection__Other,intersection__Perpendicular Intersection,intersection__Roundabout,intersection__Turn ,accidentype__Collision while turning,accidentype__Fall,accidentype__Hitting a moving object off the road,accidentype__Hitting a moving object on the road,accidentype__Hitting a stationary object off the road,accidentype__Hitting a stationary object on the road,accidentype__Multiple collision,accidentype__Other (specify),accidentype__Perpendicular collision,accidentype__Person run over,accidentype__Rear collision,accidentype__Reciprocal collision,accidentype__Side collision,accidentype__deterioration,seat belt_N,seat belt_Y,seat_Back passenger seat,seat_Driver's seat,seat_Front passenger seat,seat_No passenger,seat_bike passenger,position_Driver,position_Passenger,position_Pedestrian,nationality_Arab States,nationality_Asian States,nationality_GCC,nationality_Other,nationality_UAE
-0.38859410389130306,1.3049984327379949,"4530.                 Having surveyed the scene of the accident: - The vehicle causing the accident was heading from the north to the south, the other was coming from the east to the west, once the two arrived the intersection, the first ran the red light and crashed into the right side of the other and stopped as illustrated in the chart.",-0.19746179160121255,-0.4015453331379524,-0.3676863281700941,0,1,0,0,0,1,0,-0.10728366821463944,0,0,1,0,0,0,0,0,0,0,0,0,0,0,0,0,0,0,0,0,0,0,0,0,0,0,0,1,0,0,1,0,0,0,0,1,0,0,0,0,0,0,0,0,0,0,0,0,0,0,0,0,0,0,1,0,0,0,0,0,0,0,0,1,0,0,0,0,0,0,0,0,1,0,0,0,0,0,0,0,0,0,0,0,0,0,0,1,0,0,1,0,1,0,0,0,1,0,0,1,0,0,0,0
0.7819584847897707,-0.8076609439927512,"4531.                 Having surveyed the scene of the accident: - The vehicle causing the accident was heading from the south to the north the road leading to the parking, all other damaged vehicles were totally parked in different areas and directions, the driver of the causing vehicle was sick and tired, he lost control and crashed into the parked ones and stopped there. The accident is charted and the necessary actions are made.       ",-1.4175737141371132,-0.4015453331379524,-2.3692825732768528,0,1,0,0,0,0,1,-0.10207411049520913,0,0,0,0,0,0,0,0,1,0,0,0,0,0,0,0,0,0,0,0,0,0,0,0,0,0,1,0,0,0,1,0,0,0,0,0,1,0,0,0,0,0,0,0,0,0,0,0,0,0,0,1,0,0,0,0,0,0,0,0,0,0,0,0,1,0,0,0,0,0,1,0,0,0,0,0,0,0,0,0,0,0,0,0,0,0,0,1,0,0,1,0,1,0,0,0,1,0,0,1,0,0,0,0
0.03706138290181467,1.3324355675007318,"4532.                 Having surveyed the scene of the accident: - The vehicle causing the accident was heading from the east to the west, the other was coming from the south to the north, once the two arrived the intersection, the first ran the red light and crashed into the right side of the other and flipped over as illustrated in the chart.",1.0226501309346883,-0.4015453331379524,0.6331117943832852,0,1,0,0,0,0,1,0.012065548025670567,0,0,1,0,0,0,0,0,0,0,0,0,0,0,0,0,0,0,0,0,0,0,0,0,0,0,0,0,1,0,1,0,0,0,0,0,0,0,0,0,0,0,0,0,1,0,0,0,0,0,0,0,0,0,1,0,0,0,0,0,0,0,0,0,1,0,0,0,0,0,0,0,1,0,0,0,0,0,0,0,0,0,0,0,0,0,0,1,0,1,0,1,0,0,0,0,0,1,0,0,1,0,0,0
0.09026831875095438,-0.9997208873319099,"4533.                 Having surveyed the scene of the accident: - The vehicle causing the accident was heading from the west to the east, taking a side street of two lanes, the driver was surprised by the damaged vehicle taking the same direction, due to the little space, exceed speed, and breaking the traffic rules, the first crashed into the rear part of the other and stopped as illustrated in the chart. Necessary actions are made.",-1.4175737141371132,-0.4015453331379524,-1.3684844507234735,0,1,0,0,0,0,1,0.10374719721824983,0,0,0,0,0,0,0,0,0,0,0,0,0,0,0,0,0,0,0,0,0,1,0,0,0,0,0,0,1,0,1,1,0,0,0,0,0,0,0,0,0,0,0,0,0,0,0,0,0,0,0,0,0,0,0,0,0,0,0,1,0,0,0,1,0,0,0,0,0,1,0,0,0,0,0,0,0,0,0,0,0,0,0,0,0,1,0,0,0,0,1,0,1,0,0,0,1,0,0,0,1,0,0,0
2.0589249451691236,-0.8213795113741197,"4534.                 Having surveyed the scene of the accident: - The vehicle causing the accident was heading from the fuel station on Zayed I street to the south highway, the second causing woman was crossing the road from a point not designated for pedestrians, from the east to the west, the driver unconsciously hit the woman from the right side and she fell down on the ground. The accident is charted and the necessary actions are made.          ",-0.19746179160121255,2.490378837640347,-0.3676863281700941,1,0,0,0,0,0,1,0.10908808832556495,0,0,0,0,0,0,0,0,0,0,0,0,0,1,0,0,0,0,0,0,0,0,0,0,0,0,0,1,0,0,1,0,0,1,0,0,0,0,0,0,0,0,0,0,0,0,0,0,0,0,0,0,0,0,0,0,1,0,0,0,0,0,0,1,0,0,0,0,0,0,0,1,0,0,0,0,0,0,0,0,0,0,0,0,1,0,0,0,0,1,0,0,0,0,1,0,0,0,1,1,0,0,0,0
-0.06935248879646476,1.4010284044075743,"4535.                 Having surveyed the scene of the accident: - All the vehicles involved in this accident were heading from the east to the west, the damaged vehicle was taking the right lane, the causing was taking the middle lane, the driver lost attention, exceeded the speed limit, and broke the traffic rules, the vehicle swerved off to the right, the front part crashed into the left side of the first damaged vehicle, it also swerved to the left and crashed into the front part of the second vehicle as illustrated in the primary chart, the vehicle lost balance and driver lost control, he finally stopped at the island separating the two streets. The driver, the passenger of the second vehicle had injuries, as well as physical damages to the vehicles and the state-owned properties. The accident is charted and the necessary actions are made.          ",1.0226501309346883,-0.4015453331379524,0.6331117943832852,1,0,0,0,0,0,1,0.12227614935899674,0,0,0,0,0,0,0,0,0,0,0,0,0,0,0,0,0,0,0,0,0,1,0,0,0,0,0,0,1,1,0,0,0,0,0,1,0,0,0,0,0,0,0,0,0,0,0,0,0,0,0,0,0,0,0,0,0,0,0,0,0,0,1,0,1,0,0,0,0,0,1,0,0,0,0,0,0,0,0,0,0,0,0,0,0,0,0,1,0,0,1,0,0,1,0,0,0,1,0,0,0,0,0,1
-0.6014218472878619,1.4010284044075743,"4536.                 Having surveyed the scene of the accident: - All the vehicles involved in this accident were heading from the east to the west, the damaged vehicle was taking the right lane, the causing was taking the middle lane, the driver lost attention, exceeded the speed limit, and broke the traffic rules, the vehicle swerved off to the right, the front part crashed into the left side of the first damaged vehicle, it also swerved to the left and crashed into the front part of the second vehicle as illustrated in the primary chart, the vehicle lost balance and driver lost control, he finally stopped at the island separating the two streets. The driver, the passenger of the second vehicle had injuries, as well as physical damages to the vehicles and the state-owned properties. The accident is charted and the necessary actions are made.          ",1.0226501309346883,-0.4015453331379524,0.6331117943832852,0,1,0,0,0,0,1,0.12227614935899674,0,0,0,0,0,0,0,0,0,0,0,0,0,0,0,0,0,0,0,0,0,1,0,0,0,0,0,0,1,1,0,0,0,0,0,1,0,0,0,0,0,0,0,0,0,0,0,0,0,0,0,0,0,0,0,0,0,0,0,0,0,0,1,0,1,0,0,0,0,0,1,0,0,0,0,0,0,0,0,0,0,0,0,0,0,0,0,1,0,0,1,0,1,0,0,0,1,0,0,0,0,0,0,1
-0.17576636049474417,-0.9585651851878045,"4537.                 Having surveyed the scene of the accident: - The motorbike causing the accident was heading from the west to the east on the left lane, the biker was distracted, negligent, intoxicated, exceeded the speed limits, and broke the rules, he swerved off and crashed into the roundabout’s pavement, the driver lost balance and control as illustrated in the chart, both the driver and passenger were injured as well as other physical damages. The accident is charted and the necessary actions are made.           ",-0.19746179160121255,-0.4015453331379524,-0.3676863281700941,1,0,0,0,0,0,1,0.2078070182189713,0,0,0,0,0,0,0,0,0,0,0,0,0,0,0,0,0,0,0,0,0,0,0,0,0,1,0,1,0,0,1,0,0,0,0,0,0,0,0,0,0,0,1,0,0,0,0,0,0,0,0,0,1,0,0,0,0,0,0,0,0,0,0,0,1,0,0,0,0,0,0,0,0,1,0,0,0,0,0,0,0,0,0,0,0,0,0,0,1,1,0,0,0,0,0,1,0,1,0,0,0,0,1,0
0.46271686969493236,-0.9585651851878045,"4538.                 Having surveyed the scene of the accident: - The motorbike causing the accident was heading from the west to the east on the left lane, the biker was distracted, negligent, intoxicated, exceeded the speed limits, and broke the rules, he swerved off and crashed into the roundabout’s pavement, the driver lost balance and control as illustrated in the chart, both the driver and passenger were injured as well as other physical damages. The accident is charted and the necessary actions are made.           ",-0.19746179160121255,-0.4015453331379524,-0.3676863281700941,0,1,0,0,0,0,1,0.2078070182189713,0,0,0,0,0,0,0,0,0,0,0,0,0,0,0,0,0,0,0,0,0,0,0,0,0,1,0,1,0,0,1,0,0,0,0,0,0,0,0,0,0,0,1,0,0,0,0,0,0,0,0,0,1,0,0,0,0,0,0,0,0,0,0,0,1,0,0,0,0,0,0,0,0,1,0,0,0,0,0,0,0,0,0,0,0,0,0,0,1,1,0,0,1,0,0,0,1,0,0,1,0,0,0,0
-1.3995258850249577,-0.8899723482809621,"4539.                 Having surveyed the scene of the accident: - The vehicle causing the accident was heading from the north to the south, the driver lost balance and control and crashed into the roundabout’s pavement. The accident is charted and the necessary actions are made.           ",-1.4175737141371132,-0.4015453331379524,-2.3692825732768528,0,1,0,0,0,0,1,0.332431458872654,0,0,0,0,0,0,0,0,0,0,0,0,0,0,1,0,0,0,0,0,0,0,0,0,0,0,0,1,0,0,1,0,0,0,0,1,0,0,0,0,0,0,0,0,0,0,0,0,0,0,0,0,0,0,0,0,0,0,0,1,0,0,0,1,0,0,0,0,0,1,0,0,0,0,0,0,0,0,0,0,1,0,0,0,0,0,0,0,0,1,0,0,0,1,0,0,0,1,0,0,0,0,0,1
-1.2931120133266782,-0.8213795113741197,"4540.                 Having surveyed the scene of the accident: - Based on the primary chart, the vehicle causing the accident was heading from the north to the south, the run over child was crossing the road from the west to the parking lot, the driver unconsciously hit and injured the child. The accident is charted and the necessary actions are made.          ",-2.637685636673014,2.490378837640347,-2.3692825732768528,1,0,0,0,0,0,1,0.5506966050881976,0,0,0,0,0,0,0,0,0,0,0,0,0,0,0,0,0,0,0,0,0,1,0,0,0,0,0,0,1,0,1,0,0,0,0,0,1,0,0,0,0,0,0,0,0,0,0,0,0,0,0,1,0,0,0,0,0,0,0,0,0,0,0,1,0,0,0,0,0,0,0,1,0,0,0,0,0,0,0,0,0,0,0,0,1,0,0,0,0,1,0,0,0,0,1,0,0,0,1,0,0,0,0,1
-0.12255942464560447,0.18007590746577945,"4541.                 Having surveyed the scene of the accident: - The vehicle causing the accident was heading from the west to the east on the second right lane, the second causing vehicle was coming from the east to the west, one driver ran the red light and crashed into front part of the first, the second driver lost control and swerved off and crashed into the side traffic light as illustrated in the chart. The first driver was injured as well as other physical damages to the two vehicles and the state-owned properties. The accident is charted and the necessary actions are made.          ",-0.19746179160121255,-0.4015453331379524,1.6339099169366647,0,1,0,0,1,0,0,0.5514517720685351,0,0,1,0,0,0,0,0,0,0,0,0,0,0,0,0,0,0,0,0,0,0,0,0,0,0,0,0,1,0,1,0,0,1,0,0,0,0,0,0,0,0,0,0,0,0,0,0,0,0,0,0,0,0,1,0,0,0,0,0,0,0,0,1,0,0,0,0,0,0,0,0,1,0,0,0,0,0,0,0,0,0,0,0,0,0,1,0,0,0,1,0,1,0,0,0,1,0,0,0,1,0,0,0
-0.17576636049474417,-0.601882433272224,"4542.                 Having surveyed the scene of the accident: - The vehicle causing the accident was heading from the west to the east, taking the left lane, the damaged vehicle was coming from the south to the north turning to east, once the two arrived the intersection, the first ran the red light and crashed into the left side of the other, both vehicles by the force of hit were flown forward to the barriers to the outer part of the street. The accident is charted and necessary actions are made.    ",-0.19746179160121255,-0.4015453331379524,-0.3676863281700941,0,1,0,0,1,0,0,0.7696621960391268,0,0,1,0,0,0,0,0,0,0,0,0,0,0,0,0,0,0,0,0,0,0,0,0,0,0,0,1,0,0,1,0,0,0,1,0,0,0,0,0,0,0,0,0,0,0,0,0,0,0,0,0,0,0,1,0,0,0,0,0,0,0,0,1,0,0,0,1,0,0,0,0,0,0,0,0,0,0,0,0,0,0,0,1,0,0,0,0,0,0,1,0,1,0,0,0,1,0,0,0,0,0,0,1
-0.5482149114387221,-0.9036909156623305,"4543.                 Having surveyed the scene of the accident: - The vehicle causing the accident was heading from the west to the east in the middle lane, the other was coming from the east to the west, turning left to the south, once the two arrived the intersection, the first ran the red light and crashed into the right side of the other vehicle. The accident is charted and necessary actions are made.    ",-0.19746179160121255,-0.4015453331379524,-0.3676863281700941,1,0,0,0,1,0,0,0.886472300113664,0,0,1,0,0,0,0,0,0,0,0,0,0,0,0,0,0,0,0,0,0,0,0,0,0,0,0,1,0,0,1,0,0,1,0,0,0,0,0,0,0,0,0,0,0,0,0,0,0,0,0,0,0,0,1,0,0,0,0,0,0,0,0,0,1,0,0,1,0,0,0,0,0,0,0,0,0,0,0,0,0,0,0,1,0,0,0,0,0,0,1,0,0,1,0,0,0,1,0,0,0,0,0,1
-0.17576636049474417,-0.9036909156623305,"4544.                 Having surveyed the scene of the accident: - The vehicle causing the accident was heading from the west to the east in the middle lane, the other was coming from the east to the west, turning left to the south, once the two arrived the intersection, the first ran the red light and crashed into the right side of the other vehicle. The accident is charted and necessary actions are made.    ",-0.19746179160121255,-0.4015453331379524,-0.3676863281700941,1,0,0,0,1,0,0,0.886472300113664,0,0,1,0,0,0,0,0,0,0,0,0,0,0,0,0,0,0,0,0,0,0,0,0,0,0,0,1,0,0,1,0,0,1,0,0,0,0,0,0,0,0,0,0,0,0,0,0,0,0,0,0,0,0,1,0,0,0,0,0,0,0,0,0,1,0,0,1,0,0,0,0,0,0,0,0,0,0,0,0,0,0,0,1,0,0,0,0,0,0,1,0,0,1,0,0,0,1,0,1,0,0,0,0
-1.6655605642706561,-0.9036909156623305,"4545.                 Having surveyed the scene of the accident: - The vehicle causing the accident was heading from the west to the east in the middle lane, the other was coming from the east to the west, turning left to the south, once the two arrived the intersection, the first ran the red light and crashed into the right side of the other vehicle. The accident is charted and necessary actions are made.    ",-0.19746179160121255,-0.4015453331379524,-0.3676863281700941,0,1,0,0,1,0,0,0.886472300113664,0,0,1,0,0,0,0,0,0,0,0,0,0,0,0,0,0,0,0,0,0,0,0,0,0,0,0,1,0,0,1,0,0,1,0,0,0,0,0,0,0,0,0,0,0,0,0,0,0,0,0,0,0,0,1,0,0,0,0,0,0,0,0,0,1,0,0,1,0,0,0,0,0,0,0,0,0,0,0,0,0,0,0,1,0,0,0,0,0,1,0,1,0,0,0,0,0,1,0,1,0,0,0,0
-1.3463189491758178,-0.9036909156623305,"4546.                 Having surveyed the scene of the accident: - The vehicle causing the accident was heading from the west to the east in the middle lane, the other was coming from the east to the west, turning left to the south, once the two arrived the intersection, the first ran the red light and crashed into the right side of the other vehicle. The accident is charted and necessary actions are made.    ",-0.19746179160121255,-0.4015453331379524,-0.3676863281700941,0,1,0,0,1,0,0,0.886472300113664,0,0,1,0,0,0,0,0,0,0,0,0,0,0,0,0,0,0,0,0,0,0,0,0,0,0,0,1,0,0,1,0,0,1,0,0,0,0,0,0,0,0,0,0,0,0,0,0,0,0,0,0,0,0,1,0,0,0,0,0,0,0,0,0,1,0,0,1,0,0,0,0,0,0,0,0,0,0,0,0,0,0,0,1,0,0,0,0,0,1,0,1,0,0,0,0,0,1,0,1,0,0,0,0
0.728751548940631,-0.9036909156623305,"4547.                 Having surveyed the scene of the accident: - The vehicle causing the accident was heading from the west to the east in the middle lane, the other was coming from the east to the west, turning left to the south, once the two arrived the intersection, the first ran the red light and crashed into the right side of the other vehicle. The accident is charted and necessary actions are made.    ",-0.19746179160121255,-0.4015453331379524,-0.3676863281700941,0,1,0,0,1,0,0,0.886472300113664,0,0,1,0,0,0,0,0,0,0,0,0,0,0,0,0,0,0,0,0,0,0,0,0,0,0,0,1,0,0,1,0,0,1,0,0,0,0,0,0,0,0,0,0,0,0,0,0,0,0,0,0,0,0,1,0,0,0,0,0,0,0,0,0,1,0,0,1,0,0,0,0,0,0,0,0,0,0,0,0,0,0,0,1,0,0,0,0,0,0,1,0,1,0,0,0,1,0,0,1,0,0,0,0
-1.505939756723237,-0.9036909156623305,"4548.                 Having surveyed the scene of the accident: - The vehicle causing the accident was heading from the west to the east in the middle lane, the other was coming from the east to the west, turning left to the south, once the two arrived the intersection, the first ran the red light and crashed into the right side of the other vehicle. The accident is charted and necessary actions are made.    ",-0.19746179160121255,-0.4015453331379524,-0.3676863281700941,0,1,0,0,1,0,0,0.886472300113664,0,0,1,0,0,0,0,0,0,0,0,0,0,0,0,0,0,0,0,0,0,0,0,0,0,0,0,1,0,0,1,0,0,1,0,0,0,0,0,0,0,0,0,0,0,0,0,0,0,0,0,0,0,0,1,0,0,0,0,0,0,0,0,0,1,0,0,1,0,0,0,0,0,0,0,0,0,0,0,0,0,0,0,1,0,0,0,0,0,1,0,1,0,0,0,0,0,1,0,1,0,0,0,0
-1.4527328208740973,-0.9036909156623305,"4549.                 Having surveyed the scene of the accident: - The vehicle causing the accident was heading from the west to the east in the middle lane, the other was coming from the east to the west, turning left to the south, once the two arrived the intersection, the first ran the red light and crashed into the right side of the other vehicle. The accident is charted and necessary actions are made.    ",-0.19746179160121255,-0.4015453331379524,-0.3676863281700941,1,0,0,0,1,0,0,0.886472300113664,0,0,1,0,0,0,0,0,0,0,0,0,0,0,0,0,0,0,0,0,0,0,0,0,0,0,0,1,0,0,1,0,0,1,0,0,0,0,0,0,0,0,0,0,0,0,0,0,0,0,0,0,0,0,1,0,0,0,0,0,0,0,0,0,1,0,0,1,0,0,0,0,0,0,0,0,0,0,0,0,0,0,0,1,0,0,0,0,0,1,0,1,0,0,0,0,0,1,0,1,0,0,0,0
-1.3995258850249577,-0.9860023199505414,"4550.                 Having surveyed the scene of the accident: - The vehicle causing the accident was heading from the west to the east, from a side street in a residential area, the child with another child were crossing the road from the north to the south, once the driver lost attention, exceeded the speed limit, and broke the traffic rules he ran over the child as illustrated, which resulted in the death of the child without any damages to the vehicle. The accident is charted and necessary actions are made.     ",-2.637685636673014,2.490378837640347,-2.3692825732768528,0,1,0,0,1,0,0,0.9916046771154446,0,0,0,0,0,0,0,0,0,0,0,0,0,0,0,0,0,0,0,0,0,1,0,0,0,0,0,0,1,0,1,0,0,0,0,0,0,0,0,0,0,1,0,0,0,0,0,0,0,0,0,0,1,0,0,0,0,0,0,0,0,0,0,1,0,0,0,0,0,1,0,0,0,0,0,0,0,0,0,0,0,0,0,0,1,0,0,0,0,1,0,0,0,0,1,0,0,0,1,0,1,0,0,0
-0.33538716804216334,-0.972283752569173,"4551.                 Having surveyed the scene of the accident: - The vehicle causing the accident was heading from the east to the west in the middle lane, due to the sudden swerving and violating the route, the vehicle swerved off to the right and crashed into a Ghaf tree and stopped there. The accident is charted and necessary actions are made.    ",1.0226501309346883,-0.4015453331379524,0.6331117943832852,0,1,0,0,1,0,0,1.0823779370418207,0,0,0,0,0,0,0,0,0,0,0,0,0,0,0,0,0,0,0,0,0,0,1,0,0,0,0,0,1,0,1,0,0,1,0,0,0,0,0,0,0,0,0,0,0,0,0,0,0,0,0,0,1,0,0,0,0,0,0,0,0,0,0,0,1,0,0,0,0,1,0,0,0,0,0,0,0,0,0,0,1,0,0,0,0,0,0,0,0,0,1,0,1,0,0,0,1,0,0,0,1,0,0,0
-0.4950079755895825,-0.972283752569173,"4552.                 Having surveyed the scene of the accident: - The vehicle causing the accident was heading from the east to the west in the middle lane, due to the sudden swerving and violating the route, the vehicle swerved off to the right and crashed into a Ghaf tree and stopped there. The accident is charted and necessary actions are made.    ",1.0226501309346883,-0.4015453331379524,0.6331117943832852,0,1,0,0,1,0,0,1.0823779370418207,0,0,0,0,0,0,0,0,0,0,0,0,0,0,0,0,0,0,0,0,0,0,1,0,0,0,0,0,1,0,1,0,0,1,0,0,0,0,0,0,0,0,0,0,0,0,0,0,0,0,0,0,1,0,0,0,0,0,0,0,0,0,0,0,1,0,0,0,0,1,0,0,0,0,0,0,0,0,0,0,1,0,0,0,0,0,0,0,0,0,1,0,0,1,0,0,0,1,0,0,1,0,0,0
0.9415792923371898,1.4284655391703112,"4553.                 Having surveyed the scene of the accident: - The vehicle causing the accident was heading from the east turning to the south taking the far left lane, the other vehicle was coming from the west to the east in the middle lane, the accident happened after one driver ran the red light, both vehicles had physical damages and the driver and passenger injured. The accident is charted and necessary actions are made.     ",1.0226501309346883,-0.4015453331379524,-0.0073990040508776864,1,0,0,0,1,0,0,1.2036971541004027,0,0,1,0,0,0,0,0,0,0,0,0,0,0,0,0,0,0,0,0,0,0,0,0,0,0,0,0,1,0,1,0,0,0,0,0,0,0,0,0,0,0,1,0,0,0,0,0,0,0,0,0,0,0,0,0,0,0,0,0,0,0,1,1,0,0,0,0,0,0,0,0,1,0,0,0,0,0,0,0,0,0,0,1,0,0,0,0,0,1,0,0,0,1,0,0,0,1,0,0,0,1,0,0
1.6332694583760061,1.4284655391703112,"4554.                 Having surveyed the scene of the accident: - The vehicle causing the accident was heading from the east turning to the south taking the far left lane, the other vehicle was coming from the west to the east in the middle lane, the accident happened after one driver ran the red light, both vehicles had physical damages and the driver and passenger injured. The accident is charted and necessary actions are made.     ",1.0226501309346883,-0.4015453331379524,-0.0073990040508776864,0,1,0,0,1,0,0,1.2036971541004027,0,0,1,0,0,0,0,0,0,0,0,0,0,0,0,0,0,0,0,0,0,0,0,0,0,0,0,0,1,0,1,0,0,0,0,0,0,0,0,0,0,0,1,0,0,0,0,0,0,0,0,0,0,0,0,0,0,0,0,0,0,0,1,1,0,0,0,0,0,0,0,0,1,0,0,0,0,0,0,0,0,0,0,1,0,0,0,0,0,1,0,0,1,0,0,0,1,0,0,0,0,0,0,1
1.260820907432028,0.7425371701018871,"4555.                 Having surveyed the scene of the accident: - The vehicle causing the accident was heading from the east turning to the south taking the far left lane, the other vehicle was coming from the west to the east in the middle lane, the accident happened after one driver ran the red light, both vehicles had physical damages and the driver and passenger injured. The accident is charted and necessary actions are made.     ",-1.4175737141371132,-0.4015453331379524,-0.0073990040508776864,0,1,0,0,1,0,0,1.2047915989994427,0,0,1,0,0,0,0,0,0,0,0,0,0,0,0,0,0,0,0,0,0,0,0,0,0,0,0,0,1,0,1,0,0,0,0,0,0,0,0,0,0,0,1,0,0,0,0,0,0,0,0,0,0,0,1,0,0,0,0,0,0,0,0,1,0,0,0,0,0,0,0,0,1,0,0,0,0,0,0,0,0,0,0,1,0,0,0,0,0,1,0,0,1,0,0,0,1,0,0,1,0,0,0,0
-0.28218023219302363,0.18007590746577945,"4556.                 Having surveyed the scene of the accident: - The vehicle causing the accident was heading from the east to the south taking the left lane, the other vehicle was coming from the west to the east in the right lane, the accident happened after one driver ran the red light, the front of the causing vehicle hit the rear corner of the other, the driver had moderate injury, received treatment and discharged, as well as physical damages to the vehicle. The accident is charted and necessary actions are made.     ",-0.19746179160121255,-0.4015453331379524,-0.3676863281700941,0,1,0,0,1,0,0,1.210220045698681,0,0,1,0,0,0,0,0,0,0,0,0,0,0,0,0,0,0,0,0,0,0,0,0,0,0,0,1,0,0,1,0,0,1,0,0,0,0,0,0,0,0,0,0,0,0,0,0,0,0,0,0,0,0,1,0,0,0,0,0,0,0,0,0,1,0,0,0,1,0,0,0,0,0,0,0,0,0,0,0,0,0,0,0,0,0,0,1,0,1,0,0,1,0,0,0,1,0,0,1,0,0,0,0
-0.5482149114387221,0.6327886310509393,"4557.                 Having surveyed the scene of the accident: - The vehicle causing the accident was heading from the east to the west taking the far left, the driver was in an intoxicated condition, the vehicle swerved to the right and crashed into the left side of the first damaged vehicle, the latter was pushed to the far right, the front part crashed into the rear part of the second damaged vehicle, both vehicles were driven into the far left, the front prat of the causing vehicle hit the cement barrier and climbed the pavement, and drove a distance of 50 meters on the grass and stopped. The accident is charted and necessary actions are made.     ",-0.19746179160121255,-0.4015453331379524,0.6331117943832852,0,1,1,0,0,0,0,1.4150891863499753,0,0,0,0,0,0,0,0,0,0,0,0,0,0,0,0,0,0,0,0,0,1,0,0,0,0,0,0,1,0,1,0,0,0,0,1,0,0,0,0,0,0,0,0,0,0,0,0,0,1,0,0,0,0,0,0,0,0,0,0,0,0,0,0,0,1,0,0,0,0,1,0,0,0,0,0,0,0,0,0,0,0,0,0,0,0,0,1,0,0,1,0,1,0,0,0,1,0,0,0,1,0,0,0
1.0479931640354692,0.6327886310509393,"4558.                 Having surveyed the scene of the accident: - The vehicle causing the accident was heading from the east to the west taking the far right, the victim was getting off the bus at the signal, the driver did not respect the speed limits, unconscious and distracted, and due to the landing in a place not designated for pedestrians, the front part of the vehicle hit the victim. The accident is charted and necessary actions are made.     ",-0.19746179160121255,2.490378837640347,-1.3684844507234735,0,1,1,0,0,0,0,1.535281125162546,0,0,0,0,0,0,0,0,0,0,0,0,0,0,0,0,0,0,0,0,0,1,0,0,0,0,0,0,1,0,1,0,0,0,0,1,0,0,0,0,0,0,0,0,0,0,0,0,0,0,0,0,1,0,0,0,0,0,0,0,0,0,0,1,0,0,0,0,0,0,1,0,0,0,0,0,0,0,0,0,0,0,0,0,1,0,0,0,0,1,0,0,0,0,1,0,0,0,1,0,1,0,0,0
1.4736486508285869,1.3324355675007318,"4559.                 Having surveyed the scene of the accident: - The vehicle causing the accident was heading from the north to the south, the damaged was ahead of the causing, due to insufficient space between the two, the causing vehicle crashed into the rear part of the other. The accident is charted and necessary actions are made.     ",-0.19746179160121255,-0.4015453331379524,-0.0073990040508776864,0,1,1,0,0,0,0,1.6413656692264915,0,0,0,0,0,0,0,0,0,0,0,0,0,0,0,0,0,0,1,0,0,0,0,0,0,0,0,0,1,0,1,0,0,0,0,0,0,0,0,0,0,0,1,0,0,0,0,0,0,0,0,0,0,1,0,0,0,0,0,0,0,0,0,1,0,0,0,0,0,1,0,0,0,0,0,0,0,0,0,0,0,0,0,0,0,1,0,0,0,0,1,0,1,0,0,0,1,0,0,1,0,0,0,0
-0.17576636049474417,0.1526387727030425,"4560.                 Having surveyed the scene of the accident: - The vehicle causing the accident was heading from the north to the south turning to the east via the intersection, the driver as a result of being an intoxicated, exceeded the speed limits, and broke the traffic rules, crashed into the pavement and lost balance and flipped over the left side, the driver had a mild injury as well as physical damages to the vehicle and damages to the state-owned properties in terms of 4 iron barriers. The accident is charted and necessary actions are made.     ",-0.19746179160121255,-0.4015453331379524,-2.3692825732768528,0,1,0,1,0,0,0,1.6339781661579715,0,0,0,0,0,0,0,0,0,0,0,0,0,0,0,0,0,0,0,0,0,0,0,0,0,1,0,0,1,0,1,0,0,1,0,0,0,0,0,0,0,0,0,0,0,0,0,0,0,0,0,0,0,0,1,0,0,0,0,0,0,0,0,0,1,0,0,0,0,0,0,0,1,0,0,0,0,0,0,0,0,0,0,0,0,0,0,0,1,1,0,0,1,0,0,0,1,0,0,0,0,0,0,1
-0.28218023219302363,1.4010284044075743,"4561.                 Having surveyed the scene of the accident: - The vehicle causing the accident was heading from the west to the south taking the far left lane to the north, the two damaged vehicles were coming from the east to the north, once it arrived the intersection, the former ran the red light and crashed into the front part of the first damaged vehicle, then the second one crashed into the rear of the first one. The accident is charted and necessary actions are made.     ",1.0226501309346883,-0.4015453331379524,0.6331117943832852,1,0,0,1,0,0,0,-0.31665097740098797,0,0,1,0,0,0,0,0,0,0,0,0,0,0,0,0,0,0,0,0,0,0,0,0,0,0,0,0,1,1,0,0,0,0,0,1,0,0,0,0,0,0,0,0,0,0,0,0,0,0,0,0,0,0,1,0,0,0,0,0,0,0,0,0,1,0,0,0,0,0,0,0,1,0,0,0,0,0,0,0,0,0,0,0,0,0,1,0,0,0,1,0,1,0,0,0,1,0,0,0,0,0,1,0