Age of the injured,Str Code,Accident Description,Road speed limit,Pedestrian action,Number of Lanes,Gender_F,Gender_M,Week_Fifth week,Week_First week,Week_Fourth week,Week_Second week,Week_Third week,Date_time,Reasons__??? ????? ?????? ?????? ???? ????? ??? ???? ???????,Reasons__???? ?? ??????? (???),Reasons__Bypassing the red traffic light,Reasons__Driving back without attention,Reasons__Driving back without traffic clearance,Reasons__Driving in the opposite direction,Reasons__Entering main road without traffic clearance,Reasons__Exceeding speed limit,Reasons__Fatigue and drowsiness,Reasons__Faults in the road,Reasons__Ignoring road lane,Reasons__Ignoring traffic lights,Reasons__Lack of driving awareness,Reasons__Misuse of traffic,Reasons__Negligence and inobservance,Reasons__Negligent driving,Reasons__Not giving priority to pedestrian crossing,Reasons__Not giving way / not giving priority,Reasons__Not leaving enough space,Reasons__Not observing the stop sign,Reasons__Not securing vehicle stability while stopping,Reasons__Speedy without taking road conditions into account,Reasons__Sudden deviation,Reasons__Sudden stop,Reasons__Tyre burst,Reasons__under influence of intoxicant or narcotic drug,__Al Madina Police Station,__Khaldiya Police Station,__Shaabiya Police Station,Streetname_Intersection,Streetname_Street,place__Bridge / Tunnel,place__Coastal area,place__Commercial area,place__Fuel Station,place__Govt. authority,place__Hospital,place__Island,place__Mosque,place__One level intersection,place__Other,place__Park,place__Residential area,place__Sand area,place__School,place__Work area,place__external road,place__unknown,location__ ,location__Bridge,location__Bridge /  Tunnel,location__Car parking,location__Double road,location__Highway,location__Intersection,location__Off the road,location__Other(specify),location__Roundabout,location__Side parking,location__Single road,location__Tunnel,location__Two-way road,location__Unknown,lighting__day,lighting__night - enough lights,lighting__night - weak lights,intersection__Deviated intersection,intersection__Half Perpendicular Intersection,intersection__Multiple leg Intersection,intersection__Not on Intersection,intersection__Not on or around 20 meters,intersection__Other,intersection__Perpendicular Intersection,intersection__Roundabout,intersection__Turn ,accidentype__Collision while turning,accidentype__Fall,accidentype__Hitting a moving object off the road,accidentype__Hitting a moving object on the road,accidentype__Hitting a stationary object off the road,accidentype__Hitting a stationary object on the road,accidentype__Multiple collision,accidentype__Other (specify),accidentype__Perpendicular collision,accidentype__Person run over,accidentype__Rear collision,accidentype__Reciprocal collision,accidentype__Side collision,accidentype__deterioration,seat belt_N,seat belt_Y,seat_Back passenger seat,seat_Driver's seat,seat_Front passenger seat,seat_No passenger,seat_bike passenger,position_Driver,position_Passenger,position_Pedestrian,nationality_Arab States,nationality_Asian States,nationality_GCC,nationality_Other,nationality_UAE
-0.33538716804216334,-0.8076609439927512,"4562.                 Having surveyed the scene of the accident: - The vehicle causing the accident was heading from the north to the south taking the middle lane, while the victim was walking down the street from the west to the east in a point not designated for pedestrians, once he arrived the middle line, the driver tried to avoid running over him but in vain due to the exceed speed, non-compliance with the rules, and the point from which the victim was crossing, the victim’s body bumped into the front right wing and the windshield of the vehicle, then the body fell down died, the vehicle stopped 14 meters away from the scene at the left lane, it had physical damages. The accident is charted and necessary actions are made.      ",-0.19746179160121255,2.490378837640347,-0.0073990040508776864,0,1,0,1,0,0,0,-0.3396343202808276,0,0,0,0,0,0,0,0,0,0,0,0,0,0,0,0,0,0,0,0,0,1,0,0,0,0,1,0,0,0,1,0,0,0,0,0,1,0,0,0,0,0,0,0,0,0,0,0,0,0,0,0,1,0,0,0,0,0,0,0,0,0,0,0,0,1,0,0,0,1,0,0,0,0,0,0,0,0,0,0,0,0,0,0,1,0,0,0,0,1,0,0,0,0,1,0,0,0,1,0,0,0,1,0
0.9415792923371898,0.797411439627361,"4563.                 Having surveyed the scene of the accident: - The vehicle causing the accident was heading from the west to the east taking the second left lane, the first damaged vehicle was coming from the south to the north taking the middle lane, the second damaged vehicle was coming from the east to west stopping at the far left waiting for the light turns green, the driver of the causing vehicle lost attention, broke the rules, and ran the red light, the first crashed into the right angle of the causing, which swerved to the left and crashed into the right angle of the second damaged one as illustrated, both the causing and first damaged vehicle drivers were injured, one passenger with the first damaged, and two other passengers with the causing, and certain common damages to the vehicles. The accident is charted and necessary actions are made.      ",-0.19746179160121255,-0.4015453331379524,0.6331117943832852,0,1,0,1,0,0,0,-0.32918237149499574,0,0,1,0,0,0,0,0,0,0,0,0,0,0,0,0,0,0,0,0,0,0,0,0,0,0,0,0,1,0,1,0,0,1,0,0,0,0,0,0,0,0,0,0,0,0,0,0,0,0,0,0,0,0,1,0,0,0,0,0,0,0,0,1,0,0,0,0,0,0,0,0,1,0,0,0,0,0,0,0,0,0,0,1,0,0,0,0,0,0,1,0,1,0,0,0,1,0,0,0,1,0,0,0
0.03706138290181467,0.797411439627361,"4564.                 Having surveyed the scene of the accident: - The vehicle causing the accident was heading from the west to the east taking the second left lane, the first damaged vehicle was coming from the south to the north taking the middle lane, the second damaged vehicle was coming from the east to west stopping at the far left waiting for the light turns green, the driver of the causing vehicle lost attention, broke the rules, and ran the red light, the first crashed into the right angle of the causing, which swerved to the left and crashed into the right angle of the second damaged one as illustrated, both the causing and first damaged vehicle drivers were injured, one passenger with the first damaged, and two other passengers with the causing, and certain common damages to the vehicles. The accident is charted and necessary actions are made.      ",-0.19746179160121255,-0.4015453331379524,0.6331117943832852,0,1,0,1,0,0,0,-0.32918237149499574,0,0,1,0,0,0,0,0,0,0,0,0,0,0,0,0,0,0,0,0,0,0,0,0,0,0,0,0,1,0,1,0,0,1,0,0,0,0,0,0,0,0,0,0,0,0,0,0,0,0,0,0,0,0,1,0,0,0,0,0,0,0,0,1,0,0,0,0,0,0,0,0,1,0,0,0,0,0,0,0,0,0,0,1,0,0,0,0,0,1,0,1,0,0,0,0,0,1,0,0,1,0,0,0
1.3672347791303074,0.797411439627361,"4565.                 Having surveyed the scene of the accident: - The vehicle causing the accident was heading from the west to the east taking the second left lane, the first damaged vehicle was coming from the south to the north taking the middle lane, the second damaged vehicle was coming from the east to west stopping at the far left waiting for the light turns green, the driver of the causing vehicle lost attention, broke the rules, and ran the red light, the first crashed into the right angle of the causing, which swerved to the left and crashed into the right angle of the second damaged one as illustrated, both the causing and first damaged vehicle drivers were injured, one passenger with the first damaged, and two other passengers with the causing, and certain common damages to the vehicles. The accident is charted and necessary actions are made.      ",-0.19746179160121255,-0.4015453331379524,0.6331117943832852,1,0,0,1,0,0,0,-0.32918237149499574,0,0,1,0,0,0,0,0,0,0,0,0,0,0,0,0,0,0,0,0,0,0,0,0,0,0,0,0,1,0,1,0,0,1,0,0,0,0,0,0,0,0,0,0,0,0,0,0,0,0,0,0,0,0,1,0,0,0,0,0,0,0,0,1,0,0,0,0,0,0,0,0,1,0,0,0,0,0,0,0,0,0,0,1,0,0,0,0,0,0,1,0,0,1,0,0,0,1,0,0,0,0,1,0
1.4736486508285869,0.797411439627361,"4566.                 Having surveyed the scene of the accident: - The vehicle causing the accident was heading from the west to the east taking the second left lane, the first damaged vehicle was coming from the south to the north taking the middle lane, the second damaged vehicle was coming from the east to west stopping at the far left waiting for the light turns green, the driver of the causing vehicle lost attention, broke the rules, and ran the red light, the first crashed into the right angle of the causing, which swerved to the left and crashed into the right angle of the second damaged one as illustrated, both the causing and first damaged vehicle drivers were injured, one passenger with the first damaged, and two other passengers with the causing, and certain common damages to the vehicles. The accident is charted and necessary actions are made.      ",-0.19746179160121255,-0.4015453331379524,0.6331117943832852,0,1,0,1,0,0,0,-0.32918237149499574,0,0,1,0,0,0,0,0,0,0,0,0,0,0,0,0,0,0,0,0,0,0,0,0,0,0,0,0,1,0,1,0,0,1,0,0,0,0,0,0,0,0,0,0,0,0,0,0,0,0,0,0,0,0,1,0,0,0,0,0,0,0,0,1,0,0,0,0,0,0,0,0,1,0,0,0,0,0,0,0,0,0,0,1,0,0,0,0,0,0,1,0,1,0,0,0,1,0,0,0,0,0,1,0
-0.06935248879646476,0.797411439627361,"4567.                 Having surveyed the scene of the accident: - The vehicle causing the accident was heading from the west to the east taking the second left lane, the first damaged vehicle was coming from the south to the north taking the middle lane, the second damaged vehicle was coming from the east to west stopping at the far left waiting for the light turns green, the driver of the causing vehicle lost attention, broke the rules, and ran the red light, the first crashed into the right angle of the causing, which swerved to the left and crashed into the right angle of the second damaged one as illustrated, both the causing and first damaged vehicle drivers were injured, one passenger with the first damaged, and two other passengers with the causing, and certain common damages to the vehicles. The accident is charted and necessary actions are made.      ",-0.19746179160121255,-0.4015453331379524,0.6331117943832852,0,1,0,1,0,0,0,-0.32918237149499574,0,0,1,0,0,0,0,0,0,0,0,0,0,0,0,0,0,0,0,0,0,0,0,0,0,0,0,0,1,0,1,0,0,1,0,0,0,0,0,0,0,0,0,0,0,0,0,0,0,0,0,0,0,0,1,0,0,0,0,0,0,0,0,1,0,0,0,0,0,0,0,0,1,0,0,0,0,0,0,0,0,0,0,1,0,0,0,0,0,1,0,1,0,0,0,0,0,1,0,0,1,0,0,0
0.24988912629837354,-0.9860023199505414,"4568.                 Having surveyed the scene of the accident: - The vehicle causing the accident was heading from the east to the west taking the right lane, while the victim was walking down the street from the south to the north in a point not designated for pedestrians, the driver lost attention and broke the traffic rules, then the front part of the vehicle crashed into the victim, the latter injured and fell to the ground, no damages occurred to the vehicle. The accident is charted and necessary actions are made.      ",-0.19746179160121255,2.490378837640347,0.6331117943832852,0,1,0,1,0,0,0,-0.32754070414643577,0,0,0,0,0,0,0,0,0,0,0,0,0,1,0,0,0,0,0,0,0,0,0,0,0,0,0,0,1,0,1,0,0,0,0,0,1,0,0,0,0,0,0,0,0,0,0,0,0,0,0,0,1,0,0,0,0,0,0,0,0,0,0,0,1,0,0,0,0,0,1,0,0,0,0,0,0,0,0,0,0,0,0,0,1,0,0,0,0,1,0,0,0,0,1,0,0,0,1,0,1,0,0,0
-0.28218023219302363,1.195249893687047,"4569.                 Having surveyed the scene of the accident: - The vehicle causing the accident was heading from the east to the west taking the far left lane to the south, the other was coming from the north to east, once the two arrived the intersection, the first ran the red light and crashed into the right side of the other, the first turned by the force of collision to the light pole and stopped as illustrated in the chart. ",-0.19746179160121255,-0.4015453331379524,-0.3676863281700941,1,0,0,1,0,0,0,-0.33038626088393974,0,0,1,0,0,0,0,0,0,0,0,0,0,0,0,0,0,0,0,0,0,0,0,0,0,0,0,1,0,0,1,0,0,0,0,0,0,0,0,0,0,0,1,0,0,0,0,0,0,0,0,0,0,0,1,0,0,0,0,0,0,0,0,1,0,0,0,0,0,0,0,0,1,0,0,0,0,0,0,0,0,0,0,0,0,0,0,1,0,0,1,0,1,0,0,0,1,0,0,0,1,0,0,0
-0.33538716804216334,1.195249893687047,"4570.                 Having surveyed the scene of the accident: - The vehicle causing the accident was heading from the east to the west taking the far left lane to the south, the other was coming from the north to east, once the two arrived the intersection, the first ran the red light and crashed into the right side of the other, the first turned by the force of collision to the light pole and stopped as illustrated in the chart.",-0.19746179160121255,-0.4015453331379524,-0.3676863281700941,1,0,0,1,0,0,0,-0.33038626088393974,0,0,1,0,0,0,0,0,0,0,0,0,0,0,0,0,0,0,0,0,0,0,0,0,0,0,0,1,0,0,1,0,0,0,0,0,0,0,0,0,0,0,1,0,0,0,0,0,0,0,0,0,0,0,1,0,0,0,0,0,0,0,0,1,0,0,0,0,0,0,0,0,1,0,0,0,0,0,0,0,0,0,0,0,0,0,0,1,0,0,1,0,0,1,0,0,0,1,0,0,1,0,0,0
0.9947862281863296,0.8248485743900981,"4571.                 Having surveyed the scene of the accident: - The vehicle causing the accident was heading from the west to the east taking the second left lane (arrow direction), the other was coming from the east to north taking the right second lane, the first ran the red light and crashed into the front part of the other. The accident is charted and necessary actions are made.      ",-0.19746179160121255,-0.4015453331379524,-0.3676863281700941,0,1,0,1,0,0,0,-0.3283834267186966,0,0,1,0,0,0,0,0,0,0,0,0,0,0,0,0,0,0,0,0,0,0,0,0,0,0,0,0,1,0,1,0,0,1,0,0,0,0,0,0,0,0,0,0,0,0,0,0,0,0,0,0,0,0,1,0,0,0,0,0,0,0,0,1,0,0,0,0,1,0,0,0,0,0,0,0,0,0,0,0,0,0,0,1,0,0,0,0,0,0,1,0,1,0,0,0,1,0,0,1,0,0,0,0
-0.12255942464560447,0.8248485743900981,"4572.                 Having surveyed the scene of the accident: - The vehicle causing the accident was heading from the west to the east taking the second left lane (arrow direction), the other was coming from the east to north taking the right second lane, the first ran the red light and crashed into the front part of the other. The accident is charted and necessary actions are made.      ",-0.19746179160121255,-0.4015453331379524,-0.3676863281700941,0,1,0,1,0,0,0,-0.3283834267186966,0,0,1,0,0,0,0,0,0,0,0,0,0,0,0,0,0,0,0,0,0,0,0,0,0,0,0,0,1,0,1,0,0,1,0,0,0,0,0,0,0,0,0,0,0,0,0,0,0,0,0,0,0,0,1,0,0,0,0,0,0,0,0,1,0,0,0,0,1,0,0,0,0,0,0,0,0,0,0,0,0,0,0,1,0,0,0,0,0,0,1,0,0,1,0,0,0,1,0,0,0,0,0,1
1.260820907432028,0.8248485743900981,"4573.                 Having surveyed the scene of the accident: - The vehicle causing the accident was heading from the west to the east taking the second left lane (arrow direction), the other was coming from the east to north taking the right second lane, the first ran the red light and crashed into the front part of the other. The accident is charted and necessary actions are made.      ",-0.19746179160121255,-0.4015453331379524,-0.3676863281700941,0,1,0,0,0,1,0,-0.3283834267186966,0,0,1,0,0,0,0,0,0,0,0,0,0,0,0,0,0,0,0,0,0,0,0,0,0,0,0,0,1,0,1,0,0,1,0,0,0,0,0,0,0,0,0,0,0,0,0,0,0,0,0,0,0,0,1,0,0,0,0,0,0,0,0,1,0,0,0,0,1,0,0,0,0,0,0,0,0,0,0,0,0,0,0,1,0,0,0,0,0,0,1,0,1,0,0,0,1,0,0,1,0,0,0,0
-1.2931120133266782,-0.9311280504250675,"4574.                 Having surveyed the scene of the accident: - The vehicle causing the accident, holding Abu Dhabi plate no. 54602, was heading from the west to the east, coming out of Najda street, it kept driving until it hit the victim who was injured and taken to hospital by the ambulance The accident is charted and necessary actions are made.      ",-0.19746179160121255,2.490378837640347,-1.3684844507234735,0,1,0,0,0,1,0,-0.33377904007096365,0,0,0,0,0,0,0,0,0,0,0,0,0,1,0,0,0,0,0,0,0,0,0,0,0,0,0,0,1,0,1,0,0,0,0,0,0,0,0,0,0,0,1,0,0,0,0,0,0,0,0,0,0,0,0,0,0,0,0,1,0,0,0,1,0,0,0,0,0,1,0,0,0,0,0,0,0,0,0,0,0,0,0,0,1,0,0,0,0,1,0,0,0,0,1,0,0,0,1,1,0,0,0,0
0.8883723564880501,0.09776450317756856,"4575.                 Having surveyed the scene of the accident: - The two vehicles were heading from the north to the south, the causing vehicle was ahead of the damaged one, but due the narrow space between the two, the causing driver hit the rear part of the other.  The accident is charted and necessary actions are made.      ",-0.19746179160121255,-0.4015453331379524,-0.3676863281700941,0,1,0,0,0,1,0,-0.33038626088393974,0,0,0,0,0,0,0,0,0,0,0,0,0,0,0,0,0,0,1,0,0,0,0,0,0,0,0,1,0,0,1,0,0,0,0,0,0,0,0,1,0,0,0,0,0,0,0,0,0,0,0,0,1,0,0,0,0,0,0,0,0,0,0,1,0,0,0,0,0,0,0,0,1,0,0,0,0,0,0,0,0,0,0,0,0,1,0,0,0,1,0,0,1,0,0,0,1,0,0,0,1,0,0,0
-0.38859410389130306,1.2638427305938895,"4576.                 Having surveyed the scene of the accident: - The vehicle causing the accident was heading from the west to the east taking the left lane of the intersection leading to the north, the other was coming from the east to north taking the left third lane, the first lost attention, broke the rules of traffic, ran the red light and crashed into the front part of the other, the latter lost balance, swerved off and bumped into electric facility on roadside as illustrated, both vehicles stopped off road, a man and woman injured in the first, and the other driver was injured, as well as other physical damages to the state-owned properties and the two vehicles. The accident is charted and necessary actions are made.      ",-0.19746179160121255,-0.4015453331379524,-0.3676863281700941,0,1,0,0,0,1,0,-0.3405645984450116,0,0,1,0,0,0,0,0,0,0,0,0,0,0,0,0,0,0,0,0,0,0,0,0,0,0,0,1,0,0,1,0,0,0,0,0,0,0,0,0,0,0,1,0,0,0,0,0,0,0,0,0,0,0,1,0,0,0,0,0,0,0,0,0,1,0,0,0,0,0,0,0,1,0,0,0,0,0,0,0,0,0,0,1,0,0,0,0,0,1,0,1,0,0,0,0,0,1,0,1,0,0,0,0
-0.38859410389130306,1.2638427305938895,"4577.                 Having surveyed the scene of the accident: - The vehicle causing the accident was heading from the west to the east taking the left lane of the intersection leading to the north, the other was coming from the east to north taking the left third lane, the first lost attention, broke the rules of traffic, ran the red light and crashed into the front part of the other, the latter lost balance, swerved off and bumped into electric facility on roadside as illustrated, both vehicles stopped off road, a man and woman injured in the first, and the other driver was injured, as well as other physical damages to the state-owned properties and the two vehicles. The accident is charted and necessary actions are made.      ",-0.19746179160121255,-0.4015453331379524,-0.3676863281700941,1,0,0,0,0,1,0,-0.3405645984450116,0,0,1,0,0,0,0,0,0,0,0,0,0,0,0,0,0,0,0,0,0,0,0,0,0,0,0,1,0,0,1,0,0,0,0,0,0,0,0,0,0,0,1,0,0,0,0,0,0,0,0,0,0,0,1,0,0,0,0,0,0,0,0,0,1,0,0,0,0,0,0,0,1,0,0,0,0,0,0,0,0,0,0,1,0,0,0,0,0,1,0,1,0,0,0,0,0,1,0,1,0,0,0,0
1.9525110734708444,1.2638427305938895,"4578.                 Having surveyed the scene of the accident: - The vehicle causing the accident was heading from the west to the east taking the left lane of the intersection leading to the north, the other was coming from the east to north taking the left third lane, the first lost attention, broke the rules of traffic, ran the red light and crashed into the front part of the other, the latter lost balance, swerved off and bumped into electric facility on roadside as illustrated, both vehicles stopped off road, a man and woman injured in the first, and the other driver was injured, as well as other physical damages to the state-owned properties and the two vehicles. The accident is charted and necessary actions are made.      ",-0.19746179160121255,-0.4015453331379524,-0.3676863281700941,0,1,0,0,0,1,0,-0.3405645984450116,0,0,1,0,0,0,0,0,0,0,0,0,0,0,0,0,0,0,0,0,0,0,0,0,0,0,0,1,0,0,1,0,0,0,0,0,0,0,0,0,0,0,1,0,0,0,0,0,0,0,0,0,0,0,1,0,0,0,0,0,0,0,0,0,1,0,0,0,0,0,0,0,1,0,0,0,0,0,0,0,0,0,0,1,0,0,0,0,0,0,1,0,1,0,0,0,1,0,0,0,0,0,0,1
0.7819584847897707,0.3035430138980958,"4579.                 Having surveyed the scene of the accident: - the vehicle causing the accident was heading from the north to the west taking the right lane, the other was coming from the west to the east taking the middle lane, once both arrived the intersection, the first driver ran the red light, then it crashed into the right side of the other, by the power of collision the causing was turned and pulled off the left side as illustrated. ",-0.19746179160121255,-0.4015453331379524,-0.3676863281700941,1,0,0,0,0,1,0,-0.33245476174312527,0,0,1,0,0,0,0,0,0,0,0,0,0,0,0,0,0,0,0,0,0,0,0,0,0,0,0,1,0,0,1,0,0,1,0,0,0,0,0,0,0,0,0,0,0,0,0,0,0,0,0,0,0,0,1,0,0,0,0,0,0,0,0,1,0,0,0,0,1,0,0,0,0,0,0,0,0,0,0,0,0,0,0,1,0,0,0,0,0,1,0,1,0,0,0,0,0,1,0,1,0,0,0,0
0.9947862281863296,-0.972283752569173,"4580.                 Having surveyed the scene of the accident: - the vehicle causing the accident was heading from the east to the west taking the right lane, the other was coming from the south to the north taking the right lane, once both arrived the intersection, the first driver ran the red light, then it crashed into the right side of the other as illustrated and charted. ",1.0226501309346883,-0.4015453331379524,0.6331117943832852,0,1,0,0,0,1,0,-0.3318856503956245,0,0,1,0,0,0,0,0,0,0,0,0,0,0,0,0,0,0,0,0,0,0,0,0,0,0,0,1,0,0,1,0,0,1,0,0,0,0,0,0,0,0,0,0,0,0,0,0,0,0,0,0,0,0,1,0,0,0,0,0,0,0,0,1,0,0,0,0,0,0,0,0,1,0,0,0,0,0,0,0,0,0,0,1,0,0,0,0,0,0,1,0,1,0,0,0,1,0,0,0,1,0,0,0
1.260820907432028,0.6327886310509393,"4581.                 Having surveyed the scene of the accident: - the vehicle causing the accident was heading from the north to the west, the other was coming from the west to the east, the first driver ran the red light, then it crashed into the front part of the other as illustrated and charted.",-0.19746179160121255,-0.4015453331379524,-0.3676863281700941,0,1,0,0,0,1,0,-0.33065987210869974,0,0,1,0,0,0,0,0,0,0,0,0,0,0,0,0,0,0,0,0,0,0,0,0,0,0,0,1,0,0,1,0,0,0,0,1,0,0,0,0,0,0,0,0,0,0,0,0,0,0,0,0,0,0,1,0,0,0,0,0,0,0,0,1,0,0,0,0,0,0,0,0,1,0,0,0,0,0,0,0,0,0,0,1,0,0,0,0,0,1,0,0,1,0,0,0,1,0,0,0,1,0,0,0
-0.38859410389130306,-0.944846617806436,"4582.                 Having surveyed the scene of the accident: - the vehicle causing the accident and first and second damaged ones were heading from the east to the west, the causing was driving off route and in an intoxicated condition, he crashed into the left rear part of the first vehicle, by the power of collision the causing vehicle crashed into left side of the second damaged one, then it climbed over the pavement  to the opposite street, at the time the third damaged one was surprised by the arrival of the causing one, it averted the collision but it hit the rear right part of the fourth damaged one as illustrated and charted.",2.2427620534705888,-0.4015453331379524,0.6331117943832852,0,1,0,0,0,1,0,-0.3173076443404119,0,0,0,0,0,0,0,0,0,0,0,0,0,0,0,0,0,0,0,0,0,0,0,0,0,1,0,1,0,0,1,0,0,0,0,1,0,0,0,0,0,0,0,0,0,0,0,0,0,0,0,0,1,0,0,0,0,0,0,0,0,0,0,0,1,0,0,0,0,1,0,0,0,0,0,0,0,0,0,0,0,0,0,0,0,1,0,0,0,0,1,0,1,0,0,0,1,0,0,1,0,0,0,0
0.6223376772423516,-0.944846617806436,"4583.                 Having surveyed the scene of the accident: - the vehicle causing the accident and first and second damaged ones were heading from the east to the west, the causing was driving off route and in an intoxicated condition, he crashed into the left rear part of the first vehicle, by the power of collision the causing vehicle crashed into left side of the second damaged one, then it climbed over the pavement  to the opposite street, at the time the third damaged one was surprised by the arrival of the causing one, it averted the collision but it hit the rear right part of the fourth damaged one as illustrated and charted.",2.2427620534705888,-0.4015453331379524,0.6331117943832852,0,1,0,0,0,1,0,-0.3173076443404119,0,0,0,0,0,0,0,0,0,0,0,0,0,0,0,0,0,0,0,0,0,0,0,0,0,1,0,1,0,0,1,0,0,0,0,1,0,0,0,0,0,0,0,0,0,0,0,0,0,0,0,0,1,0,0,0,0,0,0,0,0,0,0,0,1,0,0,0,0,1,0,0,0,0,0,0,0,0,0,0,0,0,0,0,0,1,0,0,0,1,0,0,1,0,0,0,1,0,0,0,0,0,0,1
0.1434752546000941,1.0169085177292567,"4584.                 Having surveyed the scene of the accident: - The vehicle causing the accident was heading from the south to the north taking a side street, the other was completely pulled off to right side of the road without a driver in, the first was distracted and intoxicated, he lost control and swerved off the route crashing into the left rear part of the other as illustrated, the causing driver was injured, as well as other physical damages to the two vehicles. The accident is charted and necessary actions are made.      ",-1.4175737141371132,-0.4015453331379524,-2.3692825732768528,0,1,0,0,0,1,0,-0.3337571511729829,0,0,0,0,0,0,0,0,0,0,0,0,0,0,0,0,0,0,0,0,0,0,0,0,0,1,0,1,0,0,1,0,0,1,0,0,0,0,0,0,0,0,0,0,0,0,0,0,0,0,0,0,0,0,0,0,0,0,0,1,0,0,0,1,0,0,0,0,0,0,1,0,0,0,0,0,0,0,0,0,0,0,0,0,0,1,0,0,0,1,0,0,1,0,0,0,1,0,0,0,0,0,0,1
-1.5591466925723767,-0.972283752569173,"4585.                 Having surveyed the scene of the accident: - The vehicle causing the accident was heading from the north to the east taking a side street, the victim child was crossing the street, once the child entered the street, the first was distracted and did not notice the child, the right front part hit the child as illustrated, the child had an injury in the left leg, no damages occurred to the vehicle. The accident is charted and necessary actions are made.      ",-1.4175737141371132,2.490378837640347,-2.3692825732768528,0,1,0,0,0,1,0,-0.3260084812877798,0,0,0,0,0,0,0,0,0,0,0,0,0,1,0,0,0,0,0,0,0,0,0,0,0,0,0,1,0,0,1,0,0,0,0,0,0,0,0,0,0,0,1,0,0,0,0,0,0,0,0,0,0,0,0,0,0,0,0,1,0,0,0,1,0,0,0,0,0,0,1,0,0,0,0,0,0,0,0,0,0,0,0,0,1,0,0,0,0,1,0,0,0,0,1,0,0,0,1,0,0,0,0,1
0.6223376772423516,-0.8213795113741197,"4586.                 Having surveyed the scene of the accident: - The vehicle causing the accident was heading from the north to the south taking the far left lane, the victim was crossing from the west to the east, the front part of the vehicle hit the victim’s body, his head hit the windshield and fell to the ground 5 meters away, the victim was injured and the vehicle was physically damaged. ",-0.19746179160121255,2.490378837640347,-1.3684844507234735,0,1,0,0,0,1,0,-0.32381959148969985,0,0,0,0,0,0,0,0,0,0,0,0,0,1,0,0,0,0,0,0,0,0,0,0,0,0,0,0,1,0,1,0,0,1,0,0,0,0,0,0,0,0,0,0,0,0,0,0,0,0,0,0,1,0,0,0,0,0,0,0,0,0,0,1,0,0,0,0,0,1,0,0,0,0,0,0,0,0,0,0,0,0,0,0,1,0,0,0,0,1,0,0,0,0,1,0,0,0,1,0,0,0,1,0
-0.6546287831370016,-0.8488166461368566,"4587.                 Having surveyed the scene of the accident: - The vehicle causing the accident was heading from the west to the east taking the left fourth lane, the other was coming from the north to the east taking the first left lane, the first crashed into the front part of the second, this was because the first driver ran the red light, the driver of the second was injured and both vehicles had physical damages. The accident is charted and necessary actions are made.      ",-2.637685636673014,2.490378837640347,-2.3692825732768528,0,1,0,0,0,1,0,-0.325165758715519,0,0,0,0,0,0,0,0,0,0,0,0,0,1,0,0,0,0,0,0,0,0,0,0,0,0,0,0,1,0,1,0,0,1,0,0,0,0,0,0,0,0,0,0,0,0,0,0,0,0,0,1,0,0,0,0,0,0,0,0,0,0,0,0,1,0,0,0,0,1,0,0,0,0,0,0,0,0,0,0,0,0,0,0,1,0,0,0,0,1,0,0,0,0,1,0,0,0,1,0,0,0,1,0
0.9415792923371898,-0.9997208873319099,"4588.                 Having surveyed the scene of the accident: - The vehicle causing the accident was heading from the south to the north taking the first left lane, the front right part of the vehicle hit the victim. The accident is charted and necessary actions are made.      ",-0.19746179160121255,2.490378837640347,-0.3676863281700941,0,1,0,0,0,1,0,-0.3368982080332276,0,0,0,0,0,0,0,0,0,0,0,0,0,1,0,0,0,0,0,0,0,0,0,0,0,0,0,0,1,0,1,0,0,0,0,0,0,0,0,0,0,0,0,0,0,1,0,0,0,0,0,0,0,1,0,0,0,0,0,0,0,0,0,0,1,0,0,0,0,0,1,0,0,0,0,0,0,0,0,0,0,0,0,0,1,0,0,0,0,1,0,0,0,0,1,0,0,0,1,0,0,0,1,0
0.5159238055440721,-0.9997208873319099,"4589.                 Having surveyed the scene of the accident: - The vehicle causing the accident was heading from the east to the west taking the far left lane, due to the exceed speed and negligence the front part hit the plastic barriers and light pole and digital van (flash), the vehicle lost balance and the driver had mild injuries, the latter was taken to Sheikh Khalifa Hospital. The necessary actions are made.      ",1.0226501309346883,-0.4015453331379524,0.6331117943832852,0,1,0,0,0,1,0,-0.3368982080332276,0,0,0,0,0,0,0,0,0,0,0,0,0,0,0,0,0,0,0,0,0,0,0,0,0,1,0,0,1,0,1,0,0,0,0,0,0,0,0,0,0,0,0,0,0,1,0,0,0,0,0,0,0,1,0,0,0,0,0,0,0,0,0,0,1,0,0,0,0,0,0,0,1,0,0,0,0,0,0,0,0,0,0,0,0,0,0,0,1,1,0,0,1,0,0,0,1,0,0,1,0,0,0,0
-0.17576636049474417,0.1252016379403055,"4590.                 Having surveyed the scene of the accident: - The vehicle causing the accident was heading from the west to the east taking the left fourth lane, the other was coming from the north to the east taking the first left lane, the first crashed into the front part of the second, this was because the first driver ran the red light, the driver of the second was injured and both vehicles had physical damages. The accident is charted and necessary actions are made.      ",-0.19746179160121255,-0.4015453331379524,0.6331117943832852,0,1,0,0,0,1,0,-0.20704232076213377,0,0,1,0,0,0,0,0,0,0,0,0,0,0,0,0,0,0,0,0,0,0,0,0,0,0,0,1,0,0,1,0,0,1,0,0,0,0,0,0,0,0,0,0,0,0,0,0,0,0,0,0,0,0,1,0,0,0,0,0,0,0,0,0,1,0,0,0,0,0,0,0,1,0,0,0,0,0,0,0,0,0,0,1,0,0,0,0,0,0,1,0,1,0,0,0,1,0,0,0,0,0,1,0