Age of the injured,Str Code,Accident Description,Road speed limit,Pedestrian action,Number of Lanes,Gender_F,Gender_M,Week_Fifth week,Week_First week,Week_Fourth week,Week_Second week,Week_Third week,Date_time,Reasons__??? ????? ?????? ?????? ???? ????? ??? ???? ???????,Reasons__???? ?? ??????? (???),Reasons__Bypassing the red traffic light,Reasons__Driving back without attention,Reasons__Driving back without traffic clearance,Reasons__Driving in the opposite direction,Reasons__Entering main road without traffic clearance,Reasons__Exceeding speed limit,Reasons__Fatigue and drowsiness,Reasons__Faults in the road,Reasons__Ignoring road lane,Reasons__Ignoring traffic lights,Reasons__Lack of driving awareness,Reasons__Misuse of traffic,Reasons__Negligence and inobservance,Reasons__Negligent driving,Reasons__Not giving priority to pedestrian crossing,Reasons__Not giving way / not giving priority,Reasons__Not leaving enough space,Reasons__Not observing the stop sign,Reasons__Not securing vehicle stability while stopping,Reasons__Speedy without taking road conditions into account,Reasons__Sudden deviation,Reasons__Sudden stop,Reasons__Tyre burst,Reasons__under influence of intoxicant or narcotic drug,__Al Madina Police Station,__Khaldiya Police Station,__Shaabiya Police Station,Streetname_Intersection,Streetname_Street,place__Bridge / Tunnel,place__Coastal area,place__Commercial area,place__Fuel Station,place__Govt. authority,place__Hospital,place__Island,place__Mosque,place__One level intersection,place__Other,place__Park,place__Residential area,place__Sand area,place__School,place__Work area,place__external road,place__unknown,location__ ,location__Bridge,location__Bridge /  Tunnel,location__Car parking,location__Double road,location__Highway,location__Intersection,location__Off the road,location__Other(specify),location__Roundabout,location__Side parking,location__Single road,location__Tunnel,location__Two-way road,location__Unknown,lighting__day,lighting__night - enough lights,lighting__night - weak lights,intersection__Deviated intersection,intersection__Half Perpendicular Intersection,intersection__Multiple leg Intersection,intersection__Not on Intersection,intersection__Not on or around 20 meters,intersection__Other,intersection__Perpendicular Intersection,intersection__Roundabout,intersection__Turn ,accidentype__Collision while turning,accidentype__Fall,accidentype__Hitting a moving object off the road,accidentype__Hitting a moving object on the road,accidentype__Hitting a stationary object off the road,accidentype__Hitting a stationary object on the road,accidentype__Multiple collision,accidentype__Other (specify),accidentype__Perpendicular collision,accidentype__Person run over,accidentype__Rear collision,accidentype__Reciprocal collision,accidentype__Side collision,accidentype__deterioration,seat belt_N,seat belt_Y,seat_Back passenger seat,seat_Driver's seat,seat_Front passenger seat,seat_No passenger,seat_bike passenger,position_Driver,position_Passenger,position_Pedestrian,nationality_Arab States,nationality_Asian States,nationality_GCC,nationality_Other,nationality_UAE
-0.38859410389130306,-0.7527866744672773,"4591.                 Having surveyed the scene of the accident: - The vehicle causing the accident was heading from the south to the north taking a two-way side street, the driver was not experienced in driving and did not hold a license, its front part crashed into the pavement and swerved off to the left side as illustrated in the chart.  ",-1.4175737141371132,-0.4015453331379524,-2.3692825732768528,0,1,0,0,0,1,0,-0.21563371321959765,0,0,0,0,0,0,0,0,0,0,0,0,1,0,0,0,0,0,0,0,0,0,0,0,0,0,1,0,0,0,1,0,0,0,0,1,0,0,0,0,0,0,0,0,0,0,0,0,0,0,0,0,0,0,0,0,0,0,0,1,0,0,0,1,0,0,0,0,0,0,1,0,0,0,0,0,0,0,0,0,0,0,0,0,0,0,0,0,1,1,0,1,0,0,0,0,0,1,0,0,1,0,0,0
-0.2289732963438839,-0.7527866744672773,"4592.                 Having surveyed the scene of the accident: - The vehicle causing the accident was heading from the south to the north taking a two-way side street, the driver was not experienced in driving and did not hold a license, its front part crashed into the pavement and swerved off to the left side as illustrated in the chart.  ",-1.4175737141371132,-0.4015453331379524,-2.3692825732768528,0,1,0,0,0,1,0,-0.21563371321959765,0,0,0,0,0,0,0,0,0,0,0,0,1,0,0,0,0,0,0,0,0,0,0,0,0,0,1,0,0,0,1,0,0,0,0,1,0,0,0,0,0,0,0,0,0,0,0,0,0,0,0,0,0,0,0,0,0,0,0,1,0,0,0,1,0,0,0,0,0,0,1,0,0,0,0,0,0,0,0,0,0,0,0,0,0,0,0,0,1,1,0,1,0,0,0,0,0,1,0,0,1,0,0,0
-0.28218023219302363,-0.7527866744672773,"4593.                 Having surveyed the scene of the accident: - The vehicle causing the accident was heading from the south to the north taking the far left lane, the other vehicle was coming from the north to the south, the driver ran the red light and crashed into the right side of the other vehicle as illustrated in the chart.  ",-0.19746179160121255,-0.4015453331379524,-0.3676863281700941,0,1,0,0,0,1,0,-0.21432037934074966,0,0,1,0,0,0,0,0,0,0,0,0,0,0,0,0,0,0,0,0,0,0,0,0,0,0,1,0,0,0,1,0,0,0,0,1,0,0,0,0,0,0,0,0,0,0,0,0,0,0,0,0,0,0,1,0,0,0,0,0,0,0,0,1,0,0,0,0,1,0,0,0,0,0,0,0,0,0,0,0,0,0,0,1,0,0,0,0,0,1,0,1,0,0,0,0,0,1,0,1,0,0,0,0
0.1434752546000941,-0.9036909156623305,"4594.                 Having surveyed the scene of the accident: - The vehicle causing the accident was heading from the west to the east on the right lane, the driver was distracted, negligent, intoxicated, exceeded the speed limits, and broke the rules, he swerved off and crashed into the pavement and the traffic pole as illustrated, the driver was injured as well as other physical damages to the state-owned properties and the causing vehicle. The accident is charted and the necessary actions are made.           ",-0.19746179160121255,-0.4015453331379524,-0.3676863281700941,0,1,0,0,0,1,0,-0.11910367312427125,0,0,0,0,0,0,0,0,0,0,0,0,0,0,0,0,0,0,0,0,0,0,0,0,0,1,0,1,0,0,1,0,0,0,0,0,0,0,0,0,0,0,1,0,0,0,0,0,0,0,0,0,1,0,0,0,0,0,0,0,0,0,0,0,1,0,0,0,0,0,1,0,0,0,0,0,0,0,0,0,1,0,0,0,0,0,0,0,0,1,0,0,1,0,0,0,1,0,0,0,0,0,0,1
-0.761042654835281,-0.7527866744672773,"4595.                 Having surveyed the scene of the accident: - The vehicle causing the accident was heading from the west to the east on the right lane, the driver was distracted, negligent, intoxicated, exceeded the speed limits, and broke the rules, he lost control and swerved off to the right and crashed into the pavement and stopped off the road as illustrated, the driver was injured as well as other physical damages to the state-owned properties in terms of 10 meters grass long and the causing vehicle. The accident is charted and the necessary actions are made.           ",-1.4175737141371132,-0.4015453331379524,0.6331117943832852,0,1,0,0,0,0,1,-0.11078589189156739,0,0,0,0,0,0,0,0,0,0,0,0,0,0,0,0,0,0,0,0,0,0,0,0,0,1,1,0,0,0,1,0,0,1,0,0,0,0,0,0,0,0,0,0,0,0,0,0,0,0,0,0,1,0,0,0,0,0,0,0,0,0,0,1,0,0,0,0,0,0,1,0,0,0,0,0,0,0,0,0,1,0,0,0,0,0,0,0,0,1,0,0,1,0,0,0,1,0,0,0,0,0,0,1
-0.12255942464560447,-0.944846617806436,"4596.                 Having surveyed the scene of the accident: - all vehicles were heading from the west to the east taking the far left lane, the first causing vehicle did not leave enough space, it crashed into the rear part of the first damaged vehicle, which in turn crashed into the rear part of the second, the same hit the rear part of the first causing one, the first driver and escorting passenger had injured and taken to Sheikh Khalifa Hospital. The accident is charted and the necessary actions are made.           ",2.2427620534705888,-0.4015453331379524,1.6339099169366647,0,1,0,0,0,0,1,-0.003639736275553172,0,0,0,0,0,0,0,0,0,0,0,0,0,0,0,0,0,0,0,0,0,1,0,0,0,0,0,0,1,0,1,1,0,0,0,0,0,0,0,0,0,0,0,0,0,0,0,0,0,0,1,0,0,0,0,0,0,0,0,0,0,0,0,1,0,0,0,0,0,0,1,0,0,0,0,0,0,0,0,0,0,0,0,0,0,1,0,0,0,1,0,1,0,0,0,0,0,1,0,0,1,0,0,0
0.1434752546000941,-0.944846617806436,"4597.                 Having surveyed the scene of the accident: - all vehicles were heading from the west to the east taking the far left lane, the first causing vehicle did not leave enough space, it crashed into the rear part of the first damaged vehicle, which in turn crashed into the rear part of the second, the same hit the rear part of the first causing one, the first driver and escorting passenger had injured and taken to Sheikh Khalifa Hospital. The accident is charted and the necessary actions are made.           ",2.2427620534705888,-0.4015453331379524,1.6339099169366647,0,1,0,0,0,0,1,-0.003639736275553172,0,0,0,0,0,0,0,0,0,0,0,0,0,0,0,0,0,0,0,0,0,1,0,0,0,0,0,0,1,0,1,1,0,0,0,0,0,0,0,0,0,0,0,0,0,0,0,0,0,0,1,0,0,0,0,0,0,0,0,0,0,0,0,1,0,0,0,0,0,0,1,0,0,0,0,0,0,0,0,0,0,0,0,0,0,1,0,0,0,0,1,0,1,0,0,0,1,0,0,0,1,0,0,0
-0.016145552947325045,-0.7527866744672773,"4598.                 Having surveyed the scene of the accident: - The vehicle causing the accident was heading from the east to the west on the left lane, the damaged vehicle was coming from the same lane, the driver exceeded the speed limits, broke the rules, and suddenly swerved off and crashed into the rear left part of the other, then it rolled off the road, the driver was injured and taken to Khalifa Hospital in a general mild condition as well as other physical damages to the vehicles and the state-owned properties in terms of 55 meters grass and flowers long. The accident is charted and the necessary actions are made.           ",2.2427620534705888,-0.4015453331379524,1.6339099169366647,0,1,0,0,0,0,1,-0.003453680642716375,0,0,0,0,0,0,0,0,0,0,0,0,0,0,0,0,0,0,0,0,0,1,0,0,0,0,1,0,0,0,1,0,0,0,0,0,0,0,0,0,0,0,0,0,0,0,1,0,0,0,0,0,1,0,0,0,0,0,0,0,0,0,0,1,0,0,0,0,0,0,1,0,0,0,0,0,0,0,0,0,0,0,0,0,0,0,0,1,0,0,1,0,1,0,0,0,1,0,0,0,1,0,0,0
-0.12255942464560447,-0.8350980787554881,"4599.                 Having surveyed the scene of the accident: - The vehicle causing the accident was heading from the north taking the left lane, the damaged vehicle was coming from the south to the north leading to the detour at the intersection leading to the south, the driver of the causing vehicle lost attention, broke the rules, and ran the red light, then he crashed into the front right angle of the other vehicle, which swerved to the island’s pavement as illustrated and stopped at the right lane of the road, the driver and passenger of the causing vehicle were injured as well as other common damages to the vehicles. The accident is charted and necessary actions are made.        ",-0.19746179160121255,-0.4015453331379524,-0.3676863281700941,0,1,0,0,0,0,1,0.009767213737686605,0,0,1,0,0,0,0,0,0,0,0,0,0,0,0,0,0,0,0,0,0,0,0,0,0,0,0,0,1,0,1,0,0,1,0,0,0,0,0,0,0,0,0,0,0,0,0,0,0,0,0,0,0,0,1,0,0,0,0,0,0,0,0,0,1,0,0,1,0,0,0,0,0,0,0,0,0,0,0,0,0,0,0,1,0,0,0,0,0,0,1,0,1,0,0,0,1,0,0,0,1,0,0,0
-0.33538716804216334,-0.8350980787554881,"4600.                 Having surveyed the scene of the accident: - The vehicle causing the accident was heading from the north taking the left lane, the damaged vehicle was coming from the south to the north leading to the detour at the intersection leading to the south, the driver of the causing vehicle lost attention, broke the rules, and ran the red light, then he crashed into the front right angle of the other vehicle, which swerved to the island’s pavement as illustrated and stopped at the right lane of the road, the driver and passenger of the causing vehicle were injured as well as other common damages to the vehicles. The accident is charted and necessary actions are made.        ",-0.19746179160121255,-0.4015453331379524,-0.3676863281700941,0,1,0,0,0,0,1,0.009767213737686605,0,0,1,0,0,0,0,0,0,0,0,0,0,0,0,0,0,0,0,0,0,0,0,0,0,0,0,0,1,0,1,0,0,1,0,0,0,0,0,0,0,0,0,0,0,0,0,0,0,0,0,0,0,0,1,0,0,0,0,0,0,0,0,0,1,0,0,1,0,0,0,0,0,0,0,0,0,0,0,0,0,0,0,1,0,0,0,0,0,0,1,0,0,1,0,0,0,1,0,0,1,0,0,0
-0.06935248879646476,-0.944846617806436,"4601.                 Having surveyed the scene of the accident: - The vehicle causing the accident was heading from the east turning to the left to the south, taking the far left lane, to the other damaged vehicle was coming from the west to the east taking the middle lane, due to running the red light the accident happened, in which the two hit each other, both vehicles had common damages and the passenger escorting the driver of the damaged one had injured. The accident is charted and necessary actions are made.         ",1.0226501309346883,-0.4015453331379524,-0.0073990040508776864,1,0,0,0,0,0,1,0.11461503506571685,0,0,1,0,0,0,0,0,0,0,0,0,0,0,0,0,0,0,0,0,0,0,0,0,0,0,0,0,1,0,1,0,0,0,0,0,0,0,0,0,0,0,1,0,0,0,0,0,0,0,0,0,0,0,1,0,0,0,0,0,0,0,0,1,0,0,0,0,0,0,0,0,1,0,0,0,0,0,0,0,0,0,0,1,0,0,0,0,0,0,1,0,0,1,0,0,0,1,0,1,0,0,0,0
-0.28218023219302363,1.0306270851106252,"4602.                 Having surveyed the scene of the accident: - The vehicle causing the accident was heading from the west the east taking the middle lane, the driver was intoxicated, he crashed into the pavement, then lost control over the vehicle in the street, he and the other passenger were mildly injured, they left the hospital in a good general condition after receiving the treatment, the vehicle had serious damages. The accident is charted and necessary actions are made.         ",1.0226501309346883,-0.4015453331379524,0.6331117943832852,0,1,0,0,0,0,1,0.10284975240103705,0,0,0,0,0,0,0,0,0,0,0,0,0,0,0,0,0,0,0,0,0,0,0,0,0,1,0,0,1,0,1,0,0,0,0,1,0,0,0,0,0,0,0,0,0,0,0,0,0,0,0,0,1,0,0,0,0,0,0,0,0,0,0,0,1,0,0,0,1,0,0,0,0,0,0,0,0,0,0,0,1,0,0,0,0,0,0,0,0,0,1,0,1,0,0,0,1,0,0,0,0,0,0,1
-0.4950079755895825,1.0306270851106252,"4603.                 Having surveyed the scene of the accident: - The vehicle causing the accident was heading from the west the east taking the middle lane, the driver was intoxicated, he crashed into the pavement, then lost control over the vehicle in the street, he and the other passenger were mildly injured, they left the hospital in a good general condition after receiving the treatment, the vehicle had serious damages. The accident is charted and necessary actions are made.         ",1.0226501309346883,-0.4015453331379524,0.6331117943832852,0,1,0,0,0,0,1,0.10284975240103705,0,0,0,0,0,0,0,0,0,0,0,0,0,0,0,0,0,0,0,0,0,0,0,0,0,1,0,0,1,0,1,0,0,0,0,1,0,0,0,0,0,0,0,0,0,0,0,0,0,0,0,0,1,0,0,0,0,0,0,0,0,0,0,0,1,0,0,0,1,0,0,0,0,0,0,0,0,0,0,0,1,0,0,0,0,0,0,0,0,0,1,0,0,1,0,0,0,1,0,0,0,0,0,1
1.4204417149794473,0.7699743048646241,"4604.                 Having surveyed the scene of the accident: - The vehicle causing the accident was heading from the east the west, once it arrived the intersection the driver, due to the exceed speed and negligence, out of a sudden found himself face to face with the detour and the traffic light, he crashed into the pavement to the outer side running over the ornamental trees and stopped in front of the sea palace wall. The accident is charted and necessary actions are made.         ",-0.19746179160121255,-0.4015453331379524,0.6331117943832852,0,1,0,0,0,0,1,0.11171475608326091,0,0,0,0,0,0,0,0,0,0,0,0,0,0,0,0,0,0,0,0,0,1,0,0,0,0,0,0,1,0,1,0,0,0,0,0,0,0,0,0,0,0,1,0,0,0,0,0,0,0,0,0,0,0,1,0,0,0,0,0,0,0,0,1,0,0,0,1,0,0,0,0,0,0,0,0,0,0,0,1,0,0,0,0,0,0,0,0,0,0,1,0,1,0,0,0,1,0,0,1,0,0,0,0
-0.38859410389130306,0.18007590746577945,"4605.                 Having surveyed the scene of the accident: - The vehicle causing the accident was heading from the east the west taking the second lane, the other was coming from the south to the north taking the second right lane, the latter hit the front of the former.  This is how the accident happened.         ",-0.19746179160121255,-0.4015453331379524,-0.3676863281700941,0,1,0,0,0,0,1,0.21897035618917912,0,0,1,0,0,0,0,0,0,0,0,0,0,0,0,0,0,0,0,0,0,0,0,0,0,0,0,0,1,0,1,0,0,0,0,0,0,0,0,0,0,0,1,0,0,0,0,0,0,0,0,0,0,0,1,0,0,0,0,0,0,0,0,1,0,0,0,0,0,0,0,0,1,0,0,0,0,0,0,0,0,0,0,1,0,0,0,0,0,1,0,0,1,0,0,0,1,0,0,0,1,0,0,0
0.3030960621475132,1.1678127589243101,"4606.                 Having surveyed the scene of the accident: - The vehicle causing the accident was heading from the north the east taking the right second lane, the second damaged vehicle was coming from the east to the west taking the left lane, the third damaged one was coming from east to the north taking the second lane, the causing crashed into the front of the first, the latter swerved and hit the second.  This is how the accident happened.         ",-0.19746179160121255,-0.4015453331379524,-0.3676863281700941,0,1,0,0,0,0,1,0.2208856347624991,0,0,1,0,0,0,0,0,0,0,0,0,0,0,0,0,0,0,0,0,0,0,0,0,0,0,0,1,0,0,1,0,0,0,0,1,0,0,0,0,0,0,0,0,0,0,0,0,0,0,0,0,0,0,1,0,0,0,0,0,0,0,0,1,0,0,0,0,0,0,0,0,1,0,0,0,0,0,0,0,0,0,0,1,0,0,0,0,0,1,0,0,0,1,0,0,0,1,0,0,0,0,0,1
-0.44180103974044277,-0.7527866744672773,"4607.                 Having surveyed the scene of the accident: - The vehicle causing the accident was heading from the south the north taking the middle lane of the tunnel, due to the exceed speed the driver hit the side pavement.  This is how the accident happened.         ",-0.19746179160121255,-0.4015453331379524,-0.3676863281700941,0,1,0,0,0,0,1,0.22307452456057905,0,0,0,0,0,0,0,0,0,0,0,0,0,0,0,0,0,0,0,0,0,1,0,0,0,0,1,0,0,0,1,1,0,0,0,0,0,0,0,0,0,0,0,0,0,0,0,0,0,0,0,0,0,0,0,0,0,0,0,0,1,0,0,0,1,0,0,0,0,1,0,0,0,0,0,0,0,0,0,0,0,0,0,0,0,0,0,0,1,1,0,0,1,0,0,0,1,0,0,1,0,0,0,0
0.46271686969493236,-0.944846617806436,"4608.                 Having surveyed the scene of the accident: - The vehicle causing the accident was heading from the north the south taking the left lane, due to the exceed speed not considering the traffic condition, the vehicle lost control and hit the pavement and rolled off 51 meter and flipped over the left side, it caused damages to the state-owned properties and the driver was injured. The accident is charted and necessary actions are made.         ",-1.4175737141371132,-0.4015453331379524,-1.3684844507234735,0,1,0,0,0,0,1,0.4312926666029356,0,0,0,0,0,0,0,0,0,0,0,0,0,0,0,0,0,0,0,0,0,1,0,0,0,0,0,0,1,0,1,0,0,0,0,1,0,0,0,0,0,0,0,0,0,0,0,0,0,0,0,0,0,0,0,0,0,0,0,1,0,0,0,0,1,0,0,0,0,1,0,0,0,0,0,0,0,0,0,0,0,0,0,0,0,0,0,0,1,0,1,0,1,0,0,0,1,0,0,0,1,0,0,0
1.6332694583760061,0.23495017699125337,"4609.                 Having surveyed the scene of the accident: - The vehicle causing the accident was heading from the north the south taking the middle lane, the damaged vehicle was coming from the west to the east taking the right lane, the driver ran the red light, the front part crashed into the left rear door of the other, the driver was injured as well as other damages caused to the two vehicles. The accident is charted and necessary actions are made.         ",-0.19746179160121255,-0.4015453331379524,0.6331117943832852,0,1,0,0,0,0,1,0.44627561727079296,0,0,1,0,0,0,0,0,0,0,0,0,0,0,0,0,0,0,0,0,0,0,0,0,0,0,0,0,1,0,1,0,0,0,0,0,0,0,0,0,0,0,1,0,0,0,0,0,0,0,0,0,0,0,1,0,0,0,0,0,0,0,0,0,1,0,0,0,0,0,0,0,1,0,0,0,0,0,0,0,0,0,0,1,0,0,0,0,0,1,0,0,1,0,0,0,1,0,0,1,0,0,0,0
1.260820907432028,-0.8488166461368566,"4610.                 Having surveyed the scene of the accident: - The vehicle causing the accident was heading from the north the south taking the left lane, the driver was, when he took down the bridge, intoxicated, he swerved off at 90 degree to the right, the left front side crashed into a man and a pole of the security post and kept moving up the parallel side street, the body of the victim was 26 meters away from the crash point, the victim died along with physical damages to 12 plastic barriers and the vehicle, noting that the latter run away but it was seized later. The accident is charted and necessary actions are made.         ",-0.19746179160121255,2.490378837640347,0.6331117943832852,0,1,0,0,0,0,1,0.5406277120170297,0,0,0,0,0,0,0,0,0,0,0,0,0,0,0,0,0,0,0,0,0,0,0,0,0,1,0,0,1,0,1,0,0,0,0,0,0,0,0,0,0,0,0,0,0,1,0,0,0,1,0,0,0,0,0,0,0,0,0,0,0,0,0,1,0,0,0,0,0,0,1,0,0,0,0,0,0,0,0,0,0,0,0,0,1,0,0,0,0,1,0,0,0,0,1,0,0,0,1,0,1,0,0,0
0.8351654206389104,1.3873098370262058,"4611.                 Having surveyed the scene of the accident: - The vehicle causing the accident was heading from the east the west taking the arrow direction, the damaged vehicle was coming from the west to the east taking the right lane, the driver ran the red light, the front part crashed into the right rear part of the other, a passenger in the latter was injured as well as other damages caused to the two vehicles. The accident is charted and necessary actions are made.         ",-0.19746179160121255,-0.4015453331379524,0.6331117943832852,1,0,0,0,0,0,1,0.5571538299925335,0,0,1,0,0,0,0,0,0,0,0,0,0,0,0,0,0,0,0,0,0,0,0,0,0,0,0,0,1,0,1,0,0,1,0,0,0,0,0,0,0,0,0,0,0,0,0,0,0,0,0,0,0,0,1,0,0,0,0,0,0,0,0,0,1,0,0,0,0,0,0,0,1,0,0,0,0,0,0,0,0,0,0,1,0,0,0,0,0,1,0,1,0,0,0,0,0,1,0,0,0,0,1,0
-1.5591466925723767,-0.8213795113741197,"4612.                 Having surveyed the scene of the accident: - The vehicle causing the accident was heading from the south the north, the victim was coming from the east to the north, the driver was surprised by a child crossing the street, the driver misjudged the spaces and hit her to the ground. The accident is charted and necessary actions are made.         ",-1.4175737141371132,2.490378837640347,-2.3692825732768528,1,0,0,0,1,0,0,0.6683494317349956,0,0,0,0,0,0,0,0,0,0,0,0,0,1,0,0,0,0,0,0,0,0,0,0,0,0,0,1,0,0,1,0,0,1,0,0,0,0,0,0,0,0,0,0,0,0,0,0,0,0,0,0,0,0,0,0,0,0,0,1,0,0,0,0,1,0,0,0,0,1,0,0,0,0,0,0,0,0,0,0,0,0,0,0,1,0,0,0,0,1,0,0,0,0,1,0,0,0,1,0,0,0,0,1
0.5691307413932118,0.11148307055893704,"4613.                 Having surveyed the scene of the accident: - The vehicle causing the accident was heading from the east the west taking the right lane to the intersection, the damaged vehicle was coming from the south to the north to the same intersection, the light was yellow as admitted by an involving party, a driver ran the red light, the front part of the second crashed into the left angle of the first, the driver of the latter lost control and bumped into the pavement until it stopped at the center of the road as illustrated, four passenger were injured in the first causing vehicle and the driver of the second one as well as other damages caused to the two vehicles. The accident is charted and necessary actions are made.         ",-0.19746179160121255,-0.4015453331379524,-0.3676863281700941,0,1,0,0,1,0,0,0.7714461412245619,0,0,1,0,0,0,0,0,0,0,0,0,0,0,0,0,0,0,0,0,0,0,0,0,0,0,0,1,0,0,1,0,0,1,0,0,0,0,0,0,0,0,0,0,0,0,0,0,0,0,0,0,1,0,0,0,0,0,0,0,0,0,0,1,0,0,0,0,0,0,0,0,1,0,0,0,0,0,0,0,0,0,0,1,0,0,0,0,0,0,1,0,0,1,0,0,0,1,0,0,1,0,0,0
-0.12255942464560447,0.11148307055893704,"4614.                 Having surveyed the scene of the accident: - The vehicle causing the accident was heading from the east the west taking the right lane to the intersection, the damaged vehicle was coming from the south to the north to the same intersection, the light was yellow as admitted by an involving party, a driver ran the red light, the front part of the second crashed into the left angle of the first, the driver of the latter lost control and bumped into the pavement until it stopped at the center of the road as illustrated, four passenger were injured in the first causing vehicle and the driver of the second one as well as other damages caused to the two vehicles. The accident is charted and necessary actions are made.         ",-0.19746179160121255,-0.4015453331379524,-0.3676863281700941,1,0,0,0,1,0,0,0.7714461412245619,0,0,1,0,0,0,0,0,0,0,0,0,0,0,0,0,0,0,0,0,0,0,0,0,0,0,0,1,0,0,1,0,0,1,0,0,0,0,0,0,0,0,0,0,0,0,0,0,0,0,0,0,1,0,0,0,0,0,0,0,0,0,0,1,0,0,0,0,0,0,0,0,1,0,0,0,0,0,0,0,0,0,0,1,0,0,0,0,0,0,1,1,0,0,0,0,0,1,0,0,1,0,0,0
-0.44180103974044277,0.11148307055893704,"4615.                 Having surveyed the scene of the accident: - The vehicle causing the accident was heading from the east the west taking the right lane to the intersection, the damaged vehicle was coming from the south to the north to the same intersection, the light was yellow as admitted by an involving party, a driver ran the red light, the front part of the second crashed into the left angle of the first, the driver of the latter lost control and bumped into the pavement until it stopped at the center of the road as illustrated, four passenger were injured in the first causing vehicle and the driver of the second one as well as other damages caused to the two vehicles. The accident is charted and necessary actions are made.         ",-0.19746179160121255,-0.4015453331379524,-0.3676863281700941,0,1,0,0,1,0,0,0.7714461412245619,0,0,1,0,0,0,0,0,0,0,0,0,0,0,0,0,0,0,0,0,0,0,0,0,0,0,0,1,0,0,1,0,0,1,0,0,0,0,0,0,0,0,0,0,0,0,0,0,0,0,0,0,1,0,0,0,0,0,0,0,0,0,0,1,0,0,0,0,0,0,0,0,1,0,0,0,0,0,0,0,0,0,0,1,0,0,0,0,0,0,1,0,1,0,0,0,1,0,0,0,0,0,0,1
0.19668219044923382,0.11148307055893704,"4616.                 Having surveyed the scene of the accident: - The vehicle causing the accident was heading from the east the west taking the right lane to the intersection, the damaged vehicle was coming from the south to the north to the same intersection, the light was yellow as admitted by an involving party, a driver ran the red light, the front part of the second crashed into the left angle of the first, the driver of the latter lost control and bumped into the pavement until it stopped at the center of the road as illustrated, four passenger were injured in the first causing vehicle and the driver of the second one as well as other damages caused to the two vehicles. The accident is charted and necessary actions are made.         ",-0.19746179160121255,-0.4015453331379524,-0.3676863281700941,1,0,0,0,1,0,0,0.7714461412245619,0,0,1,0,0,0,0,0,0,0,0,0,0,0,0,0,0,0,0,0,0,0,0,0,0,0,0,1,0,0,1,0,0,1,0,0,0,0,0,0,0,0,0,0,0,0,0,0,0,0,0,0,1,0,0,0,0,0,0,0,0,0,0,1,0,0,0,0,0,0,0,0,1,0,0,0,0,0,0,0,0,0,0,1,0,0,0,0,0,0,1,0,1,0,0,0,1,0,0,0,0,0,0,1
-0.4950079755895825,0.2623873117539903,"4617.                 Having surveyed the scene of the accident: - two persons were coming east to the west, the vehicle causing the accident was heading from the north the south taking the right lane, the above persons ran the red light, the front left part of the vehicle hit them, they had moderate injuries and taken to Khalifa Hospital in moderate general condition along with physical damages to the vehicle. The accident is charted and necessary actions are made.         ",-0.19746179160121255,-0.4015453331379524,0.6331117943832852,0,1,0,0,1,0,0,0.8768959072470641,0,0,0,0,0,0,0,0,0,0,0,0,0,0,0,0,0,0,0,0,0,1,0,0,0,0,1,0,0,0,1,0,0,1,0,0,0,0,0,0,0,0,0,0,0,0,0,0,0,0,0,0,1,0,0,0,0,0,0,0,0,0,0,1,0,0,0,0,0,0,0,0,1,0,0,0,0,0,0,0,0,0,0,0,1,0,0,0,0,1,0,0,0,0,1,0,0,0,1,0,1,0,0,0
-0.4950079755895825,0.2623873117539903,"4618.                 Having surveyed the scene of the accident: - two persons were coming east to the west, the vehicle causing the accident was heading from the north the south taking the right lane, the above persons ran the red light, the front left part of the vehicle hit them, they had moderate injuries and taken to Khalifa Hospital in moderate general condition along with physical damages to the vehicle. The accident is charted and necessary actions are made.         ",-0.19746179160121255,-0.4015453331379524,0.6331117943832852,0,1,0,0,1,0,0,0.8768959072470641,0,0,0,0,0,0,0,0,0,0,0,0,0,0,0,0,0,0,0,0,0,1,0,0,0,0,1,0,0,0,1,0,0,1,0,0,0,0,0,0,0,0,0,0,0,0,0,0,0,0,0,0,1,0,0,0,0,0,0,0,0,0,0,1,0,0,0,0,0,0,0,0,1,0,0,0,0,0,0,0,0,0,0,0,1,0,0,0,0,1,0,0,0,0,1,0,0,0,1,0,1,0,0,0
-0.06935248879646476,-0.9860023199505414,"4619.                 Having surveyed the scene of the accident: - The vehicle causing the accident was heading from the east the west taking the middle lane, the second causing vehicle was coming from the west to the east to the intersection leading to the north, a driver ran the red light, the front part crashed into the right rear part of the other as illustrated in the primary chart, 3 passengers in the latter were injured as well as other damages caused to the two vehicles. The accident is charted and necessary actions are made.         ",-0.19746179160121255,-0.4015453331379524,-0.3676863281700941,1,0,0,0,1,0,0,0.9738637253020065,0,0,1,0,0,0,0,0,0,0,0,0,0,0,0,0,0,0,0,0,0,0,0,0,0,0,0,0,1,0,1,0,0,1,0,0,0,0,0,0,0,0,0,0,0,0,0,0,0,0,0,0,0,0,1,0,0,0,0,0,0,0,0,0,1,0,0,0,0,0,0,0,1,0,0,0,0,0,0,0,0,0,0,1,0,0,0,0,0,1,0,1,0,0,0,0,0,1,0,0,1,0,0,0
-0.28218023219302363,-0.9860023199505414,"4620.                 Having surveyed the scene of the accident: - The vehicle causing the accident was heading from the east the west taking the middle lane, the second causing vehicle was coming from the west to the east to the intersection leading to the north, a driver ran the red light, the front part crashed into the right rear part of the other as illustrated in the primary chart, 3 passengers in the latter were injured as well as other damages caused to the two vehicles. The accident is charted and necessary actions are made.         ",-0.19746179160121255,-0.4015453331379524,-0.3676863281700941,1,0,0,0,1,0,0,0.9738637253020065,0,0,1,0,0,0,0,0,0,0,0,0,0,0,0,0,0,0,0,0,0,0,0,0,0,0,0,0,1,0,1,0,0,1,0,0,0,0,0,0,0,0,0,0,0,0,0,0,0,0,0,0,0,0,1,0,0,0,0,0,0,0,0,0,1,0,0,0,0,0,0,0,1,0,0,0,0,0,0,0,0,0,0,1,0,0,0,0,0,1,0,1,0,0,0,0,0,1,0,0,1,0,0,0