Age of the injured,Str Code,Accident Description,Road speed limit,Pedestrian action,Number of Lanes,Gender_F,Gender_M,Week_Fifth week,Week_First week,Week_Fourth week,Week_Second week,Week_Third week,Date_time,Reasons__??? ????? ?????? ?????? ???? ????? ??? ???? ???????,Reasons__???? ?? ??????? (???),Reasons__Bypassing the red traffic light,Reasons__Driving back without attention,Reasons__Driving back without traffic clearance,Reasons__Driving in the opposite direction,Reasons__Entering main road without traffic clearance,Reasons__Exceeding speed limit,Reasons__Fatigue and drowsiness,Reasons__Faults in the road,Reasons__Ignoring road lane,Reasons__Ignoring traffic lights,Reasons__Lack of driving awareness,Reasons__Misuse of traffic,Reasons__Negligence and inobservance,Reasons__Negligent driving,Reasons__Not giving priority to pedestrian crossing,Reasons__Not giving way / not giving priority,Reasons__Not leaving enough space,Reasons__Not observing the stop sign,Reasons__Not securing vehicle stability while stopping,Reasons__Speedy without taking road conditions into account,Reasons__Sudden deviation,Reasons__Sudden stop,Reasons__Tyre burst,Reasons__under influence of intoxicant or narcotic drug,__Al Madina Police Station,__Khaldiya Police Station,__Shaabiya Police Station,Streetname_Intersection,Streetname_Street,place__Bridge / Tunnel,place__Coastal area,place__Commercial area,place__Fuel Station,place__Govt. authority,place__Hospital,place__Island,place__Mosque,place__One level intersection,place__Other,place__Park,place__Residential area,place__Sand area,place__School,place__Work area,place__external road,place__unknown,location__ ,location__Bridge,location__Bridge /  Tunnel,location__Car parking,location__Double road,location__Highway,location__Intersection,location__Off the road,location__Other(specify),location__Roundabout,location__Side parking,location__Single road,location__Tunnel,location__Two-way road,location__Unknown,lighting__day,lighting__night - enough lights,lighting__night - weak lights,intersection__Deviated intersection,intersection__Half Perpendicular Intersection,intersection__Multiple leg Intersection,intersection__Not on Intersection,intersection__Not on or around 20 meters,intersection__Other,intersection__Perpendicular Intersection,intersection__Roundabout,intersection__Turn ,accidentype__Collision while turning,accidentype__Fall,accidentype__Hitting a moving object off the road,accidentype__Hitting a moving object on the road,accidentype__Hitting a stationary object off the road,accidentype__Hitting a stationary object on the road,accidentype__Multiple collision,accidentype__Other (specify),accidentype__Perpendicular collision,accidentype__Person run over,accidentype__Rear collision,accidentype__Reciprocal collision,accidentype__Side collision,accidentype__deterioration,seat belt_N,seat belt_Y,seat_Back passenger seat,seat_Driver's seat,seat_Front passenger seat,seat_No passenger,seat_bike passenger,position_Driver,position_Passenger,position_Pedestrian,nationality_Arab States,nationality_Asian States,nationality_GCC,nationality_Other,nationality_UAE
0.1434752546000941,-0.9860023199505414,"4621.                 Having surveyed the scene of the accident: - The vehicle causing the accident was heading from the east the west taking the middle lane, the second causing vehicle was coming from the west to the east to the intersection leading to the north, a driver ran the red light, the front part crashed into the right rear part of the other as illustrated in the primary chart, 3 passengers in the latter were injured as well as other damages caused to the two vehicles. The accident is charted and necessary actions are made.         ",-0.19746179160121255,-0.4015453331379524,-0.3676863281700941,1,0,1,0,0,0,0,0.9738637253020065,0,0,1,0,0,0,0,0,0,0,0,0,0,0,0,0,0,0,0,0,0,0,0,0,0,0,0,0,1,0,1,0,0,1,0,0,0,0,0,0,0,0,0,0,0,0,0,0,0,0,0,0,0,0,1,0,0,0,0,0,0,0,0,0,1,0,0,0,0,0,0,0,1,0,0,0,0,0,0,0,0,0,0,1,0,0,0,0,0,1,0,1,0,0,0,0,0,1,0,0,1,0,0,0
-0.5482149114387221,0.3035430138980958,"4622.                 Having surveyed the scene of the accident: - The vehicle causing the accident was heading from the east the west, the second causing vehicle was coming from the north to the south, once it arrived the intersection a driver ran the red light, the front part of the first crashed into the right front part of the other, both vehicles kept moving by the power of collision, the first stopped by the pavement. The accident is charted and necessary actions are made.         ",-0.19746179160121255,-0.4015453331379524,-0.3676863281700941,0,1,1,0,0,0,0,1.5220164529861815,0,0,1,0,0,0,0,0,0,0,0,0,0,0,0,0,0,0,0,0,0,0,0,0,0,0,0,1,0,0,1,0,0,1,0,0,0,0,0,0,0,0,0,0,0,0,0,0,0,0,0,0,0,0,1,0,0,0,0,0,0,0,0,0,1,0,0,0,1,0,0,0,0,0,0,0,0,0,0,0,0,0,0,1,0,0,0,0,0,0,1,0,1,0,0,0,1,0,0,1,0,0,0,0
-0.12255942464560447,0.3035430138980958,"4623.                 Having surveyed the scene of the accident: - The vehicle causing the accident was heading from the east the west, the second causing vehicle was coming from the north to the south, once it arrived the intersection a driver ran the red light, the front part of the first crashed into the right front part of the other, both vehicles kept moving by the power of collision, the first stopped by the pavement. The accident is charted and necessary actions are made.         ",-0.19746179160121255,-0.4015453331379524,-0.3676863281700941,0,1,1,0,0,0,0,1.5220164529861815,0,0,1,0,0,0,0,0,0,0,0,0,0,0,0,0,0,0,0,0,0,0,0,0,0,0,0,1,0,0,1,0,0,1,0,0,0,0,0,0,0,0,0,0,0,0,0,0,0,0,0,0,0,0,1,0,0,0,0,0,0,0,0,0,1,0,0,0,1,0,0,0,0,0,0,0,0,0,0,0,0,0,0,1,0,0,0,0,0,0,1,0,1,0,0,0,1,0,0,0,1,0,0,0
-0.33538716804216334,-0.944846617806436,"4624.                 Having surveyed the scene of the accident: - The driver of the vehicle causing the accident was heading from the west to the east taking the second lane, he was intoxicated, he suddenly swerved and crashed into a pavement, street pole, electric panel, and iron rails, the vehicle rolled off and stopped at a sandy area, the driver and the passenger injured and taken to Zayed Military Hospital, as well as damages to the state-owned properties in terms of 1 pole, 1 electric panel, 11 barriers, and 3 pavements. The accident is charted and necessary actions are made.         ",-0.19746179160121255,-0.4015453331379524,1.6339099169366647,0,1,1,0,0,0,0,1.5245336762539734,0,0,0,0,0,0,0,0,0,0,0,0,0,0,0,0,0,0,0,0,0,0,0,0,0,1,0,1,0,0,1,0,0,0,0,0,1,0,0,0,0,0,0,0,0,0,0,0,0,0,0,0,0,1,0,0,0,0,0,0,0,0,0,0,1,0,0,0,0,1,0,0,0,0,0,0,0,0,0,0,1,0,0,0,0,0,0,0,0,1,0,0,1,0,0,0,1,0,0,1,0,0,0,0
-0.06935248879646476,-0.944846617806436,"4625.                 Having surveyed the scene of the accident: - The driver of the vehicle causing the accident was heading from the west to the east taking the second lane, he was intoxicated, he suddenly swerved and crashed into a pavement, street pole, electric panel, and iron rails, the vehicle rolled off and stopped at a sandy area, the driver and the passenger injured and taken to Zayed Military Hospital, as well as damages to the state-owned properties in terms of 1 pole, 1 electric panel, 11 barriers, and 3 pavements. The accident is charted and necessary actions are made.         ",-0.19746179160121255,-0.4015453331379524,1.6339099169366647,1,0,1,0,0,0,0,1.5245336762539734,0,0,0,0,0,0,0,0,0,0,0,0,0,0,0,0,0,0,0,0,0,0,0,0,0,1,0,1,0,0,1,0,0,0,0,0,1,0,0,0,0,0,0,0,0,0,0,0,0,0,0,0,0,1,0,0,0,0,0,0,0,0,0,0,1,0,0,0,0,1,0,0,0,0,0,0,0,0,0,0,1,0,0,0,0,0,0,0,0,1,0,0,0,1,0,0,0,1,0,0,0,0,1,0
-0.17576636049474417,0.08404593579620008,"4626.                 Having surveyed the scene of the accident: - The driver of the vehicle causing the accident was heading from the north to the south taking the left lane, a person was crossing the road from the east to the west in a point not designated for the pedestrians, he ran the red light, the driver lost attention, in hurry, and misjudged the space, the front part of the vehicle hit that person as illustrated in the primary chart, he injured and physical damages caused to the vehicle. The accident is charted and necessary actions are made.          ",-0.19746179160121255,-0.4015453331379524,-0.3676863281700941,0,1,0,1,0,0,0,1.5266678438071013,0,0,0,0,0,0,0,0,0,0,0,0,0,0,0,0,0,0,0,0,0,1,0,0,0,0,0,1,0,0,1,0,0,1,0,0,0,0,0,0,0,0,0,0,0,0,0,0,0,0,0,0,0,0,1,0,0,0,0,0,0,0,0,1,0,0,0,0,0,0,0,0,1,0,0,0,0,0,0,0,0,0,0,0,1,0,0,0,0,1,0,0,0,0,1,0,0,0,1,0,1,0,0,0
-0.28218023219302363,-0.972283752569173,"4627.                 Having surveyed the scene of the accident: - The driver of the vehicle causing the accident was heading from the west to the east taking the middle lane, due to the exceed speed and negligence the situation, the front part hit the pavement, it rolled off 128 meters, which resulted in physical damages to the vehicle, 4 cone barriers, removal of 4 iron rails, and breaking 2 meters of the pavement, the driver and passenger mildly injured, they received treatment and left the hospital. The accident is charted and necessary actions are made.          ",-0.19746179160121255,-0.4015453331379524,2.634708039490044,0,1,0,1,0,0,0,-1.5311564818656558,0,0,0,0,0,0,0,0,0,0,0,0,0,0,0,0,0,0,0,0,0,0,0,0,0,1,0,0,1,0,1,1,0,0,0,0,0,0,0,0,0,0,0,0,0,0,0,0,0,0,0,0,0,1,0,0,0,0,0,0,0,0,0,1,0,0,0,0,0,1,0,0,0,0,0,0,0,0,0,0,0,0,0,1,0,0,0,0,0,0,1,0,1,0,0,0,1,0,0,0,0,0,0,1
-1.1866981416283988,-0.972283752569173,"4628.                 Having surveyed the scene of the accident: - The driver of the vehicle causing the accident was heading from the west to the east taking the middle lane, due to the exceed speed and negligence the situation, the front part hit the pavement, it rolled off 128 meters, which resulted in physical damages to the vehicle, 4 cone barriers, removal of 4 iron rails, and breaking 2 meters of the pavement, the driver and passenger mildly injured, they received treatment and left the hospital. The accident is charted and necessary actions are made.          ",-0.19746179160121255,-0.4015453331379524,2.634708039490044,0,1,0,1,0,0,0,-1.5311564818656558,0,0,0,0,0,0,0,0,0,0,0,0,0,0,0,0,0,0,0,0,0,0,0,0,0,1,0,0,1,0,1,1,0,0,0,0,0,0,0,0,0,0,0,0,0,0,0,0,0,0,0,0,0,1,0,0,0,0,0,0,0,0,0,1,0,0,0,0,0,1,0,0,0,0,0,0,0,0,0,0,0,0,0,1,0,0,0,0,0,1,0,1,0,0,0,0,0,1,0,0,0,0,0,1
1.2076139715828884,0.24866874437262185,"4629.                 Having surveyed the scene of the accident: - a person was coming from the west to the east 10 meters away from the pedestrian crossing, the vehicle was heading from the north to the south taking the left second lane, the person approached and ran the red light, the front part of the vehicle hit him, the body bumped into the windshield and bounced back 5 meters away, he sustained a fracture in the left leg and taken to Khalifa Hospital in a moderate general condition, certain physical damages caused to the vehicle at the front, hood, and windshield. The accident is charted and necessary actions are made.           ",-0.19746179160121255,2.490378837640347,0.6331117943832852,0,1,0,1,0,0,0,-1.523495367572376,0,0,0,0,0,0,0,0,0,0,0,0,0,0,0,0,0,0,0,0,0,1,0,0,0,0,0,0,1,0,1,0,0,1,0,0,0,0,0,0,0,0,0,0,0,0,0,0,0,0,0,0,0,0,1,0,0,0,0,0,0,0,0,0,1,0,0,0,0,0,0,0,1,0,0,0,0,0,0,0,0,0,0,0,1,0,0,0,0,1,0,0,0,0,1,0,0,0,1,0,1,0,0,0
-0.28218023219302363,0.08404593579620008,"4630.                 Having surveyed the scene of the accident: - The damaged vehicle was heading from the north to the south, the vehicle causing the accident was heading from the south to the west, it ran the red light and crashed into the right side of the other. This is how the accident happened.",-0.19746179160121255,-0.4015453331379524,0.6331117943832852,1,0,0,1,0,0,0,-1.5216238667950175,0,0,1,0,0,0,0,0,0,0,0,0,0,0,0,0,0,0,0,0,0,0,0,0,0,0,0,1,0,0,1,0,0,1,0,0,0,0,0,0,0,0,0,0,0,0,0,0,0,0,0,0,0,0,1,0,0,0,0,0,0,0,0,0,1,0,0,0,0,0,0,0,1,0,0,0,0,0,0,0,0,0,0,1,0,0,0,0,0,1,0,0,1,0,0,0,1,0,0,1,0,0,0,0
1.3140278432811678,0.3035430138980958,"4631.                 Having surveyed the scene of the accident: - The vehicle causing the accident was heading from the west to the east taking the right lane, it suddenly swerved and bumped into the right pavement, it recovered control but bumped again, while heading to the side street it bumped into the pavement for the third time, the driver kept driving and crashed into the rear part of the other vehicles, which were completely stopped, the driver kept moving and crashed into the gate of a company without causing any damages to the gate,  the driver injured. He might have had a medical condition that made him lost control. This is how the accident happened. The accident is charted and necessary actions are made.           ",-0.19746179160121255,-0.4015453331379524,-1.3684844507234735,0,1,0,1,0,0,0,-1.5224556449182878,0,0,0,0,0,0,0,0,1,0,0,0,0,0,0,0,0,0,0,0,0,0,0,0,0,0,0,0,1,0,1,0,0,1,0,0,0,0,0,0,0,0,0,0,0,0,0,0,0,0,0,0,1,0,0,0,0,0,0,0,0,0,0,0,1,0,0,1,0,0,0,0,0,0,0,0,0,0,0,0,0,0,0,0,0,0,0,1,0,1,0,0,1,0,0,0,1,0,0,1,0,0,0,0
-0.44180103974044277,0.3035430138980958,"4632.                 Having surveyed the scene of the accident: - two vehicles were heading from the north to the south, the first was taking the left lane, the second was surprised by the first overtaken trying to turn left, the second skipped the ordinary route, and the first crashed into the right side of the second, both vehicles stopped as illustrated in the chart.  ",-0.19746179160121255,-0.4015453331379524,-0.3676863281700941,0,1,0,1,0,0,0,-1.5440709316743275,0,0,0,0,0,0,0,0,0,0,1,0,0,0,0,0,0,0,0,0,0,0,0,0,0,0,0,1,0,0,1,0,0,1,0,0,0,0,0,0,0,0,0,0,0,0,0,0,0,0,0,0,0,0,1,0,0,0,0,0,0,0,0,0,1,0,0,0,1,0,0,0,0,0,0,0,0,0,0,0,0,0,0,0,0,0,0,1,0,1,0,0,1,0,0,0,1,0,0,0,0,0,1,0
1.6332694583760061,1.1540941915429417,"4633.                 Having surveyed the scene of the accident: - The vehicle causing the accident was heading from the west the east taking the second lane, the damaged vehicle was driving in the same lane, the driver of the first was intoxicated and distracted, he bumped into the rear part of the second, the driver of the latter died as well as other damages caused to the two vehicles. The accident is charted and necessary actions are made.         ",-0.19746179160121255,-0.4015453331379524,0.6331117943832852,0,1,0,1,0,0,0,-1.5397478743231197,0,0,0,0,0,0,0,0,0,0,0,0,0,0,0,0,0,0,0,0,0,0,0,0,0,1,0,0,1,0,1,0,0,0,0,0,0,0,0,0,1,0,0,0,0,0,0,0,0,0,1,0,0,0,0,0,0,0,0,0,0,0,0,0,1,0,0,0,0,0,1,0,0,0,0,0,0,0,0,0,0,0,0,0,0,1,0,0,0,1,0,0,1,0,0,0,1,0,0,0,1,0,0,0
1.260820907432028,1.4284655391703112,"4634.                 Having surveyed the scene of the accident: - The vehicle causing the accident was heading from the east the west taking the far left lane trying to turn and take the east direction, the damaged vehicle was coming from the west to the east taking the left third lane, the first ran the red light and bumped into the right side of the other, the two drivers and the passengers were injured as well as other damages caused to the two vehicles. The accident is charted and necessary actions are made.         ",1.0226501309346883,-0.4015453331379524,0.6331117943832852,0,1,0,1,0,0,0,-1.5346805944405644,0,0,1,0,0,0,0,0,0,0,0,0,0,0,0,0,0,0,0,0,0,0,0,0,0,0,0,0,1,0,1,0,0,0,1,0,0,0,0,0,0,0,0,0,0,0,0,0,0,0,0,0,0,0,1,0,0,0,0,0,0,0,0,1,0,0,0,0,0,0,0,0,1,0,0,0,0,0,0,0,0,0,0,1,0,0,0,0,0,1,0,1,0,0,0,0,0,1,0,0,0,0,1,0
-0.5482149114387221,1.4284655391703112,"4635.                 Having surveyed the scene of the accident: - The vehicle causing the accident was heading from the east the west taking the far left lane trying to turn and take the east direction, the damaged vehicle was coming from the west to the east taking the left third lane, the first ran the red light and bumped into the right side of the other, the two drivers and the passengers were injured as well as other damages caused to the two vehicles. The accident is charted and necessary actions are made.         ",1.0226501309346883,-0.4015453331379524,0.6331117943832852,0,1,0,1,0,0,0,-1.5346805944405644,0,0,1,0,0,0,0,0,0,0,0,0,0,0,0,0,0,0,0,0,0,0,0,0,0,0,0,0,1,0,1,0,0,0,1,0,0,0,0,0,0,0,0,0,0,0,0,0,0,0,0,0,0,0,1,0,0,0,0,0,0,0,0,1,0,0,0,0,0,0,0,0,1,0,0,0,0,0,0,0,0,0,0,1,0,0,0,0,0,0,1,0,1,0,0,0,1,0,0,0,0,0,0,1
0.03706138290181467,1.4284655391703112,"4636.                 Having surveyed the scene of the accident: - The vehicle causing the accident was heading from the east the west taking the far left lane trying to turn and take the east direction, the damaged vehicle was coming from the west to the east taking the left third lane, the first ran the red light and bumped into the right side of the other, the two drivers and the passengers were injured as well as other damages caused to the two vehicles. The accident is charted and necessary actions are made.         ",1.0226501309346883,-0.4015453331379524,0.6331117943832852,0,1,0,1,0,0,0,-1.5346805944405644,0,0,1,0,0,0,0,0,0,0,0,0,0,0,0,0,0,0,0,0,0,0,0,0,0,0,0,0,1,0,1,0,0,0,1,0,0,0,0,0,0,0,0,0,0,0,0,0,0,0,0,0,0,0,1,0,0,0,0,0,0,0,0,1,0,0,0,0,0,0,0,0,1,0,0,0,0,0,0,0,0,0,0,1,0,0,0,0,0,0,1,0,1,0,0,0,1,0,0,0,0,1,0,0
0.1434752546000941,1.4284655391703112,"4637.                 Having surveyed the scene of the accident: - The vehicle causing the accident was heading from the east the west taking the far left lane trying to turn and take the east direction, the damaged vehicle was coming from the west to the east taking the left third lane, the first ran the red light and bumped into the right side of the other, the two drivers and the passengers were injured as well as other damages caused to the two vehicles. The accident is charted and necessary actions are made.         ",1.0226501309346883,-0.4015453331379524,0.6331117943832852,0,1,0,1,0,0,0,-1.5346805944405644,0,0,1,0,0,0,0,0,0,0,0,0,0,0,0,0,0,0,0,0,0,0,0,0,0,0,0,0,1,0,1,0,0,0,1,0,0,0,0,0,0,0,0,0,0,0,0,0,0,0,0,0,0,0,1,0,0,0,0,0,0,0,0,1,0,0,0,0,0,0,0,0,1,0,0,0,0,0,0,0,0,0,0,1,0,0,0,0,0,1,0,1,0,0,0,0,0,1,0,0,0,0,1,0
-1.2931120133266782,0.09776450317756856,"4638.                 Having surveyed the scene of the accident: - The vehicle causing the accident was heading from the north the south taking the right lane of a street of Zayed I road, the victim was coming from the west to the east, the driver misjudged the distance and hit the pedestrian, the latter was taken to the hospital and the vehicle had damages as illustrated in the chart.",-1.4175737141371132,2.490378837640347,-1.3684844507234735,0,1,0,1,0,0,0,-1.5267130355755534,0,0,0,0,0,0,0,0,0,0,0,0,0,1,0,0,0,0,0,0,0,0,0,0,0,0,0,1,0,0,1,0,0,0,0,0,0,0,0,0,0,0,1,0,0,0,0,0,0,0,0,0,0,1,0,0,0,0,0,0,0,0,0,1,0,0,0,0,0,1,0,0,0,0,0,0,0,0,0,0,0,0,0,0,1,0,0,0,0,1,0,0,0,0,1,0,0,0,1,1,0,0,0,0
-1.0802842699301194,0.8934414112969404,"4639.                 Having surveyed the scene of the accident: - The vehicle causing the accident was heading from the east the west taking the second right lane to the arrow direction, the damaged vehicle was coming from the west to the east taking the third left lane, the driver ran the red light, the front part crashed into the right rear part of the other, the driver of the first injured as well as other damages caused to the two vehicles. The accident is charted and necessary actions are made.         ",1.0226501309346883,-0.4015453331379524,0.6331117943832852,1,0,0,1,0,0,0,-1.520376199610112,0,0,1,0,0,0,0,0,0,0,0,0,0,0,0,0,0,0,0,0,0,0,0,0,0,0,0,0,1,0,1,0,0,1,0,0,0,0,0,0,0,0,0,0,0,0,0,0,0,0,0,0,0,0,1,0,0,0,0,0,0,0,0,0,1,0,0,0,0,0,0,0,1,0,0,0,0,0,0,0,0,0,0,1,0,0,0,0,0,1,0,1,0,0,0,0,0,1,0,0,1,0,0,0
1.7928902659234252,0.8934414112969404,"4640.                 Having surveyed the scene of the accident: - The vehicle causing the accident was heading from the east the west taking the second right lane to the arrow direction, the damaged vehicle was coming from the west to the east taking the third left lane, the driver ran the red light, the front part crashed into the right rear part of the other, the driver of the first injured as well as other damages caused to the two vehicles. The accident is charted and necessary actions are made.         ",1.0226501309346883,-0.4015453331379524,0.6331117943832852,1,0,0,1,0,0,0,-1.520376199610112,0,0,1,0,0,0,0,0,0,0,0,0,0,0,0,0,0,0,0,0,0,0,0,0,0,0,0,0,1,0,1,0,0,1,0,0,0,0,0,0,0,0,0,0,0,0,0,0,0,0,0,0,0,0,1,0,0,0,0,0,0,0,0,0,1,0,0,0,0,0,0,0,1,0,0,0,0,0,0,0,0,0,0,1,0,0,0,0,0,1,0,1,0,0,0,0,0,1,0,0,1,0,0,0
-0.06935248879646476,0.8934414112969404,"4641.                 Having surveyed the scene of the accident: - The vehicle causing the accident was heading from the east the west taking the second right lane to the arrow direction, the damaged vehicle was coming from the west to the east taking the third left lane, the driver ran the red light, the front part crashed into the right rear part of the other, the driver of the first injured as well as other damages caused to the two vehicles. The accident is charted and necessary actions are made.         ",1.0226501309346883,-0.4015453331379524,0.6331117943832852,0,1,0,1,0,0,0,-1.520376199610112,0,0,1,0,0,0,0,0,0,0,0,0,0,0,0,0,0,0,0,0,0,0,0,0,0,0,0,0,1,0,1,0,0,1,0,0,0,0,0,0,0,0,0,0,0,0,0,0,0,0,0,0,0,0,1,0,0,0,0,0,0,0,0,0,1,0,0,0,0,0,0,0,1,0,0,0,0,0,0,0,0,0,0,1,0,0,0,0,0,1,0,1,0,0,0,0,0,1,0,0,1,0,0,0
0.1434752546000941,0.8934414112969404,"4642.                 Having surveyed the scene of the accident: - The vehicle causing the accident was heading from the east the west taking the second right lane to the arrow direction, the damaged vehicle was coming from the west to the east taking the third left lane, the driver ran the red light, the front part crashed into the right rear part of the other, the driver of the first injured as well as other damages caused to the two vehicles. The accident is charted and necessary actions are made.         ",1.0226501309346883,-0.4015453331379524,0.6331117943832852,1,0,0,1,0,0,0,-1.520376199610112,0,0,1,0,0,0,0,0,0,0,0,0,0,0,0,0,0,0,0,0,0,0,0,0,0,0,0,0,1,0,1,0,0,1,0,0,0,0,0,0,0,0,0,0,0,0,0,0,0,0,0,0,0,0,1,0,0,0,0,0,0,0,0,0,1,0,0,0,0,0,0,0,1,0,0,0,0,0,0,0,0,0,0,1,0,0,0,0,0,1,0,1,0,0,0,0,0,1,0,0,1,0,0,0
0.5159238055440721,1.3873098370262058,"4643.                 Having surveyed the scene of the accident: - The vehicle causing the accident was heading from the east the west taking the direction of the arrow leading to the south, the damaged vehicle was coming from the west to the east taking the second right lane, the driver ran the red light, the front part of the damaged crashed into the right front part of the causing, the latter then bumped into the concrete base of the traffic light pole.  This was how the accident happened.         ",-0.19746179160121255,-0.4015453331379524,0.6331117943832852,0,1,0,1,0,0,0,-1.5433595424899516,0,0,1,0,0,0,0,0,0,0,0,0,0,0,0,0,0,0,0,0,0,0,0,0,0,0,0,0,1,0,1,0,0,0,1,0,0,0,0,0,0,0,0,0,0,0,0,0,0,0,0,0,0,0,1,0,0,0,0,0,0,0,0,0,1,0,0,0,0,0,0,0,1,0,0,0,0,0,0,0,0,0,0,1,0,0,0,0,0,0,1,0,0,1,0,0,0,1,0,1,0,0,0,0
0.9415792923371898,-0.972283752569173,"4644.                 Having surveyed the scene of the accident: - The vehicle causing the accident was heading from Sheikh Rashed bin Saeed St. from the north to the south, once it arrived the intersection, as stated by the driver, certain vehicle swerved ahead, the driver lost control and bumped into the pavement and the traffic sign, then climbed over the pavement to the direction of a woman and her son standing over there, they were hit by the front part of the vehicle, the driver stopped off road, the woman had mild injury and the child moderate one, she and the child left Sheikh Khalifa Hospital after treatment, as well as other damages caused to the vehicle and the sign. The accident is charted and necessary actions are made.         ",-1.4175737141371132,-0.4015453331379524,-1.3684844507234735,1,0,0,1,0,0,0,-1.5266254799836303,0,0,0,0,0,0,0,0,0,0,0,0,0,0,0,0,0,0,0,0,0,1,0,0,0,0,0,1,0,0,1,0,0,0,0,1,0,0,0,0,0,0,0,0,0,0,0,0,0,0,0,0,1,0,0,0,0,0,0,0,0,0,0,0,1,0,0,0,0,0,1,0,0,0,0,0,0,0,0,0,0,0,0,0,1,0,0,0,0,1,0,0,0,0,1,0,0,0,1,1,0,0,0,0
-1.4527328208740973,-0.972283752569173,"4645.                 Having surveyed the scene of the accident: - The vehicle causing the accident was heading from Sheikh Rashed bin Saeed St. from the north to the south, once it arrived the intersection, as stated by the driver, certain vehicle swerved ahead, the driver lost control and bumped into the pavement and the traffic sign, then climbed over the pavement to the direction of a woman and her son standing over there, they were hit by the front part of the vehicle, the driver stopped off road, the woman had mild injury and the child moderate one, she and the child left Sheikh Khalifa Hospital after treatment, as well as other damages caused to the vehicle and the sign. The accident is charted and necessary actions are made.         ",-1.4175737141371132,-0.4015453331379524,-1.3684844507234735,0,1,0,1,0,0,0,-1.5266254799836303,0,0,0,0,0,0,0,0,0,0,0,0,0,0,0,0,0,0,0,0,0,1,0,0,0,0,0,1,0,0,1,0,0,0,0,1,0,0,0,0,0,0,0,0,0,0,0,0,0,0,0,0,1,0,0,0,0,0,0,0,0,0,0,0,1,0,0,0,0,0,1,0,0,0,0,0,0,0,0,0,0,0,0,0,1,0,0,0,0,1,0,0,0,0,1,0,0,0,1,1,0,0,0,0
-0.2289732963438839,1.222687028449784,"4646.                 Having surveyed the scene of the accident: - The vehicle causing the accident was heading from the east to the west, the damaged vehicles were ahead, the causing did not leave enough distance and bumped into the rear part of the first, the latter crashed into the second, the latter crashed into the third as illustrated in the chart.  ",-0.19746179160121255,-0.4015453331379524,-0.3676863281700941,0,1,0,1,0,0,0,-1.5397478743231197,0,0,0,0,0,0,0,0,0,0,0,0,0,0,0,0,0,0,1,0,0,0,0,0,0,0,0,0,1,1,0,0,0,1,0,0,0,0,0,0,0,0,0,0,0,0,0,0,0,0,0,0,1,0,0,0,0,0,0,0,0,0,0,1,0,0,0,0,0,0,1,0,0,0,0,0,0,0,0,0,0,0,0,0,0,1,0,0,0,1,0,1,0,0,0,0,0,1,0,0,1,0,0,0
-0.6014218472878619,1.222687028449784,"4647.                 Having surveyed the scene of the accident: - The vehicle causing the accident was heading from the east to the west, the damaged vehicles were ahead, the causing did not leave enough distance and bumped into the rear part of the first, the latter crashed into the second, the latter crashed into the third as illustrated in the chart.  ",-0.19746179160121255,-0.4015453331379524,-0.3676863281700941,0,1,0,1,0,0,0,-1.5397478743231197,0,0,0,0,0,0,0,0,0,0,0,0,0,0,0,0,0,0,1,0,0,0,0,0,0,0,0,0,1,1,0,0,0,1,0,0,0,0,0,0,0,0,0,0,0,0,0,0,0,0,0,0,1,0,0,0,0,0,0,0,0,0,0,1,0,0,0,0,0,0,1,0,0,0,0,0,0,0,0,0,0,0,0,0,0,1,0,0,0,1,0,0,0,1,0,0,0,1,0,0,1,0,0,0
0.35630299799665294,0.6739443331950448,"4648.                 Having surveyed the scene of the accident: - The vehicle causing the accident was heading from the west to the east, the damaged vehicle was coming from the north to the south, the causing ran the red light and bumped into the right side of the other as illustrated in the chart.  ",1.0226501309346883,-0.4015453331379524,-0.3676863281700941,0,1,0,1,0,0,0,-1.5347681500324877,0,0,1,0,0,0,0,0,0,0,0,0,0,0,0,0,0,0,0,0,0,0,0,0,0,0,0,1,0,0,1,0,0,0,0,0,0,0,0,0,0,0,1,0,0,0,0,0,0,0,0,0,0,0,1,0,0,0,0,0,0,0,0,1,0,0,0,0,0,0,0,0,1,0,0,0,0,0,0,0,0,0,0,1,0,0,0,0,0,0,1,0,1,0,0,0,1,0,0,0,1,0,0,0
1.260820907432028,0.6739443331950448,"4649.                 Having surveyed the scene of the accident: - The vehicle causing the accident was heading from the west to the east, the damaged vehicle was coming from the north to the south, the causing ran the red light and bumped into the right side of the other as illustrated in the chart.  ",1.0226501309346883,-0.4015453331379524,-0.3676863281700941,1,0,0,1,0,0,0,-1.5347681500324877,0,0,1,0,0,0,0,0,0,0,0,0,0,0,0,0,0,0,0,0,0,0,0,0,0,0,0,1,0,0,1,0,0,0,0,0,0,0,0,0,0,0,1,0,0,0,0,0,0,0,0,0,0,0,1,0,0,0,0,0,0,0,0,1,0,0,0,0,0,0,0,0,1,0,0,0,0,0,0,0,0,0,0,1,0,0,0,0,0,0,1,0,1,0,0,0,1,0,0,1,0,0,0,0
0.7819584847897707,0.3035430138980958,"4650.                 Having surveyed the scene of the accident: - The vehicle causing the accident was heading from the north to the east taking the right lane, a person was crossing the road from the east to the west in a point not designated for the pedestrians, the driver lost attention and bumped into that person, the latter got injured. The accident is charted and necessary actions are made.          ",-0.19746179160121255,2.490378837640347,-0.3676863281700941,0,1,0,1,0,0,0,-1.5367381508507596,0,0,0,0,0,0,0,0,0,0,0,0,0,0,0,0,0,0,0,0,0,1,0,0,0,0,0,0,1,0,1,0,0,1,0,0,0,0,0,0,0,0,0,0,0,0,0,0,0,0,0,0,0,0,1,0,0,0,0,0,0,0,0,1,0,0,0,0,0,0,1,0,0,0,0,0,0,0,0,0,0,0,0,0,1,0,0,0,0,1,0,0,0,0,1,0,0,0,1,0,1,0,0,0