Age of the injured,Str Code,Accident Description,Road speed limit,Pedestrian action,Number of Lanes,Gender_F,Gender_M,Week_Fifth week,Week_First week,Week_Fourth week,Week_Second week,Week_Third week,Date_time,Reasons__??? ????? ?????? ?????? ???? ????? ??? ???? ???????,Reasons__???? ?? ??????? (???),Reasons__Bypassing the red traffic light,Reasons__Driving back without attention,Reasons__Driving back without traffic clearance,Reasons__Driving in the opposite direction,Reasons__Entering main road without traffic clearance,Reasons__Exceeding speed limit,Reasons__Fatigue and drowsiness,Reasons__Faults in the road,Reasons__Ignoring road lane,Reasons__Ignoring traffic lights,Reasons__Lack of driving awareness,Reasons__Misuse of traffic,Reasons__Negligence and inobservance,Reasons__Negligent driving,Reasons__Not giving priority to pedestrian crossing,Reasons__Not giving way / not giving priority,Reasons__Not leaving enough space,Reasons__Not observing the stop sign,Reasons__Not securing vehicle stability while stopping,Reasons__Speedy without taking road conditions into account,Reasons__Sudden deviation,Reasons__Sudden stop,Reasons__Tyre burst,Reasons__under influence of intoxicant or narcotic drug,__Al Madina Police Station,__Khaldiya Police Station,__Shaabiya Police Station,Streetname_Intersection,Streetname_Street,place__Bridge / Tunnel,place__Coastal area,place__Commercial area,place__Fuel Station,place__Govt. authority,place__Hospital,place__Island,place__Mosque,place__One level intersection,place__Other,place__Park,place__Residential area,place__Sand area,place__School,place__Work area,place__external road,place__unknown,location__ ,location__Bridge,location__Bridge /  Tunnel,location__Car parking,location__Double road,location__Highway,location__Intersection,location__Off the road,location__Other(specify),location__Roundabout,location__Side parking,location__Single road,location__Tunnel,location__Two-way road,location__Unknown,lighting__day,lighting__night - enough lights,lighting__night - weak lights,intersection__Deviated intersection,intersection__Half Perpendicular Intersection,intersection__Multiple leg Intersection,intersection__Not on Intersection,intersection__Not on or around 20 meters,intersection__Other,intersection__Perpendicular Intersection,intersection__Roundabout,intersection__Turn ,accidentype__Collision while turning,accidentype__Fall,accidentype__Hitting a moving object off the road,accidentype__Hitting a moving object on the road,accidentype__Hitting a stationary object off the road,accidentype__Hitting a stationary object on the road,accidentype__Multiple collision,accidentype__Other (specify),accidentype__Perpendicular collision,accidentype__Person run over,accidentype__Rear collision,accidentype__Reciprocal collision,accidentype__Side collision,accidentype__deterioration,seat belt_N,seat belt_Y,seat_Back passenger seat,seat_Driver's seat,seat_Front passenger seat,seat_No passenger,seat_bike passenger,position_Driver,position_Passenger,position_Pedestrian,nationality_Arab States,nationality_Asian States,nationality_GCC,nationality_Other,nationality_UAE
0.9415792923371898,-0.9860023199505414,"4651.                 Having surveyed the scene of the accident: - The vehicle causing the accident was heading from the east to the west, the damaged vehicle (motorbike) was coming from the south to the north, the causing when arrived the intersection did not stop despite a sign reading “stop”, the front part of the damaged bumped into the left side of the causing, the driver of the damaged was injured along with other damages to both vehicles as illustrated in the chart.  ",-1.4175737141371132,-0.4015453331379524,-2.3692825732768528,0,1,0,1,0,0,0,-1.5407875969772076,0,0,0,0,0,0,0,0,0,0,0,0,0,0,0,0,0,0,0,1,0,0,0,0,0,0,0,0,1,0,1,0,0,0,0,0,0,0,1,0,0,0,0,0,0,0,0,0,0,0,0,0,0,0,1,0,0,0,0,0,0,0,0,1,0,0,0,0,0,0,0,0,1,0,0,0,0,0,0,0,0,0,0,1,0,0,0,0,0,1,0,0,1,0,0,0,1,0,0,0,0,0,1,0
0.24988912629837354,-0.9997208873319099,"4652.                 Having surveyed the scene of the accident: - The vehicle causing the accident was heading from the west to the east taking the second right lane, the two damaged vehicles were coming from the south to the north, one taking the second right lane and the other right lane, the causing ran the red light and exceeded the speed limit, it bumped into the left side of the first, the latter swerved and bumped into the traffic pole, the driver stuck inside, it also served to the right and bumped into the right side of the second, the latter stopped on the island, the causing driver died along with physical damages to the vehicles and the state-owned properties as illustrated in the chart.  ",1.0226501309346883,-0.4015453331379524,0.6331117943832852,1,0,0,1,0,0,0,-1.5290770365574797,0,0,1,0,0,0,0,0,0,0,0,0,0,0,0,0,0,0,0,0,0,0,0,0,0,0,0,0,1,0,1,0,0,0,0,1,0,0,0,0,0,0,0,0,0,0,0,0,0,0,0,0,0,0,1,0,0,0,0,0,0,0,0,1,0,0,0,0,0,0,0,0,1,0,0,0,0,0,0,0,0,0,0,1,0,0,0,0,0,1,0,0,1,0,0,0,1,0,0,0,0,0,0,1
0.6223376772423516,-0.9997208873319099,"4653.                 Having surveyed the scene of the accident: - The vehicle causing the accident was heading from the west to the east taking the second right lane, the two damaged vehicles were coming from the south to the north, one taking the second right lane and the other right lane, the causing ran the red light and exceeded the speed limit, it bumped into the left side of the first, the latter swerved and bumped into the traffic pole, the driver stuck inside, it also served to the right and bumped into the right side of the second, the latter stopped on the island, the causing driver died along with physical damages to the vehicles and the state-owned properties as illustrated in the chart.  ",1.0226501309346883,-0.4015453331379524,0.6331117943832852,0,1,0,1,0,0,0,-1.5290770365574797,0,0,1,0,0,0,0,0,0,0,0,0,0,0,0,0,0,0,0,0,0,0,0,0,0,0,0,0,1,0,1,0,0,0,0,1,0,0,0,0,0,0,0,0,0,0,0,0,0,0,0,0,0,0,1,0,0,0,0,0,0,0,0,1,0,0,0,0,0,0,0,0,1,0,0,0,0,0,0,0,0,0,0,1,0,0,0,0,0,1,0,0,1,0,0,0,1,0,0,0,1,0,0,0
-0.9206634623827001,-0.7665052418486458,"4654.                 Having surveyed the scene of the accident: - The vehicle causing the accident was heading from the north to the south, while the victim was coming from the west to the east in a point not designated for pedestrians, the driver surprised, the left front angle of the vehicle bumped into the victim as illustrated in the chart. ",-0.19746179160121255,2.490378837640347,-0.3676863281700941,0,1,0,1,0,0,0,-0.20720648749698978,0,0,0,0,0,0,0,0,0,0,0,0,0,1,0,0,0,0,0,0,0,0,0,0,0,0,0,1,0,0,1,0,0,0,1,0,0,0,0,0,0,0,0,0,0,0,0,0,0,0,0,0,0,0,1,0,0,0,0,0,0,0,0,0,1,0,0,1,0,0,0,0,0,0,0,0,0,0,0,0,0,0,0,0,1,0,0,0,0,1,0,0,0,0,1,0,0,0,1,0,0,0,0,1
0.46271686969493236,0.3035430138980958,"4655.                 Having surveyed the scene of the accident: - The vehicle causing the accident was heading from the north to the south taking the second left lane, while the damaged motorbike was coming from the east to the west taking the second right lane, when the causing ran the red light, the front part of the other hit the left side of the causing as illustrated in the chart.",-0.19746179160121255,-0.4015453331379524,-0.3676863281700941,0,1,0,1,0,0,0,-0.10263227739371952,0,0,1,0,0,0,0,0,0,0,0,0,0,0,0,0,0,0,0,0,0,0,0,0,0,0,0,0,1,0,1,0,0,1,0,0,0,0,0,0,0,0,0,0,0,0,0,0,0,0,0,0,0,0,1,0,0,0,0,0,0,0,0,0,1,0,0,0,0,0,0,0,1,0,0,0,0,0,0,0,0,0,0,1,0,0,0,0,0,1,0,0,1,0,0,0,1,0,0,1,0,0,0,0
-0.17576636049474417,0.6327886310509393,"4656.                 Having surveyed the scene of the accident: - The vehicle causing the accident was heading from the west to the east taking the middle lane, while the damaged vehicle was coming from the north to the south taking the far right lane, when the damaged ran the red light, the front part of the latter hit the right side of the causing as illustrated in the chart.",-0.19746179160121255,-0.4015453331379524,-0.3676863281700941,1,0,0,1,0,0,0,-0.10701005698987945,0,0,1,0,0,0,0,0,0,0,0,0,0,0,0,0,0,0,0,0,0,0,0,0,0,0,0,0,1,0,1,1,0,0,0,0,0,0,0,0,0,0,0,0,0,0,0,0,0,0,0,0,0,0,1,0,0,0,0,0,0,0,0,1,0,0,0,0,0,0,0,0,1,0,0,0,0,0,0,0,0,0,0,1,0,0,0,0,0,1,0,1,0,0,0,0,0,1,0,0,1,0,0,0
0.1434752546000941,-0.9036909156623305,"4657.                 Having surveyed the scene of the accident: - The vehicle causing the accident was heading from the east to the west, while the victim was coming from the north to the south, the front right tire run over the foot of the victim as illustrated in the chart.",-2.637685636673014,2.490378837640347,-2.3692825732768528,0,1,0,1,0,0,0,-0.10284022192453712,0,0,0,0,0,0,0,0,0,0,0,0,0,1,0,0,0,0,0,0,0,0,0,0,0,0,0,1,0,0,1,0,0,1,0,0,0,0,0,0,0,0,0,0,0,0,0,0,0,0,0,0,0,0,0,0,0,0,0,1,0,0,0,1,0,0,0,0,0,0,1,0,0,0,0,0,0,0,0,0,0,0,0,0,1,0,0,0,0,1,0,0,0,0,1,0,0,0,1,0,1,0,0,0
0.35630299799665294,-0.9585651851878045,"4658.                 Having surveyed the scene of the accident: - The vehicle causing the accident was heading from the east to the west across the eid prayer square, while the first damaged vehicle was coming from the north to the south, and the second was coming from west to the east, the causing driver broke the stop sign, the front part of the damaged bumped into right side of the causing, the first swerved and hit the front of the second, the driver of the latter got mild injured and taken to Sheikh Khalifa Hospital in a general moderate condition along with physical damages to the vehicles as illustrated in the chart.",-0.19746179160121255,-0.4015453331379524,-1.3684844507234735,1,0,0,1,0,0,0,0.106297253833013,0,0,0,0,0,0,0,0,0,0,0,0,0,0,0,0,0,0,0,1,0,0,0,0,0,0,0,1,0,0,1,0,0,0,0,0,0,0,1,0,0,0,0,0,0,0,0,0,0,0,0,0,0,0,0,0,0,0,0,0,0,1,0,1,0,0,0,0,0,0,0,0,1,0,0,0,0,0,0,0,0,0,0,1,0,0,0,0,0,0,1,0,1,0,0,0,1,0,0,1,0,0,0,0
-0.28218023219302363,-0.9311280504250675,"4659.                 Having surveyed the scene of the accident: - The vehicle causing the accident was heading from the north to the south, while the damaged vehicle (motorbike) was coming from the south to the north, the latter without checking the road resulted in physical damages and the biker got mild injured and taken to hospital for treatment as illustrated in the chart. ",-1.4175737141371132,-0.4015453331379524,-1.3684844507234735,0,1,0,1,0,0,0,0.10854086587604496,0,0,0,0,0,0,0,0,0,0,0,0,0,0,0,0,0,1,0,0,0,0,0,0,0,0,0,0,1,0,1,0,0,1,0,0,0,0,0,0,0,0,0,0,0,0,0,0,0,0,0,0,0,0,0,0,0,0,0,1,0,0,0,1,0,0,0,0,0,0,1,0,0,0,0,0,0,0,0,0,0,0,0,1,0,0,0,0,0,1,0,0,1,0,0,0,1,0,0,0,1,0,0,0
-0.12255942464560447,-0.8213795113741197,"4660.                 Having surveyed the scene of the accident: - The vehicle causing the accident was heading from the east to the west, it turned to a side exit and bumped into left side of the pavement and the rear right side of a stopped vehicle as illustrated in the chart.",-1.4175737141371132,-0.4015453331379524,-1.3684844507234735,1,0,0,1,0,0,0,0.1125793675535025,0,0,0,0,0,0,0,0,0,0,0,0,0,0,0,0,0,0,0,0,0,1,0,0,0,0,0,1,0,0,1,0,0,0,0,0,0,0,0,0,0,0,1,0,0,0,0,0,0,0,0,0,1,0,0,0,0,0,0,0,0,0,0,0,1,0,0,0,0,0,0,0,0,0,1,1,0,0,0,0,0,0,0,0,0,0,0,0,0,0,1,0,0,1,0,0,0,1,0,0,1,0,0,0
-1.0802842699301194,0.18007590746577945,"4661.                 Having surveyed the scene of the accident: - The vehicle causing the accident was heading from the east to the west taking the far right lane, while the damaged vehicle was coming from the west to the east taking the third left lane, once the causing arrived the intersection trying to turn to the left, the driver ran the red light, the damaged bumped into the right side of the causing, the latter rolled off 11 meters away, the damaged stopped at the spot, both drivers and another passenger got injured along with physical damages to both vehicles as illustrated in the chart.",-0.19746179160121255,-0.4015453331379524,0.6331117943832852,0,1,0,1,0,0,0,0.12053598196952316,0,0,1,0,0,0,0,0,0,0,0,0,0,0,0,0,0,0,0,0,0,0,0,0,0,0,0,0,1,0,1,0,0,1,0,0,0,0,0,0,0,0,0,0,0,0,0,0,0,0,0,0,0,0,1,0,0,0,0,0,0,0,0,0,1,0,0,0,0,0,0,0,1,0,0,0,0,0,0,0,0,0,0,1,0,0,0,0,0,1,0,0,0,1,0,0,0,1,0,0,1,0,0,0
-0.06935248879646476,0.18007590746577945,"4662.                 Having surveyed the scene of the accident: - The vehicle causing the accident was heading from the east to the west taking the far right lane, while the damaged vehicle was coming from the west to the east taking the third left lane, once the causing arrived the intersection trying to turn to the left, the driver ran the red light, the damaged bumped into the right side of the causing, the latter rolled off 11 meters away, the damaged stopped at the spot, both drivers and another passenger got injured along with physical damages to both vehicles as illustrated in the chart.",-0.19746179160121255,-0.4015453331379524,0.6331117943832852,0,1,0,1,0,0,0,0.12053598196952316,0,0,1,0,0,0,0,0,0,0,0,0,0,0,0,0,0,0,0,0,0,0,0,0,0,0,0,0,1,0,1,0,0,1,0,0,0,0,0,0,0,0,0,0,0,0,0,0,0,0,0,0,0,0,1,0,0,0,0,0,0,0,0,0,1,0,0,0,0,0,0,0,1,0,0,0,0,0,0,0,0,0,0,1,0,0,0,0,0,0,1,0,1,0,0,0,1,0,0,1,0,0,0,0
0.9947862281863296,0.18007590746577945,"4663.                 Having surveyed the scene of the accident: - The vehicle causing the accident was heading from the east to the west taking the far right lane, while the damaged vehicle was coming from the west to the east taking the third left lane, once the causing arrived the intersection trying to turn to the left, the driver ran the red light, the damaged bumped into the right side of the causing, the latter rolled off 11 meters away, the damaged stopped at the spot, both drivers and another passenger got injured along with physical damages to both vehicles as illustrated in the chart.",-0.19746179160121255,-0.4015453331379524,0.6331117943832852,0,1,0,1,0,0,0,0.12053598196952316,0,0,1,0,0,0,0,0,0,0,0,0,0,0,0,0,0,0,0,0,0,0,0,0,0,0,0,0,1,0,1,0,0,1,0,0,0,0,0,0,0,0,0,0,0,0,0,0,0,0,0,0,0,0,1,0,0,0,0,0,0,0,0,0,1,0,0,0,0,0,0,0,1,0,0,0,0,0,0,0,0,0,0,1,0,0,0,0,0,0,1,0,1,0,0,0,1,0,0,0,1,0,0,0
0.5691307413932118,0.08404593579620008,"4664.                 Having surveyed the scene of the accident: - The vehicle causing the accident was heading from the north to the south taking the right second lane, the second causing was coming from the south taking the far left lane to the west, both vehicles ran the red light, the second bumped into the left angle of the first, the latter got mild injury along with physical damages to both vehicles as illustrated in the chart.",-0.19746179160121255,-0.4015453331379524,-0.3676863281700941,0,1,0,1,0,0,0,0.43753100252746346,0,0,1,0,0,0,0,0,0,0,0,0,0,0,0,0,0,0,0,0,0,0,0,0,0,0,0,1,0,0,1,0,0,1,0,0,0,0,0,0,0,0,0,0,0,0,0,0,0,0,0,0,0,0,1,0,0,0,0,0,0,0,0,0,1,0,0,0,0,0,0,0,1,0,0,0,0,0,0,0,0,0,0,1,0,0,0,0,0,1,0,0,1,0,0,0,1,0,0,0,0,0,0,1
1.101200099884609,0.27610587913535883,"4665.                 Having surveyed the scene of the accident: - The vehicle causing the accident was heading from the north the south taking the middle lane, the victim was coming from the east to the west in a line not for pedestrians, the driver misjudged the distance and hit the victim who was flown 15 meters away as illustrated in the chart.",-0.19746179160121255,2.490378837640347,-0.3676863281700941,0,1,0,1,0,0,0,0.44437128314646335,0,0,0,0,0,0,0,0,0,0,0,0,0,0,0,0,0,0,0,0,0,1,0,0,0,0,1,0,0,0,1,0,0,0,0,1,0,0,0,0,0,0,0,0,0,0,0,0,0,0,0,0,1,0,0,0,0,0,0,0,0,0,0,1,0,0,0,0,0,0,0,0,1,0,0,0,0,0,0,0,0,0,0,0,1,0,0,0,0,1,0,0,0,0,1,0,0,0,1,0,1,0,0,0
1.0479931640354692,0.27610587913535883,"4666.                 Having surveyed the scene of the accident: - The vehicle causing the accident was heading from the west the east taking the middle lane, the victim was crossing a line for pedestrians under the influence of alcohol, the driver misjudged the distance and hit the victim as illustrated in the chart.",-0.19746179160121255,-0.4015453331379524,-0.3676863281700941,0,1,0,1,0,0,0,0.5381870998921706,0,0,0,0,0,0,0,0,0,0,0,0,0,1,0,0,0,0,0,0,0,0,0,0,0,0,1,0,0,0,1,0,0,1,0,0,0,0,0,0,0,0,0,0,0,0,0,0,0,0,0,0,0,0,1,0,0,0,0,0,0,0,0,0,1,0,0,0,0,0,0,0,1,0,0,0,0,0,0,0,0,0,0,0,1,0,0,0,0,1,0,0,0,0,1,0,0,0,1,0,0,0,1,0
-0.44180103974044277,-0.8213795113741197,"4667.                 Having surveyed the scene of the accident: - The vehicle causing the accident was heading from the south the north taking the middle lane, the victim was crossing from the east to the west, the driver neglected the pedestrians and bumped into the right side of the victim who was taken to hospital as illustrated in the chart.",-0.19746179160121255,2.490378837640347,-0.3676863281700941,1,0,0,1,0,0,0,0.5504667716593992,0,0,0,0,0,0,0,0,0,0,0,0,0,0,0,0,1,0,0,0,0,0,0,0,0,0,0,0,1,0,1,0,0,1,0,0,0,0,0,0,0,0,0,0,0,0,0,0,0,0,0,0,1,0,0,0,0,0,0,0,0,0,0,1,0,0,0,0,0,0,1,0,0,0,0,0,0,0,0,0,0,0,0,0,1,0,0,0,0,1,0,0,0,0,1,0,0,0,1,0,0,0,1,0
-1.5591466925723767,-0.7527866744672773,"4668.                 Having surveyed the scene of the accident: - The vehicle causing the accident was heading from the east the west in the area surrounding Zayed Port, the victim was unattended child crossing a line not for pedestrians, the front right side of the vehicle hit the child who fell to ground sustained with the bleeding in the head and multiple fractures as illustrated in the chart.",-1.4175737141371132,2.490378837640347,-1.3684844507234735,0,1,0,1,0,0,0,0.5539799397853176,0,0,0,0,0,0,0,0,0,0,0,0,0,1,0,0,0,0,0,0,0,0,0,0,0,0,1,0,0,0,1,0,0,1,0,0,0,0,0,0,0,0,0,0,0,0,0,0,0,0,0,0,0,0,0,0,0,0,0,1,0,0,0,0,1,0,0,0,0,0,1,0,0,0,0,0,0,0,0,0,0,0,0,0,1,0,0,0,0,1,0,0,0,0,1,0,0,0,1,0,1,0,0,0
-1.5591466925723767,1.3873098370262058,"4669.                 Having surveyed the scene of the accident: - The vehicle causing the accident was heading from east to the west taking the left lane to Sheikh Rashed bin Saeed St.,  the damaged vehicle was coming from the west to the east taking the middle lane, once it arrived the intersection, the causing ran the red light and bumped into the front part of the other,  the latter swerved off and hit the pavement, the damaged one swerved and bumped into the filter triangle, the, the two drivers and two passenger got injured who received treatment and discharged in a mild general condition.The accident is charted and necessary actions are made.         ",-0.19746179160121255,-0.4015453331379524,0.6331117943832852,0,1,0,1,0,0,0,0.6601958172371478,0,0,1,0,0,0,0,0,0,0,0,0,0,0,0,0,0,0,0,0,0,0,0,0,0,0,0,0,1,0,1,0,0,0,0,0,0,0,0,0,0,0,1,0,0,0,0,0,0,0,0,0,0,0,1,0,0,0,0,0,0,0,0,1,0,0,0,0,0,0,0,0,1,0,0,0,0,0,0,0,0,0,0,1,0,0,0,0,0,0,1,1,0,0,0,0,0,1,0,1,0,0,0,0
-1.0802842699301194,1.3873098370262058,"4670.                 Having surveyed the scene of the accident: - The vehicle causing the accident was heading from east to the west taking the left lane to Sheikh Rashed bin Saeed St.,  the damaged vehicle was coming from the west to the east taking the middle lane, once it arrived the intersection, the causing ran the red light and bumped into the front part of the other,  the latter swerved off and hit the pavement, the damaged one swerved and bumped into the filter triangle, the, the two drivers and two passenger got injured who received treatment and discharged in a mild general condition. The accident is charted and necessary actions are made.         ",-0.19746179160121255,-0.4015453331379524,0.6331117943832852,0,1,0,1,0,0,0,0.6601958172371478,0,0,1,0,0,0,0,0,0,0,0,0,0,0,0,0,0,0,0,0,0,0,0,0,0,0,0,0,1,0,1,0,0,0,0,0,0,0,0,0,0,0,1,0,0,0,0,0,0,0,0,0,0,0,1,0,0,0,0,0,0,0,0,1,0,0,0,0,0,0,0,0,1,0,0,0,0,0,0,0,0,0,0,1,0,0,0,0,0,0,1,0,0,1,0,0,0,1,0,1,0,0,0,0
-1.4527328208740973,1.3873098370262058,"4671.                 Having surveyed the scene of the accident: - The vehicle causing the accident was heading from east to the west taking the left lane to Sheikh Rashed bin Saeed St.,  the damaged vehicle was coming from the west to the east taking the middle lane, once it arrived the intersection, the causing ran the red light and bumped into the front part of the other,  the latter swerved off and hit the pavement, the damaged one swerved and bumped into the filter triangle, the, the two drivers and two passenger got injured who received treatment and discharged in a mild general condition. The accident is charted and necessary actions are made.         ",-0.19746179160121255,-0.4015453331379524,0.6331117943832852,1,0,0,1,0,0,0,0.6601958172371478,0,0,1,0,0,0,0,0,0,0,0,0,0,0,0,0,0,0,0,0,0,0,0,0,0,0,0,0,1,0,1,0,0,0,0,0,0,0,0,0,0,0,1,0,0,0,0,0,0,0,0,0,0,0,1,0,0,0,0,0,0,0,0,1,0,0,0,0,0,0,0,0,1,0,0,0,0,0,0,0,0,0,0,1,0,0,0,0,0,1,0,1,0,0,0,0,0,1,0,1,0,0,0,0
-1.3995258850249577,1.3873098370262058,"4672.                 Having surveyed the scene of the accident: - The vehicle causing the accident was heading from east to the west taking the left lane to Sheikh Rashed bin Saeed St.,  the damaged vehicle was coming from the west to the east taking the middle lane, once it arrived the intersection, the causing ran the red light and bumped into the front part of the other,  the latter swerved off and hit the pavement, the damaged one swerved and bumped into the filter triangle, the, the two drivers and two passenger got injured who received treatment and discharged in a mild general condition. The accident is charted and necessary actions are made.         ",-0.19746179160121255,-0.4015453331379524,0.6331117943832852,1,0,0,1,0,0,0,0.6601958172371478,0,0,1,0,0,0,0,0,0,0,0,0,0,0,0,0,0,0,0,0,0,0,0,0,0,0,0,0,1,0,1,0,0,0,0,0,0,0,0,0,0,0,1,0,0,0,0,0,0,0,0,0,0,0,1,0,0,0,0,0,0,0,0,1,0,0,0,0,0,0,0,0,1,0,0,0,0,0,0,0,0,0,0,1,0,0,0,0,0,1,0,1,0,0,0,0,0,1,0,1,0,0,0,0
0.5159238055440721,1.3873098370262058,"4673.                 Having surveyed the scene of the accident: - The vehicle causing the accident was heading from east to the west taking the left lane to Sheikh Rashed bin Saeed St.,  the damaged vehicle was coming from the west to the east taking the middle lane, once it arrived the intersection, the causing ran the red light and bumped into the front part of the other,  the latter swerved off and hit the pavement, the damaged one swerved and bumped into the filter triangle, the, the two drivers and two passenger got injured who received treatment and discharged in a mild general condition. The accident is charted and necessary actions are made.         ",-0.19746179160121255,-0.4015453331379524,0.6331117943832852,1,0,0,1,0,0,0,0.6601958172371478,0,0,1,0,0,0,0,0,0,0,0,0,0,0,0,0,0,0,0,0,0,0,0,0,0,0,0,0,1,0,1,0,0,0,0,0,0,0,0,0,0,0,1,0,0,0,0,0,0,0,0,0,0,0,1,0,0,0,0,0,0,0,0,1,0,0,0,0,0,0,0,0,1,0,0,0,0,0,0,0,0,0,0,1,0,0,0,0,0,0,1,0,1,0,0,0,1,0,0,1,0,0,0,0
-0.06935248879646476,0.8248485743900981,"4674.                 Having surveyed the scene of the accident: - The vehicle causing the accident was heading from east to the west taking the fifth left lane, the damaged vehicle was coming from the west to the north taking the second lane, the causing ran the red light and bumped into the latter, the driver got injured along with physical damages to both vehicles. The accident is charted and necessary actions are made.         ",-0.19746179160121255,-0.4015453331379524,3.635506162043423,0,1,0,1,0,0,0,0.7781222551087058,0,0,1,0,0,0,0,0,0,0,0,0,0,0,0,0,0,0,0,0,0,0,0,0,0,0,0,0,1,0,1,0,0,0,0,0,0,0,0,0,0,0,1,0,0,0,0,0,0,0,0,0,0,0,1,0,0,0,0,0,0,0,0,0,1,0,0,0,0,0,0,0,1,0,0,0,0,0,0,0,0,0,0,1,0,0,0,0,0,1,0,0,1,0,0,0,1,0,0,1,0,0,0,0
-0.016145552947325045,0.45444725509314904,"4675.                 Having surveyed the scene of the accident: - The damaged vehicle was heading from west to the east taking first left lane, the first causing vehicle was heading from west to the east taking first left lane, the second causing one was heading from west to the east taking first left lane, due to the little distance between, the first causing hit the rear part of the damaged, the second causing was behind the first keeping little distance, it bumped into the rear of the first, the driver and the passenger of the damaged got injured and taken to hospital   along with physical damages to all vehicles. The accident is charted and necessary actions are made.         ",-0.19746179160121255,-0.4015453331379524,-0.3676863281700941,1,0,0,1,0,0,0,0.7792714222526977,0,0,0,0,0,0,0,0,0,0,0,0,0,0,0,0,0,0,1,0,0,0,0,0,0,0,0,0,1,0,1,0,0,1,0,0,0,0,0,0,0,0,0,0,0,0,0,0,0,0,0,0,1,0,0,0,0,0,0,0,0,0,0,0,1,0,0,0,0,0,0,0,1,0,0,0,0,0,0,0,0,0,0,0,0,1,0,0,0,1,0,1,0,0,0,0,0,1,0,0,0,0,0,1
-0.38859410389130306,11.662516805671197,"4676.                 Having surveyed the scene of the accident: - The vehicle causing the accident was heading from west to the east taking the far left lane, the driver broke the rules so it bumped into the left pavement, the power of collision made the latter swerving to the right, from behind a vehicle was coming and hit into, then it rolled off and turned back to the opposite pavement, the drivers and passengers got injured along with physical damages to the vehicles. The accident is charted and necessary actions are made.         ",2.2427620534705888,-0.4015453331379524,1.6339099169366647,0,1,0,1,0,0,0,1.0954565535853484,0,0,0,0,0,0,0,0,0,0,1,0,0,0,0,0,0,0,0,0,0,0,0,0,0,0,1,0,0,0,1,1,0,0,0,0,0,0,0,0,0,0,0,0,0,0,0,0,0,0,1,0,0,0,0,0,0,0,0,0,0,0,0,1,0,0,0,0,0,0,0,1,0,0,0,0,0,0,0,0,0,0,0,1,0,0,0,0,0,0,1,0,0,1,0,0,0,1,0,1,0,0,0,0
-0.17576636049474417,11.662516805671197,"4677.                 Having surveyed the scene of the accident: - The vehicle causing the accident was heading from west to the east taking the far left lane, the driver broke the rules so it bumped into the left pavement, the power of collision made the latter swerving to the right, from behind a vehicle was coming and hit into, then it rolled off and turned back to the opposite pavement, the drivers and passengers got injured along with physical damages to the vehicles. The accident is charted and necessary actions are made.         ",2.2427620534705888,-0.4015453331379524,1.6339099169366647,1,0,0,1,0,0,0,1.0954565535853484,0,0,0,0,0,0,0,0,0,0,1,0,0,0,0,0,0,0,0,0,0,0,0,0,0,0,1,0,0,0,1,1,0,0,0,0,0,0,0,0,0,0,0,0,0,0,0,0,0,0,1,0,0,0,0,0,0,0,0,0,0,0,0,1,0,0,0,0,0,0,0,1,0,0,0,0,0,0,0,0,0,0,0,1,0,0,0,0,0,0,1,0,1,0,0,0,1,0,0,1,0,0,0,0
-1.2931120133266782,-0.8350980787554881,"4678.                 Having surveyed the scene of the accident: - The vehicle causing the accident was heading from east to the west taking the right lane, once the driver crossed the pedestrian line he surprised by a child taking the direction of the vehicle, the front part of the vehicle hit the child, the latter seriously injured and taken to Khalifa Hospital. The accident is charted and necessary actions are made.         ",-2.637685636673014,2.490378837640347,-2.3692825732768528,0,1,0,1,0,0,0,1.0966604429742925,0,0,0,0,0,0,0,0,0,0,0,0,0,0,0,0,0,0,0,0,0,1,0,0,0,0,0,0,1,0,1,0,0,1,0,0,0,0,0,0,0,0,0,0,0,0,0,0,0,0,0,0,0,0,0,0,0,0,1,0,0,0,0,1,0,0,0,0,0,1,0,0,0,0,0,0,0,0,0,0,0,0,0,0,1,0,0,0,0,1,0,0,0,0,1,0,0,0,1,0,0,0,0,1
0.5691307413932118,1.1678127589243101,"4679.                 Having surveyed the scene of the accident: - The vehicle causing the accident was heading from west to the east taking the far left lane, the driver broke the traffic rules and bumped into barriers erected on the left, the fragments of the broken barriers flown to the victim, the vehicle kept moving until it fell into a pit. The accident is charted and necessary actions are made.         ",-0.19746179160121255,-0.4015453331379524,2.634708039490044,0,1,0,1,0,0,0,1.2150246588054665,0,0,0,0,0,0,0,0,0,0,1,0,0,0,0,0,0,0,0,0,0,0,0,0,0,0,0,1,0,0,1,0,0,1,0,0,0,0,0,0,0,0,0,0,0,0,0,0,0,0,0,0,0,0,1,0,0,0,0,0,0,0,0,0,1,0,0,0,0,0,0,0,1,0,0,0,0,0,0,0,0,0,0,0,1,0,0,0,0,1,0,0,0,0,1,0,0,0,1,0,1,0,0,0
-0.17576636049474417,0.3035430138980958,"4680.                 Having surveyed the scene of the accident: - The motorbike causing the accident was heading from east to the west trying to cross Rashed bin Saeed street to Hamdan bin Mohammad street, due to the speed it hit the filter pavement, the driver’s arm was broken and taken to Khalifa hospital. The accident is charted and necessary actions are made.         ",-0.19746179160121255,-0.4015453331379524,0.6331117943832852,0,1,0,1,0,0,0,1.3223787589522984,0,0,0,0,0,0,0,0,0,0,0,0,0,0,0,0,0,0,0,0,0,1,0,0,0,0,1,0,0,0,1,0,0,1,0,0,0,0,0,0,0,0,0,0,0,0,0,0,0,0,0,0,0,0,1,0,0,0,0,0,0,0,0,0,1,0,0,0,1,0,0,0,0,0,0,0,0,0,0,0,0,0,0,0,0,0,0,0,1,1,0,0,1,0,0,0,1,0,0,1,0,0,0,0
0.5691307413932118,0.1526387727030425,"4681.                 Having surveyed the scene of the accident: - The vehicle causing the accident was heading from east to the west, the victim was crossing from the south to the north from a point not for pedestrians, the vehicle hit the victim as illustrated in the chart.  ",-0.19746179160121255,2.490378837640347,0.6331117943832852,1,0,0,1,0,0,0,1.5269195661338806,0,0,0,0,0,0,0,0,0,0,0,0,0,1,0,0,0,0,0,0,0,0,0,0,0,0,0,0,1,0,1,0,0,1,0,0,0,0,0,0,0,0,0,0,0,0,0,0,0,0,0,0,1,0,0,0,0,0,0,0,0,0,0,1,0,0,0,0,0,0,1,0,0,0,0,0,0,0,0,0,0,0,0,0,1,0,0,0,0,1,0,0,0,0,1,0,0,0,1,0,1,0,0,0