Age of the injured,Str Code,Accident Description,Road speed limit,Pedestrian action,Number of Lanes,Gender_F,Gender_M,Week_Fifth week,Week_First week,Week_Fourth week,Week_Second week,Week_Third week,Date_time,Reasons__??? ????? ?????? ?????? ???? ????? ??? ???? ???????,Reasons__???? ?? ??????? (???),Reasons__Bypassing the red traffic light,Reasons__Driving back without attention,Reasons__Driving back without traffic clearance,Reasons__Driving in the opposite direction,Reasons__Entering main road without traffic clearance,Reasons__Exceeding speed limit,Reasons__Fatigue and drowsiness,Reasons__Faults in the road,Reasons__Ignoring road lane,Reasons__Ignoring traffic lights,Reasons__Lack of driving awareness,Reasons__Misuse of traffic,Reasons__Negligence and inobservance,Reasons__Negligent driving,Reasons__Not giving priority to pedestrian crossing,Reasons__Not giving way / not giving priority,Reasons__Not leaving enough space,Reasons__Not observing the stop sign,Reasons__Not securing vehicle stability while stopping,Reasons__Speedy without taking road conditions into account,Reasons__Sudden deviation,Reasons__Sudden stop,Reasons__Tyre burst,Reasons__under influence of intoxicant or narcotic drug,__Al Madina Police Station,__Khaldiya Police Station,__Shaabiya Police Station,Streetname_Intersection,Streetname_Street,place__Bridge / Tunnel,place__Coastal area,place__Commercial area,place__Fuel Station,place__Govt. authority,place__Hospital,place__Island,place__Mosque,place__One level intersection,place__Other,place__Park,place__Residential area,place__Sand area,place__School,place__Work area,place__external road,place__unknown,location__ ,location__Bridge,location__Bridge /  Tunnel,location__Car parking,location__Double road,location__Highway,location__Intersection,location__Off the road,location__Other(specify),location__Roundabout,location__Side parking,location__Single road,location__Tunnel,location__Two-way road,location__Unknown,lighting__day,lighting__night - enough lights,lighting__night - weak lights,intersection__Deviated intersection,intersection__Half Perpendicular Intersection,intersection__Multiple leg Intersection,intersection__Not on Intersection,intersection__Not on or around 20 meters,intersection__Other,intersection__Perpendicular Intersection,intersection__Roundabout,intersection__Turn ,accidentype__Collision while turning,accidentype__Fall,accidentype__Hitting a moving object off the road,accidentype__Hitting a moving object on the road,accidentype__Hitting a stationary object off the road,accidentype__Hitting a stationary object on the road,accidentype__Multiple collision,accidentype__Other (specify),accidentype__Perpendicular collision,accidentype__Person run over,accidentype__Rear collision,accidentype__Reciprocal collision,accidentype__Side collision,accidentype__deterioration,seat belt_N,seat belt_Y,seat_Back passenger seat,seat_Driver's seat,seat_Front passenger seat,seat_No passenger,seat_bike passenger,position_Driver,position_Passenger,position_Pedestrian,nationality_Arab States,nationality_Asian States,nationality_GCC,nationality_Other,nationality_UAE
-0.12255942464560447,-0.7665052418486458,"4682.                 Having surveyed the scene of the accident: - The two vehicles were coming from the north to the south, the causing taking the third right lane and the damaged taking the second left lane, once both arrived the intersection, the causing changed the route to second lane, the damaged one bumped into the causing, both vehicles had common damages. The accident is charted and necessary actions are made.         ",-0.19746179160121255,-0.4015453331379524,0.6331117943832852,1,0,0,1,0,0,0,1.5221258974760854,0,0,0,0,0,0,0,0,0,0,1,0,0,0,0,0,0,0,0,0,0,0,0,0,0,0,1,0,0,0,1,0,0,1,0,0,0,0,0,0,0,0,0,0,0,0,0,0,0,0,0,0,0,0,1,0,0,0,0,0,0,0,0,0,1,0,0,1,0,0,0,0,0,0,0,0,0,0,0,0,0,0,0,0,0,1,0,0,0,1,0,1,0,0,0,0,0,1,0,1,0,0,0,0
0.46271686969493236,-0.7665052418486458,"4683.                 Having surveyed the scene of the accident: - The two vehicles were coming from the north to the south, the causing taking the third right lane and the damaged taking the second left lane, once both arrived the intersection, the causing changed the route to second lane, the damaged one bumped into the causing, both vehicles had common damages. The accident is charted and necessary actions are made.         ",-0.19746179160121255,-0.4015453331379524,0.6331117943832852,0,1,0,1,0,0,0,1.5221258974760854,0,0,0,0,0,0,0,0,0,0,1,0,0,0,0,0,0,0,0,0,0,0,0,0,0,0,1,0,0,0,1,0,0,1,0,0,0,0,0,0,0,0,0,0,0,0,0,0,0,0,0,0,0,0,1,0,0,0,0,0,0,0,0,0,1,0,0,1,0,0,0,0,0,0,0,0,0,0,0,0,0,0,0,0,0,1,0,0,0,0,1,0,1,0,0,0,1,0,0,1,0,0,0,0
-0.6014218472878619,-0.7665052418486458,"4684.                 Having surveyed the scene of the accident: - The two vehicles were coming from the north to the south, the causing taking the third right lane and the damaged taking the second left lane, once both arrived the intersection, the causing changed the route to second lane, the damaged one bumped into the causing, both vehicles had common damages. The accident is charted and necessary actions are made.         ",-0.19746179160121255,-0.4015453331379524,0.6331117943832852,0,1,0,1,0,0,0,1.5221258974760854,0,0,0,0,0,0,0,0,0,0,1,0,0,0,0,0,0,0,0,0,0,0,0,0,0,0,1,0,0,0,1,0,0,1,0,0,0,0,0,0,0,0,0,0,0,0,0,0,0,0,0,0,0,0,1,0,0,0,0,0,0,0,0,0,1,0,0,1,0,0,0,0,0,0,0,0,0,0,0,0,0,0,0,0,0,1,0,0,0,1,0,0,1,0,0,0,1,0,0,1,0,0,0,0
-0.06935248879646476,-0.7665052418486458,"4685.                 Having surveyed the scene of the accident: - The two vehicles were coming from the north to the south, the causing taking the third right lane and the damaged taking the second left lane, once both arrived the intersection, the causing changed the route to second lane, the damaged one bumped into the causing, both vehicles had common damages. The accident is charted and necessary actions are made.         ",-0.19746179160121255,-0.4015453331379524,0.6331117943832852,1,0,0,1,0,0,0,1.5221258974760854,0,0,0,0,0,0,0,0,0,0,1,0,0,0,0,0,0,0,0,0,0,0,0,0,0,0,1,0,0,0,1,0,0,1,0,0,0,0,0,0,0,0,0,0,0,0,0,0,0,0,0,0,0,0,1,0,0,0,0,0,0,0,0,0,1,0,0,1,0,0,0,0,0,0,0,0,0,0,0,0,0,0,0,0,0,1,0,0,0,1,0,0,1,0,0,0,1,0,0,1,0,0,0,0
-0.016145552947325045,-0.8488166461368566,"4686.                 Having surveyed the scene of the accident: - The vehicle causing the accident was heading from south to the north taking the far left lane, the victim was crossing from the east to the west from a point not for pedestrians, the vehicle hit the victim who flown 36 away from the car, the latter climbed the island, the victim died along with physical damages to the vehicle as illustrated in the chart.  ",-0.19746179160121255,2.490378837640347,0.6331117943832852,0,1,0,1,0,0,0,1.7621048304885822,0,0,0,0,0,0,0,0,0,0,0,0,0,0,0,0,0,0,0,0,0,1,0,0,0,0,0,0,1,0,1,0,0,1,0,0,0,0,0,0,0,0,0,0,0,0,0,0,0,0,0,0,0,1,0,0,0,0,0,0,0,0,0,0,1,0,0,0,0,1,0,0,0,0,0,0,0,0,0,0,0,0,0,0,1,0,0,0,0,1,0,0,0,0,1,0,0,0,1,0,1,0,0,0
-0.016145552947325045,-0.8488166461368566,"4687.                 Having surveyed the scene of the accident: - The vehicle causing the accident was heading from south to the north taking the far left lane, the victim was crossing from the east to the west from a point not for pedestrians, the vehicle hit the victim who flown 36 away from the car, the latter climbed the island, the victim died along with physical damages to the vehicle as illustrated in the chart.  ",-0.19746179160121255,-0.4015453331379524,0.6331117943832852,0,1,0,1,0,0,0,1.7621048304885822,0,0,0,0,0,0,0,0,0,0,0,0,0,0,0,0,0,0,0,0,0,1,0,0,0,0,0,0,1,0,1,0,0,1,0,0,0,0,0,0,0,0,0,0,0,0,0,0,0,0,0,0,0,1,0,0,0,0,0,0,0,0,0,0,1,0,0,0,0,1,0,0,0,0,0,0,0,0,0,0,0,0,0,0,1,0,0,0,0,0,1,0,1,0,0,0,1,0,0,0,0,0,0,1
0.8351654206389104,-0.972283752569173,"4688.                 Having surveyed the scene of the accident: - The vehicle causing the accident was heading from east to the west taking the middle lane, the victim was crossing from the north to the south from a point not for pedestrians, the vehicle hit the victim, the victim got injured along with physical damages to the vehicle as illustrated in the chart.  ",-0.19746179160121255,2.490378837640347,0.6331117943832852,0,1,0,1,0,0,0,1.7621376638355535,0,0,0,0,0,0,0,0,0,0,0,0,0,1,0,0,0,0,0,0,0,0,0,0,0,0,0,0,1,0,1,0,0,1,0,0,0,0,0,0,0,0,0,0,0,0,0,0,0,0,0,0,1,0,0,0,0,0,0,0,0,0,0,0,1,0,0,0,0,1,0,0,0,0,0,0,0,0,0,0,0,0,0,0,1,0,0,0,0,1,0,0,0,0,1,0,0,0,1,0,1,0,0,0
0.35630299799665294,-0.7665052418486458,"4689.                 Having surveyed the scene of the accident: - The vehicles causing the accident was heading from north to the south, all arrived the intersection, no sufficient distance was kept between, the causing hit the rear of the two other vehicles as illustrated in the chart.  ",-0.19746179160121255,-0.4015453331379524,-0.3676863281700941,0,1,0,1,0,0,0,-1.4280597723760895,0,0,0,0,0,0,0,0,0,0,0,0,0,0,0,0,0,0,1,0,0,0,0,0,0,0,1,0,0,0,1,0,0,1,0,0,0,0,0,0,0,0,0,0,0,0,0,0,0,0,0,0,0,1,0,0,0,0,0,0,0,0,0,1,0,0,0,0,0,1,0,0,0,0,0,0,0,0,0,0,0,0,0,0,0,1,0,0,0,0,1,0,1,0,0,0,1,0,0,0,1,0,0,0
0.46271686969493236,-0.9860023199505414,"4690.                 Having surveyed the scene of the accident: - The vehicle causing the accident was heading from east to the west taking the right lane, the victim was crossing from the north to the south from a point not for pedestrians, the vehicle hit the victim, the victim died along with physical damages to the vehicle as illustrated in the chart.  ",-0.19746179160121255,2.490378837640347,0.6331117943832852,0,1,0,1,0,0,0,-1.4282786613558975,0,0,0,0,0,0,0,0,0,0,0,0,0,0,0,0,0,0,0,0,0,1,0,0,0,0,0,0,1,0,1,0,0,0,0,1,0,0,0,0,0,0,0,0,0,0,0,0,0,0,1,0,0,0,0,0,0,0,0,0,0,0,0,1,0,0,0,0,0,1,0,0,0,0,0,0,0,0,0,0,0,0,0,0,1,0,0,0,0,1,0,0,0,0,1,0,0,0,1,0,1,0,0,0
1.2076139715828884,0.9345971134410459,"4691.                 Having surveyed the scene of the accident: - the victim was crossing from the north to the south from a point not for pedestrians, driver misjudged the distance and hit the victim, the victim got serious injuries and taken to Khalifa hospital along with physical damages to the vehicle as illustrated in the chart.  ",-0.19746179160121255,2.490378837640347,1.6339099169366647,0,1,0,1,0,0,0,-1.4335538857692702,0,0,0,0,0,0,0,0,0,0,0,0,0,0,0,0,0,0,0,0,0,1,0,0,0,0,0,1,0,0,1,0,0,0,0,0,0,0,0,0,0,1,0,0,0,0,0,0,0,0,0,0,1,0,0,0,0,0,0,0,0,0,0,1,0,0,0,0,0,0,1,0,0,0,0,0,0,0,0,0,0,0,0,0,1,0,0,0,0,1,0,0,0,0,1,0,0,0,1,0,1,0,0,0
-0.17576636049474417,1.2912798653566264,"4692.                 Having surveyed the scene of the accident: - The vehicle causing the accident was heading from the west to the north taking the second left lane, the first damaged was coming from the east to west taking the right second lane, the second damaged was coming from the east to the north, the causing ran the red light (arrow direction), it crashed into the rear part of the first, the latter bumped into the second, the causing driver got injured along with physical damages to the vehicle as illustrated in the chart.  ",1.0226501309346883,-0.4015453331379524,-0.3676863281700941,1,0,0,1,0,0,0,-1.4185381017544416,0,0,1,0,0,0,0,0,0,0,0,0,0,0,0,0,0,0,0,0,0,0,0,0,0,0,0,1,0,0,1,0,0,0,0,0,0,0,0,0,0,0,1,0,0,0,0,0,0,0,0,0,0,0,1,0,0,0,0,0,0,0,0,1,0,0,0,0,0,0,0,0,1,0,0,0,0,0,0,0,0,0,0,1,0,0,0,0,0,1,0,0,1,0,0,0,1,0,0,0,0,0,0,1
0.03706138290181467,1.2912798653566264,"4693.                 Having surveyed the scene of the accident: - The vehicle causing the accident was heading from the west to the north taking the second left lane, the first damaged was coming from the east to west taking the right second lane, the second damaged was coming from the east to the north, the causing ran the red light (arrow direction), it crashed into the rear part of the first, the latter bumped into the second, the causing driver got injured along with physical damages to the vehicle as illustrated in the chart.  ",1.0226501309346883,-0.4015453331379524,-0.3676863281700941,1,0,0,1,0,0,0,-1.4185381017544416,0,0,1,0,0,0,0,0,0,0,0,0,0,0,0,0,0,0,0,0,0,0,0,0,0,0,0,1,0,0,1,0,0,0,0,0,0,0,0,0,0,0,1,0,0,0,0,0,0,0,0,0,0,0,1,0,0,0,0,0,0,0,0,1,0,0,0,0,0,0,0,0,1,0,0,0,0,0,0,0,0,0,0,1,0,0,0,0,0,1,0,0,0,1,0,0,0,1,0,0,0,0,0,1
-0.4950079755895825,1.2912798653566264,"4694.                 Having surveyed the scene of the accident: - The vehicle causing the accident was heading from the west to the north taking the second left lane, the first damaged was coming from the east to west taking the right second lane, the second damaged was coming from the east to the north, the causing ran the red light (arrow direction), it crashed into the rear part of the first, the latter bumped into the second, the causing driver got injured along with physical damages to the vehicle as illustrated in the chart.  ",1.0226501309346883,-0.4015453331379524,-0.3676863281700941,0,1,0,1,0,0,0,-1.4185381017544416,0,0,1,0,0,0,0,0,0,0,0,0,0,0,0,0,0,0,0,0,0,0,0,0,0,0,0,1,0,0,1,0,0,0,0,0,0,0,0,0,0,0,1,0,0,0,0,0,0,0,0,0,0,0,1,0,0,0,0,0,0,0,0,1,0,0,0,0,0,0,0,0,1,0,0,0,0,0,0,0,0,0,0,1,0,0,0,0,0,1,0,0,0,1,0,0,0,1,0,0,1,0,0,0
0.1434752546000941,1.2912798653566264,"4695.                 Having surveyed the scene of the accident: - The vehicle causing the accident was heading from the west to the north taking the second left lane, the first damaged was coming from the east to west taking the right second lane, the second damaged was coming from the east to the north, the causing ran the red light (arrow direction), it crashed into the rear part of the first, the latter bumped into the second, the causing driver got injured along with physical damages to the vehicle as illustrated in the chart.  ",1.0226501309346883,-0.4015453331379524,-0.3676863281700941,0,1,0,1,0,0,0,-1.4185381017544416,0,0,1,0,0,0,0,0,0,0,0,0,0,0,0,0,0,0,0,0,0,0,0,0,0,0,0,1,0,0,1,0,0,0,0,0,0,0,0,0,0,0,1,0,0,0,0,0,0,0,0,0,0,0,1,0,0,0,0,0,0,0,0,1,0,0,0,0,0,0,0,0,1,0,0,0,0,0,0,0,0,0,0,1,0,0,0,0,0,1,0,0,1,0,0,0,1,0,0,0,1,0,0,0
-0.4950079755895825,1.2912798653566264,"4696.                 Having surveyed the scene of the accident: - The vehicle causing the accident was heading from the west to the north taking the second left lane, the first damaged was coming from the east to west taking the right second lane, the second damaged was coming from the east to the north, the causing ran the red light (arrow direction), it crashed into the rear part of the first, the latter bumped into the second, the causing driver got injured along with physical damages to the vehicle as illustrated in the chart.  ",1.0226501309346883,-0.4015453331379524,-0.3676863281700941,0,1,0,1,0,0,0,-1.4185381017544416,0,0,1,0,0,0,0,0,0,0,0,0,0,0,0,0,0,0,0,0,0,0,0,0,0,0,0,1,0,0,1,0,0,0,0,0,0,0,0,0,0,0,1,0,0,0,0,0,0,0,0,0,0,0,1,0,0,0,0,0,0,0,0,1,0,0,0,0,0,0,0,0,1,0,0,0,0,0,0,0,0,0,0,1,0,0,0,0,0,1,0,0,1,0,0,0,1,0,0,0,1,0,0,0
-0.6546287831370016,-0.7527866744672773,"4697.                 Having surveyed the scene of the accident: - The vehicle causing the accident was heading from the west to the east to the direction of the city police station, the damaged vehicle was coming from the south to the north to the direction of vegetables market, the causing driver ran the red light and bumped into the right side of the other, the driver of the causing got damaged as illustrated in the chart.   ",-0.19746179160121255,-0.4015453331379524,0.6331117943832852,0,1,0,1,0,0,0,-1.4096730980722176,0,0,1,0,0,0,0,0,0,0,0,0,0,0,0,0,0,0,0,0,0,0,0,0,0,0,1,0,0,0,1,0,0,1,0,0,0,0,0,0,0,0,0,0,0,0,0,0,0,0,0,0,0,0,1,0,0,0,0,0,0,0,0,0,1,0,0,0,0,0,0,0,1,0,0,0,0,0,0,0,0,0,0,1,0,0,0,0,0,0,1,0,1,0,0,0,1,0,0,0,0,0,0,1
-0.761042654835281,-0.7527866744672773,"4698.                 Having surveyed the scene of the accident: - The vehicle causing the accident was heading from the west to the east to the direction of the city police station, the damaged vehicle was coming from the south to the north to the direction of vegetables market, the causing driver ran the red light and bumped into the right side of the other, the driver of the causing got damaged as illustrated in the chart.   ",-0.19746179160121255,-0.4015453331379524,0.6331117943832852,0,1,0,1,0,0,0,-1.4096730980722176,0,0,1,0,0,0,0,0,0,0,0,0,0,0,0,0,0,0,0,0,0,0,0,0,0,0,1,0,0,0,1,0,0,1,0,0,0,0,0,0,0,0,0,0,0,0,0,0,0,0,0,0,0,0,1,0,0,0,0,0,0,0,0,0,1,0,0,0,0,0,0,0,1,0,0,0,0,0,0,0,0,0,0,1,0,0,0,0,0,1,0,0,0,1,0,0,0,1,0,0,0,0,0,1
-0.28218023219302363,0.8248485743900981,"4699.                 Having surveyed the scene of the accident: - The vehicle causing the accident was heading from the west to the north taking the second left lane, the damaged motorbike was coming from the east to the south, the biker ran the red light and bumped into the right side of the other as illustrated in the chart.   ",-0.19746179160121255,-0.4015453331379524,-0.3676863281700941,0,1,0,1,0,0,0,-1.4097825425621218,0,0,1,0,0,0,0,0,0,0,0,0,0,0,0,0,0,0,0,0,0,0,0,0,0,0,0,0,1,0,1,0,0,1,0,0,0,0,0,0,0,0,0,0,0,0,0,0,0,0,0,0,0,0,1,0,0,0,0,0,0,0,0,0,1,0,0,1,0,0,0,0,0,0,0,0,0,0,0,0,0,0,0,1,0,0,0,0,0,1,0,0,1,0,0,0,1,0,0,0,1,0,0,0
-0.17576636049474417,1.0169085177292567,"4700.                 Having surveyed the scene of the accident: - a Mercedes holding plate no. 7129, code H, Dubai license, was coming from the east to the west, it ran the red light and bumped into a Chevrolet vehicle holding the plate no. 26427, Abu Dhabi license, the causing driver got injured and both vehicles had physical damages as illustrated in the chart.    ",-0.19746179160121255,-0.4015453331379524,0.6331117943832852,1,0,0,1,0,0,0,-1.422926825799592,0,0,1,0,0,0,0,0,0,0,0,0,0,0,0,0,0,0,0,0,0,0,0,0,0,0,0,1,0,0,1,0,0,0,0,1,0,0,0,0,0,0,0,0,0,0,0,0,0,0,0,0,0,0,1,0,0,0,0,0,0,0,0,1,0,0,0,1,0,0,0,0,0,0,0,0,0,0,0,0,0,0,0,1,0,0,0,0,0,0,1,0,1,0,0,0,1,0,0,0,0,0,0,1
1.5800625225268663,-0.6156010006535925,"4701.                 Having surveyed the scene of the accident: - The vehicle causing the accident was parked and operated, the gear was set 1, the driver tried to start the engine while he was standing outside (half of the body inside and the other half outside), the vehicle moved and run over his left foot, it kept moving and climbed the pavement bumping into the wall, driver got injured and both vehicles had physical damages as illustrated in the chart.      ",-0.19746179160121255,-0.4015453331379524,-2.3692825732768528,0,1,0,1,0,0,0,-1.4108222652162097,0,0,0,0,0,0,0,0,0,0,0,0,0,0,1,0,0,0,0,0,0,0,0,0,0,0,0,1,0,0,1,0,0,0,0,0,0,0,0,0,0,0,1,0,0,0,0,0,0,0,0,1,0,0,0,0,0,0,0,0,0,0,0,0,1,0,0,0,0,1,0,0,0,0,0,0,0,0,0,0,0,0,0,0,1,0,0,0,0,1,0,0,1,0,0,0,1,0,0,0,1,0,0,0
-0.2289732963438839,1.2912798653566264,"4702.                 Having surveyed the scene of the accident: - The vehicle causing the accident was heading from the west to the east taking the second left lane despite the existence of a plastic barrier, but the driver did not comply and took the second left lane beyond the barrier, the first damaged vehicle was coming from the east to the west, the second damaged vehicle was coming from the east to the west, due to running the red light, three vehicles bumped into each other , the causing driver got injured and the vehicles had physical damages as illustrated in the chart.      ",1.0226501309346883,-0.4015453331379524,-0.0073990040508776864,0,1,0,1,0,0,0,-1.4218214364515616,0,0,1,0,0,0,0,0,0,0,0,0,0,0,0,0,0,0,0,0,0,0,0,0,0,0,0,1,0,0,1,0,0,0,0,0,0,0,0,0,0,0,1,0,0,0,0,0,0,0,0,0,1,0,0,0,0,0,0,0,0,0,0,1,0,0,0,0,0,0,0,0,1,0,0,0,0,0,0,0,0,0,0,1,0,0,0,0,0,1,0,0,1,0,0,0,1,0,0,0,0,1,0,0
1.7928902659234252,-0.9860023199505414,"4703.                 Having surveyed the scene of the accident: - A vehicle causing the accident was heading from the west to the east, taking the right lane, a victim was crossing the road from a line not designed for pedestrians, due to the exceed speed and non-compliance with the traffic rules, the vehicle hit the victim as illustrated in the chart.      ",-0.19746179160121255,2.490378837640347,-0.3676863281700941,0,1,0,1,0,0,0,-1.4153094893022737,0,0,0,0,0,0,0,0,0,0,0,0,0,0,0,0,0,0,0,0,0,1,0,0,0,0,0,0,1,0,1,0,0,0,0,1,0,0,0,0,0,0,0,0,0,0,0,0,0,0,0,0,1,0,0,0,0,0,0,0,0,0,0,0,1,0,0,1,0,0,0,0,0,0,0,0,0,0,0,0,0,0,0,0,1,0,0,0,0,1,0,0,0,0,1,0,0,0,1,1,0,0,0,0
-1.2931120133266782,-0.8762537808995936,"4704.                 Having surveyed the scene of the accident: - A vehicle causing the accident was totally stopped at a parking not designed for school buses, the driver due to misjudgment hit the victim as illustrated in the chart.      ",-1.4175737141371132,2.490378837640347,-2.3692825732768528,0,1,0,1,0,0,0,-1.4269653274770495,0,0,0,0,0,0,0,0,0,0,0,0,0,1,0,0,0,0,0,0,0,0,0,0,0,0,0,1,0,0,1,0,0,0,0,0,0,0,0,0,0,0,0,0,1,0,0,0,0,0,0,1,0,0,0,0,0,0,0,0,0,0,0,1,0,0,0,1,0,0,0,0,0,0,0,0,0,0,0,0,0,0,0,0,1,0,0,0,0,1,0,0,0,0,1,0,0,0,1,1,0,0,0,0
-0.33538716804216334,-0.601882433272224,"4705.                 Having surveyed the scene of the accident: - The first vehicle causing the accident was heading from the north to the south taking the highway in the middle lane, the second causing was coming from the east to west taking the far left lane, the first causing dashed to the road without checking the condition, the second causing tried to avoid bumping, it swerved to the right, due to the exceed speed it crashed into the rear part of the first, the latter bumped into the pavement and rolled off 124 meters away, the second swerved to the left bumping into the island and stopped 37 meters away, the two drivers got injured and the vehicles had physical damages as well as other damages to the state-owned properties as illustrated in the chart.      ",-0.19746179160121255,-0.4015453331379524,-0.3676863281700941,0,1,0,1,0,0,0,-1.4095636535823137,0,0,0,0,0,0,1,0,0,0,0,0,0,0,0,0,0,0,0,0,0,0,0,0,0,0,0,1,0,0,1,0,0,0,0,0,0,0,0,0,0,0,1,0,0,0,0,0,0,0,0,0,0,1,0,0,0,0,0,0,0,0,0,0,1,0,0,0,0,1,0,0,0,0,0,0,0,0,0,0,0,0,0,0,0,1,0,0,0,1,0,0,1,0,0,0,1,0,0,1,0,0,0,0
0.03706138290181467,-0.601882433272224,"4706.                 Having surveyed the scene of the accident: - The first vehicle causing the accident was heading from the north to the south taking the highway in the middle lane, the second causing was coming from the east to west taking the far left lane, the first causing dashed to the road without checking the condition, the second causing tried to avoid bumping, it swerved to the right, due to the exceed speed it crashed into the rear part of the first, the latter bumped into the pavement and rolled off 124 meters away, the second swerved to the left bumping into the island and stopped 37 meters away, the two drivers got injured and the vehicles had physical damages as well as other damages to the state-owned properties as illustrated in the chart.      ",-0.19746179160121255,-0.4015453331379524,-0.3676863281700941,0,1,0,1,0,0,0,-1.4095636535823137,0,0,0,0,0,0,1,0,0,0,0,0,0,0,0,0,0,0,0,0,0,0,0,0,0,0,0,1,0,0,1,0,0,0,0,0,0,0,0,0,0,0,1,0,0,0,0,0,0,0,0,0,0,1,0,0,0,0,0,0,0,0,0,0,1,0,0,0,0,1,0,0,0,0,0,0,0,0,0,0,0,0,0,0,0,1,0,0,0,1,0,0,1,0,0,0,1,0,0,0,1,0,0,0
0.1434752546000941,0.056608801033463114,"4707.                 Having surveyed the scene of the accident: - The vehicle causing the accident was heading from the east to the west taking the middle lane, the first damaged vehicle was coming from the south to north, the third was waiting the green light, the causing arrived the intersection crashing into the second one, the latter swerved off hitting the island, thus it sustained damages as illustrated in the chart.      ",-0.19746179160121255,-0.4015453331379524,-0.3676863281700941,1,0,0,1,0,0,0,-1.4315072738080654,0,0,1,0,0,0,0,0,0,0,0,0,0,0,0,0,0,0,0,0,0,0,0,0,0,0,1,0,0,0,1,0,0,1,0,0,0,0,0,0,0,0,0,0,0,0,0,0,0,0,0,0,0,0,1,0,0,0,0,0,0,0,0,0,1,0,0,0,1,0,0,0,0,0,0,0,0,0,0,0,0,0,0,1,0,0,0,0,0,0,1,0,0,1,0,0,0,1,0,0,1,0,0,0
-0.12255942464560447,0.056608801033463114,"4708.                 Having surveyed the scene of the accident: - The vehicle causing the accident was heading from the east to the west taking the middle lane, the first damaged vehicle was coming from the south to north, the third was waiting the green light, the causing arrived the intersection crashing into the second one, the latter swerved off hitting the island, thus it sustained damages as illustrated in the chart.      ",-0.19746179160121255,-0.4015453331379524,-0.3676863281700941,1,0,0,1,0,0,0,-1.4315072738080654,0,0,1,0,0,0,0,0,0,0,0,0,0,0,0,0,0,0,0,0,0,0,0,0,0,0,1,0,0,0,1,0,0,1,0,0,0,0,0,0,0,0,0,0,0,0,0,0,0,0,0,0,0,0,1,0,0,0,0,0,0,0,0,0,1,0,0,0,1,0,0,0,0,0,0,0,0,0,0,0,0,0,0,1,0,0,0,0,0,0,1,0,0,1,0,0,0,1,0,1,0,0,0,0
0.19668219044923382,0.056608801033463114,"4709.                 Having surveyed the scene of the accident: - The vehicle causing the accident was heading from the east to the west taking the middle lane, the first damaged vehicle was coming from the south to north, the third was waiting the green light, the causing arrived the intersection crashing into the second one, the latter swerved off hitting the island, thus it sustained damages as illustrated in the chart.      ",-0.19746179160121255,-0.4015453331379524,-0.3676863281700941,0,1,0,1,0,0,0,-1.4315072738080654,0,0,1,0,0,0,0,0,0,0,0,0,0,0,0,0,0,0,0,0,0,0,0,0,0,0,1,0,0,0,1,0,0,1,0,0,0,0,0,0,0,0,0,0,0,0,0,0,0,0,0,0,0,0,1,0,0,0,0,0,0,0,0,0,1,0,0,0,1,0,0,0,0,0,0,0,0,0,0,0,0,0,0,1,0,0,0,0,0,0,1,0,1,0,0,0,1,0,0,0,1,0,0,0
-0.28218023219302363,-0.9860023199505414,"4710.                 Having surveyed the scene of the accident: - The vehicle causing the accident was heading from the west to the east taking the left second lane, the victim was coming from the south to the north in a line not for pedestrians, the driver misjudged the distance and hit the victim as illustrated in the chart.",-0.19746179160121255,2.490378837640347,0.6331117943832852,1,0,0,1,0,0,0,-1.4238461595147855,0,0,0,0,0,0,0,0,0,0,0,0,0,0,0,0,0,0,0,0,0,1,0,0,0,0,0,0,1,0,1,0,0,1,0,0,0,0,0,0,0,0,0,0,0,0,0,0,0,0,0,0,0,1,0,0,0,0,0,0,0,0,0,0,1,0,0,0,0,1,0,0,0,0,0,0,0,0,0,0,0,0,0,0,1,0,0,0,0,1,0,0,0,0,1,0,0,0,1,0,0,0,1,0
-0.8674565265335604,-0.9860023199505414,"4711.                 Having surveyed the scene of the accident: - The vehicle causing the accident was heading from the west the east, the victim was leaning over the trunk of a parked car, due to the speed the driver hit the body of the victim, the latter got injured and the vehicle had physical damages as illustrated in the chart.",-2.637685636673014,-0.4015453331379524,-2.3692825732768528,0,1,0,1,0,0,0,-1.4118619878702976,0,0,0,0,0,0,0,0,0,0,0,0,0,0,0,0,0,0,0,0,0,1,0,0,0,0,0,0,1,0,1,0,0,0,1,0,0,0,0,0,0,0,0,0,0,0,0,0,0,0,0,1,0,0,0,0,0,0,0,0,0,0,0,0,1,0,0,0,0,1,0,0,0,0,0,0,0,0,0,0,0,0,0,0,1,0,0,0,0,1,0,0,0,0,1,0,0,0,1,1,0,0,0,0
0.24988912629837354,-0.8213795113741197,"4712.                 Having surveyed the scene of the accident: - The vehicle causing the accident was heading from the north to the south, the victim was crossing from the east to the west, the driver misjudged the distance and hit the victim, then he bumped into the left pavement and the concrete barriers as illustrated in the chart.",-1.4175737141371132,2.490378837640347,-2.3692825732768528,0,1,0,1,0,0,0,-1.4315619960530175,0,0,0,0,0,0,0,0,0,0,0,0,0,1,0,0,0,0,0,0,0,0,0,0,0,0,1,0,0,0,1,0,0,1,0,0,0,0,0,0,0,0,0,0,0,0,0,0,0,0,0,0,0,0,0,0,0,0,0,0,0,1,0,0,1,0,0,0,0,0,1,0,0,0,0,0,0,0,0,0,0,0,0,0,1,0,0,0,0,1,0,0,0,0,1,0,0,0,1,1,0,0,0,0
0.8883723564880501,0.056608801033463114,"4713.                 Having surveyed the scene of the accident: - The vehicle causing the accident was heading from the south to the north taking the right lane, the victim was coming from the west to the east in a line not for pedestrians, the driver misjudged the distance and hit the victim as illustrated in the chart.",-0.19746179160121255,-0.4015453331379524,0.6331117943832852,0,1,0,1,0,0,0,-0.22099649322489354,0,0,0,0,0,0,0,0,0,0,0,0,0,0,0,0,0,0,0,0,0,1,0,0,0,0,0,0,1,0,1,0,0,0,0,1,0,0,0,0,0,0,0,0,0,0,0,0,0,0,0,0,0,1,0,0,0,0,0,0,0,0,0,1,0,0,0,1,0,0,0,0,0,0,0,0,0,0,0,0,0,0,0,0,1,0,0,0,0,1,0,0,0,0,1,0,0,0,1,0,1,0,0,0
-0.33538716804216334,-0.7802238092300142,"4714.                 Having surveyed the scene of the accident: - The two vehicles the were heading from the north to the exist, the first damaged vehicle was ahead and the other was behind, when both vehicles got out of the exist, the first hit the rear right side of the other as illustrated in the chart.      ",-0.19746179160121255,-0.4015453331379524,-0.3676863281700941,0,1,0,1,0,0,0,-0.20687815402727777,0,0,0,0,0,0,0,0,0,0,0,0,0,1,0,0,0,0,0,0,0,0,0,0,0,0,1,0,0,0,1,0,0,1,0,0,0,0,0,0,0,0,0,0,0,0,0,0,0,0,0,0,0,1,0,0,0,0,0,0,0,0,0,0,1,0,0,0,0,0,0,0,0,0,1,0,0,0,0,0,0,0,0,0,0,0,0,1,0,1,0,0,1,0,0,0,1,0,0,1,0,0,0,0
0.1434752546000941,0.3995729855676751,"4715.                 Having surveyed the scene of the accident: - The bike causing the accident was heading from the north to the south taking the left lane, the first damaged vehicle was coming from the north to the south, due to the lack of enough distance the bike bumped into rear part of the other as illustrated in the chart.      ",-0.19746179160121255,-0.4015453331379524,-0.3676863281700941,0,1,0,1,0,0,0,-0.10531366739636748,0,0,0,0,0,0,0,0,0,0,0,0,0,0,0,0,0,0,1,0,0,0,0,0,0,0,0,0,1,0,1,0,0,1,0,0,0,0,0,0,0,0,0,0,0,0,0,0,0,0,0,0,0,1,0,0,0,0,0,0,0,0,0,1,0,0,0,1,0,0,0,0,0,0,0,0,0,0,0,0,0,0,0,0,0,1,0,0,0,1,0,0,1,0,0,0,1,0,0,1,0,0,0,0