Age of the injured,Str Code,Accident Description,Road speed limit,Pedestrian action,Number of Lanes,Gender_F,Gender_M,Week_Fifth week,Week_First week,Week_Fourth week,Week_Second week,Week_Third week,Date_time,Reasons__??? ????? ?????? ?????? ???? ????? ??? ???? ???????,Reasons__???? ?? ??????? (???),Reasons__Bypassing the red traffic light,Reasons__Driving back without attention,Reasons__Driving back without traffic clearance,Reasons__Driving in the opposite direction,Reasons__Entering main road without traffic clearance,Reasons__Exceeding speed limit,Reasons__Fatigue and drowsiness,Reasons__Faults in the road,Reasons__Ignoring road lane,Reasons__Ignoring traffic lights,Reasons__Lack of driving awareness,Reasons__Misuse of traffic,Reasons__Negligence and inobservance,Reasons__Negligent driving,Reasons__Not giving priority to pedestrian crossing,Reasons__Not giving way / not giving priority,Reasons__Not leaving enough space,Reasons__Not observing the stop sign,Reasons__Not securing vehicle stability while stopping,Reasons__Speedy without taking road conditions into account,Reasons__Sudden deviation,Reasons__Sudden stop,Reasons__Tyre burst,Reasons__under influence of intoxicant or narcotic drug,__Al Madina Police Station,__Khaldiya Police Station,__Shaabiya Police Station,Streetname_Intersection,Streetname_Street,place__Bridge / Tunnel,place__Coastal area,place__Commercial area,place__Fuel Station,place__Govt. authority,place__Hospital,place__Island,place__Mosque,place__One level intersection,place__Other,place__Park,place__Residential area,place__Sand area,place__School,place__Work area,place__external road,place__unknown,location__ ,location__Bridge,location__Bridge /  Tunnel,location__Car parking,location__Double road,location__Highway,location__Intersection,location__Off the road,location__Other(specify),location__Roundabout,location__Side parking,location__Single road,location__Tunnel,location__Two-way road,location__Unknown,lighting__day,lighting__night - enough lights,lighting__night - weak lights,intersection__Deviated intersection,intersection__Half Perpendicular Intersection,intersection__Multiple leg Intersection,intersection__Not on Intersection,intersection__Not on or around 20 meters,intersection__Other,intersection__Perpendicular Intersection,intersection__Roundabout,intersection__Turn ,accidentype__Collision while turning,accidentype__Fall,accidentype__Hitting a moving object off the road,accidentype__Hitting a moving object on the road,accidentype__Hitting a stationary object off the road,accidentype__Hitting a stationary object on the road,accidentype__Multiple collision,accidentype__Other (specify),accidentype__Perpendicular collision,accidentype__Person run over,accidentype__Rear collision,accidentype__Reciprocal collision,accidentype__Side collision,accidentype__deterioration,seat belt_N,seat belt_Y,seat_Back passenger seat,seat_Driver's seat,seat_Front passenger seat,seat_No passenger,seat_bike passenger,position_Driver,position_Passenger,position_Pedestrian,nationality_Arab States,nationality_Asian States,nationality_GCC,nationality_Other,nationality_UAE
1.260820907432028,-0.6156010006535925,"4716.                 Having surveyed the scene of the accident: - A vehicle causing the accident was heading from the west to the east, a victim was crossing the road from a line not designed for pedestrians, due to the exceed speed and non-compliance with the traffic rules, the vehicle hit the victim as illustrated in the chart.      ",-1.4175737141371132,2.490378837640347,-2.3692825732768528,0,1,0,1,0,0,0,-0.0013085686405980108,0,0,0,0,0,0,0,0,0,0,0,0,0,0,0,0,0,0,0,0,0,1,0,0,0,0,0,1,0,0,1,0,0,0,0,0,0,0,0,0,0,0,0,0,0,1,0,0,0,0,0,0,0,0,0,0,0,0,0,0,0,1,0,1,0,0,0,0,0,0,0,0,1,0,0,0,0,0,0,0,0,0,0,0,1,0,0,0,0,1,0,0,0,0,1,0,0,0,1,0,1,0,0,0
1.260820907432028,0.37213585080493816,"4717.                 Having surveyed the scene of the accident: - A vehicle causing the accident was heading from the east to the north to the direction of Estiqlal street, the damaged vehicle was coming from the west to the east, when the driver rand the red, he hit the right side of the damaged, the passenger of the latter injured mildly, and the vehicle had physical damages as illustrated in the chart.      ",-0.19746179160121255,-0.4015453331379524,0.6331117943832852,1,0,0,1,0,0,0,0.007906657409318636,0,0,1,0,0,0,0,0,0,0,0,0,0,0,0,0,0,0,0,0,0,0,0,0,0,0,1,0,0,0,1,0,0,1,0,0,0,0,0,0,0,0,0,0,0,0,0,0,0,0,0,0,0,0,1,0,0,0,0,0,0,0,0,0,1,0,0,0,0,0,0,0,0,1,0,0,0,0,0,0,0,0,0,1,0,0,0,0,0,1,0,1,0,0,0,0,0,1,0,1,0,0,0,0
-0.06935248879646476,0.19379447484714793,"4718.                 Having surveyed the scene of the accident: - A vehicle causing the accident was heading from the south to the east, the damaged vehicle was coming from the west to the east, when the driver got to the highway he did not check the traffic condition, he hit the bike, the biker of the latter injured, and the vehicles had physical damages as illustrated in the chart.      ",-0.19746179160121255,-0.4015453331379524,1.6339099169366647,0,1,0,1,0,0,0,0.0100079916154754,0,0,0,0,0,0,1,0,0,0,0,0,0,0,0,0,0,0,0,0,0,0,0,0,0,0,0,0,1,0,1,0,0,1,0,0,0,0,0,0,0,0,0,0,0,0,0,0,0,0,0,0,0,1,0,0,0,0,0,0,0,0,0,0,1,0,0,0,0,1,0,0,0,0,0,0,0,0,0,0,0,0,0,0,0,0,0,1,0,1,0,0,1,0,0,0,1,0,0,1,0,0,0,0
-0.4950079755895825,0.08404593579620008,"4719.                 Having surveyed the scene of the accident: - The vehicle causing the accident was heading from the south to the north, the damaged vehicle was coming from the north to the south, once the two arrived the intersection, the causing driver ran the red light and bumped into the front left side of the of the other as illustrated in the chart.      ",-0.19746179160121255,-0.4015453331379524,-0.3676863281700941,0,1,0,1,0,0,0,0.11286392322725289,0,0,1,0,0,0,0,0,0,0,0,0,0,0,0,0,0,0,0,0,0,0,0,0,0,0,0,1,0,0,1,0,0,1,0,0,0,0,0,0,0,0,0,0,0,0,0,0,0,0,0,0,0,0,1,0,0,0,0,0,0,0,0,1,0,0,0,1,0,0,0,0,0,0,0,0,0,0,0,0,0,0,0,1,0,0,0,0,0,0,1,0,1,0,0,0,1,0,0,0,1,0,0,0
2.218545752716543,0.08404593579620008,"4720.                 Having surveyed the scene of the accident: - The vehicle causing the accident was heading from the south to the north, the damaged vehicle was coming from the north to the south, once the two arrived the intersection, the causing driver ran the red light and bumped into the front left side of the of the other as illustrated in the chart.      ",-0.19746179160121255,-0.4015453331379524,-0.3676863281700941,0,1,0,1,0,0,0,0.11286392322725289,0,0,1,0,0,0,0,0,0,0,0,0,0,0,0,0,0,0,0,0,0,0,0,0,0,0,0,1,0,0,1,0,0,1,0,0,0,0,0,0,0,0,0,0,0,0,0,0,0,0,0,0,0,0,1,0,0,0,0,0,0,0,0,1,0,0,0,1,0,0,0,0,0,0,0,0,0,0,0,0,0,0,0,1,0,0,0,0,0,0,1,0,1,0,0,0,1,0,0,1,0,0,0,0
-0.33538716804216334,0.08404593579620008,"4721.                 Having surveyed the scene of the accident: - The vehicle causing the accident was heading from the south to the north, the damaged vehicle was coming from the north to the south, once the two arrived the intersection, the causing driver ran the red light and bumped into the front left side of the of the other as illustrated in the chart.      ",-0.19746179160121255,-0.4015453331379524,-0.3676863281700941,0,1,0,1,0,0,0,0.11286392322725289,0,0,1,0,0,0,0,0,0,0,0,0,0,0,0,0,0,0,0,0,0,0,0,0,0,0,0,1,0,0,1,0,0,1,0,0,0,0,0,0,0,0,0,0,0,0,0,0,0,0,0,0,0,0,1,0,0,0,0,0,0,0,0,1,0,0,0,1,0,0,0,0,0,0,0,0,0,0,0,0,0,0,0,1,0,0,0,0,0,0,1,0,0,1,0,0,0,1,0,0,1,0,0,0
1.4736486508285869,-0.8213795113741197,"4722.                 Having surveyed the scene of the accident: - The vehicle causing the accident was heading from the south to the north, the damaged vehicle was coming from the south to the north, due to the little distance the driver bumped into the rear side of the of the other as illustrated in the chart.      ",1.0226501309346883,-0.4015453331379524,0.6331117943832852,1,0,0,1,0,0,0,0.3290715130326013,0,0,0,0,0,0,0,0,0,0,0,0,0,0,0,0,0,0,1,0,0,0,0,0,0,0,0,1,0,0,1,0,0,1,0,0,0,0,0,0,0,0,0,0,0,0,0,0,0,0,0,0,0,1,0,0,0,0,0,0,0,0,0,1,0,0,0,0,0,0,0,0,1,0,0,0,0,0,0,0,0,0,0,0,0,1,0,0,0,1,0,1,0,0,0,0,0,1,0,1,0,0,0,0
-0.33538716804216334,-0.9860023199505414,"4723.                 Having surveyed the scene of the accident: - The vehicle causing the accident was heading from the north to the south, the damaged vehicle was completely stopped at the opposite direction, the driver was not experienced enough so he bumped into the right side of the other as illustrated in the chart.      ",-2.637685636673014,-0.4015453331379524,-1.3684844507234735,1,0,0,1,0,0,0,0.33727984977540115,0,0,0,0,0,0,0,0,0,0,0,0,1,0,0,0,0,0,0,0,0,0,0,0,0,0,0,0,1,0,1,0,0,0,0,0,0,0,0,0,0,0,1,0,0,0,0,0,0,0,0,0,0,0,0,0,0,0,0,0,0,1,0,0,1,0,0,0,0,0,0,1,0,0,0,0,0,0,0,0,0,0,0,0,0,0,0,1,0,0,1,0,1,0,0,0,1,0,0,1,0,0,0,0
0.3030960621475132,-0.9860023199505414,"4724.                 Having surveyed the scene of the accident: - The vehicle causing the accident was heading from the east to the west taking the second right lane, the driver was driving under the influence of alcohol, he lost control and bumped into the pavement and the concrete corniche as illustrated in the chart.      ",2.2427620534705888,-0.4015453331379524,1.6339099169366647,0,1,0,1,0,0,0,0.34154818488165706,0,0,0,0,0,0,0,0,0,0,0,0,0,0,0,0,0,0,0,0,0,0,0,0,0,1,0,0,1,0,1,1,0,0,0,0,0,0,0,0,0,0,0,0,0,0,0,0,0,0,0,0,0,1,0,0,0,0,0,0,0,0,0,0,1,0,0,0,0,0,0,1,0,0,0,0,0,0,0,1,0,0,0,0,0,0,0,0,0,1,0,0,1,0,0,0,1,0,0,0,1,0,0,0
-0.016145552947325045,-0.9860023199505414,"4725.                 Having surveyed the scene of the accident: - The vehicle causing the accident was heading from the east to the west taking the second right lane, the driver was driving under the influence of alcohol, he lost control and bumped into the pavement and the concrete corniche as illustrated in the chart.      ",2.2427620534705888,-0.4015453331379524,1.6339099169366647,0,1,0,1,0,0,0,0.34154818488165706,0,0,0,0,0,0,0,0,0,0,0,0,0,0,0,0,0,0,0,0,0,0,0,0,0,1,0,0,1,0,1,1,0,0,0,0,0,0,0,0,0,0,0,0,0,0,0,0,0,0,0,0,0,1,0,0,0,0,0,0,0,0,0,0,1,0,0,0,0,0,0,1,0,0,0,0,0,0,0,1,0,0,0,0,0,0,0,0,0,1,0,0,0,1,0,0,0,1,0,0,1,0,0,0
1.0479931640354692,1.0855013546360992,"4726.                 Having surveyed the scene of the accident: - The vehicle causing the accident was heading from the south to the west taking the second left lane, the two damaged vehicles were coming from the east to the west taking the second left lane, the causing driver ran the red light and bumped into the right side of the first, then the driver swerved off and hit the left side of the second, the driver and the passenger were injured mildly along with other physical damages to the vehicle as illustrated in the chart.      ",-0.19746179160121255,-0.4015453331379524,0.6331117943832852,1,0,0,1,0,0,0,0.44445883873838654,0,0,1,0,0,0,0,0,0,0,0,0,0,0,0,0,0,0,0,0,0,0,0,0,0,0,0,1,0,0,1,0,0,0,0,0,1,0,0,0,0,0,0,0,0,0,0,0,0,0,0,0,0,0,1,0,0,0,0,0,0,0,0,1,0,0,0,0,0,0,0,0,1,0,0,0,0,0,0,0,0,0,0,1,0,0,0,0,0,0,1,0,0,1,0,0,0,1,0,0,0,0,0,1
-0.016145552947325045,0.18007590746577945,"4727.                 Having surveyed the scene of the accident: - The vehicle causing the accident was heading from the east to the west taking the second lane, the damaged vehicle was coming from the west to the east taking the second lane, the causing driver ran the red light and bumped into the right side of the first, the driver was injured mildly and taken to the hospital for treatment along with other physical damages to the vehicle as illustrated in the chart.      ",-0.19746179160121255,-0.4015453331379524,0.6331117943832852,0,1,0,1,0,0,0,0.6544499815171878,0,0,1,0,0,0,0,0,0,0,0,0,0,0,0,0,0,0,0,0,0,0,0,0,0,0,0,0,1,0,1,0,0,1,0,0,0,0,0,0,0,0,0,0,0,0,0,0,0,0,0,0,0,0,1,0,0,0,0,0,0,0,0,1,0,0,0,0,0,0,0,0,1,0,0,0,0,0,0,0,0,0,0,1,0,0,0,0,0,0,1,0,1,0,0,0,1,0,0,0,1,0,0,0
-0.8674565265335604,1.3324355675007318,"4728.                 Having surveyed the scene of the accident: - The vehicle causing the accident was heading from the east to the west taking the second right lane, the victim was crossing the road from the south to the north, the driver ran the red light and bumped into the victim, the body of the latter hit the windshield and bounced forward 30 meters, the vehicle carried on to the intersection and swerved to the right crashing into the pavement along 40 meters until it stopped 50 meters distance, the victim died on the spot, the driver got mild injury, she admitted to psychiatric hospital,  along with other physical damages to the vehicle as illustrated in the chart.      ",1.0226501309346883,-0.4015453331379524,0.6331117943832852,0,1,0,1,0,0,0,0.6612355398912357,0,0,1,0,0,0,0,0,0,0,0,0,0,0,0,0,0,0,0,0,0,0,0,0,0,0,0,0,1,0,1,0,0,0,0,0,0,0,0,0,0,0,1,0,0,0,0,0,0,0,0,0,0,0,1,0,0,0,0,0,0,0,0,1,0,0,0,0,0,0,0,0,1,0,0,0,0,0,0,0,0,0,0,0,1,0,0,0,0,1,0,0,0,0,1,0,0,0,1,0,1,0,0,0
-0.2289732963438839,1.3324355675007318,"4729.                 Having surveyed the scene of the accident: - The vehicle causing the accident was heading from the east to the west taking the second right lane, the victim was crossing the road from the south to the north, the driver ran the red light and bumped into the victim, the body of the latter hit the windshield and bounced forward 30 meters, the vehicle carried on to the intersection and swerved to the right crashing into the pavement along 40 meters until it stopped 50 meters distance, the victim died on the spot, the driver got mild injury, she admitted to psychiatric hospital,  along with other physical damages to the vehicle as illustrated in the chart.      ",1.0226501309346883,-0.4015453331379524,0.6331117943832852,1,0,0,1,0,0,0,0.6612355398912357,0,0,1,0,0,0,0,0,0,0,0,0,0,0,0,0,0,0,0,0,0,0,0,0,0,0,0,0,1,0,1,0,0,0,0,0,0,0,0,0,0,0,1,0,0,0,0,0,0,0,0,0,0,0,1,0,0,0,0,0,0,0,0,1,0,0,0,0,0,0,0,0,1,0,0,0,0,0,0,0,0,0,0,0,1,0,0,0,0,0,1,0,1,0,0,0,1,0,0,0,0,0,0,1
-0.38859410389130306,-0.9860023199505414,"4730.                 Having surveyed the scene of the accident: - The vehicle causing the accident was completely parked at the far right emergency line, the motorbike was taking the same direction, due to the little distance between the car and the bike, the bike bumped into the rear part of the other, the driver got injured as illustrated in the chart.      ",1.0226501309346883,-0.4015453331379524,0.6331117943832852,0,1,0,1,0,0,0,0.7669808060364788,0,0,0,0,0,0,0,0,0,0,0,0,0,0,0,0,0,0,1,0,0,0,0,0,0,0,0,0,1,0,1,0,0,0,0,0,0,0,0,0,0,0,1,0,0,0,0,0,0,0,0,0,1,0,0,0,0,0,0,0,0,0,0,1,0,0,0,0,0,0,1,0,0,0,0,0,0,0,0,0,0,0,0,0,0,1,0,0,0,1,0,0,1,0,0,0,1,0,0,0,1,0,0,0
-0.4950079755895825,-0.972283752569173,"4731.                 Having surveyed the scene of the accident: - The vehicle causing the accident was heading from the west to the east taking the right lane, the vehicle suddenly swerved off and bumped into the pavement and two other parked vehicles as illustrated in the chart.      ",-0.19746179160121255,-0.4015453331379524,0.6331117943832852,0,1,0,1,0,0,0,0.769366695916386,0,0,0,0,0,0,0,0,0,0,0,0,0,0,0,0,0,0,0,0,0,0,1,0,0,0,0,1,0,0,1,0,0,1,0,0,0,0,0,0,0,0,0,0,0,0,0,0,0,0,0,1,0,0,0,0,0,0,0,0,0,0,0,1,0,0,0,0,0,0,1,0,0,0,0,0,0,0,0,0,0,0,0,0,0,1,0,0,0,0,1,0,1,0,0,0,1,0,0,1,0,0,0,0
-0.06935248879646476,1.359872702263469,"4732.                 Having surveyed the scene of the accident: - The vehicle causing the accident was heading from the east to the west to the direction leading to Sheikh Rashed bin Saeed street, the damaged vehicle was coming from the west to the east taking the middle lane, when both arrived the intersection, the driver of the causing ran the red light and bumped into the other one, it kept moving until it hit the pavement, the driver got mild injury and taken to Sheikh Zayed Hospital for treatment, along with other physical damages to the vehicles as illustrated in the chart.      ",1.0226501309346883,-0.4015453331379524,0.6331117943832852,1,0,0,1,0,0,0,1.0990134995072285,0,0,1,0,0,0,0,0,0,0,0,0,0,0,0,0,0,0,0,0,0,0,0,0,0,0,0,0,1,0,1,0,0,0,0,1,0,0,0,0,0,0,0,0,0,0,0,0,0,0,0,0,0,0,1,0,0,0,0,0,0,0,0,1,0,0,0,0,0,0,0,0,1,0,0,0,0,0,0,0,0,0,0,1,0,0,0,0,0,0,1,0,1,0,0,0,1,0,0,0,0,0,1,0
2.218545752716543,-0.972283752569173,"4733.                 Having surveyed the scene of the accident: - The vehicle causing the accident and the damaged vehicle were heading from the east to the west, due to the little distance between the two, the first bumped into the second, the latter kept moving and crashed into another vehicle, the first driver got injury along with other physical damages to the vehicles as illustrated in the chart.      ",1.0226501309346883,-0.4015453331379524,-0.0073990040508776864,0,1,0,1,0,0,0,1.309913031552233,0,0,0,0,0,0,0,0,0,0,0,0,0,0,0,0,0,0,1,0,0,0,0,0,0,0,0,1,0,0,1,0,0,1,0,0,0,0,0,0,0,0,0,0,0,0,0,0,0,0,0,0,1,0,0,0,0,0,0,0,0,0,0,1,0,0,0,0,0,0,1,0,0,0,0,0,0,0,0,0,0,0,0,0,0,1,0,0,0,0,1,0,1,0,0,0,1,0,0,1,0,0,0,0
1.6332694583760061,-0.972283752569173,"4734.                 Having surveyed the scene of the accident: - The vehicle causing the accident and the damaged vehicle were heading from the east to the west, due to the little distance between the two, the first bumped into the second, the latter kept moving and crashed into another vehicle, the first driver got injury along with other physical damages to the vehicles as illustrated in the chart.      ",1.0226501309346883,-0.4015453331379524,-0.0073990040508776864,1,0,0,1,0,0,0,1.309913031552233,0,0,0,0,0,0,0,0,0,0,0,0,0,0,0,0,0,0,1,0,0,0,0,0,0,0,0,1,0,0,1,0,0,1,0,0,0,0,0,0,0,0,0,0,0,0,0,0,0,0,0,0,1,0,0,0,0,0,0,0,0,0,0,1,0,0,0,0,0,0,1,0,0,0,0,0,0,0,0,0,0,0,0,0,0,1,0,0,0,0,1,0,0,1,0,0,0,1,0,1,0,0,0,0
0.19668219044923382,0.8934414112969404,"4735.                 Having surveyed the scene of the accident: - The two vehicles were heading from the west to the east, the damaged was ahead of the causing, due to the little distance between the two, the first bumped into the rear part of the second and rolled off, the biker got injured along with other physical damages to the vehicles as illustrated in the chart.      ",-0.19746179160121255,-0.4015453331379524,0.6331117943832852,0,1,0,1,0,0,0,1.430192525956727,0,0,0,0,0,0,0,0,0,0,0,0,0,0,0,0,0,0,1,0,0,0,0,0,0,0,0,0,1,0,1,0,0,1,0,0,0,0,0,0,0,0,0,0,0,0,0,0,0,0,0,0,0,0,1,0,0,0,0,0,0,0,0,1,0,0,0,0,0,0,0,0,1,0,0,0,0,0,0,0,0,0,0,0,0,1,0,0,0,1,0,0,1,0,0,0,1,0,0,0,0,1,0,0
0.5159238055440721,-0.7665052418486458,"4736.                 Having surveyed the scene of the accident: - The vehicle causing the accident was heading from the south to the north taking the left lane, the victim was walking down from the west to the east, once the vehicle arrived the intersection, the driver was distracted and ran the red light bumping into the pedestrian, the latter got serious injuries and died at the spot, in addition to physical damages to the vehicle as illustrated in the chart.      ",-0.19746179160121255,-0.4015453331379524,0.6331117943832852,1,0,0,1,0,0,0,1.5279592887879685,0,0,1,0,0,0,0,0,0,0,0,0,0,0,0,0,0,0,0,0,0,0,0,0,0,0,1,0,0,0,1,0,0,0,0,1,0,0,0,0,0,0,0,0,0,0,0,0,0,0,0,0,1,0,0,0,0,0,0,0,0,0,0,1,0,0,0,0,0,0,0,0,1,0,0,0,0,0,0,0,0,0,0,0,1,0,0,0,0,1,0,0,0,0,1,0,0,0,1,0,1,0,0,0
-0.016145552947325045,1.0443456524919938,"4737.                 Having surveyed the scene of the accident: - The vehicles causing the accident was heading from the north to the east taking the right lane, the two damaged vehicles were ahead of the causing, due to the little distance between the three, the causing driver bumped into the rear part of the first, the latter hit the second, the causing driver got various injuries along with other physical damages to the vehicle as illustrated in the chart.      ",-0.19746179160121255,-0.4015453331379524,-0.3676863281700941,1,0,0,1,0,0,0,1.5365725701434132,0,0,0,0,0,0,0,0,0,0,0,0,0,0,0,0,0,0,1,0,0,0,0,0,0,0,0,0,1,0,1,0,0,0,0,0,1,0,0,0,0,0,0,0,0,0,0,0,0,0,0,0,1,0,0,0,0,0,0,0,0,0,0,1,0,0,0,0,0,0,1,0,0,0,0,0,0,0,0,0,0,0,0,0,0,1,0,0,0,0,1,0,0,1,0,0,0,1,0,1,0,0,0,0
1.3672347791303074,1.0443456524919938,"4738.                 Having surveyed the scene of the accident: - The vehicles causing the accident was heading from the north to the east taking the right lane, the two damaged vehicle were ahead of the causing, due to the little distance between the three, the causing driver bumped into the rear part of the first, the latter hit the second, the causing driver got various injuries along with other physical damages to the vehicle as illustrated in the chart.      ",-0.19746179160121255,-0.4015453331379524,-0.3676863281700941,0,1,0,1,0,0,0,1.5365725701434132,0,0,0,0,0,0,0,0,0,0,0,0,0,0,0,0,0,0,1,0,0,0,0,0,0,0,0,0,1,0,1,0,0,0,0,0,1,0,0,0,0,0,0,0,0,0,0,0,0,0,0,0,1,0,0,0,0,0,0,0,0,0,0,1,0,0,0,0,0,0,1,0,0,0,0,0,0,0,0,0,0,0,0,0,0,1,0,0,0,0,1,0,1,0,0,0,1,0,0,1,0,0,0,0
0.19668219044923382,-0.574445298509487,"4739.                 Having surveyed the scene of the accident: - The vehicle causing the accident was heading from the west to the east taking the left lane, the driver was distracted, lost control and ran the red light bumping into the roundabout’s pavement, the driver got serious injuries, in addition to physical damages to the vehicle and the state-owned properties as illustrated in the chart.      ",-0.19746179160121255,-0.4015453331379524,-0.3676863281700941,0,1,0,1,0,0,0,1.538564459859666,0,0,0,0,0,0,0,0,0,0,0,0,0,0,0,0,0,0,0,0,0,1,0,0,0,0,0,1,0,0,1,0,0,0,0,0,0,0,0,0,0,0,1,0,0,0,0,0,0,0,0,0,1,0,0,0,0,0,0,0,0,0,0,1,0,0,0,0,0,0,0,0,0,1,0,0,0,0,0,1,0,0,0,0,0,0,0,0,0,1,0,0,1,0,0,0,1,0,0,0,0,0,0,1
-0.28218023219302363,0.23495017699125337,"4740.                 Having surveyed the scene of the accident: - The vehicle causing the accident was heading from the west the east taking the third right lane, the two other damaged vehicles were coming from the north to the south, the causing driver was under the influence of alcohol, he ran the red light and bumped into the right angle of the first, the latter swerved off and hit the right side of the second, the latter hit the plastic barrier, the causing hit also the plastic barrier as illustrated in the chart.",-0.19746179160121255,-0.4015453331379524,3.635506162043423,1,0,0,1,0,0,0,-1.3240656180693104,0,0,0,0,0,0,0,0,0,0,0,0,0,0,0,0,0,0,0,0,0,0,0,0,0,1,0,0,1,0,1,0,0,1,0,0,0,0,0,0,0,0,0,0,0,0,0,0,0,0,0,0,0,0,1,0,0,0,0,0,0,0,0,0,1,0,0,0,0,0,0,0,1,0,0,0,0,0,0,0,0,0,0,0,0,0,0,1,0,1,0,0,0,1,0,0,0,1,0,1,0,0,0,0
-0.28218023219302363,0.7151000353391502,"4741.                 Having surveyed the scene of the accident: - The vehicles causing the accident was heading from the east to the north taking the second right lane, the two damaged vehicles were ahead of the causing, due to the little distance between the three, the causing driver bumped into the rear part of the first, the latter hit the second, all vehicles stopped as illustrated in the chart.      ",2.2427620534705888,-0.4015453331379524,0.6331117943832852,0,1,0,1,0,0,0,-1.3180680600225714,0,0,0,0,0,0,0,0,0,0,0,0,0,0,0,0,0,0,1,0,0,0,0,0,0,0,0,0,1,0,1,0,0,0,0,0,0,0,0,0,0,0,1,0,0,0,0,0,0,0,0,0,1,0,0,0,0,0,0,0,0,0,0,1,0,0,0,0,0,1,0,0,0,0,0,0,0,0,0,0,0,0,0,0,0,1,0,0,0,1,0,1,0,0,0,0,0,1,0,0,1,0,0,0
-0.016145552947325045,0.7151000353391502,"4742.                 Having surveyed the scene of the accident: - The vehicles causing the accident was heading from the east to the north taking the second right lane, the two damaged vehicles were ahead of the causing, due to the little distance between the three, the causing driver bumped into the rear part of the first, the latter hit the second, all vehicles stopped as illustrated in the chart.      ",2.2427620534705888,-0.4015453331379524,0.6331117943832852,0,1,0,1,0,0,0,-1.3180680600225714,0,0,0,0,0,0,0,0,0,0,0,0,0,0,0,0,0,0,1,0,0,0,0,0,0,0,0,0,1,0,1,0,0,0,0,0,0,0,0,0,0,0,1,0,0,0,0,0,0,0,0,0,1,0,0,0,0,0,0,0,0,0,0,1,0,0,0,0,0,1,0,0,0,0,0,0,0,0,0,0,0,0,0,0,0,1,0,0,0,1,0,1,0,0,0,0,0,1,0,0,1,0,0,0
-0.44180103974044277,0.7151000353391502,"4743.                 Having surveyed the scene of the accident: - The vehicles causing the accident was heading from the east to the north taking the second right lane, the two damaged vehicles were ahead of the causing, due to the little distance between the three, the causing driver bumped into the rear part of the first, the latter hit the second, all vehicles stopped as illustrated in the chart.      ",2.2427620534705888,-0.4015453331379524,0.6331117943832852,0,1,0,1,0,0,0,-1.3180680600225714,0,0,0,0,0,0,0,0,0,0,0,0,0,0,0,0,0,0,1,0,0,0,0,0,0,0,0,0,1,0,1,0,0,0,0,0,0,0,0,0,0,0,1,0,0,0,0,0,0,0,0,0,1,0,0,0,0,0,0,0,0,0,0,1,0,0,0,0,0,1,0,0,0,0,0,0,0,0,0,0,0,0,0,0,0,1,0,0,0,1,0,1,0,0,0,0,0,1,0,0,1,0,0,0
-0.12255942464560447,0.7151000353391502,"4744.                 Having surveyed the scene of the accident: - The vehicles causing the accident was heading from the east to the north taking the second right lane, the two damaged vehicles were ahead of the causing, due to the little distance between the three, the causing driver bumped into the rear part of the first, the latter hit the second, all vehicles stopped as illustrated in the chart.      ",2.2427620534705888,-0.4015453331379524,0.6331117943832852,0,1,0,1,0,0,0,-1.3180680600225714,0,0,0,0,0,0,0,0,0,0,0,0,0,0,0,0,0,0,1,0,0,0,0,0,0,0,0,0,1,0,1,0,0,0,0,0,0,0,0,0,0,0,1,0,0,0,0,0,0,0,0,0,1,0,0,0,0,0,0,0,0,0,0,1,0,0,0,0,0,1,0,0,0,0,0,0,0,0,0,0,0,0,0,0,0,1,0,0,0,1,0,1,0,0,0,0,0,1,0,0,1,0,0,0
-0.17576636049474417,0.7151000353391502,"4745.                 Having surveyed the scene of the accident: - The vehicles causing the accident was heading from the east to the north taking the second right lane, the two damaged vehicles were ahead of the causing, due to the little distance between the three, the causing driver bumped into the rear part of the first, the latter hit the second, all vehicles stopped as illustrated in the chart.      ",2.2427620534705888,-0.4015453331379524,0.6331117943832852,0,1,0,1,0,0,0,-1.3180680600225714,0,0,0,0,0,0,0,0,0,0,0,0,0,0,0,0,0,0,1,0,0,0,0,0,0,0,0,0,1,0,1,0,0,0,0,0,0,0,0,0,0,0,1,0,0,0,0,0,0,0,0,0,1,0,0,0,0,0,0,0,0,0,0,1,0,0,0,0,0,1,0,0,0,0,0,0,0,0,0,0,0,0,0,0,0,1,0,0,0,1,0,1,0,0,0,0,0,1,0,0,1,0,0,0
0.728751548940631,0.7151000353391502,"4746.                 Having surveyed the scene of the accident: - The vehicles causing the accident was heading from the east to the north taking the second right lane, the two damaged vehicles were ahead of the causing, due to the little distance between the three, the causing driver bumped into the rear part of the first, the latter hit the second, all vehicles stopped as illustrated in the chart.      ",2.2427620534705888,-0.4015453331379524,0.6331117943832852,0,1,0,1,0,0,0,-1.3180680600225714,0,0,0,0,0,0,0,0,0,0,0,0,0,0,0,0,0,0,1,0,0,0,0,0,0,0,0,0,1,0,1,0,0,0,0,0,0,0,0,0,0,0,1,0,0,0,0,0,0,0,0,0,1,0,0,0,0,0,0,0,0,0,0,1,0,0,0,0,0,1,0,0,0,0,0,0,0,0,0,0,0,0,0,0,0,1,0,0,0,1,0,1,0,0,0,0,0,1,0,0,1,0,0,0
0.09026831875095438,0.7151000353391502,"4747.                 Having surveyed the scene of the accident: - The vehicles causing the accident was heading from the east to the north taking the second right lane, the two damaged vehicles were ahead of the causing, due to the little distance between the three, the causing driver bumped into the rear part of the first, the latter hit the second, all vehicles stopped as illustrated in the chart.      ",2.2427620534705888,-0.4015453331379524,0.6331117943832852,0,1,0,1,0,0,0,-1.3180680600225714,0,0,0,0,0,0,0,0,0,0,0,0,0,0,0,0,0,0,1,0,0,0,0,0,0,0,0,0,1,0,1,0,0,0,0,0,0,0,0,0,0,0,1,0,0,0,0,0,0,0,0,0,1,0,0,0,0,0,0,0,0,0,0,1,0,0,0,0,0,1,0,0,0,0,0,0,0,0,0,0,0,0,0,0,0,1,0,0,0,1,0,1,0,0,0,0,0,1,0,0,1,0,0,0
1.260820907432028,0.7151000353391502,"4748.                 Having surveyed the scene of the accident: - The vehicles causing the accident was heading from the east to the north taking the second right lane, the two damaged vehicles were ahead of the causing, due to the little distance between the three, the causing driver bumped into the rear part of the first, the latter hit the second, all vehicles stopped as illustrated in the chart.      ",2.2427620534705888,-0.4015453331379524,0.6331117943832852,0,1,0,1,0,0,0,-1.3180680600225714,0,0,0,0,0,0,0,0,0,0,0,0,0,0,0,0,0,0,1,0,0,0,0,0,0,0,0,0,1,0,1,0,0,0,0,0,0,0,0,0,0,0,1,0,0,0,0,0,0,0,0,0,1,0,0,0,0,0,0,0,0,0,0,1,0,0,0,0,0,1,0,0,0,0,0,0,0,0,0,0,0,0,0,0,0,1,0,0,0,1,0,1,0,0,0,0,0,1,0,0,1,0,0,0
0.6223376772423516,0.7151000353391502,"4749.                 Having surveyed the scene of the accident: - The vehicles causing the accident was heading from the east to the north taking the second right lane, the two damaged vehicles were ahead of the causing, due to the little distance between the three, the causing driver bumped into the rear part of the first, the latter hit the second, all vehicles stopped as illustrated in the chart.      ",2.2427620534705888,-0.4015453331379524,0.6331117943832852,0,1,0,1,0,0,0,-1.3180680600225714,0,0,0,0,0,0,0,0,0,0,0,0,0,0,0,0,0,0,1,0,0,0,0,0,0,0,0,0,1,0,1,0,0,0,0,0,0,0,0,0,0,0,1,0,0,0,0,0,0,0,0,0,1,0,0,0,0,0,0,0,0,0,0,1,0,0,0,0,0,1,0,0,0,0,0,0,0,0,0,0,0,0,0,0,0,1,0,0,0,0,1,0,1,0,0,0,1,0,0,0,1,0,0,0