Age of the injured,Str Code,Accident Description,Road speed limit,Pedestrian action,Number of Lanes,Gender_F,Gender_M,Week_Fifth week,Week_First week,Week_Fourth week,Week_Second week,Week_Third week,Date_time,Reasons__??? ????? ?????? ?????? ???? ????? ??? ???? ???????,Reasons__???? ?? ??????? (???),Reasons__Bypassing the red traffic light,Reasons__Driving back without attention,Reasons__Driving back without traffic clearance,Reasons__Driving in the opposite direction,Reasons__Entering main road without traffic clearance,Reasons__Exceeding speed limit,Reasons__Fatigue and drowsiness,Reasons__Faults in the road,Reasons__Ignoring road lane,Reasons__Ignoring traffic lights,Reasons__Lack of driving awareness,Reasons__Misuse of traffic,Reasons__Negligence and inobservance,Reasons__Negligent driving,Reasons__Not giving priority to pedestrian crossing,Reasons__Not giving way / not giving priority,Reasons__Not leaving enough space,Reasons__Not observing the stop sign,Reasons__Not securing vehicle stability while stopping,Reasons__Speedy without taking road conditions into account,Reasons__Sudden deviation,Reasons__Sudden stop,Reasons__Tyre burst,Reasons__under influence of intoxicant or narcotic drug,__Al Madina Police Station,__Khaldiya Police Station,__Shaabiya Police Station,Streetname_Intersection,Streetname_Street,place__Bridge / Tunnel,place__Coastal area,place__Commercial area,place__Fuel Station,place__Govt. authority,place__Hospital,place__Island,place__Mosque,place__One level intersection,place__Other,place__Park,place__Residential area,place__Sand area,place__School,place__Work area,place__external road,place__unknown,location__ ,location__Bridge,location__Bridge /  Tunnel,location__Car parking,location__Double road,location__Highway,location__Intersection,location__Off the road,location__Other(specify),location__Roundabout,location__Side parking,location__Single road,location__Tunnel,location__Two-way road,location__Unknown,lighting__day,lighting__night - enough lights,lighting__night - weak lights,intersection__Deviated intersection,intersection__Half Perpendicular Intersection,intersection__Multiple leg Intersection,intersection__Not on Intersection,intersection__Not on or around 20 meters,intersection__Other,intersection__Perpendicular Intersection,intersection__Roundabout,intersection__Turn ,accidentype__Collision while turning,accidentype__Fall,accidentype__Hitting a moving object off the road,accidentype__Hitting a moving object on the road,accidentype__Hitting a stationary object off the road,accidentype__Hitting a stationary object on the road,accidentype__Multiple collision,accidentype__Other (specify),accidentype__Perpendicular collision,accidentype__Person run over,accidentype__Rear collision,accidentype__Reciprocal collision,accidentype__Side collision,accidentype__deterioration,seat belt_N,seat belt_Y,seat_Back passenger seat,seat_Driver's seat,seat_Front passenger seat,seat_No passenger,seat_bike passenger,position_Driver,position_Passenger,position_Pedestrian,nationality_Arab States,nationality_Asian States,nationality_GCC,nationality_Other,nationality_UAE
-0.12255942464560447,0.8248485743900981,"4785.                 Having surveyed the scene of the accident: - The vehicle causing the accident was coming from the west to the east taking the second lane turning to the north direction of Almajed Association, the damaged was coming from the east to the west taking the second lane, once both arrived the intersection,  the driver of the causing ran the red light and crashed into the front part of the damaged one, 4 people were mildly injured in the causing vehicle, who were taken to the hospital for treatment, along with physical damages to the vehicles as illustrated in the chart.      ",-0.19746179160121255,-0.4015453331379524,2.634708039490044,0,1,0,1,0,0,0,-0.22794621833379744,0,0,1,0,0,0,0,0,0,0,0,0,0,0,0,0,0,0,0,0,0,0,0,0,0,0,0,0,1,0,1,0,0,1,0,0,0,0,0,0,0,0,0,0,0,0,0,0,0,0,0,0,0,0,1,0,0,0,0,0,0,0,0,0,1,0,0,0,0,0,0,0,1,0,0,0,0,0,0,0,0,0,0,1,0,0,0,0,0,1,0,1,0,0,0,0,0,1,0,0,1,0,0,0
-0.016145552947325045,0.8248485743900981,"4786.                 Having surveyed the scene of the accident: - The vehicle causing the accident was coming from the west to the east taking the second lane turning to the north direction of Almajed Association, the damaged was coming from the east to the west taking the second lane, once both arrived the intersection,  the driver of the causing ran the red light and crashed into the front part of the damaged one, 4 people were mildly injured in the causing vehicle, who were taken to the hospital for treatment, along with physical damages to the vehicles as illustrated in the chart.      ",-0.19746179160121255,-0.4015453331379524,2.634708039490044,0,1,0,1,0,0,0,-0.22794621833379744,0,0,1,0,0,0,0,0,0,0,0,0,0,0,0,0,0,0,0,0,0,0,0,0,0,0,0,0,1,0,1,0,0,1,0,0,0,0,0,0,0,0,0,0,0,0,0,0,0,0,0,0,0,0,1,0,0,0,0,0,0,0,0,0,1,0,0,0,0,0,0,0,1,0,0,0,0,0,0,0,0,0,0,1,0,0,0,0,0,0,1,0,1,0,0,0,1,0,0,0,1,0,0,0
0.19668219044923382,-0.944846617806436,"4787.                 Having surveyed the scene of the accident: - The vehicle causing the accident was coming from Al-Salam street to the east direction leading to the Arabian Gulf street, while the victim was crossing from the south to the north, the driver was out of focus, he swerved to the right and hit the pavement jumping to another lane, the vehicle hit the right side of the victim, the latter got injured along with physical damages to the vehicle as illustrated in the chart.",-0.19746179160121255,-0.4015453331379524,-1.3684844507234735,0,1,0,1,0,0,0,-0.1097461692374794,0,0,0,0,0,0,0,0,0,0,0,0,0,0,0,0,0,0,0,0,0,1,0,0,0,0,0,1,0,0,1,1,0,0,0,0,0,0,0,0,0,0,0,0,0,0,0,0,0,0,1,0,0,0,0,0,0,0,0,0,0,0,0,1,0,0,0,0,0,1,0,0,0,0,0,0,0,0,0,0,0,0,0,0,1,0,0,0,0,1,0,0,0,0,1,0,0,0,1,0,1,0,0,0
-1.2399050774775384,0.7836928722459926,"4788.                 Having surveyed the scene of the accident: - The vehicle causing the accident was coming from east to the west taking the second right lane, the driver was out of focus exceeding the speed limit, he lost control and hit the street pole, the driver and her two children got injured along with physical damages to the vehicle as illustrated in the chart.",-0.19746179160121255,-0.4015453331379524,0.6331117943832852,1,0,0,1,0,0,0,0.006538601285518659,0,0,0,0,0,0,0,0,0,0,0,0,0,0,0,0,0,0,0,0,0,1,0,0,0,0,0,0,1,0,1,0,0,0,0,0,0,1,0,0,0,0,0,0,0,0,0,0,0,0,0,0,1,0,0,0,0,0,0,0,0,0,0,1,0,0,0,0,0,1,0,0,0,0,0,0,0,0,0,0,1,0,0,0,0,0,0,0,0,1,0,1,0,0,0,0,0,1,0,1,0,0,0,0
-0.33538716804216334,-0.5881638658908555,"4789.                 Having surveyed the scene of the accident: - The vehicle causing the accident was coming from west to the east taking the far left lane, the driver was out of focus and intoxicated, he lost control and hit a pole, the vehicle swerved off to the right and stopped, the driver flew 3 meters away from the car as illustrated in the chart.",-0.19746179160121255,-0.4015453331379524,-0.3676863281700941,1,0,0,1,0,0,0,0.10520280893397302,0,0,0,0,0,0,0,0,0,0,1,0,0,0,0,0,0,0,0,0,0,0,0,0,0,0,0,1,0,0,1,0,0,1,0,0,0,0,0,0,0,0,0,0,0,0,0,0,0,0,0,0,1,0,0,0,0,0,0,0,0,0,0,1,0,0,0,0,0,1,0,0,0,0,0,0,0,0,0,0,1,0,0,0,0,0,0,0,0,1,0,0,0,1,0,0,0,1,0,1,0,0,0,0
-0.2289732963438839,-0.5881638658908555,"4790.                 Having surveyed the scene of the accident: - The vehicle causing the accident was coming from west to the east taking the far left lane, the driver was out of focus and intoxicated, he lost control and hit a pole, the vehicle swerved off to the right and stopped, the driver flew 3 meters away from the car as illustrated in the chart.",-0.19746179160121255,-0.4015453331379524,-0.3676863281700941,0,1,0,1,0,0,0,0.10520280893397302,0,0,0,0,0,0,0,0,0,0,1,0,0,0,0,0,0,0,0,0,0,0,0,0,0,0,0,1,0,0,1,0,0,1,0,0,0,0,0,0,0,0,0,0,0,0,0,0,0,0,0,0,1,0,0,0,0,0,0,0,0,0,0,1,0,0,0,0,0,1,0,0,0,0,0,0,0,0,0,0,1,0,0,0,0,0,0,0,0,1,0,0,1,0,0,0,1,0,0,0,0,0,0,1
-0.44180103974044277,1.3187170001193633,"4791.                 Having surveyed the scene of the accident: - The vehicle causing the accident was coming from the west to the east taking the direction leading to the street 21, the damaged was coming from the east to the west taking the second right lane, the driver of the causing ran the red light and crashed into the traffic pole and turned upside down, a child in the damaged car died and all passengers got mild to moderate injuries along with physical damages to the vehicles and the state-owned properties as illustrated in the chart.      ",1.0226501309346883,-0.4015453331379524,1.6339099169366647,1,0,0,1,0,0,0,0.11263408979845449,0,0,1,0,0,0,0,0,0,0,0,0,0,0,0,0,0,0,0,0,0,0,0,0,0,0,0,0,1,0,1,0,0,1,0,0,0,0,0,0,0,0,0,0,0,0,0,0,0,0,0,0,0,0,1,0,0,0,0,0,0,0,0,1,0,0,0,0,0,0,0,0,1,0,0,0,0,0,0,0,0,0,0,1,0,0,0,0,0,0,1,0,0,1,0,0,0,1,0,1,0,0,0,0
-1.6655605642706561,1.3187170001193633,"4792.                 Having surveyed the scene of the accident: - The vehicle causing the accident was coming from the west to the east taking the direction leading to the street 21, the damaged was coming from the east to the west taking the second right lane, the driver of the causing ran the red light and crashed into the traffic pole and turned upside down, a child in the damaged car died and all passengers got mild to moderate injuries along with physical damages to the vehicles and the state-owned properties as illustrated in the chart.      ",1.0226501309346883,-0.4015453331379524,1.6339099169366647,0,1,0,1,0,0,0,0.11263408979845449,0,0,1,0,0,0,0,0,0,0,0,0,0,0,0,0,0,0,0,0,0,0,0,0,0,0,0,0,1,0,1,0,0,1,0,0,0,0,0,0,0,0,0,0,0,0,0,0,0,0,0,0,0,0,1,0,0,0,0,0,0,0,0,1,0,0,0,0,0,0,0,0,1,0,0,0,0,0,0,0,0,0,0,1,0,0,0,0,0,1,0,1,0,0,0,0,0,1,0,1,0,0,0,0
1.1544070357337486,1.3187170001193633,"4793.                 Having surveyed the scene of the accident: - The vehicle causing the accident was coming from the west to the east taking the direction leading to the street 21, the damaged was coming from the east to the west taking the second right lane, the driver of the causing ran the red light and crashed into the traffic pole and turned upside down, a child in the damaged car died and all passengers got mild to moderate injuries along with physical damages to the vehicles and the state-owned properties as illustrated in the chart.      ",1.0226501309346883,-0.4015453331379524,1.6339099169366647,0,1,0,1,0,0,0,0.11263408979845449,0,0,1,0,0,0,0,0,0,0,0,0,0,0,0,0,0,0,0,0,0,0,0,0,0,0,0,0,1,0,1,0,0,1,0,0,0,0,0,0,0,0,0,0,0,0,0,0,0,0,0,0,0,0,1,0,0,0,0,0,0,0,0,1,0,0,0,0,0,0,0,0,1,0,0,0,0,0,0,0,0,0,0,1,0,0,0,0,0,0,1,0,1,0,0,0,1,0,0,0,1,0,0,0
0.9415792923371898,1.3187170001193633,"4794.                 Having surveyed the scene of the accident: - The vehicle causing the accident was coming from the west to the east taking the direction leading to the street 21, the damaged was coming from the east to the west taking the second right lane, the driver of the causing ran the red light and crashed into the traffic pole and turned upside down, a child in the damaged car died and all passengers got mild to moderate injuries along with physical damages to the vehicles and the state-owned properties as illustrated in the chart.      ",1.0226501309346883,-0.4015453331379524,1.6339099169366647,1,0,0,1,0,0,0,0.11263408979845449,0,0,1,0,0,0,0,0,0,0,0,0,0,0,0,0,0,0,0,0,0,0,0,0,0,0,0,0,1,0,1,0,0,1,0,0,0,0,0,0,0,0,0,0,0,0,0,0,0,0,0,0,0,0,1,0,0,0,0,0,0,0,0,1,0,0,0,0,0,0,0,0,1,0,0,0,0,0,0,0,0,0,0,1,0,0,0,0,0,0,1,0,0,1,0,0,0,1,0,0,1,0,0,0
-1.2399050774775384,1.3187170001193633,"4795.                 Having surveyed the scene of the accident: - The vehicle causing the accident was coming from the west to the east taking the direction leading to the street 21, the damaged was coming from the east to the west taking the second right lane, the driver of the causing ran the red light and crashed into the traffic pole and turned upside down, a child in the damaged car died and all passengers got mild to moderate injuries along with physical damages to the vehicles and the state-owned properties as illustrated in the chart.      ",1.0226501309346883,-0.4015453331379524,1.6339099169366647,0,1,0,1,0,0,0,0.11263408979845449,0,0,1,0,0,0,0,0,0,0,0,0,0,0,0,0,0,0,0,0,0,0,0,0,0,0,0,0,1,0,1,0,0,1,0,0,0,0,0,0,0,0,0,0,0,0,0,0,0,0,0,0,0,0,1,0,0,0,0,0,0,0,0,1,0,0,0,0,0,0,0,0,1,0,0,0,0,0,0,0,0,0,0,1,0,0,0,0,0,1,0,1,0,0,0,0,0,1,0,0,1,0,0,0
0.19668219044923382,1.3187170001193633,"4796.                 Having surveyed the scene of the accident: - The vehicle causing the accident was coming from the west to the east taking the direction leading to the street 21, the damaged was coming from the east to the west taking the second right lane, the driver of the causing ran the red light and crashed into the traffic pole and turned upside down, a child in the damaged car died and all passengers got mild to moderate injuries along with physical damages to the vehicles and the state-owned properties as illustrated in the chart.      ",1.0226501309346883,-0.4015453331379524,1.6339099169366647,0,1,0,1,0,0,0,0.11263408979845449,0,0,1,0,0,0,0,0,0,0,0,0,0,0,0,0,0,0,0,0,0,0,0,0,0,0,0,0,1,0,1,0,0,1,0,0,0,0,0,0,0,0,0,0,0,0,0,0,0,0,0,0,0,0,1,0,0,0,0,0,0,0,0,1,0,0,0,0,0,0,0,0,1,0,0,0,0,0,0,0,0,0,0,1,0,0,0,0,0,0,1,0,1,0,0,0,1,0,0,1,0,0,0,0
-0.2289732963438839,1.0169085177292567,"4797.                 Having surveyed the scene of the accident: - The vehicle causing the accident was coming from the west to the east taking the middle lane, the damaged was coming from the south to the north, the driver of the causing ran the red light and crashed into the left side of the damaged as illustrated in the chart.      ",-0.19746179160121255,-0.4015453331379524,0.6331117943832852,1,0,0,1,0,0,0,0.11598309118951683,0,0,1,0,0,0,0,0,0,0,0,0,0,0,0,0,0,0,0,0,0,0,0,0,0,0,0,1,0,0,1,0,0,0,0,1,0,0,0,0,0,0,0,0,0,0,0,0,0,0,0,0,0,0,1,0,0,0,0,0,0,0,0,1,0,0,0,0,0,0,0,0,1,0,0,0,0,0,0,0,0,0,0,1,0,0,0,0,0,0,1,0,1,0,0,0,1,0,0,0,0,0,0,1
-0.28218023219302363,0.6876629005764132,"4798.                 Having surveyed the scene of the accident: - The vehicle causing the accident was coming from the east to the west taking the left lane, the damaged was coming from the north to the south, the driver of the causing ran the red light and crashed into the left side of the damaged, both vehicles turned around and stopped in the middle of the road as illustrated in the chart.      ",-0.19746179160121255,-0.4015453331379524,-1.3684844507234735,1,0,0,1,0,0,0,0.11933209258057918,0,0,1,0,0,0,0,0,0,0,0,0,0,0,0,0,0,0,0,0,0,0,0,0,0,0,0,1,0,0,1,0,0,0,0,0,0,0,1,0,0,0,0,0,0,0,0,0,0,0,0,0,1,0,0,0,0,0,0,0,0,0,0,0,1,0,0,0,1,0,0,0,0,0,0,0,0,0,0,0,0,0,0,1,0,0,0,0,0,0,1,0,0,1,0,0,0,1,0,1,0,0,0,0
-0.2289732963438839,0.6876629005764132,"4799.                 Having surveyed the scene of the accident: - The vehicle causing the accident was coming from the east to the west taking the left lane, the damaged was coming from the north to the south, the driver of the causing ran the red light and crashed into the left side of the damaged, both vehicles turned around and stopped in the middle of the road as illustrated in the chart.      ",-0.19746179160121255,-0.4015453331379524,-1.3684844507234735,1,0,0,1,0,0,0,0.11933209258057918,0,0,1,0,0,0,0,0,0,0,0,0,0,0,0,0,0,0,0,0,0,0,0,0,0,0,0,1,0,0,1,0,0,0,0,0,0,0,1,0,0,0,0,0,0,0,0,0,0,0,0,0,1,0,0,0,0,0,0,0,0,0,0,0,1,0,0,0,1,0,0,0,0,0,0,0,0,0,0,0,0,0,0,1,0,0,0,0,0,0,1,0,1,0,0,0,1,0,0,1,0,0,0,0
-0.06935248879646476,0.6876629005764132,"4800.                 Having surveyed the scene of the accident: - The vehicle causing the accident was coming from the east to the west taking the left lane, the damaged was coming from the north to the south, the driver of the causing ran the red light and crashed into the left side of the damaged, both vehicles turned around and stopped in the middle of the road as illustrated in the chart.      ",-0.19746179160121255,-0.4015453331379524,-1.3684844507234735,0,1,0,1,0,0,0,0.11933209258057918,0,0,1,0,0,0,0,0,0,0,0,0,0,0,0,0,0,0,0,0,0,0,0,0,0,0,0,1,0,0,1,0,0,0,0,0,0,0,1,0,0,0,0,0,0,0,0,0,0,0,0,0,1,0,0,0,0,0,0,0,0,0,0,0,1,0,0,0,1,0,0,0,0,0,0,0,0,0,0,0,0,0,0,1,0,0,0,0,0,0,1,0,1,0,0,0,1,0,0,1,0,0,0,0
-0.9206634623827001,-0.944846617806436,"4801.                 Having surveyed the scene of the accident: - a biker drove in the parking lots of some residential areas, he exceeded the speed and lost control, he fell to the ground and the bike slipped 23 meters away, the biker seriously injured and taken to the hospital as illustrated in the chart.      ",-1.4175737141371132,-0.4015453331379524,-2.3692825732768528,0,1,0,1,0,0,0,0.226193692522843,0,0,0,0,0,0,0,0,0,0,0,0,0,0,0,0,0,0,0,0,0,1,0,0,0,0,0,1,0,0,1,0,0,0,0,0,0,0,0,0,0,0,1,0,0,0,0,0,0,0,0,1,0,0,0,0,0,0,0,0,0,0,0,1,0,0,0,0,0,0,0,1,0,0,0,0,0,0,0,0,0,0,0,0,0,0,0,0,1,1,0,0,1,0,0,0,1,0,0,0,0,0,0,1
-0.12255942464560447,-0.5881638658908555,"4802.                 Having surveyed the scene of the accident: - The vehicle causing the accident was coming from the west to the south taking the far left lane, the driver was intoxicated, the vehicle crashed into the pavement of the island and the roundabout’s pavement as illustrated in the chart.      ",1.0226501309346883,-0.4015453331379524,-0.3676863281700941,1,0,0,1,0,0,0,0.2080040183007985,0,0,0,0,0,0,0,0,0,0,0,0,0,0,0,0,0,0,0,0,0,0,0,0,0,1,0,1,0,0,1,0,0,0,0,0,0,0,0,0,0,0,1,0,0,0,0,0,0,0,0,0,0,0,0,0,1,0,0,0,0,0,0,1,0,0,0,0,0,0,0,0,0,1,0,0,0,0,0,0,1,0,0,0,0,0,0,0,0,1,0,0,0,1,0,0,0,1,0,0,1,0,0,0
0.24988912629837354,-0.5881638658908555,"4803.                 Having surveyed the scene of the accident: - The vehicle causing the accident was coming from the west to the south taking the far left lane, the driver was intoxicated, the vehicle crashed into the pavement of the island and the roundabout’s pavement as illustrated in the chart.      ",1.0226501309346883,-0.4015453331379524,-0.3676863281700941,1,0,0,1,0,0,0,0.2080040183007985,0,0,0,0,0,0,0,0,0,0,0,0,0,0,0,0,0,0,0,0,0,0,0,0,0,1,0,1,0,0,1,0,0,0,0,0,0,0,0,0,0,0,1,0,0,0,0,0,0,0,0,0,0,0,0,0,1,0,0,0,0,0,0,1,0,0,0,0,0,0,0,0,0,1,0,0,0,0,0,0,1,0,0,0,0,0,0,0,0,0,1,1,0,0,0,0,0,1,0,0,1,0,0,0
-0.12255942464560447,-0.8350980787554881,"4804.                 Having surveyed the scene of the accident: - The vehicle causing the accident was coming from the south to the north, the damaged vehicle was coming from the south to the north crashing into the right side of the other as illustrated in the chart.      ",-0.19746179160121255,2.490378837640347,-2.3692825732768528,0,1,0,1,0,0,0,0.226631470482459,0,0,0,0,0,0,0,0,0,0,0,0,0,1,0,0,0,0,0,0,0,0,0,0,0,0,0,0,1,0,1,0,0,0,0,0,0,0,0,0,0,0,1,0,0,0,0,0,0,0,0,0,1,0,0,0,0,0,0,0,0,0,0,0,1,0,0,0,0,0,0,1,0,0,0,0,0,0,0,0,0,0,0,0,1,0,0,0,0,1,0,0,1,0,0,0,1,0,0,0,0,0,1,0
0.8351654206389104,-0.972283752569173,"4805.                 Having surveyed the scene of the accident: - The vehicle causing the accident coming from the west to the east taking the second right lane, the damaged vehicle was coming from the east to the west, the two arrived the intersection without respecting the traffic rules, then the accident happened, the causing hit the right side of the other, the passenger of the latter injured along with physical damages to the vehicle as illustrated in the chart. ",-0.19746179160121255,-0.4015453331379524,0.6331117943832852,0,1,0,1,0,0,0,0.32918095752250526,0,0,1,0,0,0,0,0,0,0,0,0,0,0,0,0,0,0,0,0,0,0,0,0,0,0,0,1,0,0,1,0,0,1,0,0,0,0,0,0,0,0,0,0,0,0,0,0,0,0,0,0,0,0,1,0,0,0,0,0,0,0,0,1,0,0,0,0,0,0,0,0,1,0,0,0,0,0,0,0,0,0,0,1,0,0,0,0,0,0,1,0,0,1,0,0,0,1,0,0,1,0,0,0
-0.016145552947325045,-0.972283752569173,"4806.                 Having surveyed the scene of the accident: - The two vehicles were coming from the north to the south taking the middle lane, the damaged vehicle was ahead of the causing, before arriving the speed bump, the driver of the damaged slowed down, due to the lack of enough space he hit the rear part of the other, a passenger injured along with physical damages to the vehicles as illustrated in the chart.",-0.19746179160121255,-0.4015453331379524,-0.3676863281700941,0,1,0,1,0,0,0,0.4366882799552027,0,0,0,0,0,0,0,0,0,0,0,0,0,0,0,0,0,0,1,0,0,0,0,0,0,0,0,1,0,0,1,0,0,0,0,0,0,0,0,0,0,0,1,0,0,0,0,0,0,0,0,0,1,0,0,0,0,0,0,0,0,0,0,0,1,0,0,0,0,1,0,0,0,0,0,0,0,0,0,0,0,0,0,0,0,1,0,0,0,1,0,1,0,0,0,0,0,1,0,0,1,0,0,0
-0.28218023219302363,0.5504772267627285,"4807.                 Having surveyed the scene of the accident: - The vehicle causing the accident coming from the north to the south taking the second left lane, the damaged vehicles were coming from the south to the north, the first took the right lane, the second lane, the third took the middle lane, the causing ran the red light and hit the left side of the first, the latter turned back by the power of the collusion and hit a traffic sign …… as illustrated in the chart.",-0.19746179160121255,-0.4015453331379524,0.6331117943832852,0,1,0,1,0,0,0,0.6673863202238405,0,0,1,0,0,0,0,0,0,0,0,0,0,0,0,0,0,0,0,0,0,0,0,0,0,0,0,1,0,0,1,0,0,1,0,0,0,0,0,0,0,0,0,0,0,0,0,0,0,0,0,0,0,0,1,0,0,0,0,0,0,0,0,0,1,0,0,1,0,0,0,0,0,0,0,0,0,0,0,0,0,0,0,1,0,0,0,0,0,1,0,1,0,0,0,0,0,1,0,1,0,0,0,0
0.19668219044923382,0.5504772267627285,"4808.                 Having surveyed the scene of the accident: - The vehicle causing the accident coming from the north to the south taking the second left lane, the damaged vehicles were coming from the south to the north, the first took the right lane, the second lane, the third took the middle lane, the causing ran the red light and hit the left side of the first, the latter turned back by the power of the collusion and hit a traffic sign …… as illustrated in the chart.",-0.19746179160121255,-0.4015453331379524,0.6331117943832852,0,1,0,1,0,0,0,0.6673863202238405,0,0,1,0,0,0,0,0,0,0,0,0,0,0,0,0,0,0,0,0,0,0,0,0,0,0,0,1,0,0,1,0,0,1,0,0,0,0,0,0,0,0,0,0,0,0,0,0,0,0,0,0,0,0,1,0,0,0,0,0,0,0,0,0,1,0,0,1,0,0,0,0,0,0,0,0,0,0,0,0,0,0,0,1,0,0,0,0,0,1,0,1,0,0,0,0,0,1,0,1,0,0,0,0
-0.28218023219302363,0.5504772267627285,"4809.                 Having surveyed the scene of the accident: - The vehicle causing the accident coming from the north to the south taking the second left lane, the damaged vehicles were coming from the south to the north, the first took the right lane, the second lane, the third took the middle lane, the causing ran the red light and hit the left side of the first, the latter turned back by the power of the collusion and hit a traffic sign …… as illustrated in the chart.",-0.19746179160121255,-0.4015453331379524,0.6331117943832852,0,1,0,1,0,0,0,0.6673863202238405,0,0,1,0,0,0,0,0,0,0,0,0,0,0,0,0,0,0,0,0,0,0,0,0,0,0,0,1,0,0,1,0,0,1,0,0,0,0,0,0,0,0,0,0,0,0,0,0,0,0,0,0,0,0,1,0,0,0,0,0,0,0,0,0,1,0,0,1,0,0,0,0,0,0,0,0,0,0,0,0,0,0,0,1,0,0,0,0,0,1,0,1,0,0,0,0,0,1,0,1,0,0,0,0
1.6332694583760061,1.222687028449784,"4810.                 Having surveyed the scene of the accident: - The vehicle causing the accident was coming from the east to the west, the damaged vehicle was coming from the west to the east, once both arrived the intersection, a driver ran the red light crashing into the right side of the other as illustrated in the chart.      ",-0.19746179160121255,-0.4015453331379524,0.6331117943832852,0,1,0,1,0,0,0,0.770680029795234,0,0,1,0,0,0,0,0,0,0,0,0,0,0,0,0,0,0,0,0,0,0,0,0,0,0,0,0,1,1,0,0,0,1,0,0,0,0,0,0,0,0,0,0,0,0,0,0,0,0,0,0,0,0,1,0,0,0,0,0,0,0,0,1,0,0,0,0,0,0,0,0,1,0,0,0,0,0,0,0,0,0,0,1,0,0,0,0,0,0,1,0,0,1,0,0,0,1,0,0,0,0,0,1
0.09026831875095438,1.222687028449784,"4811.                 Having surveyed the scene of the accident: - The vehicle causing the accident was coming from the east to the west, the damaged vehicle was coming from the west to the east, once both arrived the intersection, a driver ran the red light crashing into the right side of the other as illustrated in the chart.      ",-0.19746179160121255,-0.4015453331379524,0.6331117943832852,1,0,0,1,0,0,0,0.770680029795234,0,0,1,0,0,0,0,0,0,0,0,0,0,0,0,0,0,0,0,0,0,0,0,0,0,0,0,0,1,1,0,0,0,1,0,0,0,0,0,0,0,0,0,0,0,0,0,0,0,0,0,0,0,0,1,0,0,0,0,0,0,0,0,1,0,0,0,0,0,0,0,0,1,0,0,0,0,0,0,0,0,0,0,1,0,0,0,0,0,0,1,0,1,0,0,0,1,0,0,0,1,0,0,0
-0.12255942464560447,0.6327886310509393,"4812.                 Having surveyed the scene of the accident: - The vehicle causing the accident was coming from the south to the north, the damaged vehicle was coming from the west to the east, the latter ran the red light crashing into the front left door of the other as illustrated in the chart.      ",-0.19746179160121255,-0.4015453331379524,-0.3676863281700941,0,1,0,1,0,0,0,0.7750796982893746,0,0,1,0,0,0,0,0,0,0,0,0,0,0,0,0,0,0,0,0,0,0,0,0,0,0,0,1,0,0,1,0,0,0,0,1,0,0,0,0,0,0,0,0,0,0,0,0,0,0,0,0,0,0,1,0,0,0,0,0,0,0,0,0,1,0,0,0,0,0,0,0,1,0,0,0,0,0,0,0,0,0,0,1,0,0,0,0,0,1,0,0,1,0,0,0,1,0,0,1,0,0,0,0
-0.7078357189861413,-0.944846617806436,"4813.                 Having surveyed the scene of the accident: - The vehicle causing the accident was coming from the west to the east taking the second left lane, due to the exceed speed, it swerved off and bumped into the side right pavement, it climbed to a sandy area, it flipped over 44 meters long, the driver jumped off, it kept rolling until it reached the sea water, inside which there were two passengers, the driver died and another passenger died, the other passenger got moderate injury, along with physical damages to the vehicles as illustrated in the chart.  ",2.2427620534705888,-0.4015453331379524,0.6331117943832852,0,1,0,1,0,0,0,0.8637078462136324,0,0,0,0,0,0,0,0,0,0,0,0,0,0,0,0,0,0,0,0,0,1,0,0,0,0,0,1,0,0,1,0,0,0,0,1,0,0,0,0,0,0,0,0,0,0,0,0,0,0,0,0,1,0,0,0,0,0,0,0,0,0,0,0,1,0,0,0,0,1,0,0,0,0,0,0,0,0,0,0,0,0,0,0,0,0,0,0,1,1,0,0,0,1,0,0,0,1,0,0,0,0,0,1
-0.9206634623827001,-0.944846617806436,"4814.                 Having surveyed the scene of the accident: - The vehicle causing the accident was coming from the west to the east taking the second left lane, due to the exceed speed, it swerved off and bumped into the side right pavement, it climbed to a sandy area, it flipped over 44 meters long, the driver jumped off, it kept rolling until it reached the sea water, inside which there were two passengers, the driver died and another passenger died, the other passenger got moderate injury, along with physical damages to the vehicles as illustrated in the chart.  ",2.2427620534705888,-0.4015453331379524,0.6331117943832852,0,1,0,1,0,0,0,0.8637078462136324,0,0,0,0,0,0,0,0,0,0,0,0,0,0,0,0,0,0,0,0,0,1,0,0,0,0,0,1,0,0,1,0,0,0,0,1,0,0,0,0,0,0,0,0,0,0,0,0,0,0,0,0,1,0,0,0,0,0,0,0,0,0,0,0,1,0,0,0,0,1,0,0,0,0,0,0,0,0,0,0,0,0,0,0,0,0,0,0,1,0,1,1,0,0,0,0,0,1,0,0,0,0,0,1
-0.6014218472878619,-0.944846617806436,"4815.                 Having surveyed the scene of the accident: - The vehicle causing the accident was coming from the west to the east taking the second left lane, due to the exceed speed, it swerved off and bumped into the side right pavement, it climbed to a sandy area, it flipped over 44 meters long, the driver jumped off, it kept rolling until it reached the sea water, inside which there were two passengers, the driver died and another passenger died, the other passenger got moderate injury, along with physical damages to the vehicles as illustrated in the chart.  ",2.2427620534705888,-0.4015453331379524,0.6331117943832852,0,1,0,1,0,0,0,0.8637078462136324,0,0,0,0,0,0,0,0,0,0,0,0,0,0,0,0,0,0,0,0,0,1,0,0,0,0,0,1,0,0,1,0,0,0,0,1,0,0,0,0,0,0,0,0,0,0,0,0,0,0,0,0,1,0,0,0,0,0,0,0,0,0,0,0,1,0,0,0,0,1,0,0,0,0,0,0,0,0,0,0,0,0,0,0,0,0,0,0,1,1,0,0,1,0,0,0,1,0,0,0,1,0,0,0
0.03706138290181467,-0.9860023199505414,"4816.                 Having surveyed the scene of the accident: - The vehicle causing the accident was coming from the west to the east taking the left lane, the victim was crossing from the north to the south from a point not designated for the pedestrians, the driver surprised and hit the victim who flew up 10 meters long as illustrated in the chart.  ",-0.19746179160121255,2.490378837640347,0.6331117943832852,0,1,0,1,0,0,0,0.884283410315584,0,0,0,0,0,0,0,0,0,0,0,0,0,1,0,0,0,0,0,0,0,0,0,0,0,0,0,0,1,0,1,0,0,0,0,1,0,0,0,0,0,0,0,0,0,0,0,0,0,0,0,0,1,0,0,0,0,0,0,0,0,0,0,0,1,0,0,0,0,0,0,0,0,0,1,0,0,0,0,0,0,0,0,0,1,0,0,0,0,1,0,0,0,0,1,0,0,0,1,0,1,0,0,0
-0.38859410389130306,-0.9997208873319099,"4817.                 Having surveyed the scene of the accident: - The vehicle causing the accident was coming from the north to the south, the victim was crossing from the north to the west taking the pedestrians line, the driver neglected the rules and hot the right side of the victim, who got injured and fell to the ground, he was taken to the hospital, the vehicle had physical damages as illustrated in the chart.  ",-1.4175737141371132,2.490378837640347,-0.0073990040508776864,0,1,0,1,0,0,0,0.9905540100123663,0,0,0,0,0,0,0,0,0,0,0,0,0,0,0,0,1,0,0,0,0,0,0,0,0,0,0,0,1,0,1,0,0,1,0,0,0,0,0,0,0,0,0,0,0,0,0,0,0,0,0,1,0,0,0,0,0,0,0,0,0,0,0,1,0,0,0,0,0,0,1,0,0,0,0,0,0,0,0,0,0,0,0,0,1,0,0,0,0,1,0,0,0,0,1,0,0,0,1,1,0,0,0,0