Age of the injured,Str Code,Accident Description,Road speed limit,Pedestrian action,Number of Lanes,Gender_F,Gender_M,Week_Fifth week,Week_First week,Week_Fourth week,Week_Second week,Week_Third week,Date_time,Reasons__??? ????? ?????? ?????? ???? ????? ??? ???? ???????,Reasons__???? ?? ??????? (???),Reasons__Bypassing the red traffic light,Reasons__Driving back without attention,Reasons__Driving back without traffic clearance,Reasons__Driving in the opposite direction,Reasons__Entering main road without traffic clearance,Reasons__Exceeding speed limit,Reasons__Fatigue and drowsiness,Reasons__Faults in the road,Reasons__Ignoring road lane,Reasons__Ignoring traffic lights,Reasons__Lack of driving awareness,Reasons__Misuse of traffic,Reasons__Negligence and inobservance,Reasons__Negligent driving,Reasons__Not giving priority to pedestrian crossing,Reasons__Not giving way / not giving priority,Reasons__Not leaving enough space,Reasons__Not observing the stop sign,Reasons__Not securing vehicle stability while stopping,Reasons__Speedy without taking road conditions into account,Reasons__Sudden deviation,Reasons__Sudden stop,Reasons__Tyre burst,Reasons__under influence of intoxicant or narcotic drug,__Al Madina Police Station,__Khaldiya Police Station,__Shaabiya Police Station,Streetname_Intersection,Streetname_Street,place__Bridge / Tunnel,place__Coastal area,place__Commercial area,place__Fuel Station,place__Govt. authority,place__Hospital,place__Island,place__Mosque,place__One level intersection,place__Other,place__Park,place__Residential area,place__Sand area,place__School,place__Work area,place__external road,place__unknown,location__ ,location__Bridge,location__Bridge /  Tunnel,location__Car parking,location__Double road,location__Highway,location__Intersection,location__Off the road,location__Other(specify),location__Roundabout,location__Side parking,location__Single road,location__Tunnel,location__Two-way road,location__Unknown,lighting__day,lighting__night - enough lights,lighting__night - weak lights,intersection__Deviated intersection,intersection__Half Perpendicular Intersection,intersection__Multiple leg Intersection,intersection__Not on Intersection,intersection__Not on or around 20 meters,intersection__Other,intersection__Perpendicular Intersection,intersection__Roundabout,intersection__Turn ,accidentype__Collision while turning,accidentype__Fall,accidentype__Hitting a moving object off the road,accidentype__Hitting a moving object on the road,accidentype__Hitting a stationary object off the road,accidentype__Hitting a stationary object on the road,accidentype__Multiple collision,accidentype__Other (specify),accidentype__Perpendicular collision,accidentype__Person run over,accidentype__Rear collision,accidentype__Reciprocal collision,accidentype__Side collision,accidentype__deterioration,seat belt_N,seat belt_Y,seat_Back passenger seat,seat_Driver's seat,seat_Front passenger seat,seat_No passenger,seat_bike passenger,position_Driver,position_Passenger,position_Pedestrian,nationality_Arab States,nationality_Asian States,nationality_GCC,nationality_Other,nationality_UAE
-0.2289732963438839,-0.7665052418486458,"4818.                 Having surveyed the scene of the accident: - The vehicles were heading from the south to the north, one vehicle jumped from the middle lane to the left, the driver of the damaged tried to avoid bumping, it swerved to the right and hit the pole and another vehicle, some parts of the first damaged flown and fell on the second one as illustrated in the chart. The main reason of the accident was the failure of the driver to respect the lane because he changed the route from the middle into the left without checking the traffic condition.      ",-0.19746179160121255,-0.4015453331379524,-0.3676863281700941,1,0,0,1,0,0,0,1.0834067152469182,0,0,0,0,0,0,0,0,0,0,1,0,0,0,0,0,0,0,0,0,0,0,0,0,0,0,1,0,0,0,1,0,0,1,0,0,0,0,0,0,0,0,0,0,0,0,0,0,0,0,0,0,0,0,1,0,0,0,0,0,0,0,0,0,1,0,0,1,0,0,0,0,0,0,0,0,0,0,0,0,1,0,0,0,0,0,0,0,0,0,1,0,1,0,0,0,1,0,0,0,0,0,0,1
-0.12255942464560447,1.2638427305938895,"4819.                 Having surveyed the scene of the accident: - The two vehicles were heading from the west to the east taking the middle lane, due to the little distance, a driver hit the rear part of the other as illustrated in the chart.      ",-0.19746179160121255,-0.4015453331379524,0.6331117943832852,0,1,0,1,0,0,0,1.0908051627644286,0,0,0,0,0,0,0,0,0,0,0,0,0,0,0,0,0,0,1,0,0,0,0,0,0,0,0,1,0,0,1,0,0,0,0,0,0,0,0,0,0,0,1,0,0,0,0,0,0,0,0,0,0,0,1,0,0,0,0,0,0,0,0,1,0,0,0,0,0,0,0,0,1,0,0,0,0,0,0,0,0,0,0,0,0,1,0,0,0,1,0,1,0,0,0,0,0,1,0,0,1,0,0,0
0.3030960621475132,1.2638427305938895,"4820.                 Having surveyed the scene of the accident: - The two vehicles were heading from the west to the east taking the middle lane, due to the little distance, a driver hit the rear part of the other as illustrated in the chart.      ",-0.19746179160121255,-0.4015453331379524,0.6331117943832852,0,1,0,1,0,0,0,1.0908051627644286,0,0,0,0,0,0,0,0,0,0,0,0,0,0,0,0,0,0,1,0,0,0,0,0,0,0,0,1,0,0,1,0,0,0,0,0,0,0,0,0,0,0,1,0,0,0,0,0,0,0,0,0,0,0,1,0,0,0,0,0,0,0,0,1,0,0,0,0,0,0,0,0,1,0,0,0,0,0,0,0,0,0,0,0,0,1,0,0,0,1,0,1,0,0,0,0,0,1,0,0,1,0,0,0
-0.28218023219302363,0.19379447484714793,"4821.                 Having surveyed the scene of the accident: - The vehicle causing the accident was coming from the east to the west taking the second left lane, due to the exceed speed limits, the driver lost control and crashed into the plastic barrier and the pavement, then it kept moving crashing into the concrete base and the electric transformer as illustrated in the chart.      ",-0.19746179160121255,-0.4015453331379524,0.6331117943832852,0,1,0,1,0,0,0,1.2113582683936825,0,0,0,0,0,0,0,0,0,0,0,0,0,0,0,0,0,0,0,0,0,1,0,0,0,0,1,0,0,0,1,0,0,0,0,0,0,0,0,0,0,0,1,0,0,0,0,0,0,0,0,0,0,0,1,0,0,0,0,0,0,0,0,0,1,0,0,0,0,0,0,0,1,0,0,0,0,0,0,0,1,0,0,0,0,0,0,0,0,0,1,0,0,1,0,0,0,1,0,0,0,1,0,0
-0.6014218472878619,0.19379447484714793,"4822.                 Having surveyed the scene of the accident: - The vehicle causing the accident was coming from the east to the west taking the second left lane, due to the exceed speed limits, the driver lost control and crashed into the plastic barrier and the pavement, then it kept moving crashing into the concrete base and the electric transformer as illustrated in the chart.      ",-0.19746179160121255,-0.4015453331379524,0.6331117943832852,0,1,0,1,0,0,0,1.2113582683936825,0,0,0,0,0,0,0,0,0,0,0,0,0,0,0,0,0,0,0,0,0,1,0,0,0,0,1,0,0,0,1,0,0,0,0,0,0,0,0,0,0,0,1,0,0,0,0,0,0,0,0,0,0,0,1,0,0,0,0,0,0,0,0,0,1,0,0,0,0,0,0,0,1,0,0,0,0,0,0,0,1,0,0,0,0,0,0,0,0,0,1,0,1,0,0,0,1,0,0,1,0,0,0,0
0.9415792923371898,0.2212316096098849,"4823.                 Having surveyed the scene of the accident: - The vehicle causing the accident was coming from the south to the north, the damaged vehicle was coming from the west to the east, the latter ran the red light crashing into the rear right part of the other, the driver of the causing got injured along with physical damages to the vehicles as illustrated in the chart.      ",-0.19746179160121255,-0.4015453331379524,-0.3676863281700941,0,1,0,1,0,0,0,1.4185366877819512,0,0,1,0,0,0,0,0,0,0,0,0,0,0,0,0,0,0,0,0,0,0,0,0,0,0,1,0,0,0,1,0,0,1,0,0,0,0,0,0,0,0,0,0,0,0,0,0,0,0,0,0,0,0,1,0,0,0,0,0,0,0,0,1,0,0,0,1,0,0,0,0,0,0,0,0,0,0,0,0,0,0,0,1,0,0,0,0,0,0,1,0,1,0,0,0,1,0,0,1,0,0,0,0
1.3140278432811678,0.08404593579620008,"4824.                 Having surveyed the scene of the accident: - The vehicle causing the accident was at a side parking, out of focus the driver moved back, he hit a person coming behind, the victim got injured and taken to the hospital as illustrated in the chart.      ",-1.4175737141371132,2.490378837640347,-0.0073990040508776864,1,0,0,1,0,0,0,1.428386691873311,0,0,0,0,1,0,0,0,0,0,0,0,0,0,0,0,0,0,0,0,0,0,0,0,0,0,0,1,0,0,1,0,0,1,0,0,0,0,0,0,0,0,0,0,0,0,0,0,0,0,0,1,0,0,0,0,0,0,0,0,0,0,0,1,0,0,0,0,0,0,1,0,0,0,0,0,0,0,0,0,0,0,0,0,1,0,0,0,0,1,0,0,0,0,1,0,0,0,1,0,1,0,0,0
0.3030960621475132,1.3187170001193633,"4825.                 Having surveyed the scene of the accident: - The vehicle causing the accident was coming from the west to the north, the first and second damaged vehicles were coming from the same direction, a driver ran the red light crashing into the rear right part of the first, the latter hit the second, all vehicles got physical damages as illustrated in the chart.      ",1.0226501309346883,-0.4015453331379524,0.6331117943832852,0,1,0,1,0,0,0,1.4239104122362374,0,0,1,0,0,0,0,0,0,0,0,0,0,0,0,0,0,0,0,0,0,0,0,0,0,0,0,0,1,0,1,0,0,0,0,0,0,0,0,0,0,0,0,0,1,0,0,0,0,0,0,0,0,0,1,0,0,0,0,0,0,0,0,1,0,0,0,0,0,0,0,0,1,0,0,0,0,0,0,0,0,0,0,1,0,0,0,0,0,0,1,0,1,0,0,0,1,0,0,1,0,0,0,0
0.46271686969493236,1.4833398086957852,"4826.                 Having surveyed the scene of the accident: - The vehicle causing the accident was coming from the east to the west, the damaged vehicle was coming from the north to the west, the latter ran the red light crashing into the front left part of the other as illustrated in the chart.      ",-0.19746179160121255,-0.4015453331379524,0.6331117943832852,1,0,0,1,0,0,0,1.4289886365677829,0,0,1,0,0,0,0,0,0,0,0,0,0,0,0,0,0,0,0,0,0,0,0,0,0,0,0,1,0,0,1,0,0,1,0,0,0,0,0,0,0,0,0,0,0,0,0,0,0,0,0,0,0,0,1,0,0,0,0,0,0,0,0,1,0,0,1,0,0,0,0,0,0,0,0,0,0,0,0,0,0,0,0,1,0,0,0,0,0,0,1,0,1,0,0,0,1,0,0,1,0,0,0,0
-1.718767500119796,-0.9860023199505414,"4827.                 Having surveyed the scene of the accident: - The vehicle causing the accident was coming from the west to the east, the damaged vehicle was coming from the south to the north, the latter ran the red light crashing into the front left part of the other as illustrated in the chart.      ",-0.19746179160121255,-0.4015453331379524,0.6331117943832852,1,0,0,1,0,0,0,1.5288020113602292,0,0,1,0,0,0,0,0,0,0,0,0,0,0,0,0,0,0,0,0,0,0,0,0,0,0,0,0,1,0,1,1,0,0,0,0,0,0,0,0,0,0,0,0,0,0,0,0,0,0,0,0,0,0,1,0,0,0,0,0,0,0,0,1,0,0,0,1,0,0,0,0,0,0,0,0,0,0,0,0,0,0,0,1,0,0,0,0,0,0,1,1,0,0,0,0,0,1,0,1,0,0,0,0
-0.06935248879646476,-0.9860023199505414,"4828.                 Having surveyed the scene of the accident: - The vehicle causing the accident was coming from the west to the east, the damaged vehicle was coming from the south to the north, the latter ran the red light crashing into the front left part of the other as illustrated in the chart.      ",-0.19746179160121255,-0.4015453331379524,0.6331117943832852,1,0,0,1,0,0,0,1.5288020113602292,0,0,1,0,0,0,0,0,0,0,0,0,0,0,0,0,0,0,0,0,0,0,0,0,0,0,0,0,1,0,1,1,0,0,0,0,0,0,0,0,0,0,0,0,0,0,0,0,0,0,0,0,0,0,1,0,0,0,0,0,0,0,0,1,0,0,0,1,0,0,0,0,0,0,0,0,0,0,0,0,0,0,0,1,0,0,0,0,0,0,1,0,1,0,0,0,1,0,0,1,0,0,0,0
-0.6014218472878619,0.5367586593813599,"4829.                 Having surveyed the scene of the accident: - The vehicle causing the accident was coming from the north to the south, the damaged vehicle was coming from the south to the north, the latter ran the red light crashing into the front right part of the other as illustrated in the chart.      ",-0.19746179160121255,-0.4015453331379524,-0.3676863281700941,0,1,0,1,0,0,0,1.5209220080871415,0,0,1,0,0,0,0,0,0,0,0,0,0,0,0,0,0,0,0,0,0,0,0,0,0,0,0,1,0,0,1,0,0,1,0,0,0,0,0,0,0,0,0,0,0,0,0,0,0,0,0,0,0,0,1,0,0,0,0,0,0,0,0,0,1,0,0,1,0,0,0,0,0,0,0,0,0,0,0,0,0,0,0,1,0,0,0,0,0,1,0,0,0,0,0,1,0,1,0,0,1,0,0,0
0.1434752546000941,0.5367586593813599,"4830.                 Having surveyed the scene of the accident: - The vehicle causing the accident was coming from the north to the south, the damaged vehicle was coming from the south to the north, the latter ran the red light crashing into the front right part of the other as illustrated in the chart.      ",-0.19746179160121255,-0.4015453331379524,-0.3676863281700941,0,1,0,1,0,0,0,1.5209220080871415,0,0,1,0,0,0,0,0,0,0,0,0,0,0,0,0,0,0,0,0,0,0,0,0,0,0,0,1,0,0,1,0,0,1,0,0,0,0,0,0,0,0,0,0,0,0,0,0,0,0,0,0,0,0,1,0,0,0,0,0,0,0,0,0,1,0,0,1,0,0,0,0,0,0,0,0,0,0,0,0,0,0,0,1,0,0,0,0,0,1,0,0,1,0,0,0,1,0,0,0,1,0,0,0
-0.12255942464560447,-0.9860023199505414,"4831.                 Having surveyed the scene of the accident: - The vehicle causing the accident was coming from the south to the north, it swerved off hitting the pavement and the surveillance camera post, the vehicle was totally destructed and the driver badly injured as illustrated in the chart.      ",2.2427620534705888,-0.4015453331379524,0.6331117943832852,0,1,0,1,0,0,0,1.5234939535998855,0,0,0,0,0,0,0,0,0,0,0,0,0,0,0,0,0,0,0,0,0,0,0,0,0,1,0,0,1,0,1,0,0,0,0,0,0,0,0,0,0,0,1,0,0,0,0,0,0,0,0,0,1,0,0,0,0,0,0,0,0,0,0,0,1,0,0,0,0,1,0,0,0,0,0,0,0,0,0,1,0,0,0,0,0,0,0,0,0,0,1,0,1,0,0,0,1,0,0,1,0,0,0,0
-0.6546287831370016,1.222687028449784,"4832.                 Having surveyed the scene of the accident: - The vehicle causing the accident was coming from the west to the east, the damaged vehicle was coming from the east to the west, the latter ran the red light crashing into the front right part of the other as illustrated in the chart.      ",-0.19746179160121255,-0.4015453331379524,0.6331117943832852,1,0,0,1,0,0,0,1.541935350148709,0,0,1,0,0,0,0,0,0,0,0,0,0,0,0,0,0,0,0,0,0,0,0,0,0,0,0,0,1,1,0,0,0,1,0,0,0,0,0,0,0,0,0,0,0,0,0,0,0,0,0,0,0,0,1,0,0,0,0,0,0,0,0,0,1,0,0,0,0,0,0,0,1,0,0,0,0,0,0,0,0,0,0,1,0,0,0,0,0,0,1,0,0,1,0,0,0,1,0,1,0,0,0,0
0.03706138290181467,-0.944846617806436,"4833.                 Having surveyed the scene of the accident: - The vehicles causing the accidents were coming from the west to the east, the first was taking the fourth lane and the damaged vehicle was taking the third lane, the causing driver lost control and ran the red light crashing into the front left part of the other and the pavement, the driver got injured along with physical damages to the vehicles as illustrated in the chart.      ",2.2427620534705888,-0.4015453331379524,1.6339099169366647,0,1,0,1,0,0,0,1.6424053918805794,0,0,0,0,0,0,0,0,0,0,0,0,0,0,0,0,0,0,0,0,0,1,0,0,0,0,0,1,0,0,1,0,0,0,0,1,0,0,0,0,0,0,0,0,0,0,0,0,0,0,0,0,1,0,0,0,0,0,0,0,0,0,0,0,1,0,0,0,0,1,0,0,0,0,0,0,0,0,0,0,0,0,0,1,0,0,0,0,0,0,1,0,1,0,0,0,1,0,0,1,0,0,0,0
-0.2289732963438839,-0.944846617806436,"4834.                 Having surveyed the scene of the accident: - The vehicles causing the accidents were coming from the west to the east, the first was taking the fourth lane and the damaged vehicle was taking the third lane, the causing driver lost control and ran the red light crashing into the front left part of the other and the pavement, the driver got injured along with physical damages to the vehicles as illustrated in the chart.      ",2.2427620534705888,-0.4015453331379524,1.6339099169366647,1,0,0,1,0,0,0,1.6424053918805794,0,0,0,0,0,0,0,0,0,0,0,0,0,0,0,0,0,0,0,0,0,1,0,0,0,0,0,1,0,0,1,0,0,0,0,1,0,0,0,0,0,0,0,0,0,0,0,0,0,0,0,0,1,0,0,0,0,0,0,0,0,0,0,0,1,0,0,0,0,1,0,0,0,0,0,0,0,0,0,0,0,0,0,1,0,0,0,0,0,1,0,0,0,1,0,0,0,1,0,1,0,0,0,0
1.4736486508285869,0.8248485743900981,"4835.                 Having surveyed the scene of the accident: - The vehicle causing the accident was coming from the north to the south, as the driver arrived the pedestrian line he hit the victim as illustrated in the chart. ",-0.19746179160121255,-0.4015453331379524,-2.3692825732768528,1,0,0,1,0,0,0,1.746935824187888,0,0,0,0,0,0,0,0,0,0,0,0,0,0,0,0,1,0,0,0,0,0,0,0,0,0,0,0,1,0,1,0,0,1,0,0,0,0,0,0,0,0,0,0,0,0,0,0,0,0,0,0,0,0,0,0,0,0,0,1,0,0,0,1,0,0,0,0,0,0,0,0,1,0,0,0,0,0,0,0,0,0,0,0,1,0,0,0,0,1,0,0,0,0,1,0,0,0,1,0,0,0,1,0
0.35630299799665294,0.6739443331950448,"4836.                 Having surveyed the scene of the accident: - The vehicle causing the accident was coming from the south to the north taking the right lane, the damaged vehicle was coming from the west to the east, the driver was intoxicated, so she ran the red light crashing into the right side of the other and stopped as illustrated in the chart.      ",-0.19746179160121255,-0.4015453331379524,-0.3676863281700941,1,0,0,1,0,0,0,1.7480193246379376,0,0,0,0,0,0,0,0,0,0,0,0,0,0,0,0,0,0,0,0,0,0,0,0,0,1,0,1,0,0,1,0,0,0,0,0,0,0,0,0,0,0,1,0,0,0,0,0,0,0,0,0,0,0,1,0,0,0,0,0,0,0,0,1,0,0,0,0,1,0,0,0,0,0,0,0,0,0,0,0,0,0,0,1,0,0,0,0,0,1,0,0,1,0,0,0,1,0,0,0,0,0,0,1
30.311807881062315,1.2912798653566264,"4837.                 Having surveyed the scene of the accident: - The vehicle causing the accident was coming from the west to the east, the damaged vehicle was coming from the east to the west, the driver of the causing ran the red light crashing into the front right part of the other, by the power of collusion the causing rolled off 27 meters long hitting a street pole, it also kept rolling 29 meters as illustrated in the chart.      ",1.0226501309346883,-0.4015453331379524,-0.3676863281700941,0,1,0,1,0,0,0,1.7391652654047043,0,0,1,0,0,0,0,0,0,0,0,0,0,0,0,0,0,0,0,0,0,0,0,0,0,0,0,1,0,0,1,0,0,0,0,0,0,0,0,0,0,0,1,0,0,0,0,0,0,0,0,0,0,0,1,0,0,0,0,0,0,0,0,0,1,0,0,0,0,0,0,0,1,0,0,0,0,0,0,0,0,0,0,1,0,0,0,0,0,0,1,0,1,0,0,0,1,0,0,0,0,1,0,0
-0.44180103974044277,1.2912798653566264,"4838.                 Having surveyed the scene of the accident: - The vehicle causing the accident was coming from the west to the east, the damaged vehicle was coming from the east to the west, the driver of the causing ran the red light crashing into the front right part of the other, by the power of collusion the causing rolled off 27 meters long hitting a street pole, it also kept rolling 29 meters as illustrated in the chart.      ",1.0226501309346883,-0.4015453331379524,-0.3676863281700941,0,1,0,1,0,0,0,1.7391652654047043,0,0,1,0,0,0,0,0,0,0,0,0,0,0,0,0,0,0,0,0,0,0,0,0,0,0,0,1,0,0,1,0,0,0,0,0,0,0,0,0,0,0,1,0,0,0,0,0,0,0,0,0,0,0,1,0,0,0,0,0,0,0,0,0,1,0,0,0,0,0,0,0,1,0,0,0,0,0,0,0,0,0,0,1,0,0,0,0,0,0,1,0,0,1,0,0,0,1,0,0,0,1,0,0
-1.4527328208740973,-0.9311280504250675,"4839.                 Having surveyed the scene of the accident: - The vehicle causing the accident was coming from the south to the north, the victim was crossing the road, the driver lost control and hit her, she fell to the ground as illustrated in the chart.      ",-1.4175737141371132,2.490378837640347,-2.3692825732768528,1,0,0,1,0,0,0,-1.1942316196961973,0,0,0,0,0,0,0,0,0,0,0,0,0,1,0,0,0,0,0,0,0,0,0,0,0,0,0,0,1,0,1,0,0,1,0,0,0,0,0,0,0,0,0,0,0,0,0,0,0,0,0,1,0,0,0,0,0,0,0,0,0,0,0,0,1,0,0,0,0,1,0,0,0,0,0,0,0,0,0,0,0,0,0,0,1,0,0,0,0,1,0,0,0,0,1,0,0,0,1,1,0,0,0,0
-0.6546287831370016,-0.7665052418486458,"4840.                 Having surveyed the scene of the accident: - The vehicle causing the accident was coming from the north to the south, the damaged vehicle was coming from the east to the west, the driver of the causing broke the sign of (stop) and dashed to the street without making sure of the traffic condition and crashed into the left side of the other, the causing rolled off 7 meters away and hit the pavement, both vehicle had physical damages as illustrated in the chart.      ",1.0226501309346883,-0.4015453331379524,-1.3684844507234735,1,0,0,1,0,0,0,-1.2005794001106291,0,0,0,0,0,0,0,0,0,0,0,0,0,0,0,0,0,0,0,1,0,0,0,0,0,0,0,1,0,0,1,0,0,1,0,0,0,0,0,0,0,0,0,0,0,0,0,0,0,0,0,0,0,1,0,0,0,0,0,0,0,0,0,1,0,0,0,0,0,1,0,0,0,0,0,0,0,0,0,0,0,0,0,1,0,0,0,0,0,1,0,0,1,0,0,0,1,0,0,0,0,0,0,1
-0.5482149114387221,0.5367586593813599,"4841.                 Having surveyed the scene of the accident: - The vehicle causing the accident was coming from the east to the south, the damaged vehicle was coming from the west to the east, the driver of the causing ran the red light and crashed into the right side of the other, the driver and 3 other passengers got injured, and both vehicle had physical damages as illustrated in the chart.      ",-0.19746179160121255,-0.4015453331379524,-0.3676863281700941,0,1,0,1,0,0,0,-1.213876905633965,0,0,1,0,0,0,0,0,0,0,0,0,0,0,0,0,0,0,0,0,0,0,0,0,0,0,0,1,0,0,1,0,0,1,0,0,0,0,0,0,0,0,0,0,0,0,0,0,0,0,0,0,0,0,1,0,0,0,0,0,0,0,0,0,1,0,0,1,0,0,0,0,0,0,0,0,0,0,0,0,0,0,0,1,0,0,0,0,0,1,0,1,0,0,0,0,0,1,0,0,1,0,0,0
-0.6546287831370016,0.5367586593813599,"4842.                 Having surveyed the scene of the accident: - The vehicle causing the accident was coming from the east to the south, the damaged vehicle was coming from the west to the east, the driver of the causing ran the red light and crashed into the right side of the other, the driver and 3 other passengers got injured, and both vehicle had physical damages as illustrated in the chart.      ",-0.19746179160121255,-0.4015453331379524,-0.3676863281700941,0,1,0,1,0,0,0,-1.213876905633965,0,0,1,0,0,0,0,0,0,0,0,0,0,0,0,0,0,0,0,0,0,0,0,0,0,0,0,1,0,0,1,0,0,1,0,0,0,0,0,0,0,0,0,0,0,0,0,0,0,0,0,0,0,0,1,0,0,0,0,0,0,0,0,0,1,0,0,1,0,0,0,0,0,0,0,0,0,0,0,0,0,0,0,1,0,0,0,0,0,1,0,1,0,0,0,0,0,1,0,0,1,0,0,0
0.5691307413932118,0.5367586593813599,"4843.                 Having surveyed the scene of the accident: - The vehicle causing the accident was coming from the east to the south, the damaged vehicle was coming from the west to the east, the driver of the causing ran the red light and crashed into the right side of the other, the driver and 3 other passengers got injured, and both vehicle had physical damages as illustrated in the chart.      ",-0.19746179160121255,-0.4015453331379524,-0.3676863281700941,0,1,0,1,0,0,0,-1.213876905633965,0,0,1,0,0,0,0,0,0,0,0,0,0,0,0,0,0,0,0,0,0,0,0,0,0,0,0,1,0,0,1,0,0,1,0,0,0,0,0,0,0,0,0,0,0,0,0,0,0,0,0,0,0,0,1,0,0,0,0,0,0,0,0,0,1,0,0,1,0,0,0,0,0,0,0,0,0,0,0,0,0,0,0,1,0,0,0,0,0,0,1,0,1,0,0,0,1,0,0,0,1,0,0,0
-0.5482149114387221,0.5367586593813599,"4844.                 Having surveyed the scene of the accident: - The vehicle causing the accident was coming from the east to the south, the damaged vehicle was coming from the west to the east, the driver of the causing ran the red light and crashed into the right side of the other, the driver and 3 other passengers got injured, and both vehicle had physical damages as illustrated in the chart.      ",-0.19746179160121255,-0.4015453331379524,-0.3676863281700941,0,1,0,1,0,0,0,-1.213876905633965,0,0,1,0,0,0,0,0,0,0,0,0,0,0,0,0,0,0,0,0,0,0,0,0,0,0,0,1,0,0,1,0,0,1,0,0,0,0,0,0,0,0,0,0,0,0,0,0,0,0,0,0,0,0,1,0,0,0,0,0,0,0,0,0,1,0,0,1,0,0,0,0,0,0,0,0,0,0,0,0,0,0,0,1,0,0,0,0,0,1,0,1,0,0,0,0,0,1,0,0,1,0,0,0
-0.33538716804216334,0.5367586593813599,"4845.                 Having surveyed the scene of the accident: - The vehicle causing the accident was coming from the east to the south, the damaged vehicle was coming from the west to the east, the driver of the causing ran the red light and crashed into the right side of the other, the driver and 3 other passengers got injured, and both vehicle had physical damages as illustrated in the chart.      ",-0.19746179160121255,-0.4015453331379524,-0.3676863281700941,0,1,0,1,0,0,0,-1.213876905633965,0,0,1,0,0,0,0,0,0,0,0,0,0,0,0,0,0,0,0,0,0,0,0,0,0,0,0,1,0,0,1,0,0,1,0,0,0,0,0,0,0,0,0,0,0,0,0,0,0,0,0,0,0,0,1,0,0,0,0,0,0,0,0,0,1,0,0,1,0,0,0,0,0,0,0,0,0,0,0,0,0,0,0,1,0,0,0,0,0,1,0,1,0,0,0,0,0,1,0,0,1,0,0,0
0.8351654206389104,-0.944846617806436,"4846.                 Having surveyed the scene of the accident: - The vehicle causing the accident was heading from the east to the west taking a side street, the victim was coming from the south to the north in a line not for pedestrians, the driver misjudged the distance and hit the victim, the latter mildly injured along with physical damages to the vehicle as illustrated in the chart.",-0.19746179160121255,2.490378837640347,-1.3684844507234735,0,1,0,1,0,0,0,-1.213767461144061,0,0,0,0,0,0,0,0,0,0,0,0,0,1,0,0,0,0,0,0,0,0,0,0,0,0,0,1,0,0,1,0,0,0,1,0,0,0,0,0,0,0,0,0,0,0,0,0,0,0,0,0,0,0,0,0,0,0,0,1,0,0,0,1,0,0,0,0,0,1,0,0,0,0,0,0,0,0,0,0,0,0,0,0,1,0,0,0,0,1,0,0,0,0,1,0,0,0,1,1,0,0,0,0
0.3030960621475132,0.5367586593813599,"4847.                 Having surveyed the scene of the accident: - The vehicle causing the accident was coming from the east to the south, the damaged vehicle was coming from the west to the east, the driver of the causing ran the red light and crashed into the right side of the other, the driver and 3 other passengers got injured, and both vehicle had physical damages as illustrated in the chart.      ",-0.19746179160121255,-0.4015453331379524,-0.3676863281700941,0,1,0,1,0,0,0,-1.213876905633965,0,0,1,0,0,0,0,0,0,0,0,0,0,0,0,0,0,0,0,0,0,0,0,0,0,0,0,1,0,0,1,0,0,1,0,0,0,0,0,0,0,0,0,0,0,0,0,0,0,0,0,0,0,0,1,0,0,0,0,0,0,0,0,0,1,0,0,1,0,0,0,0,0,0,0,0,0,0,0,0,0,0,0,1,0,0,0,0,0,0,1,0,1,0,0,0,1,0,0,0,1,0,0,0
-0.5482149114387221,-0.7665052418486458,"4848.                 Having surveyed the scene of the accident: - The vehicle causing the accident was coming from the east to the south, due to the exceed speed limit, it lost balance and flipped over 8 meters long, one passenger got injured, and vehicle had physical damages as illustrated in the chart.      ",-1.4175737141371132,-0.4015453331379524,-0.3676863281700941,0,1,0,1,0,0,0,-1.215956350942141,0,0,0,0,0,0,0,1,0,0,0,0,0,0,0,0,0,0,0,0,0,0,0,0,0,0,0,1,0,0,1,0,0,1,0,0,0,0,0,0,0,0,0,0,0,0,0,0,0,0,0,0,0,0,0,0,0,1,0,0,0,0,0,0,1,0,0,0,0,0,0,0,0,1,0,0,0,0,0,0,0,0,0,0,0,0,0,0,1,0,1,0,0,1,0,0,0,1,0,0,0,0,0,1
-0.33538716804216334,0.8934414112969404,"4849.                 Having surveyed the scene of the accident: - The vehicle causing the accident was coming from the east to the west, the damaged vehicle was coming from the west to the east, the driver of the causing ran the red light and crashed into the right side of the other, then it kept moving and hit a traffic sign, the driver got injured, and both vehicles had physical damages as illustrated in the chart.      ",1.0226501309346883,-0.4015453331379524,0.6331117943832852,0,1,0,1,0,0,0,-1.2061172912997715,0,0,1,0,0,0,0,0,0,0,0,0,0,0,0,0,0,0,0,0,0,0,0,0,0,0,0,0,1,0,1,0,0,0,0,1,0,0,0,0,0,0,0,0,0,0,0,0,0,0,0,0,0,0,1,0,0,0,0,0,0,0,0,1,0,0,0,0,0,0,0,0,1,0,0,0,0,0,0,0,0,0,0,1,0,0,0,0,0,1,0,0,1,0,0,0,1,0,0,0,0,1,0,0
0.6223376772423516,0.5230400919999915,"4850.                 Having surveyed the scene of the accident: - The vehicle causing the accident and the other damaged one were coming from the north to the south, when the driver of the causing arrived the intersection slowed down, but due to the little distance he hit a biker, the latter got injured as illustrated in the chart.      ",-0.19746179160121255,-0.4015453331379524,0.6331117943832852,0,1,0,1,0,0,0,-1.205033790849722,0,0,0,0,0,0,0,0,0,0,0,0,0,0,0,0,0,0,1,0,0,0,0,0,0,0,0,1,0,0,1,0,0,1,0,0,0,0,0,0,0,0,0,0,0,0,0,0,0,0,0,0,0,0,1,0,0,0,0,0,0,0,0,1,0,0,0,0,0,1,0,0,0,0,0,0,0,0,0,0,0,0,0,0,0,1,0,0,0,1,0,0,1,0,0,0,1,0,0,1,0,0,0,0
-0.2289732963438839,1.0169085177292567,"4851.                 Having surveyed the scene of the accident: - The vehicle causing the accident was coming from the west to the east, the damaged vehicle was coming from the south to the north, the driver of the causing ran the red light and crashed into the left side of the other, both drivers got injured, and both vehicles had physical damages as illustrated in the chart.      ",-0.19746179160121255,-0.4015453331379524,-0.3676863281700941,0,1,0,1,0,0,0,-1.1919880076531653,0,0,1,0,0,0,0,0,0,0,0,0,0,0,0,0,0,0,0,0,0,0,0,0,0,0,0,1,0,0,1,0,0,0,0,1,0,0,0,0,0,0,0,0,0,0,0,0,0,0,0,0,0,0,1,0,0,0,0,0,0,0,0,0,1,0,0,0,0,0,0,0,1,0,0,0,0,0,0,0,0,0,0,1,0,0,0,0,0,0,1,0,1,0,0,0,1,0,0,0,1,0,0,0
-0.5482149114387221,1.0169085177292567,"4852.                 Having surveyed the scene of the accident: - The vehicle causing the accident was coming from the west to the east, the damaged vehicle was coming from the south to the north, the driver of the causing ran the red light and crashed into the left side of the other, both drivers got injured, and both vehicles had physical damages as illustrated in the chart.      ",-0.19746179160121255,-0.4015453331379524,-0.3676863281700941,0,1,0,1,0,0,0,-1.1919880076531653,0,0,1,0,0,0,0,0,0,0,0,0,0,0,0,0,0,0,0,0,0,0,0,0,0,0,0,1,0,0,1,0,0,0,0,1,0,0,0,0,0,0,0,0,0,0,0,0,0,0,0,0,0,0,1,0,0,0,0,0,0,0,0,0,1,0,0,0,0,0,0,0,1,0,0,0,0,0,0,0,0,0,0,1,0,0,0,0,0,0,1,0,1,0,0,0,1,0,0,0,0,0,0,1
0.3030960621475132,1.0306270851106252,"4853.                 Having surveyed the scene of the accident: - The vehicle causing the accident was coming from the north to the south, the damaged vehicle was coming from the north to the south, the driver of the causing ran the red light and crashed into the rear part of the first damaged, the latter hit the rear of the second, both driver and the passenger badly injured, and both vehicles had physical damages as illustrated in the chart.      ",-0.19746179160121255,-0.4015453331379524,-0.0073990040508776864,0,1,0,1,0,0,0,-1.211797460325789,0,0,0,0,0,0,0,0,0,0,0,0,0,0,0,0,0,0,0,0,0,0,0,0,0,1,0,0,1,0,1,0,0,1,0,0,0,0,0,0,0,0,0,0,0,0,0,0,0,0,0,0,0,0,1,0,0,0,0,0,0,0,0,0,1,0,0,1,0,0,0,0,0,0,0,0,0,0,0,0,0,0,0,0,0,1,0,0,0,1,0,1,0,0,0,0,0,1,0,0,1,0,0,0