Age of the injured,Str Code,Accident Description,Road speed limit,Pedestrian action,Number of Lanes,Gender_F,Gender_M,Week_Fifth week,Week_First week,Week_Fourth week,Week_Second week,Week_Third week,Date_time,Reasons__??? ????? ?????? ?????? ???? ????? ??? ???? ???????,Reasons__???? ?? ??????? (???),Reasons__Bypassing the red traffic light,Reasons__Driving back without attention,Reasons__Driving back without traffic clearance,Reasons__Driving in the opposite direction,Reasons__Entering main road without traffic clearance,Reasons__Exceeding speed limit,Reasons__Fatigue and drowsiness,Reasons__Faults in the road,Reasons__Ignoring road lane,Reasons__Ignoring traffic lights,Reasons__Lack of driving awareness,Reasons__Misuse of traffic,Reasons__Negligence and inobservance,Reasons__Negligent driving,Reasons__Not giving priority to pedestrian crossing,Reasons__Not giving way / not giving priority,Reasons__Not leaving enough space,Reasons__Not observing the stop sign,Reasons__Not securing vehicle stability while stopping,Reasons__Speedy without taking road conditions into account,Reasons__Sudden deviation,Reasons__Sudden stop,Reasons__Tyre burst,Reasons__under influence of intoxicant or narcotic drug,__Al Madina Police Station,__Khaldiya Police Station,__Shaabiya Police Station,Streetname_Intersection,Streetname_Street,place__Bridge / Tunnel,place__Coastal area,place__Commercial area,place__Fuel Station,place__Govt. authority,place__Hospital,place__Island,place__Mosque,place__One level intersection,place__Other,place__Park,place__Residential area,place__Sand area,place__School,place__Work area,place__external road,place__unknown,location__ ,location__Bridge,location__Bridge /  Tunnel,location__Car parking,location__Double road,location__Highway,location__Intersection,location__Off the road,location__Other(specify),location__Roundabout,location__Side parking,location__Single road,location__Tunnel,location__Two-way road,location__Unknown,lighting__day,lighting__night - enough lights,lighting__night - weak lights,intersection__Deviated intersection,intersection__Half Perpendicular Intersection,intersection__Multiple leg Intersection,intersection__Not on Intersection,intersection__Not on or around 20 meters,intersection__Other,intersection__Perpendicular Intersection,intersection__Roundabout,intersection__Turn ,accidentype__Collision while turning,accidentype__Fall,accidentype__Hitting a moving object off the road,accidentype__Hitting a moving object on the road,accidentype__Hitting a stationary object off the road,accidentype__Hitting a stationary object on the road,accidentype__Multiple collision,accidentype__Other (specify),accidentype__Perpendicular collision,accidentype__Person run over,accidentype__Rear collision,accidentype__Reciprocal collision,accidentype__Side collision,accidentype__deterioration,seat belt_N,seat belt_Y,seat_Back passenger seat,seat_Driver's seat,seat_Front passenger seat,seat_No passenger,seat_bike passenger,position_Driver,position_Passenger,position_Pedestrian,nationality_Arab States,nationality_Asian States,nationality_GCC,nationality_Other,nationality_UAE
0.24988912629837354,-0.7665052418486458,"4854.                 Having surveyed the scene of the accident: - The vehicle causing the accident was coming from the south to the north, the damaged vehicle was coming from the north to the south, the driver of the causing ran the red light and crashed into the right side of the other, which lost balance and flipped over, the causing driver got injured, and both vehicles had physical damages as illustrated in the chart.      ",1.0226501309346883,-0.4015453331379524,-0.3676863281700941,0,1,0,1,0,0,0,-1.210538848691893,0,0,1,0,0,0,0,0,0,0,0,0,0,0,0,0,0,0,0,0,0,0,0,0,0,0,0,1,0,0,1,0,0,1,0,0,0,0,0,0,0,0,0,0,0,0,0,0,0,0,0,0,0,0,1,0,0,0,0,0,0,0,0,0,1,0,0,0,0,0,0,0,1,0,0,0,0,0,0,0,0,0,0,1,0,0,0,0,0,0,1,0,1,0,0,0,1,0,0,0,1,0,0,0
0.6223376772423516,1.3461541348821002,"4855.                 Having surveyed the scene of the accident: - The vehicle causing the accident was coming from the west to the north, the damaged vehicle was coming from the east to the west, the driver of the causing ran the red light and crashed into the left side of the other, the driver got injured, and both vehicles had physical damages as illustrated in the chart.      ",-0.19746179160121255,-0.4015453331379524,0.6331117943832852,0,1,0,1,0,0,0,-1.210232404120162,0,0,1,0,0,0,0,0,0,0,0,0,0,0,0,0,0,0,0,0,0,0,0,0,0,0,0,0,1,0,1,0,0,1,0,0,0,0,0,0,0,0,0,0,0,0,0,0,0,0,0,0,0,0,1,0,0,0,0,0,0,0,0,1,0,0,0,0,0,0,0,0,1,0,0,0,0,0,0,0,0,0,0,1,0,0,0,0,0,1,0,0,1,0,0,0,1,0,0,1,0,0,0,0
0.46271686969493236,-0.7527866744672773,"4856.                 Having surveyed the scene of the accident: - the motorbike was coming from the north to the south, the biker suddenly swerved off and hit the side pavement as illustrated in the chart.             ",-0.19746179160121255,-0.4015453331379524,-0.3676863281700941,0,1,0,1,0,0,0,-1.1942316196961973,0,0,0,0,0,0,0,0,0,0,0,0,0,0,0,0,0,0,0,0,0,0,1,0,0,0,1,0,0,0,1,0,0,1,0,0,0,0,0,0,0,0,0,0,0,0,0,0,0,0,0,0,1,0,0,0,0,0,0,0,0,0,0,0,1,0,0,0,0,0,1,0,0,0,0,0,0,0,0,0,0,0,0,0,0,0,0,0,1,1,0,0,1,0,0,0,1,0,0,0,0,0,0,1
-1.2931120133266782,-0.9997208873319099,"4857.                 Having surveyed the scene of the accident: - The vehicle causing the accident was coming from the east to the west, the damaged vehicle was a school bus waiting for the students get off, a child tried to cross the road, a vehicle was driving across, the driver was negligent, he misjudged the distance and hit the student, she fell to the ground, she got mild injury along both physical damages to the vehicle as illustrated in the chart.      ",-1.4175737141371132,2.490378837640347,-2.3692825732768528,1,0,0,1,0,0,0,-1.2004152333757732,0,0,0,0,0,0,0,0,0,0,0,0,0,1,0,0,0,0,0,0,0,0,0,0,0,0,0,0,1,0,1,0,0,1,0,0,0,0,0,0,0,0,0,0,0,0,0,0,0,0,0,0,0,0,0,0,0,0,0,1,0,0,0,1,0,0,0,1,0,0,0,0,0,0,0,0,0,0,0,0,0,0,0,0,1,0,0,0,0,1,0,0,0,0,1,0,0,0,1,0,0,1,0,0
0.46271686969493236,-0.9036909156623305,"4858.                 Having surveyed the scene of the accident: - The vehicle causing the accident was coming from the east to the west, the damaged vehicle was coming from the west to the north, the driver of the causing ran the red light and crashed into the right side of the other` as illustrated in the chart.      ",-0.19746179160121255,-0.4015453331379524,0.6331117943832852,0,1,0,1,0,0,0,-1.2031513456233731,0,0,1,0,0,0,0,0,0,0,0,0,0,0,0,0,0,0,0,0,0,0,0,0,0,0,0,1,0,0,1,0,0,1,0,0,0,0,0,0,0,0,0,0,0,0,0,0,0,0,0,0,0,0,1,0,0,0,0,0,0,0,0,1,0,0,0,1,0,0,0,0,0,0,0,0,0,0,0,0,0,0,0,1,0,0,0,0,0,1,0,0,1,0,0,0,1,0,0,0,1,0,0,0
-0.38859410389130306,0.11148307055893704,"4859.                 Having surveyed the scene of the accident: - The vehicles causing the accident were heading from the east to the west taking the left lane, due to the little distance between the vehicles, the causing driver bumped into the other, the latter hit the second, all vehicles stopped as illustrated in the chart.      ",1.0226501309346883,-0.4015453331379524,0.6331117943832852,1,0,0,1,0,0,0,-1.199802344232311,0,0,0,0,0,0,0,0,0,0,0,0,0,0,0,0,0,0,1,0,0,0,0,0,0,0,0,1,0,0,1,0,0,1,0,0,0,0,0,0,0,0,0,0,0,0,0,0,0,0,0,0,0,0,1,0,0,0,0,0,0,0,0,1,0,0,0,0,0,0,1,0,0,0,0,0,0,0,0,0,0,0,0,0,0,1,0,0,0,1,0,1,0,0,0,0,0,1,0,1,0,0,0,0
-0.6546287831370016,-0.944846617806436,"4860.                 Having surveyed the scene of the accident: - The vehicles causing the accident was heading from the east to the west, the driver exceeded the speed and lost control, he swerved to the right and the left hitting the pavement   distance as illustrated in the chart.      ",2.2427620534705888,-0.4015453331379524,1.6339099169366647,0,1,0,1,0,0,0,-1.1965846762291332,0,0,0,0,0,0,0,0,0,0,0,0,0,0,0,0,0,0,0,0,0,1,0,0,0,0,0,1,0,0,1,0,0,0,0,1,0,0,0,0,0,0,0,0,0,0,0,0,0,0,0,0,1,0,0,0,0,0,0,0,0,0,0,1,0,0,0,0,0,1,0,0,0,0,0,0,0,0,0,0,0,0,0,0,0,0,0,0,1,0,1,0,1,0,0,0,1,0,0,0,0,0,0,1
-0.44180103974044277,0.5504772267627285,"4861.                 Having surveyed the scene of the accident: - The vehicle causing the accident was heading from the north to the west taking the far right lane, the damaged vehicle was coming from the south to the north taking the far right lane, the causing driver ran the red light and bumped into the right side of the other, the driver and 3 other passengers were injured and a passenger in the other vehicle, all vehicles had physical damages as illustrated in the chart.      ",-0.19746179160121255,-0.4015453331379524,-0.3676863281700941,1,0,0,1,0,0,0,-1.2160548509830547,0,0,1,0,0,0,0,0,0,0,0,0,0,0,0,0,0,0,0,0,0,0,0,0,0,0,0,1,0,0,1,0,0,0,0,0,0,0,0,0,0,0,1,0,0,0,0,0,0,0,0,0,0,0,1,0,0,0,0,0,0,0,0,0,1,0,0,0,0,0,0,0,1,0,0,0,0,0,0,0,0,0,0,1,0,0,0,0,0,1,0,1,0,0,0,0,0,1,0,0,0,0,1,0
-0.28218023219302363,0.5504772267627285,"4862.                 Having surveyed the scene of the accident: - The vehicle causing the accident was heading from the north to the west taking the far right lane, the damaged vehicle was coming from the south to the north taking the far right lane, the causing driver ran the red light and bumped into the right side of the other, the driver and 3 other passengers were injured and a passenger in the other vehicle, all vehicles had physical damages as illustrated in the chart.      ",-0.19746179160121255,-0.4015453331379524,-0.3676863281700941,0,1,0,1,0,0,0,-1.2160548509830547,0,0,1,0,0,0,0,0,0,0,0,0,0,0,0,0,0,0,0,0,0,0,0,0,0,0,0,1,0,0,1,0,0,0,0,0,0,0,0,0,0,0,1,0,0,0,0,0,0,0,0,0,0,0,1,0,0,0,0,0,0,0,0,0,1,0,0,0,0,0,0,0,1,0,0,0,0,0,0,0,0,0,0,1,0,0,0,0,0,1,0,0,1,0,0,0,1,0,0,0,1,0,0,0
-0.06935248879646476,0.5504772267627285,"4863.                 Having surveyed the scene of the accident: - The vehicle causing the accident was heading from the north to the west taking the far right lane, the damaged vehicle was coming from the south to the north taking the far right lane, the causing driver ran the red light and bumped into the right side of the other, the driver and 3 other passengers were injured and a passenger in the other vehicle, all vehicles had physical damages as illustrated in the chart.      ",-0.19746179160121255,-0.4015453331379524,-0.3676863281700941,1,0,0,1,0,0,0,-1.2160548509830547,0,0,1,0,0,0,0,0,0,0,0,0,0,0,0,0,0,0,0,0,0,0,0,0,0,0,0,1,0,0,1,0,0,0,0,0,0,0,0,0,0,0,1,0,0,0,0,0,0,0,0,0,0,0,1,0,0,0,0,0,0,0,0,0,1,0,0,0,0,0,0,0,1,0,0,0,0,0,0,0,0,0,0,1,0,0,0,0,0,1,0,1,0,0,0,0,0,1,0,0,0,0,1,0
-0.2289732963438839,0.5504772267627285,"4864.                 Having surveyed the scene of the accident: - The vehicle causing the accident was heading from the north to the west taking the far right lane, the damaged vehicle was coming from the south to the north taking the far right lane, the causing driver ran the red light and bumped into the right side of the other, the driver and 3 other passengers were injured and a passenger in the other vehicle, all vehicles had physical damages as illustrated in the chart.      ",-0.19746179160121255,-0.4015453331379524,-0.3676863281700941,0,1,0,1,0,0,0,-1.2160548509830547,0,0,1,0,0,0,0,0,0,0,0,0,0,0,0,0,0,0,0,0,0,0,0,0,0,0,0,1,0,0,1,0,0,0,0,0,0,0,0,0,0,0,1,0,0,0,0,0,0,0,0,0,0,0,1,0,0,0,0,0,0,0,0,0,1,0,0,0,0,0,0,0,1,0,0,0,0,0,0,0,0,0,0,1,0,0,0,0,0,1,0,0,1,0,0,0,1,0,0,0,0,0,1,0
-0.06935248879646476,0.5504772267627285,"4865.                 Having surveyed the scene of the accident: - The vehicle causing the accident was heading from the north to the west taking the far right lane, the damaged vehicle was coming from the south to the north taking the far right lane, the causing driver ran the red light and bumped into the right side of the other, the driver and 3 other passengers were injured and a passenger in the other vehicle, all vehicles had physical damages as illustrated in the chart.      ",-0.19746179160121255,-0.4015453331379524,-0.3676863281700941,1,0,0,1,0,0,0,-1.2160548509830547,0,0,1,0,0,0,0,0,0,0,0,0,0,0,0,0,0,0,0,0,0,0,0,0,0,0,0,1,0,0,1,0,0,0,0,0,0,0,0,0,0,0,1,0,0,0,0,0,0,0,0,0,0,0,1,0,0,0,0,0,0,0,0,0,1,0,0,0,0,0,0,0,1,0,0,0,0,0,0,0,0,0,0,1,0,0,0,0,0,1,0,1,0,0,0,0,0,1,0,0,0,0,1,0
-0.28218023219302363,0.5504772267627285,"4866.                 Having surveyed the scene of the accident: - The vehicle causing the accident was heading from the north to the west taking the far right lane, the damaged vehicle was coming from the south to the north taking the far right lane, the causing driver ran the red light and bumped into the right side of the other, the driver and 3 other passengers were injured and a passenger in the other vehicle, all vehicles had physical damages as illustrated in the chart.      ",-0.19746179160121255,-0.4015453331379524,-0.3676863281700941,1,0,0,1,0,0,0,-1.2160548509830547,0,0,1,0,0,0,0,0,0,0,0,0,0,0,0,0,0,0,0,0,0,0,0,0,0,0,0,1,0,0,1,0,0,0,0,0,0,0,0,0,0,0,1,0,0,0,0,0,0,0,0,0,0,0,1,0,0,0,0,0,0,0,0,0,1,0,0,0,0,0,0,0,1,0,0,0,0,0,0,0,0,0,0,1,0,0,0,0,0,1,0,0,0,1,0,0,0,1,0,0,1,0,0,0
0.19668219044923382,1.4421841065516796,"4867.                 Having surveyed the scene of the accident: - The vehicle causing the accident was heading from the west taking the second right lane, the damaged vehicle was coming from the south, when the driver did not give way, the two   vehicles crashed into another, the two drivers and other passengers were injured, all vehicles had physical damages as illustrated in the chart.      ",-0.19746179160121255,-0.4015453331379524,-0.3676863281700941,1,0,0,1,0,0,0,-1.2039721792976532,0,0,0,0,0,0,0,0,0,0,0,0,0,0,0,0,0,1,0,0,0,0,0,0,0,0,0,1,0,0,1,0,0,0,0,1,0,0,0,0,0,0,0,0,0,0,0,0,0,0,0,0,0,0,0,0,0,1,0,0,0,0,0,0,1,0,0,0,0,0,0,0,0,0,1,0,0,0,0,0,0,0,0,1,0,0,0,0,0,1,0,1,0,0,0,0,0,1,0,0,1,0,0,0
-0.17576636049474417,1.4421841065516796,"4868.                 Having surveyed the scene of the accident: - The vehicle causing the accident was heading from the west taking the second right lane, the damaged vehicle was coming from the south, when the driver did not give way, the two   vehicles crashed into another, the two drivers and other passengers were injured, all vehicles had physical damages as illustrated in the chart.      ",-0.19746179160121255,-0.4015453331379524,-0.3676863281700941,1,0,0,1,0,0,0,-1.2039721792976532,0,0,0,0,0,0,0,0,0,0,0,0,0,0,0,0,0,1,0,0,0,0,0,0,0,0,0,1,0,0,1,0,0,0,0,1,0,0,0,0,0,0,0,0,0,0,0,0,0,0,0,0,0,0,0,0,0,1,0,0,0,0,0,0,1,0,0,0,0,0,0,0,0,0,1,0,0,0,0,0,0,0,0,1,0,0,0,0,0,1,0,1,0,0,0,0,0,1,0,0,1,0,0,0
0.8883723564880501,1.4421841065516796,"4869.                 Having surveyed the scene of the accident: - The vehicle causing the accident was heading from the west taking the second right lane, the damaged vehicle was coming from the south, when the driver did not give way, the two   vehicles crashed into another, the two drivers and other passengers were injured, all vehicles had physical damages as illustrated in the chart.      ",-0.19746179160121255,-0.4015453331379524,-0.3676863281700941,0,1,0,1,0,0,0,-1.2039721792976532,0,0,0,0,0,0,0,0,0,0,0,0,0,0,0,0,0,1,0,0,0,0,0,0,0,0,0,1,0,0,1,0,0,0,0,1,0,0,0,0,0,0,0,0,0,0,0,0,0,0,0,0,0,0,0,0,0,1,0,0,0,0,0,0,1,0,0,0,0,0,0,0,0,0,1,0,0,0,0,0,0,0,0,1,0,0,0,0,0,1,0,0,1,0,0,0,1,0,0,0,1,0,0,0
0.8351654206389104,1.4421841065516796,"4870.                 Having surveyed the scene of the accident: - The vehicle causing the accident was heading from the west taking the second right lane, the damaged vehicle was coming from the south, when the driver did not give way, the two   vehicles crashed into another, the two drivers and other passengers were injured, all vehicles had physical damages as illustrated in the chart.      ",-0.19746179160121255,-0.4015453331379524,-0.3676863281700941,0,1,0,1,0,0,0,-1.2039721792976532,0,0,0,0,0,0,0,0,0,0,0,0,0,0,0,0,0,1,0,0,0,0,0,0,0,0,0,1,0,0,1,0,0,0,0,1,0,0,0,0,0,0,0,0,0,0,0,0,0,0,0,0,0,0,0,0,0,1,0,0,0,0,0,0,1,0,0,0,0,0,0,0,0,0,1,0,0,0,0,0,0,0,0,1,0,0,0,0,0,1,0,1,0,0,0,0,0,1,0,0,1,0,0,0
-0.38859410389130306,1.4421841065516796,"4871.                 Having surveyed the scene of the accident: - The vehicle causing the accident was heading from the west taking the second right lane, the damaged vehicle was coming from the south, when the driver did not give way, the two   vehicles crashed into another, the two drivers and other passengers were injured, all vehicles had physical damages as illustrated in the chart.      ",-0.19746179160121255,-0.4015453331379524,-0.3676863281700941,0,1,0,1,0,0,0,-1.2039721792976532,0,0,0,0,0,0,0,0,0,0,0,0,0,0,0,0,0,1,0,0,0,0,0,0,0,0,0,1,0,0,1,0,0,0,0,1,0,0,0,0,0,0,0,0,0,0,0,0,0,0,0,0,0,0,0,0,0,1,0,0,0,0,0,0,1,0,0,0,0,0,0,0,0,0,1,0,0,0,0,0,0,0,0,1,0,0,0,0,0,1,0,0,1,0,0,0,1,0,0,0,0,0,0,1
0.9947862281863296,-0.8350980787554881,"4872.                 Having surveyed the scene of the accident: - The vehicle causing the accident was heading from the north to the south taking the right lane, the victim was crossing the road from a point not designated for the pedestrians, the driver was not alerted so he hit the victim, the vehicle had physical damages as illustrated in the chart.      ",-0.19746179160121255,2.490378837640347,0.6331117943832852,0,1,0,1,0,0,0,-1.1974055099034133,0,0,0,0,0,0,0,0,0,0,0,0,0,1,0,0,0,0,0,0,0,0,0,0,0,0,0,0,1,0,1,0,0,0,0,0,0,0,0,0,0,0,1,0,0,0,0,0,0,0,0,0,1,0,0,0,0,0,0,0,0,0,0,1,0,0,0,0,0,1,0,0,0,0,0,0,0,0,0,0,0,0,0,0,1,0,0,0,0,1,0,0,0,0,1,0,0,0,1,1,0,0,0,0
-0.2289732963438839,-0.9997208873319099,"4873.                 Having surveyed the scene of the accident: - The vehicle causing the accident was driving in the far left lane, and the damaged was driving in the second left lane, the driver of the latter hit the left side of the other and turned back hitting the pavement and the barriers as illustrated in the chart.      ",1.0226501309346883,-0.4015453331379524,0.6331117943832852,0,1,0,1,0,0,0,-0.22761788486408543,0,0,0,0,0,0,0,0,0,0,1,0,0,0,0,0,0,0,0,0,0,0,0,0,0,0,0,0,1,0,1,1,0,0,0,0,0,0,0,0,0,0,0,0,0,0,0,0,0,0,0,0,0,1,0,0,0,0,0,0,0,0,0,0,1,0,0,0,0,0,1,0,0,0,0,0,0,0,0,0,0,0,0,0,0,0,0,1,0,1,0,0,1,0,0,0,1,0,0,1,0,0,0,0
-0.5482149114387221,0.7699743048646241,"4874.                 Having surveyed the scene of the accident: - The bike was heading from the south to the north, the biker was not driving normally, he suddenly swerved off and bumped into the pavement, the biker died along with physical damages caused to the bike as illustrated in the chart.      ",-0.19746179160121255,-0.4015453331379524,-0.0073990040508776864,0,1,0,1,0,0,0,-0.22559316180086147,0,0,0,0,0,0,0,0,0,0,0,0,0,0,0,0,0,0,0,0,0,0,0,0,0,1,0,0,1,0,1,1,0,0,0,0,0,0,0,0,0,0,0,0,0,0,0,0,0,0,1,0,0,0,0,0,0,0,0,0,0,0,0,0,1,0,0,0,0,0,0,1,0,0,0,0,0,0,0,0,0,0,0,0,0,0,0,0,1,1,0,0,1,0,0,0,1,0,0,1,0,0,0,0
0.46271686969493236,0.9894713829665198,"4875.                 Having surveyed the scene of the accident: - The vehicle causing the accident was heading from the west to the east taking the third lane, the damaged vehicle was coming from the east to the west taking the left lane, the causing driver ran the red light and bumped into the right side of the other, a passenger was injured, all vehicles had physical damages as illustrated in the chart.      ",-0.19746179160121255,-0.4015453331379524,-0.3676863281700941,1,0,0,1,0,0,0,-0.22094177097994155,0,0,1,0,0,0,0,0,0,0,0,0,0,0,0,0,0,0,0,0,0,0,0,0,0,0,0,1,0,0,1,0,0,0,0,0,0,0,0,0,0,0,0,0,1,0,0,0,0,0,0,0,0,0,1,0,0,0,0,0,0,0,0,1,0,0,0,1,0,0,0,0,0,0,0,0,0,0,0,0,0,0,0,1,0,0,0,0,0,1,0,1,0,0,0,0,0,1,0,0,0,0,1,0
-1.4527328208740973,1.1266570567802046,"4876.                 Having surveyed the scene of the accident: - The vehicle causing the accident was heading from the west to the east taking the far left lane, the damaged vehicle was coming from the west to the east taking the second lane, the causing driver ran the red light and bumped into the right side of the other, the damaged swerved to the right crashing into the barriers and stopped over there in the middle as illustrated in the chart.      ",-0.19746179160121255,-0.4015453331379524,-0.3676863281700941,0,1,0,1,0,0,0,-0.10542311188627147,0,0,1,0,0,0,0,0,0,0,0,0,0,0,0,0,0,0,0,0,0,0,0,0,0,0,0,1,0,0,1,0,0,0,0,0,0,0,0,0,0,0,1,0,0,0,0,0,0,0,0,0,0,0,1,0,0,0,0,0,0,0,0,1,0,0,0,0,0,0,0,0,1,0,0,0,0,0,0,0,0,0,0,1,0,0,0,0,0,1,0,1,0,0,0,0,0,1,0,0,0,0,0,1
1.4204417149794473,1.1266570567802046,"4877.                 Having surveyed the scene of the accident: - The vehicle causing the accident was heading from the west to the east taking the far left lane, the damaged vehicle was coming from the west to the east taking the second lane, the causing driver ran the red light and bumped into the right side of the other, the damaged swerved to the right crashing into the barriers and stopped over there in the middle as illustrated in the chart.      ",-0.19746179160121255,-0.4015453331379524,-0.3676863281700941,1,0,0,1,0,0,0,-0.10542311188627147,0,0,1,0,0,0,0,0,0,0,0,0,0,0,0,0,0,0,0,0,0,0,0,0,0,0,0,1,0,0,1,0,0,0,0,0,0,0,0,0,0,0,1,0,0,0,0,0,0,0,0,0,0,0,1,0,0,0,0,0,0,0,0,1,0,0,0,0,0,0,0,0,1,0,0,0,0,0,0,0,0,0,0,1,0,0,0,0,0,1,0,1,0,0,0,0,0,1,0,0,0,0,0,1
-0.28218023219302363,1.1266570567802046,"4878.                 Having surveyed the scene of the accident: - The vehicle causing the accident was heading from the west to the east taking the far left lane, the damaged vehicle was coming from the west to the east taking the second lane, the causing driver ran the red light and bumped into the right side of the other, the damaged swerved to the right crashing into the barriers and stopped over there in the middle as illustrated in the chart.      ",-0.19746179160121255,-0.4015453331379524,-0.3676863281700941,1,0,0,1,0,0,0,-0.10542311188627147,0,0,1,0,0,0,0,0,0,0,0,0,0,0,0,0,0,0,0,0,0,0,0,0,0,0,0,1,0,0,1,0,0,0,0,0,0,0,0,0,0,0,1,0,0,0,0,0,0,0,0,0,0,0,1,0,0,0,0,0,0,0,0,1,0,0,0,0,0,0,0,0,1,0,0,0,0,0,0,0,0,0,0,1,0,0,0,0,0,0,1,0,0,1,0,0,0,1,0,0,0,0,1,0
0.6755446130914913,1.1266570567802046,"4879.                 Having surveyed the scene of the accident: - The vehicle causing the accident was heading from the west to the east taking the far left lane, the damaged vehicle was coming from the west to the east taking the second lane, the causing driver ran the red light and bumped into the right side of the other, the damaged swerved to the right crashing into the barriers and stopped over there in the middle as illustrated in the chart.      ",-0.19746179160121255,-0.4015453331379524,-0.3676863281700941,1,0,0,1,0,0,0,-0.10542311188627147,0,0,1,0,0,0,0,0,0,0,0,0,0,0,0,0,0,0,0,0,0,0,0,0,0,0,0,1,0,0,1,0,0,0,0,0,0,0,0,0,0,0,1,0,0,0,0,0,0,0,0,0,0,0,1,0,0,0,0,0,0,0,0,1,0,0,0,0,0,0,0,0,1,0,0,0,0,0,0,0,0,0,0,1,0,0,0,0,0,0,1,0,1,0,0,0,1,0,0,0,0,0,0,1
0.1434752546000941,1.1266570567802046,"4880.                 Having surveyed the scene of the accident: - The vehicle causing the accident was heading from the west to the east taking the far left lane, the damaged vehicle was coming from the west to the east taking the second lane, the causing driver ran the red light and bumped into the right side of the other, the damaged swerved to the right crashing into the barriers and stopped over there in the middle as illustrated in the chart.      ",-0.19746179160121255,-0.4015453331379524,-0.3676863281700941,1,0,0,1,0,0,0,-0.10542311188627147,0,0,1,0,0,0,0,0,0,0,0,0,0,0,0,0,0,0,0,0,0,0,0,0,0,0,0,1,0,0,1,0,0,0,0,0,0,0,0,0,0,0,1,0,0,0,0,0,0,0,0,0,0,0,1,0,0,0,0,0,0,0,0,1,0,0,0,0,0,0,0,0,1,0,0,0,0,0,0,0,0,0,0,1,0,0,0,0,0,1,0,1,0,0,0,0,0,1,0,0,0,0,0,1
0.35630299799665294,1.1815313263056786,"4881.                 Having surveyed the scene of the accident: - The vehicle causing the accident was heading from the west to the east taking the second left lane, the two damaged vehicles were coming from the south to the north, the causing driver ran the red light and bumped into the right side of the first, the damaged swerved to the right crashing into the traffic pole and stopped in the opposite direction of the street as illustrated in the chart.      ",-0.19746179160121255,-0.4015453331379524,0.6331117943832852,1,0,0,1,0,0,0,0.005411323039507477,0,0,1,0,0,0,0,0,0,0,0,0,0,0,0,0,0,0,0,0,0,0,0,0,0,0,0,0,1,0,1,0,0,0,0,0,0,0,0,0,0,0,1,0,0,0,0,0,0,0,0,0,0,0,1,0,0,0,0,0,0,0,0,1,0,0,0,0,0,0,0,0,1,0,0,0,0,0,0,0,0,0,0,1,0,0,0,0,0,0,1,0,1,0,0,0,1,0,0,1,0,0,0,0
1.0479931640354692,0.41329155294904363,"4882.                 Having surveyed the scene of the accident: - The vehicle causing the accident was heading from the west to the east taking the right lane, the victim was crossing from the west to the east, the driver misjudged the distance and hit the victim as illustrated in the chart.      ",-1.4175737141371132,2.490378837640347,-1.3684844507234735,0,1,0,1,0,0,0,0.0075892683885970405,0,0,0,0,0,0,0,0,0,0,0,0,0,1,0,0,0,0,0,0,0,0,0,0,0,0,1,0,0,0,1,0,0,1,0,0,0,0,0,0,0,0,0,0,0,0,0,0,0,0,0,0,0,0,0,0,0,0,0,1,0,0,0,1,0,0,0,0,0,1,0,0,0,0,0,0,0,0,0,0,0,0,0,0,1,0,0,0,0,1,0,0,0,0,1,0,0,0,1,1,0,0,0,0
0.24988912629837354,-0.9860023199505414,"4883.                 Having surveyed the scene of the accident: - The vehicle causing the accident was heading from the north to the south taking the second lane, the victim was crossing from the east to the west, the driver misjudged the distance and hit the victim as illustrated in the chart.      ",-0.19746179160121255,2.490378837640347,-1.3684844507234735,0,1,0,1,0,0,0,0.21123263075296644,0,0,0,0,0,0,0,0,0,0,0,0,0,1,0,0,0,0,0,0,0,0,0,0,0,0,0,0,1,0,1,0,0,0,0,0,0,0,0,0,0,0,1,0,0,0,0,0,0,0,0,0,0,0,0,0,0,0,0,0,0,1,0,1,0,0,0,0,0,1,0,0,0,0,0,0,0,0,0,0,0,0,0,0,1,0,0,0,0,1,0,0,0,0,1,0,0,0,1,0,1,0,0,0
0.5691307413932118,-0.944846617806436,"4884.                 Having surveyed the scene of the accident: - The vehicles were heading from the west to the east, the causing driver was taking the second lane, the damaged driver was taking the far right lane, the causing suddenly swerved the two damaged vehicles were coming from the south to the north, the causing driver ran the red light and bumped into the left side of the first, the damaged swerved to the right crashing into the traffic pole and stopped in the opposite direction of the street as illustrated in the chart.      ",1.0226501309346883,-0.4015453331379524,0.6331117943832852,1,0,0,1,0,0,0,0.22198007966153907,0,0,0,0,0,0,0,0,0,0,0,0,0,0,0,0,0,0,0,0,0,0,1,0,0,0,0,1,0,0,1,0,0,1,0,0,0,0,0,0,0,0,0,0,0,0,0,0,0,0,0,0,1,0,0,0,0,0,0,0,0,0,0,1,0,0,0,0,0,1,0,0,0,0,0,0,0,0,0,0,0,0,0,0,0,0,0,1,0,0,1,0,1,0,0,0,1,0,0,0,0,0,0,1
-1.3463189491758178,-0.944846617806436,"4885.                 Having surveyed the scene of the accident: - The vehicles were heading from the west to the east, the causing driver was taking the second lane, the damaged driver was taking the far right lane, the causing suddenly swerved the two damaged vehicles were coming from the south to the north, the causing driver ran the red light and bumped into the left side of the first, the damaged swerved to the right crashing into the traffic pole and stopped in the opposite direction of the street as illustrated in the chart.      ",1.0226501309346883,-0.4015453331379524,0.6331117943832852,0,1,0,1,0,0,0,0.22198007966153907,0,0,0,0,0,0,0,0,0,0,0,0,0,0,0,0,0,0,0,0,0,0,1,0,0,0,0,1,0,0,1,0,0,1,0,0,0,0,0,0,0,0,0,0,0,0,0,0,0,0,0,0,1,0,0,0,0,0,0,0,0,0,0,1,0,0,0,0,0,1,0,0,0,0,0,0,0,0,0,0,0,0,0,0,0,0,0,1,0,1,0,0,0,1,0,0,0,1,0,0,0,0,0,1
-1.6655605642706561,0.9894713829665198,"4886.                 Having surveyed the scene of the accident: - The vehicles were heading from the east to the west, the causing driver was ahead of the other, both taking the middle lane, the damaged driver slowed down at the intersection, the causing suddenly bumped into damaged one, the accident left physical damages to both as illustrated in the chart.      ",1.0226501309346883,-0.4015453331379524,-0.3676863281700941,1,0,0,1,0,0,0,0.22219896864134706,0,0,0,0,0,0,0,0,0,0,0,0,0,0,0,0,0,0,1,0,0,0,0,0,0,0,0,1,0,0,1,0,0,0,0,0,0,0,0,0,0,0,1,0,0,0,0,0,0,0,0,0,0,0,1,0,0,0,0,0,0,0,0,1,0,0,0,0,0,1,0,0,0,0,0,0,0,0,0,0,0,0,0,1,0,0,0,0,0,1,0,0,0,1,0,0,0,1,0,0,0,0,0,1
-0.4950079755895825,0.9894713829665198,"4887.                 Having surveyed the scene of the accident: - The vehicles were heading from the east to the west, the causing driver was ahead of the other, both taking the middle lane, the damaged driver slowed down at the intersection, the causing suddenly bumped into damaged one, the accident left physical damages to both as illustrated in the chart.      ",1.0226501309346883,-0.4015453331379524,-0.3676863281700941,1,0,0,1,0,0,0,0.22219896864134706,0,0,0,0,0,0,0,0,0,0,0,0,0,0,0,0,0,0,1,0,0,0,0,0,0,0,0,1,0,0,1,0,0,0,0,0,0,0,0,0,0,0,1,0,0,0,0,0,0,0,0,0,0,0,1,0,0,0,0,0,0,0,0,1,0,0,0,0,0,1,0,0,0,0,0,0,0,0,0,0,0,0,0,1,0,0,0,0,0,1,0,0,0,1,0,0,0,1,0,0,0,1,0,0