Age of the injured,Str Code,Accident Description,Road speed limit,Pedestrian action,Number of Lanes,Gender_F,Gender_M,Week_Fifth week,Week_First week,Week_Fourth week,Week_Second week,Week_Third week,Date_time,Reasons__??? ????? ?????? ?????? ???? ????? ??? ???? ???????,Reasons__???? ?? ??????? (???),Reasons__Bypassing the red traffic light,Reasons__Driving back without attention,Reasons__Driving back without traffic clearance,Reasons__Driving in the opposite direction,Reasons__Entering main road without traffic clearance,Reasons__Exceeding speed limit,Reasons__Fatigue and drowsiness,Reasons__Faults in the road,Reasons__Ignoring road lane,Reasons__Ignoring traffic lights,Reasons__Lack of driving awareness,Reasons__Misuse of traffic,Reasons__Negligence and inobservance,Reasons__Negligent driving,Reasons__Not giving priority to pedestrian crossing,Reasons__Not giving way / not giving priority,Reasons__Not leaving enough space,Reasons__Not observing the stop sign,Reasons__Not securing vehicle stability while stopping,Reasons__Speedy without taking road conditions into account,Reasons__Sudden deviation,Reasons__Sudden stop,Reasons__Tyre burst,Reasons__under influence of intoxicant or narcotic drug,__Al Madina Police Station,__Khaldiya Police Station,__Shaabiya Police Station,Streetname_Intersection,Streetname_Street,place__Bridge / Tunnel,place__Coastal area,place__Commercial area,place__Fuel Station,place__Govt. authority,place__Hospital,place__Island,place__Mosque,place__One level intersection,place__Other,place__Park,place__Residential area,place__Sand area,place__School,place__Work area,place__external road,place__unknown,location__ ,location__Bridge,location__Bridge /  Tunnel,location__Car parking,location__Double road,location__Highway,location__Intersection,location__Off the road,location__Other(specify),location__Roundabout,location__Side parking,location__Single road,location__Tunnel,location__Two-way road,location__Unknown,lighting__day,lighting__night - enough lights,lighting__night - weak lights,intersection__Deviated intersection,intersection__Half Perpendicular Intersection,intersection__Multiple leg Intersection,intersection__Not on Intersection,intersection__Not on or around 20 meters,intersection__Other,intersection__Perpendicular Intersection,intersection__Roundabout,intersection__Turn ,accidentype__Collision while turning,accidentype__Fall,accidentype__Hitting a moving object off the road,accidentype__Hitting a moving object on the road,accidentype__Hitting a stationary object off the road,accidentype__Hitting a stationary object on the road,accidentype__Multiple collision,accidentype__Other (specify),accidentype__Perpendicular collision,accidentype__Person run over,accidentype__Rear collision,accidentype__Reciprocal collision,accidentype__Side collision,accidentype__deterioration,seat belt_N,seat belt_Y,seat_Back passenger seat,seat_Driver's seat,seat_Front passenger seat,seat_No passenger,seat_bike passenger,position_Driver,position_Passenger,position_Pedestrian,nationality_Arab States,nationality_Asian States,nationality_GCC,nationality_Other,nationality_UAE
-1.6123536284215165,0.9894713829665198,"4888.                 Having surveyed the scene of the accident: - The vehicles were heading from the east to the west, the causing driver was ahead of the other, both taking the middle lane, the damaged driver slowed down at the intersection, the causing suddenly bumped into damaged one, the accident left physical damages to both as illustrated in the chart.      ",1.0226501309346883,-0.4015453331379524,-0.3676863281700941,0,1,0,1,0,0,0,0.22219896864134706,0,0,0,0,0,0,0,0,0,0,0,0,0,0,0,0,0,0,1,0,0,0,0,0,0,0,0,1,0,0,1,0,0,0,0,0,0,0,0,0,0,0,1,0,0,0,0,0,0,0,0,0,0,0,1,0,0,0,0,0,0,0,0,1,0,0,0,0,0,1,0,0,0,0,0,0,0,0,0,0,0,0,0,1,0,0,0,0,0,1,0,0,0,1,0,0,0,1,0,0,0,0,0,1
0.6755446130914913,-0.601882433272224,"4889.                 Having surveyed the scene of the accident: - The vehicle causing the accident was heading from the south to the north taking the middle lane, the damaged vehicle was coming from the east to the west, the causing driver ran the red light and bumped into the left side of the first, the accident left physical damages to both as illustrated in the chart.      ",-0.19746179160121255,-0.4015453331379524,-0.3676863281700941,1,0,0,1,0,0,0,0.22219896864134706,0,0,1,0,0,0,0,0,0,0,0,0,0,0,0,0,0,0,0,0,0,0,0,0,0,0,0,1,0,0,1,0,0,1,0,0,0,0,0,0,0,0,0,0,0,0,0,0,0,0,0,0,0,0,1,0,0,0,0,0,0,0,0,1,0,0,0,0,0,0,0,0,1,0,0,0,0,0,0,0,0,0,0,1,0,0,0,0,0,0,1,0,1,0,0,0,1,0,0,1,0,0,0,0
0.09026831875095438,0.9894713829665198,"4890.                 Having surveyed the scene of the accident: - The vehicles were heading from the east to the west, the causing driver was ahead of the other, both taking the middle lane, the damaged driver slowed down at the intersection, the causing suddenly bumped into damaged one, the accident left physical damages to both as illustrated in the chart.      ",1.0226501309346883,-0.4015453331379524,-0.3676863281700941,1,0,0,1,0,0,0,0.22219896864134706,0,0,0,0,0,0,0,0,0,0,0,0,0,0,0,0,0,0,1,0,0,0,0,0,0,0,0,1,0,0,1,0,0,0,0,0,0,0,0,0,0,0,1,0,0,0,0,0,0,0,0,0,0,0,1,0,0,0,0,0,0,0,0,1,0,0,0,0,0,1,0,0,0,0,0,0,0,0,0,0,0,0,0,1,0,0,0,0,0,0,1,0,1,0,0,0,1,0,0,0,0,0,0,1
-0.33538716804216334,1.222687028449784,"4891.                 Having surveyed the scene of the accident: - The vehicle causing the accident was heading from the west to the east taking the middle lane, the damaged vehicle was coming from the east to the west, the causing driver ran the red light and bumped into the left side of the first, the accident left physical damages to both as illustrated in the chart.      ",-0.19746179160121255,-0.4015453331379524,0.6331117943832852,1,0,0,1,0,0,0,0.33268318119943324,0,0,1,0,0,0,0,0,0,0,0,0,0,0,0,0,0,0,0,0,0,0,0,0,0,0,0,0,1,1,0,0,0,1,0,0,0,0,0,0,0,0,0,0,0,0,0,0,0,0,0,0,0,0,1,0,0,0,0,0,0,0,0,1,0,0,0,0,0,0,0,0,1,0,0,0,0,0,0,0,0,0,0,1,0,0,0,0,0,0,1,0,1,0,0,0,1,0,0,0,0,0,0,1
0.19668219044923382,-0.8213795113741197,"4892.                 Having surveyed the scene of the accident: - The vehicle causing the accident was totally stopped in a parking lot, the victim was walking down, the driver drove back hitting her, the later got injured, the accident left physical damages to both as illustrated in the chart.      ",-2.637685636673014,2.490378837640347,-2.3692825732768528,1,0,0,1,0,0,0,0.44676811747536094,0,0,0,1,0,0,0,0,0,0,0,0,0,0,0,0,0,0,0,0,0,0,0,0,0,0,0,0,1,0,1,0,0,1,0,0,0,0,0,0,0,0,0,0,0,0,0,0,0,0,0,1,0,0,0,0,0,0,0,0,0,0,0,0,1,0,0,0,0,0,1,0,0,0,0,0,0,0,0,0,0,0,0,0,1,0,0,0,0,1,0,0,0,0,1,0,0,0,1,0,1,0,0,0
-0.38859410389130306,-0.944846617806436,"4893.                 Having surveyed the scene of the accident: - The vehicle causing the accident was heading from the east to the west taking the middle lane, the damaged vehicle was parking, the gardeners were standing behind the latter, the causing driver was out of focus, he swerved off left hitting the workers, then it hit the other damaged vehicle, the latter pushed forward and stopped , two workers hit, one injured and the other died, the accident left physical damages to both as illustrated in the chart.      ",2.2427620534705888,-0.4015453331379524,0.6331117943832852,0,1,0,1,0,0,0,0.5360310434410618,0,0,0,0,0,0,0,0,0,0,0,0,0,0,0,0,0,0,0,0,0,0,0,0,0,1,0,1,0,0,1,0,0,0,0,1,0,0,0,0,0,0,0,0,0,0,0,0,0,0,1,0,0,0,0,0,0,0,0,0,0,0,0,0,1,0,0,0,0,0,1,0,0,0,0,0,0,0,0,0,0,0,0,0,1,0,0,0,0,0,1,0,1,0,0,0,1,0,0,1,0,0,0,0
0.728751548940631,-0.944846617806436,"4894.                 Having surveyed the scene of the accident: - The vehicle causing the accident was heading from the east to the west taking the middle lane, the damaged vehicle was parking, the gardeners were standing behind the latter, the causing driver was out of focus, he swerved off left hitting the workers, then it hit the other damaged vehicle, the latter pushed forward and stopped , two workers hit, one injured and the other died, the accident left physical damages to both as illustrated in the chart.      ",2.2427620534705888,-0.4015453331379524,0.6331117943832852,0,1,0,1,0,0,0,0.5360310434410618,0,0,0,0,0,0,0,0,0,0,0,0,0,0,0,0,0,0,0,0,0,0,0,0,0,1,0,1,0,0,1,0,0,0,0,1,0,0,0,0,0,0,0,0,0,0,0,0,0,0,1,0,0,0,0,0,0,0,0,0,0,0,0,0,1,0,0,0,0,0,1,0,0,0,0,0,0,0,0,0,0,0,0,0,1,0,0,0,0,1,0,0,0,0,1,0,0,0,1,0,1,0,0,0
1.0479931640354692,-0.944846617806436,"4895.                 Having surveyed the scene of the accident: - The vehicle causing the accident was heading from the east to the west taking the middle lane, the damaged vehicle was parking, the gardeners were standing behind the latter, the causing driver was out of focus, he swerved off left hitting the workers, then it hit the other damaged vehicle, the latter pushed forward and stopped , two workers hit, one injured and the other died, the accident left physical damages to both as illustrated in the chart.      ",2.2427620534705888,-0.4015453331379524,0.6331117943832852,0,1,0,1,0,0,0,0.5360310434410618,0,0,0,0,0,0,0,0,0,0,0,0,0,0,0,0,0,0,0,0,0,0,0,0,0,1,0,1,0,0,1,0,0,0,0,1,0,0,0,0,0,0,0,0,0,0,0,0,0,0,1,0,0,0,0,0,0,0,0,0,0,0,0,0,1,0,0,0,0,0,1,0,0,0,0,0,0,0,0,0,0,0,0,0,1,0,0,0,0,1,0,0,0,0,1,0,0,0,1,0,1,0,0,0
0.40950993384579265,0.7013814679577817,"4896.                 Having surveyed the scene of the accident: - The vehicle causing the accident was heading from the west to the east taking the middle lane, the damaged vehicle was coming from the north to the south, the causing driver ran the red light and bumped into the left side of the first, the accident left physical damages to both as illustrated in the chart.      ",-0.19746179160121255,-0.4015453331379524,-0.3676863281700941,0,1,0,1,0,0,0,0.5539252175403655,0,0,1,0,0,0,0,0,0,0,0,0,0,0,0,0,0,0,0,0,0,0,0,0,0,0,0,1,0,0,1,0,0,0,0,0,0,0,0,0,0,0,1,0,0,0,0,0,0,0,0,0,0,0,1,0,0,0,0,0,0,0,0,1,0,0,0,0,1,0,0,0,0,0,0,0,0,0,0,0,0,0,0,1,0,0,0,0,0,0,1,0,1,0,0,0,1,0,0,0,1,0,0,0
0.6755446130914913,0.7013814679577817,"4897.                 Having surveyed the scene of the accident: - The vehicle causing the accident was heading from the west to the east taking the middle lane, the damaged vehicle was coming from the north to the south, the causing driver ran the red light and bumped into the left side of the first, the accident left physical damages to both as illustrated in the chart.      ",-0.19746179160121255,-0.4015453331379524,-0.3676863281700941,1,0,0,1,0,0,0,0.5539252175403655,0,0,1,0,0,0,0,0,0,0,0,0,0,0,0,0,0,0,0,0,0,0,0,0,0,0,0,1,0,0,1,0,0,0,0,0,0,0,0,0,0,0,1,0,0,0,0,0,0,0,0,0,0,0,1,0,0,0,0,0,0,0,0,1,0,0,0,0,1,0,0,0,0,0,0,0,0,0,0,0,0,0,0,1,0,0,0,0,0,0,1,0,1,0,0,0,1,0,0,0,0,0,0,1
-0.016145552947325045,0.6327886310509393,"4898.                 Having surveyed the scene of the accident: - The vehicle causing the accident was heading from the east to the west taking the right lane, the damaged vehicle was coming from the south to the north, the causing driver lost control and ran the red light and bumped into the right side of the first, the accident left two injuries and physical damages to both as illustrated in the chart.      ",-0.19746179160121255,-0.4015453331379524,-0.3676863281700941,1,0,0,1,0,0,0,0.5604371646896534,0,0,1,0,0,0,0,0,0,0,0,0,0,0,0,0,0,0,0,0,0,0,0,0,0,0,0,0,1,0,1,0,0,0,0,1,0,0,0,0,0,0,0,0,0,0,0,0,0,1,0,0,0,0,0,0,0,0,0,0,0,0,0,0,1,0,0,0,0,0,0,0,1,0,0,0,0,0,0,0,0,0,0,1,0,0,0,0,0,1,0,0,0,1,0,0,0,1,0,1,0,0,0,0
-0.12255942464560447,0.6327886310509393,"4899.                 Having surveyed the scene of the accident: - The vehicle causing the accident was heading from the east to the west taking the right lane, the damaged vehicle was coming from the south to the north, the causing driver lost control and ran the red light and bumped into the right side of the first, the accident left two injuries and physical damages to both as illustrated in the chart.      ",-0.19746179160121255,-0.4015453331379524,-0.3676863281700941,1,0,0,1,0,0,0,0.5604371646896534,0,0,1,0,0,0,0,0,0,0,0,0,0,0,0,0,0,0,0,0,0,0,0,0,0,0,0,0,1,0,1,0,0,0,0,1,0,0,0,0,0,0,0,0,0,0,0,0,0,1,0,0,0,0,0,0,0,0,0,0,0,0,0,0,1,0,0,0,0,0,0,0,1,0,0,0,0,0,0,0,0,0,0,1,0,0,0,0,0,0,1,0,1,0,0,0,1,0,0,0,0,0,0,1
0.8351654206389104,0.5641957941440969,"4900.                 Having surveyed the scene of the accident: - The vehicle causing the accident was heading from the south to the north, the damaged vehicle was coming from the north to the south, when the two arrived the intersection, the causing driver lost control and ran the red light and bumped into the front side of the first, the accident physical damages to both as illustrated in the chart.      ",-0.19746179160121255,-0.4015453331379524,-0.3676863281700941,1,0,0,1,0,0,0,0.6568468158460854,0,0,1,0,0,0,0,0,0,0,0,0,0,0,0,0,0,0,0,0,0,0,0,0,0,0,0,1,0,0,1,0,0,1,0,0,0,0,0,0,0,0,0,0,0,0,0,0,0,0,0,0,0,0,1,0,0,0,0,0,0,0,0,1,0,0,0,1,0,0,0,0,0,0,0,0,0,0,0,0,0,0,0,1,0,0,0,0,0,1,0,1,0,0,0,0,0,1,0,1,0,0,0,0
-0.12255942464560447,-0.9860023199505414,"4901.                 Having surveyed the scene of the accident: - The vehicle causing the accident was heading from the east to the west taking the first lane, the victim was crossing from the north to the south taking the pedestrian line, the causing driver lost control and ran the red light and bumped into the victim, the latter flown 10 meters away, the accident left one serious injury and physical damages to the vehicle as illustrated in the chart.      ",-0.19746179160121255,-0.4015453331379524,-0.3676863281700941,0,1,0,1,0,0,0,0.7750578093913939,0,0,0,0,0,0,0,0,0,0,0,0,0,1,0,0,0,0,0,0,0,0,0,0,0,0,0,0,1,0,1,0,0,1,0,0,0,0,0,0,0,0,0,0,0,0,0,0,0,0,0,0,0,0,1,0,0,0,0,0,0,0,0,0,1,0,0,0,0,0,0,0,1,0,0,0,0,0,0,0,0,0,0,0,1,0,0,0,0,1,0,0,0,0,1,0,0,0,1,0,0,0,1,0
0.24988912629837354,1.195249893687047,"4902.                 Having surveyed the scene of the accident: - The vehicle causing the accident was heading from the north to the south, the first, second, and third damaged vehicle were taking the arrow direction, the fourth was taking the second lane, the causing driver lost control and ran the red light and bumped into the rear side of the first, the latter then hit the rear of the second, the latter hit the rear of the third, the causing swerved and crashed into the left side of the fourth as illustrated in the chart.      ",-0.19746179160121255,-0.4015453331379524,0.6331117943832852,0,1,0,1,0,0,0,0.9804303946962464,0,0,0,0,0,0,0,0,0,0,0,0,0,0,1,0,0,0,0,0,0,0,0,0,0,0,0,1,0,0,1,0,0,0,0,0,0,0,0,0,0,0,1,0,0,0,0,0,0,0,0,0,0,0,1,0,0,0,0,0,0,0,0,1,0,0,0,0,0,0,1,0,0,0,0,0,0,0,0,0,0,0,0,0,0,1,0,0,0,0,1,0,1,0,0,0,1,0,0,1,0,0,0,0
1.260820907432028,1.195249893687047,"4903.                 Having surveyed the scene of the accident: - The vehicle causing the accident was heading from the north to the south, the first, second, and third damaged vehicle were taking the arrow direction, the fourth was taking the second lane, the causing driver lost control and ran the red light and bumped into the rear side of the first, the latter then hit the rear of the second, the latter hit the rear of the third, the causing swerved and crashed into the left side of the fourth as illustrated in the chart.      ",-0.19746179160121255,-0.4015453331379524,0.6331117943832852,1,0,0,1,0,0,0,0.9804303946962464,0,0,0,0,0,0,0,0,0,0,0,0,0,0,1,0,0,0,0,0,0,0,0,0,0,0,0,1,0,0,1,0,0,0,0,0,0,0,0,0,0,0,1,0,0,0,0,0,0,0,0,0,0,0,1,0,0,0,0,0,0,0,0,1,0,0,0,0,0,0,1,0,0,0,0,0,0,0,0,0,0,0,0,0,0,1,0,0,0,0,1,0,1,0,0,0,1,0,0,0,0,0,0,1
-1.3995258850249577,-0.9585651851878045,"4904.                 Having surveyed the scene of the accident: - The vehicle causing the accident was heading from the east to the west, the other causing vehicle was coming from the north to the south, the causing driver lost control due to the exceed speed and bumped into the right side of the first, the accident physical damages to both as illustrated in the chart.      ",-1.4175737141371132,-0.4015453331379524,-1.3684844507234735,0,1,0,1,0,0,0,1.0985319437516508,0,0,0,0,0,0,0,0,0,0,0,0,0,0,0,0,0,0,0,0,0,1,0,0,0,0,0,1,0,0,1,0,0,0,0,0,0,0,0,0,0,0,1,0,0,0,0,0,0,0,0,0,1,0,0,0,0,0,0,0,0,0,0,1,0,0,0,0,0,1,0,0,0,0,0,0,0,0,0,0,0,0,0,1,0,0,0,0,0,1,0,0,1,0,0,0,1,0,0,0,0,0,0,1
-0.2289732963438839,-0.8076609439927512,"4905.                 Having surveyed the scene of the accident: - The vehicle causing the accident was heading from the east to the west, the victim was coming from the west to the east from a point not designated for the pedestrians, the causing driver lost control due to the exceed speed and bumped into the victim, who flew up and fell on the windshield, then flown 3 meters away to the island as illustrated in the chart.      ",-0.19746179160121255,2.490378837640347,-0.3676863281700941,0,1,0,1,0,0,0,1.2071446555323786,0,0,0,0,0,0,0,0,0,0,0,0,0,0,0,0,0,0,0,0,0,1,0,0,0,0,1,0,0,0,1,0,0,1,0,0,0,0,0,0,0,0,0,0,0,0,0,0,0,0,0,0,1,0,0,0,0,0,0,0,0,0,0,1,0,0,0,0,0,1,0,0,0,0,0,0,0,0,0,0,0,0,0,0,1,0,0,0,0,1,0,0,0,0,1,0,0,0,1,0,1,0,0,0
-0.7078357189861413,1.140375624161573,"4906.                 Having surveyed the scene of the accident: - The vehicle causing the accident was heading from the east to the west, the damaged vehicle was coming from the west to the east, when the two arrived the intersection, the causing driver lost control and ran the red light and bumped into the front side of the first, the accident physical damages to both as illustrated in the chart.      ",-0.19746179160121255,-0.4015453331379524,-0.3676863281700941,1,0,0,1,0,0,0,1.2169946596237384,0,0,1,0,0,0,0,0,0,0,0,0,0,0,0,0,0,0,0,0,0,0,0,0,0,0,0,1,0,0,1,0,0,0,0,0,0,0,0,0,0,0,1,0,0,0,0,0,0,0,0,0,0,0,1,0,0,0,0,0,0,0,0,0,1,0,0,0,1,0,0,0,0,0,0,0,0,0,0,0,0,0,0,1,0,0,0,0,0,0,1,0,1,0,0,0,1,0,0,1,0,0,0,0
-0.5482149114387221,1.140375624161573,"4907.                 Having surveyed the scene of the accident: - The vehicle causing the accident was heading from the east to the west, the damaged vehicle was coming from the west to the east, when the two arrived the intersection, the causing driver lost control and ran the red light and bumped into the front side of the first, the accident physical damages to both as illustrated in the chart.      ",-0.19746179160121255,-0.4015453331379524,-0.3676863281700941,0,1,0,1,0,0,0,1.2169946596237384,0,0,1,0,0,0,0,0,0,0,0,0,0,0,0,0,0,0,0,0,0,0,0,0,0,0,0,1,0,0,1,0,0,0,0,0,0,0,0,0,0,0,1,0,0,0,0,0,0,0,0,0,0,0,1,0,0,0,0,0,0,0,0,0,1,0,0,0,1,0,0,0,0,0,0,0,0,0,0,0,0,0,0,1,0,0,0,0,0,0,1,0,1,0,0,0,1,0,0,0,0,0,0,1
0.19668219044923382,-0.9036909156623305,"4908.                 Having surveyed the scene of the accident: - The vehicle causing the accident was heading from the east to the west, the damaged vehicle was coming from the west to the north, the causing driver ran the red light and bumped into the right side of the first, the accident left behind one injury and physical damages to both as illustrated in the chart.      ",-0.19746179160121255,-0.4015453331379524,0.6331117943832852,0,1,0,1,0,0,0,1.3250601489549463,0,0,1,0,0,0,0,0,0,0,0,0,0,0,0,0,0,0,0,0,0,0,0,0,0,0,0,1,0,0,1,0,0,0,0,0,0,0,0,0,0,0,1,0,0,0,0,0,0,0,0,0,0,0,1,0,0,0,0,0,0,0,0,0,1,0,0,0,1,0,0,0,0,0,0,0,0,0,0,0,0,0,0,1,0,0,0,0,0,0,1,0,1,0,0,0,1,0,0,1,0,0,0,0
0.03706138290181467,1.3873098370262058,"4909.                 Having surveyed the scene of the accident: - The vehicle causing the accident was heading from the east to the south, the damaged vehicle was coming from the west to the east, the causing ran the red light and bumped into the right side of the first, the accident left behind one injury and physical damages to both as illustrated in the chart.      ",1.0226501309346883,-0.4015453331379524,0.6331117943832852,1,0,0,1,0,0,0,1.5198822854330534,0,0,1,0,0,0,0,0,0,0,0,0,0,0,0,0,0,0,0,0,0,0,0,0,0,0,0,0,1,0,1,0,0,1,0,0,0,0,0,0,0,0,0,0,0,0,0,0,0,0,0,0,0,0,1,0,0,0,0,0,0,0,0,0,1,0,0,0,0,0,0,0,1,0,0,0,0,0,0,0,0,0,0,1,0,0,0,0,0,0,1,0,1,0,0,0,1,0,0,0,0,0,0,1
-0.2289732963438839,1.3873098370262058,"4910.                 Having surveyed the scene of the accident: - The vehicle causing the accident was heading from the east to the south, the damaged vehicle was coming from the west to the east, the causing ran the red light and bumped into the right side of the first, the accident left behind one injury and physical damages to both as illustrated in the chart.      ",1.0226501309346883,-0.4015453331379524,0.6331117943832852,0,1,0,1,0,0,0,1.5198822854330534,0,0,1,0,0,0,0,0,0,0,0,0,0,0,0,0,0,0,0,0,0,0,0,0,0,0,0,0,1,0,1,0,0,1,0,0,0,0,0,0,0,0,0,0,0,0,0,0,0,0,0,0,0,0,1,0,0,0,0,0,0,0,0,0,1,0,0,0,0,0,0,0,1,0,0,0,0,0,0,0,0,0,0,1,0,0,0,0,0,0,1,0,1,0,0,0,1,0,0,1,0,0,0,0
-0.28218023219302363,0.9345971134410459,"4911.                 Having surveyed the scene of the accident: - The vehicle causing the accident was heading from the north U-turn to the west, a bike was coming from the east to the west, the biker hit the right side of the vehicle as illustrated in the chart.      ",-0.19746179160121255,-0.4015453331379524,-0.3676863281700941,0,1,0,1,0,0,0,1.5301700674840293,0,0,0,0,0,0,1,0,0,0,0,0,0,0,0,0,0,0,0,0,0,0,0,0,0,0,0,0,1,0,1,0,0,1,0,0,0,0,0,0,0,0,0,0,0,0,0,0,0,0,0,0,0,1,0,0,0,0,0,0,0,0,0,1,0,0,0,0,0,1,0,0,0,0,0,0,0,0,0,0,0,0,0,0,0,0,0,1,0,1,0,0,1,0,0,0,1,0,0,1,0,0,0,0
-0.06935248879646476,1.0169085177292567,"4912.                 Having surveyed the scene of the accident: - The vehicle causing the accident was heading from the west to the east, the damaged vehicle was coming from the east to the west, the causing ran the red light and bumped into the front left side of the first, the accident left behind one injury and physical damages to both as illustrated in the chart.      ",-0.19746179160121255,-0.4015453331379524,0.6331117943832852,1,0,0,1,0,0,0,1.5318664570775413,0,0,1,0,0,0,0,0,0,0,0,0,0,0,0,0,0,0,0,0,0,0,0,0,0,0,0,1,0,0,1,0,0,1,0,0,0,0,0,0,0,0,0,0,0,0,0,0,0,0,0,0,0,0,1,0,0,0,0,0,0,0,0,1,0,0,0,0,0,0,0,0,1,0,0,0,0,0,0,0,0,0,0,1,0,0,0,0,0,0,1,0,1,0,0,0,1,0,0,0,0,0,1,0
0.35630299799665294,1.1540941915429417,"4913.                 Having surveyed the scene of the accident: - The vehicles causing the accident were heading from the south to the north, one taking the far left and the other taking the second left lane, one driver suddenly changed the lane into another, the causing bumped into the right side of the first, the accident left behind physical damages to both as illustrated in the chart.      ",-0.19746179160121255,-0.4015453331379524,-0.3676863281700941,0,1,0,1,0,0,0,1.538487848716733,0,0,0,0,0,0,0,0,0,0,1,0,0,0,0,0,0,0,0,0,0,0,0,0,0,0,0,0,1,0,1,0,0,1,0,0,0,0,0,0,0,0,0,0,0,0,0,0,0,0,0,0,1,0,0,0,0,0,0,0,0,0,0,1,0,0,0,0,0,0,0,0,1,0,0,0,0,0,0,0,0,0,0,1,0,0,0,0,0,1,0,0,1,0,0,0,1,0,0,0,1,0,0,0
0.3030960621475132,-0.944846617806436,"4914.                 Having surveyed the scene of the accident: - The vehicle causing the accident was taking the middle lane, due to the little distance it hit the rear part of the vehicle ahead as illustrated in the chart.      ",1.0226501309346883,-0.4015453331379524,-0.3676863281700941,1,0,0,1,0,0,0,1.6469035604156337,0,0,0,0,0,0,0,0,0,0,0,0,0,0,0,0,0,0,1,0,0,0,0,0,0,0,0,1,0,0,1,0,0,0,0,0,0,0,0,0,0,0,1,0,0,0,0,0,0,0,0,0,0,1,0,0,0,0,0,0,0,0,0,1,0,0,0,0,0,1,0,0,0,0,0,0,0,0,0,0,0,0,0,0,0,1,0,0,0,0,1,0,1,0,0,0,1,0,0,1,0,0,0,0
0.03706138290181467,1.195249893687047,"4915.                 Having surveyed the scene of the accident: - The vehicle causing the accident was heading from the west to the east, the two damaged vehicles were coming from the north to the south, the causing ran the red light and bumped into the rear side of the first, the latter hit the rear right side of the second, the latter hit the pavement as illustrated in the chart.      ",-0.19746179160121255,-0.4015453331379524,-0.3676863281700941,0,1,0,1,0,0,0,-1.093104911024903,0,0,1,0,0,0,0,0,0,0,0,0,0,0,0,0,0,0,0,0,0,0,0,0,0,0,0,1,0,0,1,0,0,0,0,0,0,0,0,0,0,0,1,0,0,0,0,0,0,0,0,0,0,0,1,0,0,0,0,0,0,0,0,1,0,0,0,0,0,0,0,0,1,0,0,0,0,0,0,0,0,0,0,1,0,0,0,0,0,0,1,0,1,0,0,0,1,0,0,0,1,0,0,0
-1.4527328208740973,1.4147469717889427,"4916.                 Having surveyed the scene of the accident: - The vehicle causing the accident was heading from the west to the east, the damaged vehicle was coming from the same lane, due to the little distance, the causing bumped into the rear part of the other, the accident left behind four injuries and physical damages to both as illustrated in the chart.      ",1.0226501309346883,-0.4015453331379524,1.6339099169366647,0,1,0,1,0,0,0,-1.089164909388359,0,0,0,0,0,0,0,0,0,0,0,0,0,0,0,0,0,0,1,0,0,0,0,0,0,0,0,0,1,1,0,0,0,0,0,0,0,0,0,0,0,0,1,0,0,0,0,0,0,0,0,0,0,0,1,0,0,0,0,0,0,0,0,1,0,0,0,0,0,1,0,0,0,0,0,0,0,0,0,0,0,0,0,0,0,1,0,0,0,1,0,1,0,0,0,0,0,1,0,1,0,0,0,0
1.101200099884609,1.4147469717889427,"4917.                 Having surveyed the scene of the accident: - The vehicle causing the accident was heading from the west to the east, the damaged vehicle was coming from the same lane, due to the little distance, the causing bumped into the rear part of the other, the accident left behind four injuries and physical damages to both as illustrated in the chart.      ",1.0226501309346883,-0.4015453331379524,1.6339099169366647,1,0,0,1,0,0,0,-1.089164909388359,0,0,0,0,0,0,0,0,0,0,0,0,0,0,0,0,0,0,1,0,0,0,0,0,0,0,0,0,1,1,0,0,0,0,0,0,0,0,0,0,0,0,1,0,0,0,0,0,0,0,0,0,0,0,1,0,0,0,0,0,0,0,0,1,0,0,0,0,0,1,0,0,0,0,0,0,0,0,0,0,0,0,0,0,0,1,0,0,0,1,0,0,0,1,0,0,0,1,0,1,0,0,0,0
0.1434752546000941,-0.972283752569173,"4918.                 Having surveyed the scene of the accident: - The vehicle causing the accident was heading from the west to the east, the victim was crossing the road from the north to the south in a point not designated for pedestrians, the causing accelerated and bumped into the left side of the victim, the accident left behind two injuries and physical damages to the vehicle as illustrated in the chart.      ",-0.19746179160121255,-0.4015453331379524,-0.3676863281700941,0,1,0,1,0,0,0,-1.0967931903346677,0,0,0,0,0,0,0,0,0,0,0,0,0,0,0,0,0,0,0,0,0,1,0,0,0,0,0,1,0,0,1,0,0,1,0,0,0,0,0,0,0,0,0,0,0,0,0,0,0,0,0,0,1,0,0,0,0,0,0,0,0,0,0,1,0,0,0,0,0,0,1,0,0,0,0,0,0,0,0,0,0,0,0,0,1,0,0,0,0,0,1,0,1,0,0,0,1,0,0,1,0,0,0,0
-0.28218023219302363,1.4147469717889427,"4919.                 Having surveyed the scene of the accident: - The vehicle causing the accident was heading from the west to the east, the damaged vehicle was coming from the same lane, due to the little distance, the causing bumped into the rear part of the other, the accident left behind four injuries and physical damages to both as illustrated in the chart.      ",1.0226501309346883,-0.4015453331379524,1.6339099169366647,1,0,0,1,0,0,0,-1.089164909388359,0,0,0,0,0,0,0,0,0,0,0,0,0,0,0,0,0,0,1,0,0,0,0,0,0,0,0,0,1,1,0,0,0,0,0,0,0,0,0,0,0,0,1,0,0,0,0,0,0,0,0,0,0,0,1,0,0,0,0,0,0,0,0,1,0,0,0,0,0,1,0,0,0,0,0,0,0,0,0,0,0,0,0,0,0,1,0,0,0,0,1,0,1,0,0,0,1,0,0,1,0,0,0,0
1.4736486508285869,-0.972283752569173,"4920.                 Having surveyed the scene of the accident: - The vehicle causing the accident was heading from the west to the east, the victim was crossing the road from the north to the south in a point not designated for pedestrians, the causing accelerated and bumped into the left side of the victim, the accident left behind two injuries and physical damages to the vehicle as illustrated in the chart.      ",-0.19746179160121255,2.490378837640347,-0.3676863281700941,0,1,0,1,0,0,0,-1.0967931903346677,0,0,0,0,0,0,0,0,0,0,0,0,0,0,0,0,0,0,0,0,0,1,0,0,0,0,0,1,0,0,1,0,0,1,0,0,0,0,0,0,0,0,0,0,0,0,0,0,0,0,0,0,1,0,0,0,0,0,0,0,0,0,0,1,0,0,0,0,0,0,1,0,0,0,0,0,0,0,0,0,0,0,0,0,1,0,0,0,0,1,0,0,0,0,1,0,0,0,1,0,1,0,0,0
-0.8142495906844207,1.4147469717889427,"4921.                 Having surveyed the scene of the accident: - The vehicle causing the accident was heading from the west to the east, the damaged vehicle was coming from the same lane, due to the little distance, the causing bumped into the rear part of the other, the accident left behind four injuries and physical damages to both as illustrated in the chart",1.0226501309346883,-0.4015453331379524,1.6339099169366647,1,0,0,1,0,0,0,-1.089164909388359,0,0,0,0,0,0,0,0,0,0,0,0,0,0,0,0,0,0,1,0,0,0,0,0,0,0,0,0,1,1,0,0,0,0,0,0,0,0,0,0,0,0,1,0,0,0,0,0,0,0,0,0,0,0,1,0,0,0,0,0,0,0,0,1,0,0,0,0,0,1,0,0,0,0,0,0,0,0,0,0,0,0,0,0,0,1,0,0,0,1,0,1,0,0,0,0,0,1,0,1,0,0,0,0
-1.1866981416283988,1.0717827872547308,"4922.                 Having surveyed the scene of the accident: - The vehicle causing the accident was heading from the north to the south, the victim was coming from the east to the west, due to the exceed speed, the causing bumped into the victim, the accident left behind one injury as illustrated in the chart",-0.19746179160121255,2.490378837640347,1.6339099169366647,0,1,0,1,0,0,0,-1.088234631224175,0,0,0,0,0,0,0,0,0,0,0,0,0,0,0,0,0,0,0,0,0,1,0,0,0,0,0,0,1,0,1,0,0,0,0,0,0,0,0,0,0,0,1,0,0,0,0,0,0,0,0,0,0,1,0,0,0,0,0,0,0,0,0,1,0,0,0,0,0,1,0,0,0,0,0,0,0,0,0,0,0,0,0,0,1,0,0,0,0,1,0,0,0,0,1,0,0,0,1,1,0,0,0,0