Age of the injured,Str Code,Accident Description,Road speed limit,Pedestrian action,Number of Lanes,Gender_F,Gender_M,Week_Fifth week,Week_First week,Week_Fourth week,Week_Second week,Week_Third week,Date_time,Reasons__??? ????? ?????? ?????? ???? ????? ??? ???? ???????,Reasons__???? ?? ??????? (???),Reasons__Bypassing the red traffic light,Reasons__Driving back without attention,Reasons__Driving back without traffic clearance,Reasons__Driving in the opposite direction,Reasons__Entering main road without traffic clearance,Reasons__Exceeding speed limit,Reasons__Fatigue and drowsiness,Reasons__Faults in the road,Reasons__Ignoring road lane,Reasons__Ignoring traffic lights,Reasons__Lack of driving awareness,Reasons__Misuse of traffic,Reasons__Negligence and inobservance,Reasons__Negligent driving,Reasons__Not giving priority to pedestrian crossing,Reasons__Not giving way / not giving priority,Reasons__Not leaving enough space,Reasons__Not observing the stop sign,Reasons__Not securing vehicle stability while stopping,Reasons__Speedy without taking road conditions into account,Reasons__Sudden deviation,Reasons__Sudden stop,Reasons__Tyre burst,Reasons__under influence of intoxicant or narcotic drug,__Al Madina Police Station,__Khaldiya Police Station,__Shaabiya Police Station,Streetname_Intersection,Streetname_Street,place__Bridge / Tunnel,place__Coastal area,place__Commercial area,place__Fuel Station,place__Govt. authority,place__Hospital,place__Island,place__Mosque,place__One level intersection,place__Other,place__Park,place__Residential area,place__Sand area,place__School,place__Work area,place__external road,place__unknown,location__ ,location__Bridge,location__Bridge /  Tunnel,location__Car parking,location__Double road,location__Highway,location__Intersection,location__Off the road,location__Other(specify),location__Roundabout,location__Side parking,location__Single road,location__Tunnel,location__Two-way road,location__Unknown,lighting__day,lighting__night - enough lights,lighting__night - weak lights,intersection__Deviated intersection,intersection__Half Perpendicular Intersection,intersection__Multiple leg Intersection,intersection__Not on Intersection,intersection__Not on or around 20 meters,intersection__Other,intersection__Perpendicular Intersection,intersection__Roundabout,intersection__Turn ,accidentype__Collision while turning,accidentype__Fall,accidentype__Hitting a moving object off the road,accidentype__Hitting a moving object on the road,accidentype__Hitting a stationary object off the road,accidentype__Hitting a stationary object on the road,accidentype__Multiple collision,accidentype__Other (specify),accidentype__Perpendicular collision,accidentype__Person run over,accidentype__Rear collision,accidentype__Reciprocal collision,accidentype__Side collision,accidentype__deterioration,seat belt_N,seat belt_Y,seat_Back passenger seat,seat_Driver's seat,seat_Front passenger seat,seat_No passenger,seat_bike passenger,position_Driver,position_Passenger,position_Pedestrian,nationality_Arab States,nationality_Asian States,nationality_GCC,nationality_Other,nationality_UAE
-0.4950079755895825,-0.9036909156623305,"4923.                 Having surveyed the scene of the accident: - The vehicle causing the accident was heading from the north to the south, the damaged vehicle was coming from the west to the east, the causing ran the red light and bumped into the rear side of the first, the latter swerved and hit the plastic barriers, the accident left behind two injuries and physical damages to the vehicles and the barriers as illustrated in the chart.      ",-0.19746179160121255,-0.4015453331379524,0.6331117943832852,0,1,0,1,0,0,0,-1.0813396283602232,0,0,1,0,0,0,0,0,0,0,0,0,0,0,0,0,0,0,0,0,0,0,0,0,0,0,0,1,0,0,1,0,0,1,0,0,0,0,0,0,0,0,0,0,0,0,0,0,0,0,0,0,0,0,1,0,0,0,0,0,0,0,0,0,1,0,0,0,0,0,0,0,1,0,0,0,0,0,0,0,0,0,0,1,0,0,0,0,0,0,1,0,0,1,0,0,0,1,0,0,0,0,0,1
-0.7078357189861413,-0.9036909156623305,"4924.                 Having surveyed the scene of the accident: - The vehicle causing the accident was heading from the north to the south, the damaged vehicle was coming from the west to the east, the causing ran the red light and bumped into the rear side of the first, the latter swerved and hit the plastic barriers, the accident left behind two injuries and physical damages to the vehicles and the barriers as illustrated in the chart.      ",-0.19746179160121255,-0.4015453331379524,0.6331117943832852,0,1,0,1,0,0,0,-1.0813396283602232,0,0,1,0,0,0,0,0,0,0,0,0,0,0,0,0,0,0,0,0,0,0,0,0,0,0,0,1,0,0,1,0,0,1,0,0,0,0,0,0,0,0,0,0,0,0,0,0,0,0,0,0,0,0,1,0,0,0,0,0,0,0,0,0,1,0,0,0,0,0,0,0,1,0,0,0,0,0,0,0,0,0,0,1,0,0,0,0,0,1,0,1,0,0,0,0,0,1,0,0,0,0,0,1
0.3030960621475132,0.9208785460596774,"4925.                 Having surveyed the scene of the accident: - The vehicle causing the accident was heading from the west to the east, the damaged vehicle was coming from the same lane, due to the little distance, the causing bumped into the rear part of the other, the accident left behind four injuries and physical damages to both as illustrated in the chart",-0.19746179160121255,-0.4015453331379524,-0.3676863281700941,0,1,0,1,0,0,0,-1.0877421310196072,0,0,1,0,0,0,0,0,0,0,0,0,0,0,0,0,0,0,0,0,0,0,0,0,0,0,0,0,1,0,1,0,0,0,0,1,0,0,0,0,0,0,0,0,0,0,0,0,0,0,0,0,0,0,1,0,0,0,0,0,0,0,0,1,0,0,0,0,0,0,0,0,1,0,0,0,0,0,0,0,0,0,0,1,0,0,0,0,0,1,0,0,1,0,0,0,1,0,0,0,0,0,1,0
1.3672347791303074,1.0580642198733623,"4926.                 Having surveyed the scene of the accident: - The vehicle causing the accident was heading from the north to the south, the victim was coming from the east to the west, due to the exceed speed, the causing bumped into the victim, the accident left behind one injury as illustrated in the chart",-0.19746179160121255,-0.4015453331379524,0.6331117943832852,0,1,0,1,0,0,0,-1.090423521022255,0,0,1,0,0,0,0,0,0,0,0,0,0,0,0,0,0,0,0,0,0,0,0,0,0,0,0,0,1,0,1,0,0,1,0,0,0,0,0,0,0,0,0,0,0,0,0,0,0,0,0,0,0,0,1,0,0,0,0,0,0,0,0,1,0,0,0,0,0,0,0,0,1,0,0,0,0,0,0,0,0,0,0,1,0,0,0,0,0,1,0,0,1,0,0,0,1,0,0,0,1,0,0,0
-1.2399050774775384,1.222687028449784,"4927.                 Having surveyed the scene of the accident: - The vehicle causing the accident was heading from the north to the south, the damaged vehicle was coming from the west to the east, the causing ran the red light and bumped into the rear side of the first, the latter swerved and hit the plastic barriers, the accident left behind two injuries and physical damages to the vehicles and the barriers as illustrated in the chart.      ",-0.19746179160121255,-0.4015453331379524,0.6331117943832852,0,1,0,1,0,0,0,-1.0857721302013352,0,0,1,0,0,0,0,0,0,0,0,0,0,0,0,0,0,0,0,0,0,0,0,0,0,0,0,0,1,1,0,0,0,1,0,0,0,0,0,0,0,0,0,0,0,0,0,0,0,0,0,0,0,0,1,0,0,0,0,0,0,0,0,0,1,0,0,0,0,0,0,0,1,0,0,0,0,0,0,0,0,0,0,1,0,0,0,0,0,1,0,1,0,0,0,0,0,1,0,0,0,0,0,1
-1.2399050774775384,1.222687028449784,"4928.                 Having surveyed the scene of the accident: - The vehicle causing the accident was heading from the north to the south, the damaged vehicle was coming from the west to the east, the causing ran the red light and bumped into the rear side of the first, the latter swerved and hit the plastic barriers, the accident left behind two injuries and physical damages to the vehicles and the barriers as illustrated in the chart.      ",-0.19746179160121255,-0.4015453331379524,0.6331117943832852,1,0,0,1,0,0,0,-1.0857721302013352,0,0,1,0,0,0,0,0,0,0,0,0,0,0,0,0,0,0,0,0,0,0,0,0,0,0,0,0,1,1,0,0,0,1,0,0,0,0,0,0,0,0,0,0,0,0,0,0,0,0,0,0,0,0,1,0,0,0,0,0,0,0,0,0,1,0,0,0,0,0,0,0,1,0,0,0,0,0,0,0,0,0,0,1,0,0,0,0,0,1,0,1,0,0,0,0,0,1,0,0,0,0,0,1
-1.1866981416283988,1.222687028449784,"4929.                 Having surveyed the scene of the accident: - The vehicle causing the accident was heading from the west to the east, the damaged vehicle was coming from the same lane, due to the little distance, the causing bumped into the rear part of the other, the accident left behind four injuries and physical damages to both as illustrated in the chart",-0.19746179160121255,-0.4015453331379524,0.6331117943832852,0,1,0,1,0,0,0,-1.0857721302013352,0,0,1,0,0,0,0,0,0,0,0,0,0,0,0,0,0,0,0,0,0,0,0,0,0,0,0,0,1,1,0,0,0,1,0,0,0,0,0,0,0,0,0,0,0,0,0,0,0,0,0,0,0,0,1,0,0,0,0,0,0,0,0,0,1,0,0,0,0,0,0,0,1,0,0,0,0,0,0,0,0,0,0,1,0,0,0,0,0,1,0,1,0,0,0,0,0,1,0,0,0,0,0,1
-0.016145552947325045,1.222687028449784,"4930.                 Having surveyed the scene of the accident: - The vehicle causing the accident was heading from the north to the south, the victim was coming from the east to the west, due to the exceed speed, the causing bumped into the victim, the accident left behind one injury as illustrated in the chart",-0.19746179160121255,-0.4015453331379524,0.6331117943832852,1,0,0,1,0,0,0,-1.0857721302013352,0,0,1,0,0,0,0,0,0,0,0,0,0,0,0,0,0,0,0,0,0,0,0,0,0,0,0,0,1,1,0,0,0,1,0,0,0,0,0,0,0,0,0,0,0,0,0,0,0,0,0,0,0,0,1,0,0,0,0,0,0,0,0,0,1,0,0,0,0,0,0,0,1,0,0,0,0,0,0,0,0,0,0,1,0,0,0,0,0,0,1,0,1,0,0,0,1,0,0,0,0,0,0,1
-1.505939756723237,1.222687028449784,"4931.                 Having surveyed the scene of the accident: - The vehicle causing the accident was heading from the north to the south, the damaged vehicle was coming from the west to the east, the causing ran the red light and bumped into the rear side of the first, the latter swerved and hit the plastic barriers, the accident left behind two injuries and physical damages to the vehicles and the barriers as illustrated in the chart.      ",-0.19746179160121255,-0.4015453331379524,0.6331117943832852,1,0,0,1,0,0,0,-1.0857721302013352,0,0,1,0,0,0,0,0,0,0,0,0,0,0,0,0,0,0,0,0,0,0,0,0,0,0,0,0,1,1,0,0,0,1,0,0,0,0,0,0,0,0,0,0,0,0,0,0,0,0,0,0,0,0,1,0,0,0,0,0,0,0,0,0,1,0,0,0,0,0,0,0,1,0,0,0,0,0,0,0,0,0,0,1,0,0,0,0,0,1,0,1,0,0,0,0,0,1,0,0,0,0,0,1
0.5159238055440721,-0.972283752569173,"4932.                 Having surveyed the scene of the accident: - The vehicle causing the accident was heading from the north to the south, the damaged vehicle was coming from the west to the east, the causing ran the red light and bumped into the rear side of the first, the latter swerved and hit the plastic barriers, the accident left behind two injuries and physical damages to the vehicles and the barriers as illustrated in the chart.      ",-2.637685636673014,2.490378837640347,0.6331117943832852,0,1,0,1,0,0,0,-1.0876545754276838,0,0,0,0,0,0,0,0,0,0,0,0,0,0,0,0,1,0,0,0,0,0,0,0,0,0,1,0,0,0,1,0,0,1,0,0,0,0,0,0,0,0,0,0,0,0,0,0,0,0,0,0,1,0,0,0,0,0,0,0,0,0,0,1,0,0,0,0,0,0,1,0,0,0,0,0,0,0,0,0,0,0,0,0,1,0,0,0,0,1,0,0,0,0,1,0,0,0,1,0,1,0,0,0
1.6864763942251457,0.9208785460596774,"4933.                 Having surveyed the scene of the accident: - The vehicle causing the accident was heading from the west to the east, the damaged vehicle was coming from the same lane, due to the little distance, the causing bumped into the rear part of the other, the accident left behind four injuries and physical damages to both as illustrated in the chart",-0.19746179160121255,-0.4015453331379524,1.6339099169366647,1,0,0,1,0,0,0,-1.090970743471775,0,0,0,0,0,0,0,0,0,0,0,0,0,0,0,0,0,0,1,0,0,0,0,0,0,0,0,0,1,0,1,0,0,1,0,0,0,0,0,0,0,0,0,0,0,0,0,0,0,0,0,0,0,0,1,0,0,0,0,0,0,0,0,1,0,0,0,0,0,0,0,0,1,0,0,0,0,0,0,0,0,0,0,0,0,1,0,0,0,1,0,1,0,0,0,0,0,1,0,0,1,0,0,0
-0.761042654835281,-0.9860023199505414,"4934.                 Having surveyed the scene of the accident: - The vehicle causing the accident was heading from the north to the south, the victim was coming from the east to the west, due to the exceed speed, the causing bumped into the victim, the accident left behind one injury as illustrated in the chart",-1.4175737141371132,-0.4015453331379524,-2.3692825732768528,0,1,0,1,0,0,0,-1.1066431944260275,0,0,0,0,0,0,0,0,0,0,0,0,0,0,0,0,0,0,1,0,0,0,0,0,0,0,0,0,1,0,1,0,0,1,0,0,0,0,0,0,0,0,0,0,0,0,0,0,0,0,0,0,0,0,0,0,0,0,0,1,0,0,0,1,0,0,0,0,0,1,0,0,0,0,0,0,0,0,0,0,0,0,0,0,0,1,0,0,0,0,1,0,1,0,0,0,1,0,0,1,0,0,0,0
0.1434752546000941,-0.9036909156623305,"4935.                 Having surveyed the scene of the accident: - The vehicle causing the accident was heading from the north to the south, the damaged vehicle was coming from the west to the east, the causing ran the red light and bumped into the rear side of the first, the latter swerved and hit the plastic barriers, the accident left behind two injuries and physical damages to the vehicles and the barriers as illustrated in the chart.      ",-0.19746179160121255,-0.4015453331379524,-0.3676863281700941,1,0,0,1,0,0,0,-1.0856955190584023,0,0,1,0,0,0,0,0,0,0,0,0,0,0,0,0,0,0,0,0,0,0,0,0,0,0,0,1,0,0,1,0,0,1,0,0,0,0,0,0,0,0,0,0,0,0,0,0,0,0,0,0,0,0,1,0,0,0,0,0,0,0,0,0,1,0,0,0,0,0,0,0,0,0,1,0,0,0,0,0,0,0,0,1,0,0,0,0,0,0,1,0,1,0,0,0,1,0,0,1,0,0,0,0
0.3030960621475132,-0.944846617806436,"4936.                 Having surveyed the scene of the accident: - The vehicle causing the accident was heading from the north to the south, the damaged vehicle was coming from the west to the east, the causing ran the red light and bumped into the rear side of the first, the latter swerved and hit the plastic barriers, the accident left behind two injuries and physical damages to the vehicles and the barriers as illustrated in the chart.      ",-1.4175737141371132,2.490378837640347,-1.3684844507234735,0,1,0,1,0,0,0,-1.096497690211927,0,0,0,0,0,0,0,0,0,0,0,0,0,1,0,0,0,0,0,0,0,0,0,0,0,0,0,1,0,0,1,0,0,0,0,0,1,0,0,0,0,0,0,0,0,0,0,0,0,0,0,0,0,0,0,0,0,0,0,1,0,0,0,1,0,0,0,0,0,0,1,0,0,0,0,0,0,0,0,0,0,0,0,0,1,0,0,0,0,1,0,0,0,0,1,0,0,0,1,1,0,0,0,0
0.46271686969493236,-0.8213795113741197,"4937.                 Having surveyed the scene of the accident: - The vehicle causing the accident was heading from the west to the east, the damaged vehicle was coming from the same lane, due to the little distance, the causing bumped into the rear part of the other, the accident left behind four injuries and physical damages to both as illustrated in the chart",-0.19746179160121255,-0.4015453331379524,-0.0073990040508776864,0,1,0,1,0,0,0,-1.0866914639165288,0,0,1,0,0,0,0,0,0,0,0,0,0,0,0,0,0,0,0,0,0,0,0,0,0,0,0,1,0,0,1,0,0,1,0,0,0,0,0,0,0,0,0,0,0,0,0,0,0,0,0,0,0,0,1,0,0,0,0,0,0,0,0,1,0,0,0,0,0,0,0,0,1,0,0,0,0,0,0,0,0,0,0,1,0,0,0,0,0,1,0,0,1,0,0,0,1,0,0,0,1,0,0,0
-0.016145552947325045,0.4956029572372545,"4938.                 Having surveyed the scene of the accident: - The vehicle causing the accident was heading from the north to the south, the victim was coming from the east to the west, due to the exceed speed, the causing bumped into the victim, the accident left behind one injury as illustrated in the chart",-0.19746179160121255,-0.4015453331379524,0.6331117943832852,0,1,0,1,0,0,0,-1.097975190825631,0,0,1,0,0,0,0,0,0,0,0,0,0,0,0,0,0,0,0,0,0,0,0,0,0,0,1,0,0,0,1,0,0,1,0,0,0,0,0,0,0,0,0,0,0,0,0,0,0,0,0,0,0,0,1,0,0,0,0,0,0,0,0,1,0,0,0,1,0,0,0,0,0,0,0,0,0,0,0,0,0,0,0,1,0,0,0,0,0,0,1,0,1,0,0,0,1,0,0,0,1,0,0,0
0.5691307413932118,-0.8762537808995936,"4939.                 Having surveyed the scene of the accident: - The vehicle causing the accident was heading from the north to the south, the damaged vehicle was coming from the west to the east, the causing ran the red light and bumped into the rear side of the first, the latter swerved and hit the plastic barriers, the accident left behind two injuries and physical damages to the vehicles and the barriers as illustrated in the chart.      ",-1.4175737141371132,2.490378837640347,-1.3684844507234735,0,1,0,1,0,0,0,-1.0932690777597591,0,0,0,0,0,0,0,0,0,0,0,0,0,1,0,0,0,0,0,0,0,0,0,0,0,0,0,0,1,0,1,0,0,0,0,1,0,0,0,0,0,0,0,0,0,0,0,0,0,0,0,0,1,0,0,0,0,0,0,0,0,0,0,1,0,0,0,0,0,1,0,0,0,0,0,0,0,0,0,0,0,0,0,0,1,0,0,0,0,1,0,0,0,0,1,0,0,0,1,0,1,0,0,0
0.1434752546000941,-0.7665052418486458,"4940.                 Having surveyed the scene of the accident: - The vehicle causing the accident was heading from the north to the south, the damaged vehicle was coming from the west to the east, the causing ran the red light and bumped into the rear side of the first, the latter swerved and hit the plastic barriers, the accident left behind two injuries and physical damages to the vehicles and the barriers as illustrated in the chart.      ",-0.19746179160121255,-0.4015453331379524,0.6331117943832852,1,0,0,1,0,0,0,-1.0954798564558197,0,0,1,0,0,0,0,0,0,0,0,0,0,0,0,0,0,0,0,0,0,0,0,0,0,0,1,0,0,0,1,0,0,0,0,0,0,0,0,0,0,1,0,0,0,0,0,0,0,0,0,0,0,0,1,0,0,0,0,0,0,0,0,0,1,0,0,0,0,0,0,1,0,0,0,0,0,0,0,0,0,0,0,1,0,0,0,0,0,0,1,0,1,0,0,0,1,0,0,1,0,0,0,0
-0.2289732963438839,-0.7665052418486458,"4941.                 Having surveyed the scene of the accident: - The vehicle causing the accident was heading from the west to the east, the damaged vehicle was coming from the same lane, due to the little distance, the causing bumped into the rear part of the other, the accident left behind four injuries and physical damages to both as illustrated in the chart",-0.19746179160121255,-0.4015453331379524,-0.3676863281700941,0,1,0,1,0,0,0,-1.0969354681715429,0,0,0,0,0,0,0,0,0,0,1,0,0,0,0,0,0,0,0,0,0,0,0,0,0,0,0,1,0,0,1,0,0,1,0,0,0,0,0,0,0,0,0,0,0,0,0,0,0,0,0,0,0,0,1,0,0,0,0,0,0,0,0,1,0,0,0,1,0,0,0,0,0,0,0,0,0,0,0,0,1,0,0,0,0,0,0,0,0,0,1,0,0,1,0,0,0,1,0,0,1,0,0,0
0.03706138290181467,0.19379447484714793,"4942.                 Having surveyed the scene of the accident: - The vehicle causing the accident was heading from the north to the south, the victim was coming from the east to the west, due to the exceed speed, the causing bumped into the victim, the accident left behind one injury as illustrated in the chart",-0.19746179160121255,-0.4015453331379524,1.6339099169366647,0,1,0,1,0,0,0,-0.11038094727892259,0,0,1,0,0,0,0,0,0,0,0,0,0,0,0,0,0,0,0,0,0,0,0,0,0,0,1,0,0,0,1,0,0,1,0,0,0,0,0,0,0,0,0,0,0,0,0,0,0,0,0,0,0,0,1,0,0,0,0,0,0,0,0,1,0,0,0,0,1,0,0,0,0,0,0,0,0,0,0,0,0,0,0,1,0,0,0,0,0,0,1,0,1,0,0,0,1,0,0,0,0,0,1,0
-0.17576636049474417,0.19379447484714793,"4943.                 Having surveyed the scene of the accident: - The vehicle causing the accident was heading from the north to the south, the damaged vehicle was coming from the west to the east, the causing ran the red light and bumped into the rear side of the first, the latter swerved and hit the plastic barriers, the accident left behind two injuries and physical damages to the vehicles and the barriers as illustrated in the chart.      ",-0.19746179160121255,-0.4015453331379524,1.6339099169366647,0,1,0,1,0,0,0,-0.11038094727892259,0,0,1,0,0,0,0,0,0,0,0,0,0,0,0,0,0,0,0,0,0,0,0,0,0,0,1,0,0,0,1,0,0,1,0,0,0,0,0,0,0,0,0,0,0,0,0,0,0,0,0,0,0,0,1,0,0,0,0,0,0,0,0,1,0,0,0,0,1,0,0,0,0,0,0,0,0,0,0,0,0,0,0,1,0,0,0,0,0,0,1,0,1,0,0,0,1,0,0,0,1,0,0,0
0.03706138290181467,-0.9997208873319099,"4944.                 Having surveyed the scene of the accident: - The vehicle causing the accident was heading from the north to the south, the damaged vehicle was coming from the west to the east, the causing ran the red light and bumped into the rear side of the first, the latter swerved and hit the plastic barriers, the accident left behind two injuries and physical damages to the vehicles and the barriers as illustrated in the chart.      ",-0.19746179160121255,-0.4015453331379524,0.6331117943832852,1,0,0,1,0,0,0,-0.10268699963867152,0,0,0,0,0,0,0,0,0,0,0,0,0,0,0,0,0,0,1,0,0,0,0,0,0,0,0,0,1,0,1,0,0,1,0,0,0,0,0,0,0,0,0,0,0,0,0,0,0,0,0,0,0,1,0,0,0,0,0,0,0,0,0,1,0,0,0,0,0,1,0,0,0,0,0,0,0,0,0,0,0,0,0,0,0,1,0,0,0,0,1,1,0,0,0,0,0,1,0,0,0,0,1,0
-0.2289732963438839,-0.8350980787554881,"4945.                 Having surveyed the scene of the accident: - The vehicle causing the accident was heading from the west to the east, the damaged vehicle was coming from the same lane, due to the little distance, the causing bumped into the rear part of the other, the accident left behind four injuries and physical damages to both as illustrated in the chart",-0.19746179160121255,-0.4015453331379524,-0.3676863281700941,0,1,0,1,0,0,0,-0.0977619975929916,0,0,0,0,0,0,0,0,0,0,0,0,0,0,0,0,0,0,1,0,0,0,0,0,0,0,0,0,1,0,1,0,0,1,0,0,0,0,0,0,0,0,0,0,0,0,0,0,0,0,0,0,1,0,0,0,0,0,0,0,0,0,0,0,1,0,0,0,0,1,0,0,0,0,0,0,0,0,0,0,0,0,0,0,0,1,0,0,0,1,0,0,1,0,0,0,1,0,0,0,1,0,0,0
0.19668219044923382,-0.8213795113741197,"4946.                 Having surveyed the scene of the accident: - The vehicle causing the accident was heading from the north to the south, the victim was coming from the east to the west, due to the exceed speed, the causing bumped into the victim, the accident left behind one injury as illustrated in the chart",-0.19746179160121255,-0.4015453331379524,-0.3676863281700941,1,0,0,1,0,0,0,0.008727491083598621,0,0,1,0,0,0,0,0,0,0,0,0,0,0,0,0,0,0,0,0,0,0,0,0,0,0,0,1,0,0,1,0,0,1,0,0,0,0,0,0,0,0,0,0,0,0,0,0,0,0,0,0,0,0,1,0,0,0,0,0,0,0,0,0,1,0,0,1,0,0,0,0,0,0,0,0,0,0,0,0,0,0,0,0,0,0,1,0,0,0,1,0,1,0,0,0,1,0,0,0,1,0,0,0
0.3030960621475132,-0.8213795113741197,"4947.                 Having surveyed the scene of the accident: - The vehicle causing the accident was heading from the north to the south, the damaged vehicle was coming from the west to the east, the causing ran the red light and bumped into the rear side of the first, the latter swerved and hit the plastic barriers, the accident left behind two injuries and physical damages to the vehicles and the barriers as illustrated in the chart.      ",-0.19746179160121255,-0.4015453331379524,-0.3676863281700941,1,0,0,1,0,0,0,0.008727491083598621,0,0,1,0,0,0,0,0,0,0,0,0,0,0,0,0,0,0,0,0,0,0,0,0,0,0,0,1,0,0,1,0,0,1,0,0,0,0,0,0,0,0,0,0,0,0,0,0,0,0,0,0,0,0,1,0,0,0,0,0,0,0,0,0,1,0,0,1,0,0,0,0,0,0,0,0,0,0,0,0,0,0,0,0,0,0,1,0,0,0,1,0,1,0,0,0,1,0,0,0,0,0,0,1
-0.12255942464560447,1.222687028449784,"4948.                 Having surveyed the scene of the accident: - The vehicle causing the accident was heading from the north to the south, the damaged vehicle was coming from the west to the east, the causing ran the red light and bumped into the rear side of the first, the latter swerved and hit the plastic barriers, the accident left behind two injuries and physical damages to the vehicles and the barriers as illustrated in the chart.      ",-0.19746179160121255,-0.4015453331379524,2.634708039490044,0,1,0,1,0,0,0,-0.005390848114017143,0,0,0,0,0,0,0,1,0,0,0,0,0,0,0,0,0,0,0,0,0,0,0,0,0,0,0,0,1,1,0,0,0,1,0,0,0,0,0,0,0,0,0,0,0,0,0,0,0,0,0,0,1,0,0,0,0,0,0,0,0,0,0,1,0,0,0,0,0,0,1,0,0,0,0,0,0,0,0,0,0,0,0,0,0,1,0,0,0,1,0,0,0,1,0,0,0,1,0,0,0,0,1,0
-0.44180103974044277,0.41329155294904363,"4949.                 Having surveyed the scene of the accident: - The vehicle causing the accident was heading from the west to the east, the damaged vehicle was coming from the same lane, due to the little distance, the causing bumped into the rear part of the other, the accident left behind four injuries and physical damages to both as illustrated in the chart",-0.19746179160121255,2.490378837640347,0.6331117943832852,0,1,0,1,0,0,0,0.0001689319731059646,0,0,0,0,0,0,0,0,0,0,0,0,0,0,1,0,0,0,0,0,0,0,0,0,0,0,1,0,0,0,1,0,0,1,0,0,0,0,0,0,0,0,0,0,0,0,0,0,0,0,0,0,0,0,1,0,0,0,0,0,0,0,0,0,1,0,0,0,0,0,1,0,0,0,0,0,0,0,0,0,0,0,0,0,1,0,0,0,0,1,0,0,0,0,1,0,0,0,1,0,0,0,1,0
0.728751548940631,-0.9860023199505414,"4950.                 Having surveyed the scene of the accident: - The vehicle causing the accident was heading from the north to the south, the victim was coming from the east to the west, due to the exceed speed, the causing bumped into the victim, the accident left behind one injury as illustrated in the chart",-0.19746179160121255,-0.4015453331379524,-1.3684844507234735,0,1,0,1,0,0,0,0.004185544752582698,0,0,0,0,0,0,1,0,0,0,0,0,0,0,0,0,0,0,0,0,0,0,0,0,0,0,0,0,1,0,1,0,0,0,0,0,0,0,0,0,0,0,1,0,0,0,0,0,0,0,0,0,1,0,0,0,0,0,0,0,0,0,0,1,0,0,0,0,0,1,0,0,0,0,0,0,0,0,0,0,0,0,0,0,0,1,0,0,0,1,0,0,1,0,0,0,1,0,0,0,1,0,0,0
0.8883723564880501,-0.944846617806436,"4951.                 Having surveyed the scene of the accident: - The vehicle causing the accident was heading from the north to the south, the damaged vehicle was coming from the west to the east, the causing ran the red light and bumped into the rear side of the first, the latter swerved and hit the plastic barriers, the accident left behind two injuries and physical damages to the vehicles and the barriers as illustrated in the chart.      ",2.2427620534705888,2.490378837640347,2.634708039490044,0,1,0,1,0,0,0,0.3347626265076092,0,0,0,0,0,0,0,0,0,0,0,0,0,0,0,0,0,0,0,0,0,1,0,0,0,0,0,1,0,0,1,1,0,0,0,0,0,0,0,0,0,0,0,0,0,0,0,0,0,0,0,0,0,1,0,0,0,0,0,0,0,0,0,1,0,0,0,0,0,1,0,0,0,0,0,0,0,0,0,0,0,0,0,0,1,0,0,0,0,1,0,0,0,0,1,0,0,0,1,0,1,0,0,0
-0.6014218472878619,-0.8350980787554881,"4952.                 Having surveyed the scene of the accident: - The vehicle causing the accident was heading from the north to the south, the damaged vehicle was coming from the west to the east, the causing ran the red light and bumped into the rear side of the first, the latter swerved and hit the plastic barriers, the accident left behind two injuries and physical damages to the vehicles and the barriers as illustrated in the chart.      ",-0.19746179160121255,-0.4015453331379524,-0.3676863281700941,0,1,0,1,0,0,0,0.3389215171239611,0,0,0,0,0,0,0,1,0,0,0,0,0,0,0,0,0,0,0,0,0,0,0,0,0,0,0,0,1,0,1,0,0,1,0,0,0,0,0,0,0,0,0,0,0,0,0,0,0,0,0,0,1,0,0,0,0,0,0,0,0,0,0,0,1,0,0,0,0,1,0,0,0,0,0,0,0,0,0,1,0,0,0,0,0,0,0,0,0,1,0,0,1,0,0,0,1,0,0,1,0,0,0,0
0.728751548940631,1.195249893687047,"4953.                 Having surveyed the scene of the accident: - The vehicle causing the accident was heading from the east to the west taking the far left lane, the damaged vehicle was coming from the west to the east taking the middle lane, the causing ran the red light and bumped into the right side of the other as illustrated in the chart.      ",1.0226501309346883,-0.4015453331379524,0.6331117943832852,1,0,0,1,0,0,0,0.4374215580375595,0,0,1,0,0,0,0,0,0,0,0,0,0,0,0,0,0,0,0,0,0,0,0,0,0,0,0,1,0,0,1,0,0,0,0,0,0,0,0,0,0,0,1,0,0,0,0,0,0,0,0,0,0,0,1,0,0,0,0,0,0,0,0,1,0,0,0,0,0,0,0,0,1,0,0,0,0,0,0,0,0,0,0,1,0,0,0,0,0,0,1,0,1,0,0,0,1,0,0,1,0,0,0,0
0.09026831875095438,1.195249893687047,"4954.                 Having surveyed the scene of the accident: - The vehicle causing the accident was heading from the east to the west taking the far left lane, the damaged vehicle was coming from the west to the east taking the middle lane, the causing ran the red light and bumped into the right side of the other as illustrated in the chart.      ",1.0226501309346883,-0.4015453331379524,0.6331117943832852,0,1,0,1,0,0,0,0.4374215580375595,0,0,1,0,0,0,0,0,0,0,0,0,0,0,0,0,0,0,0,0,0,0,0,0,0,0,0,1,0,0,1,0,0,0,0,0,0,0,0,0,0,0,1,0,0,0,0,0,0,0,0,0,0,0,1,0,0,0,0,0,0,0,0,1,0,0,0,0,0,0,0,0,1,0,0,0,0,0,0,0,0,0,0,1,0,0,0,0,0,0,1,0,1,0,0,0,1,0,0,0,1,0,0,0
1.0479931640354692,1.195249893687047,"4955.                 Having surveyed the scene of the accident: - The vehicle causing the accident was heading from the east to the west taking the far left lane, the damaged vehicle was coming from the west to the east taking the middle lane, the causing ran the red light and bumped into the right side of the other as illustrated in the chart.      ",1.0226501309346883,-0.4015453331379524,0.6331117943832852,0,1,0,1,0,0,0,0.4374215580375595,0,0,1,0,0,0,0,0,0,0,0,0,0,0,0,0,0,0,0,0,0,0,0,0,0,0,0,1,0,0,1,0,0,0,0,0,0,0,0,0,0,0,1,0,0,0,0,0,0,0,0,0,0,0,1,0,0,0,0,0,0,0,0,1,0,0,0,0,0,0,0,0,1,0,0,0,0,0,0,0,0,0,0,1,0,0,0,0,0,1,0,0,0,1,0,0,0,1,0,1,0,0,0,0
-1.1866981416283988,1.195249893687047,"4956.                 Having surveyed the scene of the accident: - The vehicle causing the accident was heading from the east to the west taking the far left lane, the damaged vehicle was coming from the west to the east taking the middle lane, the causing ran the red light and bumped into the right side of the other as illustrated in the chart.      ",1.0226501309346883,-0.4015453331379524,0.6331117943832852,1,0,0,1,0,0,0,0.4374215580375595,0,0,1,0,0,0,0,0,0,0,0,0,0,0,0,0,0,0,0,0,0,0,0,0,0,0,0,1,0,0,1,0,0,0,0,0,0,0,0,0,0,0,1,0,0,0,0,0,0,0,0,0,0,0,1,0,0,0,0,0,0,0,0,1,0,0,0,0,0,0,0,0,1,0,0,0,0,0,0,0,0,0,0,1,0,0,0,0,0,0,1,1,0,0,0,0,0,1,0,0,0,0,1,0
-1.1866981416283988,1.195249893687047,"4957.                 Having surveyed the scene of the accident: - The vehicle causing the accident was heading from the east to the west taking the far left lane, the damaged vehicle was coming from the west to the east taking the middle lane, the causing ran the red light and bumped into the right side of the other as illustrated in the chart.      ",1.0226501309346883,-0.4015453331379524,0.6331117943832852,1,0,0,1,0,0,0,0.4374215580375595,0,0,1,0,0,0,0,0,0,0,0,0,0,0,0,0,0,0,0,0,0,0,0,0,0,0,0,1,0,0,1,0,0,0,0,0,0,0,0,0,0,0,1,0,0,0,0,0,0,0,0,0,0,0,1,0,0,0,0,0,0,0,0,1,0,0,0,0,0,0,0,0,1,0,0,0,0,0,0,0,0,0,0,1,0,0,0,0,0,0,1,0,0,1,0,0,0,1,0,0,0,0,1,0
1.260820907432028,1.195249893687047,"4958.                 Having surveyed the scene of the accident: - The vehicle causing the accident was heading from the east to the west taking the far left lane, the damaged vehicle was coming from the west to the east taking the middle lane, the causing ran the red light and bumped into the right side of the other as illustrated in the chart.      ",1.0226501309346883,-0.4015453331379524,0.6331117943832852,0,1,0,1,0,0,0,0.4374215580375595,0,0,1,0,0,0,0,0,0,0,0,0,0,0,0,0,0,0,0,0,0,0,0,0,0,0,0,1,0,0,1,0,0,0,0,0,0,0,0,0,0,0,1,0,0,0,0,0,0,0,0,0,0,0,1,0,0,0,0,0,0,0,0,1,0,0,0,0,0,0,0,0,1,0,0,0,0,0,0,0,0,0,0,1,0,0,0,0,0,0,1,0,0,1,0,0,0,1,0,0,0,0,1,0