Age of the injured,Str Code,Accident Description,Road speed limit,Pedestrian action,Number of Lanes,Gender_F,Gender_M,Week_Fifth week,Week_First week,Week_Fourth week,Week_Second week,Week_Third week,Date_time,Reasons__??? ????? ?????? ?????? ???? ????? ??? ???? ???????,Reasons__???? ?? ??????? (???),Reasons__Bypassing the red traffic light,Reasons__Driving back without attention,Reasons__Driving back without traffic clearance,Reasons__Driving in the opposite direction,Reasons__Entering main road without traffic clearance,Reasons__Exceeding speed limit,Reasons__Fatigue and drowsiness,Reasons__Faults in the road,Reasons__Ignoring road lane,Reasons__Ignoring traffic lights,Reasons__Lack of driving awareness,Reasons__Misuse of traffic,Reasons__Negligence and inobservance,Reasons__Negligent driving,Reasons__Not giving priority to pedestrian crossing,Reasons__Not giving way / not giving priority,Reasons__Not leaving enough space,Reasons__Not observing the stop sign,Reasons__Not securing vehicle stability while stopping,Reasons__Speedy without taking road conditions into account,Reasons__Sudden deviation,Reasons__Sudden stop,Reasons__Tyre burst,Reasons__under influence of intoxicant or narcotic drug,__Al Madina Police Station,__Khaldiya Police Station,__Shaabiya Police Station,Streetname_Intersection,Streetname_Street,place__Bridge / Tunnel,place__Coastal area,place__Commercial area,place__Fuel Station,place__Govt. authority,place__Hospital,place__Island,place__Mosque,place__One level intersection,place__Other,place__Park,place__Residential area,place__Sand area,place__School,place__Work area,place__external road,place__unknown,location__ ,location__Bridge,location__Bridge /  Tunnel,location__Car parking,location__Double road,location__Highway,location__Intersection,location__Off the road,location__Other(specify),location__Roundabout,location__Side parking,location__Single road,location__Tunnel,location__Two-way road,location__Unknown,lighting__day,lighting__night - enough lights,lighting__night - weak lights,intersection__Deviated intersection,intersection__Half Perpendicular Intersection,intersection__Multiple leg Intersection,intersection__Not on Intersection,intersection__Not on or around 20 meters,intersection__Other,intersection__Perpendicular Intersection,intersection__Roundabout,intersection__Turn ,accidentype__Collision while turning,accidentype__Fall,accidentype__Hitting a moving object off the road,accidentype__Hitting a moving object on the road,accidentype__Hitting a stationary object off the road,accidentype__Hitting a stationary object on the road,accidentype__Multiple collision,accidentype__Other (specify),accidentype__Perpendicular collision,accidentype__Person run over,accidentype__Rear collision,accidentype__Reciprocal collision,accidentype__Side collision,accidentype__deterioration,seat belt_N,seat belt_Y,seat_Back passenger seat,seat_Driver's seat,seat_Front passenger seat,seat_No passenger,seat_bike passenger,position_Driver,position_Passenger,position_Pedestrian,nationality_Arab States,nationality_Asian States,nationality_GCC,nationality_Other,nationality_UAE
0.46271686969493236,0.9071599786783089,"4994.                 Having surveyed the scene of the accident: - The vehicle causing the accident was heading from the north to the south, the damaged vehicle was coming from the same road, the latter during the turn to the left hit the front left side of the causing, the latter pushed forward hitting the island, the accident left behind one injury as illustrated in the chart.      ",-0.19746179160121255,-0.4015453331379524,0.6331117943832852,0,1,0,1,0,0,0,-0.9803770864237848,0,0,1,0,0,0,0,0,0,0,0,0,0,0,0,0,0,0,0,0,0,0,0,0,0,0,0,0,1,0,1,0,0,1,0,0,0,0,0,0,0,0,0,0,0,0,0,0,0,0,0,0,0,0,1,0,0,0,0,0,0,0,0,1,0,0,0,0,0,0,0,0,1,0,0,0,0,0,0,0,0,0,0,1,0,0,0,0,0,1,0,0,1,0,0,0,1,0,0,0,1,0,0,0
0.6755446130914913,0.3035430138980958,"4995.                 Having surveyed the scene of the accident: - The vehicle causing the accident was heading from the north to the south, the damaged vehicle was coming from the same road, the latter during the turn to the left hit the front left side of the causing, the latter pushed forward hitting the island, the accident left behind one injury as illustrated in the chart.      ",-0.19746179160121255,-0.4015453331379524,-0.3676863281700941,0,1,0,1,0,0,0,-0.9908290352096167,0,0,0,0,1,0,0,0,0,0,0,0,0,0,0,0,0,0,0,0,0,0,0,0,0,0,1,0,0,0,1,0,0,1,0,0,0,0,0,0,0,0,0,0,0,0,0,0,0,0,0,0,0,1,0,0,0,0,0,0,0,0,0,0,1,0,0,0,0,1,0,0,0,0,0,0,0,0,0,0,0,0,0,0,1,0,0,0,0,1,0,0,0,0,1,0,0,0,1,0,1,0,0,0
0.19668219044923382,1.1540941915429417,"4996.                 Having surveyed the scene of the accident: - The vehicle causing (bus) the accident was heading from Alsalam street to Morour street, the victim was jogging on the pavement, the runner tried to jump onto the bus while driving, due to negligence, the victim fell down and taken to hospital as illustrated in the chart.      ",-0.19746179160121255,2.490378837640347,-0.3676863281700941,0,1,0,1,0,0,0,-0.978242918870657,0,0,0,0,0,0,0,0,0,0,0,0,0,1,0,0,0,0,0,0,0,0,0,0,0,0,0,0,1,0,1,0,0,1,0,0,0,0,0,0,0,0,0,0,0,0,0,0,0,0,0,0,0,0,1,0,0,0,0,0,0,0,0,1,0,0,0,0,0,0,1,0,0,0,0,0,0,0,0,0,0,0,0,0,1,0,0,0,0,1,0,0,0,0,1,0,0,0,1,0,0,0,1,0
-0.06935248879646476,-0.944846617806436,"4997.                 Having surveyed the scene of the accident: - The vehicle (bike) causing the accident was heading from the east to the west, the second causing was coming from the east to the west, a driver swerved off, the bike lost control and the biker fell to ground, the accident left behind one injury and no damages as illustrated in the chart.      ",-0.19746179160121255,-0.4015453331379524,0.6331117943832852,0,1,0,1,0,0,0,-0.9771813073185881,0,0,0,0,0,0,0,0,0,0,1,0,0,0,0,0,0,0,0,0,0,0,0,0,0,0,0,1,0,0,1,0,0,0,0,0,0,0,0,0,0,1,0,0,0,0,0,0,0,0,0,0,1,0,0,0,0,0,0,0,0,0,0,0,1,0,0,0,0,0,1,0,0,0,0,0,0,0,0,0,0,0,0,0,0,0,0,1,0,1,0,0,1,0,0,0,1,0,0,1,0,0,0,0
-0.016145552947325045,0.6465071984323078,"4998.                 Having surveyed the scene of the accident: - The vehicle causing the accident was heading from the north to the south, the first damaged vehicle was coming from the west to the east, the second damaged vehicle was at stop position, the causing ran the red light, the front of the causing crashed into left side of the first, the latter pushed forward hitting the left angle of the second, the accident left behind two injuries as illustrated in the chart.      ",-0.19746179160121255,-0.4015453331379524,0.6331117943832852,0,1,0,1,0,0,0,-0.9883118119418247,0,0,1,0,0,0,0,0,0,0,0,0,0,0,0,0,0,0,0,0,0,0,0,0,0,0,0,1,0,0,1,0,0,0,0,1,0,0,0,0,0,0,0,0,0,0,0,0,0,0,0,0,0,0,0,0,0,0,0,0,0,0,1,1,0,0,0,0,0,0,0,0,1,0,0,0,0,0,0,0,0,0,0,1,0,0,0,0,0,0,1,0,1,0,0,0,1,0,0,1,0,0,0,0
0.1434752546000941,0.6465071984323078,"4999.                 Having surveyed the scene of the accident: - The vehicle causing the accident was heading from the north to the south, the first damaged vehicle was coming from the west to the east, the second damaged vehicle was at stop position, the causing ran the red light, the front of the causing crashed into left side of the first, the latter pushed forward hitting the left angle of the second, the accident left behind two injuries as illustrated in the chart.      ",-0.19746179160121255,-0.4015453331379524,0.6331117943832852,1,0,0,1,0,0,0,-0.9883118119418247,0,0,1,0,0,0,0,0,0,0,0,0,0,0,0,0,0,0,0,0,0,0,0,0,0,0,0,1,0,0,1,0,0,0,0,1,0,0,0,0,0,0,0,0,0,0,0,0,0,0,0,0,0,0,0,0,0,0,0,0,0,0,1,1,0,0,0,0,0,0,0,0,1,0,0,0,0,0,0,0,0,0,0,1,0,0,0,0,0,0,1,0,1,0,0,0,1,0,0,1,0,0,0,0
-0.17576636049474417,1.3873098370262058,"5000.                  After examination and inspection of the accident site, the following was noted: The vehicle causing the accident was coming from the east towards the west in the left lane (U-turn) and the damaged vehicle was coming from the west towards the east in the middle lane. The driver and her companion sustained minor injuries as a result of the accident. They received the necessary treatment and left the hospital in a minor general condition, as well as material damage to the vehicles. The accident site was examined and necessary action taken",-0.19746179160121255,-0.4015453331379524,1.6339099169366647,1,0,0,1,0,0,0,-0.977695696421137,0,0,1,0,0,0,0,0,0,0,0,0,0,0,0,0,0,0,0,0,0,0,0,0,0,0,0,0,1,0,1,0,0,0,0,0,0,0,0,0,0,0,1,0,0,0,0,0,0,0,0,0,0,0,1,0,0,0,0,0,0,0,0,1,0,0,0,0,0,0,0,0,1,0,0,0,0,0,0,0,0,0,0,1,0,0,0,0,0,0,1,0,0,1,0,0,0,1,0,1,0,0,0,0
-0.33538716804216334,1.3873098370262058,"5001.                  After examination and inspection of the accident site, the following was noted: The vehicle causing the accident was coming from the east towards the west in the left lane (U-turn) and the damaged vehicle was coming from the west towards the east in the middle lane. The driver and her companion sustained minor injuries as a result of the accident. They received the necessary treatment and left the hospital in a minor general condition, as well as material damage to the vehicles. The accident site was examined and necessary action taken",-0.19746179160121255,-0.4015453331379524,1.6339099169366647,1,0,0,1,0,0,0,-0.977695696421137,0,0,1,0,0,0,0,0,0,0,0,0,0,0,0,0,0,0,0,0,0,0,0,0,0,0,0,0,1,0,1,0,0,0,0,0,0,0,0,0,0,0,1,0,0,0,0,0,0,0,0,0,0,0,1,0,0,0,0,0,0,0,0,1,0,0,0,0,0,0,0,0,1,0,0,0,0,0,0,0,0,0,0,1,0,0,0,0,0,0,1,0,1,0,0,0,1,0,0,0,0,0,1,0
-0.6546287831370016,0.7562557374832557,"5002.                  After examining and inspecting the accident chart by the policeman, the following became clear: The causing vehicle was coming from the west towards the east on the left lane, and the damaged vehicle was coming from the same direction on the right lane. When it reached the intersection leading to Al Mussafah Bridge and Al Maqta Bridge, and because of the deviation of the causing vehicle from the left lane to the right lane, it collided with its front from the right side and the front right side in the rear from the left side, rear left side, and left rear tire of the damaged vehicle, and then the vehicle causing the accident deteriorated on its left side, and the accident resulted in the injury of the driver the causer of the accident with a minor injury. The accident site was inspected and necessary action was taken.",1.0226501309346883,-0.4015453331379524,-0.3676863281700941,1,0,0,1,0,0,0,-0.9751784731533449,0,0,0,0,0,0,0,0,0,0,0,0,0,0,0,0,0,0,0,0,0,0,1,0,0,0,0,0,1,0,1,0,0,0,0,1,0,0,0,0,0,0,0,0,0,0,0,0,0,0,0,0,0,1,0,0,0,0,0,0,0,0,0,0,1,0,0,0,0,0,1,0,0,0,0,0,0,0,0,0,0,0,0,0,0,1,0,0,0,0,1,0,1,0,0,0,1,0,0,0,0,0,0,1
-0.761042654835281,1.0855013546360992,"5003.                  After examining and inspecting the accident site, the following was noted: The vehicle causing the accident was coming from the north towards the south on the middle lane, while the ran over persons were crossing the road on the pedestrian crossing lines at the intersection from east to west and the pedestrian traffic light was green, and due to bypassing the red traffic light and the failure to give priority to the crossing of the pedestrian by the driver causing the accident, the front of his vehicle ran over the people while they were crossing the intersection, according to the chart. Accident chart was drawn up and necessary action taken.",-0.19746179160121255,-0.4015453331379524,0.6331117943832852,0,1,0,1,0,0,0,-0.985882144265956,0,0,1,0,0,0,0,0,0,0,0,0,0,0,0,0,0,0,0,0,0,0,0,0,0,0,0,1,0,0,1,0,0,0,0,1,0,0,0,0,0,0,0,0,0,0,0,0,0,0,0,0,0,0,1,0,0,0,0,0,0,0,0,1,0,0,0,0,0,0,0,0,1,0,0,0,0,0,0,0,0,0,0,0,1,0,0,0,0,1,0,0,0,0,1,0,0,0,1,0,0,0,0,1
-0.9738703982318399,1.0855013546360992,"5004.                  After examining and inspecting the accident site, the following was noted: The vehicle causing the accident was coming from the north towards the south on the middle lane, while the ran over persons were crossing the road on the pedestrian crossing lines at the intersection from east to west and the pedestrian traffic light was green, and due to bypassing the red traffic light and the failure to give priority to the crossing of the pedestrian by the driver causing the accident, the front of his vehicle ran over the people while they were crossing the intersection, according to the chart. Accident chart was drawn up and necessary action taken.",-0.19746179160121255,-0.4015453331379524,0.6331117943832852,0,1,0,1,0,0,0,-0.985882144265956,0,0,1,0,0,0,0,0,0,0,0,0,0,0,0,0,0,0,0,0,0,0,0,0,0,0,0,1,0,0,1,0,0,0,0,1,0,0,0,0,0,0,0,0,0,0,0,0,0,0,0,0,0,0,1,0,0,0,0,0,0,0,0,1,0,0,0,0,0,0,0,0,1,0,0,0,0,0,0,0,0,0,0,0,1,0,0,0,0,1,0,0,0,0,1,0,0,0,1,0,0,0,0,1
-1.1866981416283988,1.0855013546360992,"5005.                  After examining and inspecting the accident site, the following was noted: The vehicle causing the accident was coming from the north towards the south on the middle lane, while the ran over persons were crossing the road on the pedestrian crossing lines at the intersection from east to west and the pedestrian traffic light was green, and due to bypassing the red traffic light and the failure to give priority to the crossing of the pedestrian by the driver causing the accident, the front of his vehicle ran over the people while they were crossing the intersection, according to the chart. Accident chart was drawn up and necessary action taken.",-0.19746179160121255,-0.4015453331379524,0.6331117943832852,0,1,0,1,0,0,0,-0.985882144265956,0,0,1,0,0,0,0,0,0,0,0,0,0,0,0,0,0,0,0,0,0,0,0,0,0,0,0,1,0,0,1,0,0,0,0,1,0,0,0,0,0,0,0,0,0,0,0,0,0,0,0,0,0,0,1,0,0,0,0,0,0,0,0,1,0,0,0,0,0,0,0,0,1,0,0,0,0,0,0,0,0,0,0,0,1,0,0,0,0,1,0,0,0,0,1,0,0,0,1,0,0,0,0,1
-1.0802842699301194,-0.9860023199505414,"5006.                  After examining and inspecting the accident site, the following was noted: The vehicle causing the accident was driving in the parking from the south towards the north on the right lane, and the ran over child was crossing the parking from the west towards the east while leaving the school, and because the driver causing the accident changed his way, and drove in the wrong direction, he was surprised with the child in front of him and hit the child with the front of the vehicle and the child fell on the road according to the chart. The accident resulted in an injury of the child and material damage to the vehicle that caused the accident. The accident chart was made.",-1.4175737141371132,2.490378837640347,-2.3692825732768528,1,0,0,1,0,0,0,-0.9820078093233545,0,0,0,0,0,0,0,0,0,0,0,0,0,1,0,0,0,0,0,0,0,0,0,0,0,0,0,0,1,0,1,0,0,0,0,0,0,0,0,0,0,0,0,0,1,0,0,0,0,0,0,1,0,0,0,0,0,0,0,0,0,0,0,1,0,0,0,0,0,1,0,0,0,0,0,0,0,0,0,0,0,0,0,0,1,0,0,0,0,1,0,0,0,0,1,0,0,0,1,0,1,0,0,0
0.5159238055440721,1.222687028449784,"5007.                  After examining and inspecting the accident site, the following was noted: The vehicle causing the accident was coming from the west towards the north bypassing the red-light signal, and after entering the intersection at the same time of the entry of the damaged vehicle that was coming from the east towards the west, the front side of the vehicle causing the accident hit the front left corner of the damaged vehicle.",-0.19746179160121255,-0.4015453331379524,0.6331117943832852,1,0,0,1,0,0,0,-0.9815809758127289,0,0,1,0,0,0,0,0,0,0,0,0,0,0,0,0,0,0,0,0,0,0,0,0,0,0,0,0,1,1,0,0,0,1,0,0,0,0,0,0,0,0,0,0,0,0,0,0,0,0,0,0,0,0,1,0,0,0,0,0,0,0,0,1,0,0,0,0,0,0,0,0,1,0,0,0,0,0,0,0,0,0,0,1,0,0,0,0,0,0,1,0,1,0,0,0,1,0,0,1,0,0,0,0
0.7819584847897707,1.222687028449784,"5008.                  After examining and inspecting the accident site, the following was noted: The vehicle causing the accident was coming from the west towards the north bypassing the red-light signal, and after entering the intersection at the same time of the entry of the damaged vehicle that was coming from the east towards the west, the front side of the vehicle causing the accident hit the front left corner of the damaged vehicle.",-0.19746179160121255,-0.4015453331379524,0.6331117943832852,0,1,0,1,0,0,0,-0.9815809758127289,0,0,1,0,0,0,0,0,0,0,0,0,0,0,0,0,0,0,0,0,0,0,0,0,0,0,0,0,1,1,0,0,0,1,0,0,0,0,0,0,0,0,0,0,0,0,0,0,0,0,0,0,0,0,1,0,0,0,0,0,0,0,0,1,0,0,0,0,0,0,0,0,1,0,0,0,0,0,0,0,0,0,0,1,0,0,0,0,0,0,1,0,1,0,0,0,1,0,0,0,1,0,0,0
0.03706138290181467,-0.972283752569173,"5009.                  After examining and inspecting the accident chart by the police, the following was noted: While the driver causing the accident was coming from the west towards the east on the middle lane of Airport Street in Al Mushrif area, and the driver of the damaged vehicle was coming from the same direction, and due to non-compliance with the obligatory driving lane by the driver causing the accident, the damaged vehicle collided with its left side on the right side of the causing vehicle and then collided with the sidewalk and swerved to the right and collided with an advertising sign belonging to the Family Development Foundation, also, the damaged vehicle turned in the same direction. As a result of the accident, the passenger and the driver in the damaged vehicle were injured, and thus they were transferred to the Corniche Hospital. The two vehicles were also damaged, the advertising sign was damaged, and 8 meters of grass were uprooted, and according to the chart, the accident occurred",-0.19746179160121255,-0.4015453331379524,0.6331117943832852,1,0,0,1,0,0,0,-0.9968484821543366,0,0,0,0,0,0,0,0,0,0,1,0,0,0,0,0,0,0,0,0,0,0,0,0,0,0,0,1,0,0,1,0,0,0,0,1,0,0,0,0,0,0,0,0,0,0,0,0,0,0,0,0,1,0,0,0,0,0,0,0,0,0,0,0,1,0,0,0,0,0,1,0,0,0,0,0,0,0,0,0,0,0,0,0,0,0,0,1,0,1,0,0,0,1,0,0,0,1,0,0,1,0,0,0
-0.06935248879646476,-0.8076609439927512,"5010.                  After examining and inspecting the accident scene by the police, the following was noted: While the vehicle causing the accident was coming from the north towards the south on the second lane from the right and on the same lane were the three damaged vehicles, consecutively. Because no space was left by the vehicle causing the accident to the front vehicles, the front of the vehicle causing the accident collided with the rear of the first damaged vehicle, and then the front of the first damaged vehicle collided with the rear of the second damaged vehicle, and the front of the second damaged vehicle collided with the rear of the third damaged vehicle, according to the chart, the accident occurred.",-0.19746179160121255,-0.4015453331379524,0.6331117943832852,0,1,0,1,0,0,0,-0.9839778101416264,0,0,0,0,0,0,0,0,0,0,0,0,0,0,0,0,0,0,1,0,0,0,0,0,0,0,1,0,0,0,1,0,0,1,0,0,0,0,0,0,0,0,0,0,0,0,0,0,0,0,0,0,0,1,0,0,0,0,0,0,0,0,0,1,0,0,0,0,0,0,1,0,0,0,0,0,0,0,0,0,0,0,0,0,0,1,0,0,0,0,1,0,1,0,0,0,1,0,0,1,0,0,0,0
-0.4950079755895825,0.18007590746577945,"5011.                  After examining and inspecting the accident chart by the policeman, the following became clear: While the Driver of the vehicle causing the accident was coming from the east towards the west on the far left, and while the Driver of the damaged vehicle was coming from the west towards the east on the second lane from the left, and due to bypassing the red traffic light by the driver of the vehicle causing the accident, the damaged vehicle collided with its front on the right side of the vehicle causer of the accident, and as a result of the accident, one of the passengers was injured, and was transferred to Sheikh Khalifa Hospital, as well as damage to the two vehicles. According to the chart, the accident occurred.",-0.19746179160121255,-0.4015453331379524,-0.3676863281700941,1,0,0,1,0,0,0,-0.974412361724017,0,0,1,0,0,0,0,0,0,0,0,0,0,0,0,0,0,0,0,0,0,0,0,0,0,0,0,0,1,0,1,0,0,1,0,0,0,0,0,0,0,0,0,0,0,0,0,0,0,0,0,0,0,0,1,0,0,0,0,0,0,0,0,0,1,0,0,0,1,0,0,0,0,0,0,0,0,0,0,0,0,0,0,1,0,0,0,0,0,0,1,0,0,1,0,0,0,1,0,0,0,0,0,1
0.35630299799665294,-0.7665052418486458,"5012.                  After examining the accident plan, the following was noted: While the Driver of the causer vehicle was coming from the west towards the east of the Marina, and the Driver of the damaged vehicle was coming from the same direction. Upon their arrival at the intersection, the Driver of the damaged vehicle stopped to turn, but because the Driver of the causer vehicle was not leaving enough distance, the driver collided with the front of his vehicle at the rear of the damaged vehicle, and then the Driver of the causer vehicle fled from the accident site. The accident resulted in the injury of the passenger in the damaged driver, and subsequently transferred to Sheikh Khalifa Hospital to receive the necessary treatment. Accident chart was made and necessary action was taken.",-0.19746179160121255,-0.4015453331379524,0.6331117943832852,1,0,0,1,0,0,0,-0.9731537500901211,0,0,0,0,0,0,0,0,0,0,0,0,0,0,0,0,0,0,1,0,0,0,0,0,0,0,0,1,0,0,1,0,0,1,0,0,0,0,0,0,0,0,0,0,0,0,0,0,0,0,0,0,0,0,1,0,0,0,0,0,0,0,0,0,1,0,0,0,0,0,0,0,1,0,0,0,0,0,0,0,0,0,0,0,0,1,0,0,0,1,0,0,0,1,0,0,0,1,0,0,1,0,0,0
0.46271686969493236,0.11148307055893704,"5013.                  After examining and inspecting the accident chart, the following was noted: While the vehicle causer of the accident was coming from the west towards the east on the far left lane, and upon the arrival of the vehicle that caused the accident from the south towards the north, the front of the causer vehicle collided with the body of the runaway person on the far left lane, and the motorcycle causing the accident then fell on the damaged vehicle that was coming from the east towards the west on second lane from the left, and according to the chart, the accident occurred.",-0.19746179160121255,2.490378837640347,0.6331117943832852,0,1,0,1,0,0,0,-0.972825416620409,0,0,0,0,0,0,0,0,0,0,0,0,0,1,0,0,0,0,0,0,0,0,0,0,0,0,0,1,0,0,1,0,0,0,0,0,0,0,0,0,0,1,0,0,0,0,0,0,0,0,0,0,1,0,0,0,0,0,0,0,0,0,0,0,1,0,0,0,0,1,0,0,0,0,0,0,0,0,0,0,0,0,0,0,1,0,0,0,0,1,0,0,0,0,1,0,0,0,1,0,1,0,0,0
-0.8142495906844207,-0.944846617806436,"5014.                  After examining and inspecting the accident site, the following was noted: The causer vehicle was coming from the north towards the south over a bridge of the Armed Forces Officers Club and because the driver was under the influence of alcoholic drinks, and due to excessive speed, and upon arriving in the middle of the bridge, the driver lost control, which led to its drift to the right and collided with the front of the pavement, then it rolled over and turned three times upside down outside the street, which led to the vehicle colliding with the garbage barrel and stabilized 49 meters from the point of the accident. The accident resulted in damage to state property, injury to the passenger and material damage to the vehicle. According to the chart, the accident occurred.",1.0226501309346883,-0.4015453331379524,-0.3676863281700941,0,1,0,1,0,0,0,-0.977695696421137,0,0,0,0,0,0,0,0,0,0,0,0,0,0,0,0,0,0,0,0,0,0,0,0,0,1,0,1,0,0,1,0,0,0,0,1,0,0,0,0,0,0,0,0,0,0,0,0,0,0,1,0,0,0,0,0,0,0,0,0,0,0,0,1,0,0,0,0,0,0,1,0,0,0,0,0,0,0,0,0,0,0,0,0,0,0,0,0,1,0,1,0,0,1,0,0,0,1,0,0,0,0,0,1
0.09026831875095438,1.0169085177292567,"5015.                  After inspecting the site of the accident by the accident officer, the following was noted: While the vehicle causer of the accident was coming from the east towards the west and the damaged vehicle was coming from the south towards the north, and because of bypassing the red traffic signal by the vehicle causer of the accident, the front of the damaged vehicle collided with the left side of the damaged vehicle. According to the chart, the accident occurred.",-0.19746179160121255,-0.4015453331379524,-0.3676863281700941,0,1,0,1,0,0,0,-0.10941783576776741,0,0,1,0,0,0,0,0,0,0,0,0,0,0,0,0,0,0,0,0,0,0,0,0,0,0,0,1,0,0,1,0,0,1,0,0,0,0,0,0,0,0,0,0,0,0,0,0,0,0,0,0,0,0,1,0,0,0,0,0,0,0,0,1,0,0,0,0,0,0,0,0,1,0,0,0,0,0,0,0,0,0,0,1,0,0,0,0,0,1,0,0,1,0,0,0,1,0,0,0,1,0,0,0
-0.44180103974044277,1.4284655391703112,"5016.                  After examining and inspecting the accident site, the following was noted: While the vehicle causer of the accident was coming from the west towards the east on the middle lane, and the first and second damaged vehicles were coming from the south towards the north, the first damaged vehicle was traveling on the far left lane and the second damaged vehicle was traveling on the second lane from the left and the third and fourth damaged vehicles were coming from the east towards the west. The third damaged vehicle was driving on the second lane from the left, and the fourth damaged vehicle was driving on the fourth lane from the left, both of which were stopping. Because of bypassing the red traffic light by the driver causer of the accident, the front side of the first and second damaged vehicles collided with the right side of the vehicle causing the accident, leading the causing vehicle to swerve and the front of the vehicle collided with the front right side of the third damaged vehicle and drifted again and collided with the left rear side of the damaged vehicle in the front left side of the first damaged vehicle. The accident resulted in minor injuries to the driver that caused the accident and the passenger, as well as material damage to the vehicles. The examination was performed and necessary action was taken.",1.0226501309346883,-0.4015453331379524,2.634708039490044,0,1,0,1,0,0,0,-0.09841866453241559,0,0,1,0,0,0,0,0,0,0,0,0,0,0,0,0,0,0,0,0,0,0,0,0,0,0,0,1,0,0,1,0,0,0,1,0,0,0,0,0,0,0,0,0,0,0,0,0,0,0,0,0,0,0,1,0,0,0,0,0,0,0,0,0,1,0,0,0,0,0,0,0,1,0,0,0,0,0,0,0,0,0,0,1,0,0,0,0,0,0,1,0,0,1,0,0,0,1,0,0,0,1,0,0
-0.016145552947325045,1.4284655391703112,"5017.                  After examining and inspecting the accident site, the following was noted: While the vehicle causer of the accident was coming from the west towards the east on the middle lane, and the first and second damaged vehicles were coming from the south towards the north, the first damaged vehicle was traveling on the far left lane and the second damaged vehicle was traveling on the second lane from the left and the third and fourth damaged vehicles were coming from the east towards the west. The third damaged vehicle was driving on the second lane from the left, and the fourth damaged vehicle was driving on the fourth lane from the left, both of which were stopping. Because of bypassing the red traffic light by the driver causer of the accident, the front side of the first and second damaged vehicles collided with the right side of the vehicle causing the accident, leading the causing vehicle to swerve and the front of the vehicle collided with the front right side of the third damaged vehicle and drifted again and collided with the left rear side of the damaged vehicle in the front left side of the first damaged vehicle. The accident resulted in minor injuries to the driver that caused the accident and the passenger, as well as material damage to the vehicles. The examination was performed and necessary action was taken.",1.0226501309346883,-0.4015453331379524,2.634708039490044,0,1,0,1,0,0,0,-0.09841866453241559,0,0,1,0,0,0,0,0,0,0,0,0,0,0,0,0,0,0,0,0,0,0,0,0,0,0,0,1,0,0,1,0,0,0,1,0,0,0,0,0,0,0,0,0,0,0,0,0,0,0,0,0,0,0,1,0,0,0,0,0,0,0,0,0,1,0,0,0,0,0,0,0,1,0,0,0,0,0,0,0,0,0,0,1,0,0,0,0,0,0,1,0,1,0,0,0,1,0,0,1,0,0,0,0
-0.4950079755895825,-0.9036909156623305,"5018.                  After examining and inspecting the accident site, the following was noted: The first causer vehicle was coming from the east to the west on the left lane, and the second causer vehicle “the motorcycle” was coming from the south towards the north on the middle lane. Due to the failure of one of the two vehicles to comply to the traffic rules, one of them bypassed the red-light signal and the front side of the second causing vehicle collided with the left side of the first causing vehicle as per the chart. The accident resulted in the injury of the driver of the second causing vehicle, causing minor injuries and material damage to both vehicles. The accident chart was drawn and necessary action was taken.",-0.19746179160121255,-0.4015453331379524,-0.3676863281700941,0,1,0,1,0,0,0,0.2316659170180429,0,0,1,0,0,0,0,0,0,0,0,0,0,0,0,0,0,0,0,0,0,0,0,0,0,0,0,1,0,0,1,0,0,1,0,0,0,0,0,0,0,0,0,0,0,0,0,0,0,0,0,0,0,0,1,0,0,0,0,0,0,0,0,0,1,0,0,0,0,0,0,0,1,0,0,0,0,0,0,0,0,0,0,1,0,0,0,0,0,1,0,0,1,0,0,0,1,0,0,1,0,0,0,0