Age of the injured,Str Code,Accident Description,Road speed limit,Pedestrian action,Number of Lanes,Gender_F,Gender_M,Week_Fifth week,Week_First week,Week_Fourth week,Week_Second week,Week_Third week,Date_time,Reasons__??? ????? ?????? ?????? ???? ????? ??? ???? ???????,Reasons__???? ?? ??????? (???),Reasons__Bypassing the red traffic light,Reasons__Driving back without attention,Reasons__Driving back without traffic clearance,Reasons__Driving in the opposite direction,Reasons__Entering main road without traffic clearance,Reasons__Exceeding speed limit,Reasons__Fatigue and drowsiness,Reasons__Faults in the road,Reasons__Ignoring road lane,Reasons__Ignoring traffic lights,Reasons__Lack of driving awareness,Reasons__Misuse of traffic,Reasons__Negligence and inobservance,Reasons__Negligent driving,Reasons__Not giving priority to pedestrian crossing,Reasons__Not giving way / not giving priority,Reasons__Not leaving enough space,Reasons__Not observing the stop sign,Reasons__Not securing vehicle stability while stopping,Reasons__Speedy without taking road conditions into account,Reasons__Sudden deviation,Reasons__Sudden stop,Reasons__Tyre burst,Reasons__under influence of intoxicant or narcotic drug,__Al Madina Police Station,__Khaldiya Police Station,__Shaabiya Police Station,Streetname_Intersection,Streetname_Street,place__Bridge / Tunnel,place__Coastal area,place__Commercial area,place__Fuel Station,place__Govt. authority,place__Hospital,place__Island,place__Mosque,place__One level intersection,place__Other,place__Park,place__Residential area,place__Sand area,place__School,place__Work area,place__external road,place__unknown,location__ ,location__Bridge,location__Bridge /  Tunnel,location__Car parking,location__Double road,location__Highway,location__Intersection,location__Off the road,location__Other(specify),location__Roundabout,location__Side parking,location__Single road,location__Tunnel,location__Two-way road,location__Unknown,lighting__day,lighting__night - enough lights,lighting__night - weak lights,intersection__Deviated intersection,intersection__Half Perpendicular Intersection,intersection__Multiple leg Intersection,intersection__Not on Intersection,intersection__Not on or around 20 meters,intersection__Other,intersection__Perpendicular Intersection,intersection__Roundabout,intersection__Turn ,accidentype__Collision while turning,accidentype__Fall,accidentype__Hitting a moving object off the road,accidentype__Hitting a moving object on the road,accidentype__Hitting a stationary object off the road,accidentype__Hitting a stationary object on the road,accidentype__Multiple collision,accidentype__Other (specify),accidentype__Perpendicular collision,accidentype__Person run over,accidentype__Rear collision,accidentype__Reciprocal collision,accidentype__Side collision,accidentype__deterioration,seat belt_N,seat belt_Y,seat_Back passenger seat,seat_Driver's seat,seat_Front passenger seat,seat_No passenger,seat_bike passenger,position_Driver,position_Passenger,position_Pedestrian,nationality_Arab States,nationality_Asian States,nationality_GCC,nationality_Other,nationality_UAE
-0.38859410389130306,-0.972283752569173,"5019.                  After examining and inspecting the accident site, the following was noted: The vehicle causing the accident was coming from the north towards the south on the far-left lane, and the damaged vehicle was coming from the north towards the south on the second lane from the left and while they were traveling, the driver deviated suddenly on the damaged vehicle. And the front right side of vehicle causer of the accident collided with the left side of the damaged vehicle and then the motorcycle fell on the ground with the rider and then the causer vehicle left the accident site. The accident resulted in injury to the motorcycle rider as well as material damage to the bike. According to the chart, the accident occurred.",-0.19746179160121255,-0.4015453331379524,-0.3676863281700941,0,1,0,1,0,0,0,0.4387896141613595,0,0,0,0,0,0,0,0,0,0,0,0,0,0,0,0,0,0,0,0,0,0,1,0,0,0,0,1,0,0,1,0,0,0,0,0,0,0,0,0,0,0,1,0,0,0,0,0,0,0,0,0,1,0,0,0,0,0,0,0,0,0,0,1,0,0,0,0,0,1,0,0,0,0,0,0,0,0,0,0,0,0,0,0,0,0,0,1,0,1,0,0,1,0,0,0,1,0,0,0,1,0,0,0
-0.4950079755895825,-0.9860023199505414,"5020.                  After examining and inspecting the accident site by the policeman, the following was noted: While the vehicle causing the accident was coming from the north and wanted to enter the main road towards the west, and the two damaged vehicles were coming from the east towards the west on the second lane from the right and because of entering the street before traffic clearance, the vehicle causing the accident collided with its side and front side with the front of the two damaged vehicles. According to the chart, the accident occurred.",-0.19746179160121255,-0.4015453331379524,0.6331117943832852,0,1,0,1,0,0,0,0.4396651700805914,0,0,0,0,0,0,1,0,0,0,0,0,0,0,0,0,0,0,0,0,0,0,0,0,0,0,0,0,1,0,1,0,0,1,0,0,0,0,0,0,0,0,0,0,0,0,0,0,0,0,0,0,0,1,0,0,0,0,0,0,0,0,0,1,0,0,0,0,0,0,1,0,0,0,0,0,0,0,0,0,0,0,0,1,0,0,0,0,0,1,0,0,1,0,0,0,1,0,0,0,1,0,0,0
-0.2289732963438839,-0.9860023199505414,"5021.                  After examining and inspecting the accident site by the policeman, the following was noted: While the vehicle causing the accident was coming from the north and wanted to enter the main road towards the west, and the two damaged vehicles were coming from the east towards the west on the second lane from the right and because of entering the street before traffic clearance, the vehicle causing the accident collided with its side and front side with the front of the two damaged vehicles. According to the chart, the accident occurred.",-0.19746179160121255,-0.4015453331379524,0.6331117943832852,0,1,0,1,0,0,0,0.4396651700805914,0,0,0,0,0,0,1,0,0,0,0,0,0,0,0,0,0,0,0,0,0,0,0,0,0,0,0,0,1,0,1,0,0,1,0,0,0,0,0,0,0,0,0,0,0,0,0,0,0,0,0,0,0,1,0,0,0,0,0,0,0,0,0,1,0,0,0,0,0,0,1,0,0,0,0,0,0,0,0,0,0,0,0,1,0,0,0,0,0,1,0,0,1,0,0,0,1,0,0,0,1,0,0,0
-0.38859410389130306,0.04289023365209463,"5022.                  After detection and inspection, the following became evident: The vehicle causing the accident was coming from the east towards the west on the second lane from the left, and the damaged vehicle was coming from the west towards the east on the right lane, and while the vehicle causing the red light signal was bypassed the front of the damaged vehicle hit the right side of the offending vehicle, which resulted in Due to the deviation of the causing vehicle towards the base of the traffic light column and colliding with it, and the vehicles settled at the intersection at the site of the accident. The accident resulted in bodily damage to the passenger in the vehicle that caused material damage to the vehicles, and necessary action was taken.",-0.19746179160121255,-0.4015453331379524,-0.3676863281700941,0,1,0,1,0,0,0,0.5578104969319575,0,0,1,0,0,0,0,0,0,0,0,0,0,0,0,0,0,0,0,0,0,0,0,0,0,0,0,1,0,0,1,0,0,1,0,0,0,0,0,0,0,0,0,0,0,0,0,0,0,0,0,0,1,0,0,0,0,0,0,0,0,0,0,0,1,0,0,0,0,0,0,0,1,0,0,0,0,0,0,0,0,0,0,1,0,0,0,0,0,1,0,0,0,1,0,0,0,1,0,1,0,0,0,0
-0.2289732963438839,-0.9311280504250675,"5023.                  After examination and inspection, the following was noted: The vehicle causing the accident was coming from the east towards the west on the second lane from the left and the damaged vehicle was coming from the south towards the north on the second lane from the left. The vehicle causing the accident bypassed the red traffic light, the front side of the damaged vehicle collided with the front left side of the vehicle causing the accident and the vehicles settled at the intersection. The accident resulted in bodily damages to the Driver of the damaged vehicle, and material damage to the vehicles, and necessary action was taken.",-0.19746179160121255,-0.4015453331379524,-0.3676863281700941,0,1,0,1,0,0,0,0.6446437552217896,0,0,1,0,0,0,0,0,0,0,0,0,0,0,0,0,0,0,0,0,0,0,0,0,0,0,0,0,1,0,1,0,0,1,0,0,0,0,0,0,0,0,0,0,0,0,0,0,0,0,0,0,1,0,0,0,0,0,0,0,0,0,0,0,1,0,0,0,0,0,0,0,1,0,0,0,0,0,0,0,0,0,0,1,0,0,0,0,0,1,0,0,1,0,0,0,1,0,0,1,0,0,0,0
-0.06935248879646476,-0.8076609439927512,"5024.                  After examination and inspection, the following was noted: - The vehicle causing the accident was coming from the north to the south direction, the damaged vehicle was coming from the east to the west direction, while the two vehicles were moving and due to entering the road without traffic clearance by the driver of the causer vehicle, the front side of the damaged vehicle hit the left side of the vehicle causing the accident. Accordingly, the accident chart was made as shown.",-1.4175737141371132,-0.4015453331379524,-2.3692825732768528,0,1,0,1,0,0,0,0.6584994276436358,0,0,0,0,0,0,1,0,0,0,0,0,0,0,0,0,0,0,0,0,0,0,0,0,0,0,1,0,0,0,1,0,0,0,0,0,0,0,1,0,0,0,0,0,0,0,0,0,0,0,0,0,0,0,1,0,0,0,0,0,0,0,0,1,0,0,0,0,0,0,1,0,0,0,0,0,0,0,0,0,0,0,0,1,0,0,0,0,0,1,0,0,1,0,0,0,1,0,0,0,0,0,1,0
0.728751548940631,1.4147469717889427,"5025.                  After examination and inspection, the following was noted: The vehicle causing the accident was coming from a north-to-south direction on the middle lane, the two damaged vehicles were coming from a west-to-east direction, while the vehicles were driving and entering the intersection, and due to bypassing the red traffic light by the driver causing the accident, the front side of the first damaged vehicle hit the front right side of the vehicle causing the accident and from the force of the collision, the vehicle causing the accident crashed into the left side at the front of the second damaged vehicle. Accordingly, the accident chart was made.",1.0226501309346883,-0.4015453331379524,0.6331117943832852,0,1,0,1,0,0,0,0.6685683207148037,0,0,1,0,0,0,0,0,0,0,0,0,0,0,0,0,0,0,0,0,0,0,0,0,0,0,0,1,0,1,0,0,0,0,0,0,0,0,0,0,0,0,1,0,0,0,0,0,0,0,0,0,0,0,1,0,0,0,0,0,0,0,0,0,1,0,0,0,0,0,0,0,1,0,0,0,0,0,0,0,0,0,0,1,0,0,0,0,0,0,1,0,1,0,0,0,1,0,0,0,1,0,0,0
-0.6014218472878619,-0.944846617806436,"5026.                  After examining and inspecting the accident site, the following was noted: While the damaged vehicle was stopping and the Driver was inside it in a parking station in one of the parking lots, the driver was surprised that the causer vehicle that was in front of him returned backwards and because of driving under the influence of narcotic drugs, the car returned without ensuring that the road was clear. The rear of the causing vehicle hit the front of the damaged vehicle and the causing vehicle stopped after hitting the damaged vehicle at the site of the accident, and the necessary measures were taken.",-2.637685636673014,-0.4015453331379524,-2.3692825732768528,0,1,0,1,0,0,0,0.8654151802561347,0,0,0,0,0,0,0,0,0,0,0,0,0,0,0,0,0,0,0,0,0,0,0,0,0,1,0,1,0,0,1,0,0,0,1,0,0,0,0,0,0,0,0,0,0,0,0,0,0,0,0,0,0,0,0,0,1,0,0,0,0,0,0,1,0,0,0,0,0,1,0,0,0,0,0,0,0,0,0,0,0,0,0,0,0,1,0,0,0,0,1,0,1,0,0,0,1,0,0,0,0,0,0,1
-0.6546287831370016,1.4147469717889427,"5027.                  After examination and inspection by the accident officer, the following was noted: The causing vehicle was coming from the east towards the south and the damaged vehicle was coming from the west towards the east. Because of bypassing the red traffic light by the causing vehicle, the front side of the damaged vehicle hit the right side of the causing vehicle. The accident resulted in a minor injury to the driver in the damaged vehicle, and a serious injury to the passenger in the damaged vehicle, as well as material damage to the vehicles. The accident was inspected.",-0.19746179160121255,-0.4015453331379524,0.6331117943832852,0,1,0,1,0,0,0,0.9795001165320625,0,0,1,0,0,0,0,0,0,0,0,0,0,0,0,0,0,0,0,0,0,0,0,0,0,0,0,1,0,1,0,0,0,0,0,1,0,0,0,0,0,0,0,0,0,0,0,0,0,0,0,0,0,0,1,0,0,0,0,0,0,0,0,1,0,0,0,0,0,0,0,0,1,0,0,0,0,0,0,0,0,0,0,1,0,0,0,0,0,0,1,0,1,0,0,0,1,0,0,0,1,0,0,0
0.09026831875095438,1.4147469717889427,"5028.                  After examination and inspection by the accident officer, the following was noted: The causing vehicle was coming from the east towards the south and the damaged vehicle was coming from the west towards the east. Because of bypassing the red traffic light by the causing vehicle, the front side of the damaged vehicle hit the right side of the causing vehicle. The accident resulted in a minor injury to the driver in the damaged vehicle, and a serious injury to the passenger in the damaged vehicle, as well as material damage to the vehicles. The accident was inspected.",-0.19746179160121255,-0.4015453331379524,0.6331117943832852,0,1,0,1,0,0,0,0.9795001165320625,0,0,1,0,0,0,0,0,0,0,0,0,0,0,0,0,0,0,0,0,0,0,0,0,0,0,0,1,0,1,0,0,0,0,0,1,0,0,0,0,0,0,0,0,0,0,0,0,0,0,0,0,0,0,1,0,0,0,0,0,0,0,0,1,0,0,0,0,0,0,0,0,1,0,0,0,0,0,0,0,0,0,0,1,0,0,0,0,0,0,1,0,0,1,0,0,0,1,0,0,1,0,0,0
0.03706138290181467,-0.9860023199505414,"5029.                  After examination and inspection of the accident by the policeman, the following was noted: While the rider of the motorbike causing the accident was coming from the west towards the east on the second lane from the left, and upon reaching the intersection, he turned north towards Al Reem Island, and due to overspeed without taking road conditions into the account, his bike deviated and collided with the pavement and then his bike deteriorated and settled on the road, the accident resulted in the driver being injured and material damage to the bike. The accident chart was drawn up and necessary procedures were taken.",-0.19746179160121255,-0.4015453331379524,1.6339099169366647,0,1,0,1,0,0,0,0.9871612308253424,0,0,0,0,0,0,0,0,0,0,0,0,0,0,0,0,0,0,0,0,0,1,0,0,0,0,0,0,1,0,1,0,0,1,0,0,0,0,0,0,0,0,0,0,0,0,0,0,0,0,0,0,0,0,1,0,0,0,0,0,0,0,0,1,0,0,0,0,0,0,0,0,1,0,0,0,0,0,0,0,0,0,0,0,0,0,0,0,1,1,0,0,1,0,0,0,1,0,0,1,0,0,0,0
-0.17576636049474417,-0.9036909156623305,"5030.                  After examining and inspecting the accident site, the following was noted: The vehicle causing the accident was coming from the west towards the east and taking the second lane from the left, and the damaged vehicle was coming from the same direction and taking the far-left lane to the left of the vehicle causing the accident, and because of the driver's failure to comply with the obligatory direction, he deviated to enter the turning lane on the main road in front of the damaged vehicle and collided with the front of it on the left side of the vehicle causing the accident. The accident resulted in the injury of the driver of the damaged vehicle with a minor injury and was transferred to Sheikh Khalifa Hospital with a minor general condition, and a passenger in the vehicle causing the accident was slightly injured and received the necessary treatment and left the hospital in a minor general condition. Vehicles were also damaged. The site of the accident was inspected and necessary measures taken.",-0.19746179160121255,-0.4015453331379524,0.6331117943832852,1,0,0,1,0,0,0,1.0977001656283805,0,0,0,0,0,0,0,0,0,0,1,0,0,0,0,0,0,0,0,0,0,0,0,0,0,0,0,1,0,0,1,0,0,0,0,1,0,0,0,0,0,0,0,0,0,0,0,0,0,0,0,0,1,0,0,0,0,0,0,0,0,0,0,1,0,0,0,0,0,0,0,0,0,0,1,0,0,0,0,0,0,0,0,1,0,0,0,0,0,0,1,0,1,0,0,0,1,0,0,0,0,0,0,1
0.03706138290181467,-0.9036909156623305,"5031.                  After examining and inspecting the accident site, the following was noted: The vehicle causing the accident was coming from the west towards the east and taking the second lane from the left, and the damaged vehicle was coming from the same direction and taking the far-left lane to the left of the vehicle causing the accident, and because of the driver's failure to comply with the obligatory direction, he deviated to enter the turning lane on the main road in front of the damaged vehicle and collided with the front of it on the left side of the vehicle causing the accident. The accident resulted in the injury of the driver of the damaged vehicle with a minor injury and was transferred to Sheikh Khalifa Hospital with a minor general condition, and a passenger in the vehicle causing the accident was slightly injured and received the necessary treatment and left the hospital in a minor general condition. Vehicles were also damaged. The site of the accident was inspected and necessary measures taken.",-0.19746179160121255,-0.4015453331379524,0.6331117943832852,0,1,0,1,0,0,0,1.0977001656283805,0,0,0,0,0,0,0,0,0,0,1,0,0,0,0,0,0,0,0,0,0,0,0,0,0,0,0,1,0,0,1,0,0,0,0,1,0,0,0,0,0,0,0,0,0,0,0,0,0,0,0,0,1,0,0,0,0,0,0,0,0,0,0,1,0,0,0,0,0,0,0,0,0,0,1,0,0,0,0,0,0,0,0,1,0,0,0,0,0,0,1,0,0,1,0,0,0,1,0,0,1,0,0,0
0.24988912629837354,1.0580642198733623,"5032.                  After examining and inspecting the accident chart by the policeman, the following was noted: While the driver of the causing vehicle and the driver of the damaged vehicle were coming from the north towards the south, and the driver that caused the accident was coming on the far left and the driver of the damaged vehicle on the middle lane and on Defense Street, the Driver entered Hazaa intersection with Muroor and because of not adhering to the obligatory driving line by the causer driver, he changed the lane, turned right and headed towards the damaged vehicle lane, knowing that the land lines required him to turn to the left, and then the causer vehicle collided with its front right side to the front left side of the damaged vehicle. The accident resulted in injury to the driver who caused the accident, and material damage to the two vehicles. The accident chart was drawn and measures were taken into account.",-0.19746179160121255,-0.4015453331379524,0.6331117943832852,0,1,0,1,0,0,0,1.1041573905327164,0,0,0,0,0,0,0,0,0,0,1,0,0,0,0,0,0,0,0,0,0,0,0,0,0,0,0,0,1,0,1,0,0,1,0,0,0,0,0,0,0,0,0,0,0,0,0,0,0,0,0,0,0,0,1,0,0,0,0,0,0,0,0,0,1,0,0,0,0,0,0,0,1,0,0,0,0,0,0,0,0,0,0,0,0,0,0,1,0,1,0,0,1,0,0,0,1,0,0,0,0,0,0,1
0.03706138290181467,0.056608801033463114,"5033.                  After examining and inspecting the accident site, the following was noted: The causing vehicle was coming from the east towards the west and was taking the left lane, and when it entered the intersection and turned towards the south, the ran over person was crossing the intersection coming from the west towards the east, and due to bypassing the red traffic light by one of the vehicles, the front side of the causer vehicle it collided with the ran over person, and the accident resulted in the injury to the ran over person and he was transferred to Sheikh Khalifa Hospital in a moderate general condition, as well as material damage to the vehicle",-0.19746179160121255,-0.4015453331379524,0.6331117943832852,0,1,0,1,0,0,0,1.2111941016588266,0,0,0,0,0,0,0,0,0,0,0,0,0,1,0,0,0,0,0,0,0,0,0,0,0,0,0,1,0,0,1,0,0,0,0,1,0,0,0,0,0,0,0,0,0,0,0,0,0,0,0,0,0,0,1,0,0,0,0,0,0,0,0,0,1,0,0,0,1,0,0,0,0,0,0,0,0,0,0,0,0,0,0,0,1,0,0,0,0,1,0,0,0,0,1,0,0,0,1,0,1,0,0,0
0.8883723564880501,-0.9997208873319099,"5034.                  After examining and inspecting the site of the accident, the following was noted: During a minor accident, the second vehicle that caused the accident was coming from the west towards the east, and the driver stopped it on the far left lane without taking security and safety measures, and the driver left the vehicle to inspect the vehicle on the highway where the speed exceeds 80 km / hour and the arrival of the first causer vehicle coincided with the same traffic line on the far left lane and because of the speed and without taking into account the road conditions by the first driver who caused the accident, that led to running over the ran-over person by the front left side of the vehicle and being hit by the rear side of the second causer vehicle and settling on the engine cover of the causer vehicle and the deviation of the second vehicle causer of the accident and its rear collision with concrete barriers. After the first causing vehicle hit the concrete barrier, the ran over person’s body flew over and settled over the island separating the road. The accident resulted in the death of the ranover person at the site of the accident, as well as material damage to both vehicles. The examination was performed and necessary actions was taken.",2.2427620534705888,2.490378837640347,0.6331117943832852,0,1,0,1,0,0,0,1.2061049328782907,1,0,0,0,0,0,0,0,0,0,0,0,0,0,0,0,0,0,0,0,0,0,0,0,0,0,0,0,1,0,1,0,0,0,0,1,0,0,0,0,0,0,0,0,0,0,0,0,0,0,0,0,0,1,0,0,0,0,0,0,0,0,0,1,0,0,0,0,0,1,0,0,0,0,0,0,0,0,0,0,0,0,0,0,0,1,0,0,0,1,0,0,0,0,1,0,0,0,1,0,1,0,0,0
-0.44180103974044277,-0.944846617806436,"5035.                  After examining and inspection by the accident officer, the following was found: The vehicle causing the accident was coming from east to west on the second line from the left, and the Driver wanted to bypass one of the vehicles, and due to overspeed without taking road conditions into account by the driver causing the accident, the Driver lost control of the vehicle, collided with the pavement, climbed over the grass separating the two directions, and the vehicle collided with a palm tree, which led to its deterioration. Accordingly, the accident chart has been drawn as shown in the final drawing.",2.2427620534705888,-0.4015453331379524,1.6339099169366647,1,0,0,1,0,0,0,1.4322829157138932,0,0,0,0,0,0,0,0,0,0,0,0,0,0,0,0,0,0,0,0,0,1,0,0,0,0,0,1,0,0,1,0,0,0,0,1,0,0,0,0,0,0,0,0,0,0,0,0,0,0,0,0,1,0,0,0,0,0,0,0,0,0,0,0,1,0,0,0,0,1,0,0,0,0,0,0,0,0,0,0,1,0,0,0,0,0,0,0,0,1,0,1,0,0,0,0,0,1,0,0,1,0,0,0
-0.33538716804216334,-0.944846617806436,"5036.                  After examining and inspection by the accident officer, the following was found: The vehicle causing the accident was coming from east to west on the second line from the left, and the Driver wanted to bypass one of the vehicles, and due to overspeed without taking road conditions into account by the driver causing the accident, the Driver lost control of the vehicle, collided with the pavement, climbed over the grass separating the two directions, and the vehicle collided with a palm tree, which led to its deterioration. Accordingly, the accident chart has been drawn as shown in the final drawing.",2.2427620534705888,-0.4015453331379524,1.6339099169366647,1,0,0,1,0,0,0,1.4322829157138932,0,0,0,0,0,0,0,0,0,0,0,0,0,0,0,0,0,0,0,0,0,1,0,0,0,0,0,1,0,0,1,0,0,0,0,1,0,0,0,0,0,0,0,0,0,0,0,0,0,0,0,0,1,0,0,0,0,0,0,0,0,0,0,0,1,0,0,0,0,1,0,0,0,0,0,0,0,0,0,0,1,0,0,0,0,0,0,0,0,0,1,0,0,1,0,0,0,1,0,0,0,0,0,1
-0.2289732963438839,-0.944846617806436,"5037.                  After examining and inspection by the accident officer, the following was found: The vehicle causing the accident was coming from east to west on the second line from the left, and the Driver wanted to bypass one of the vehicles, and due to overspeed without taking road conditions into account by the driver causing the accident, the Driver lost control of the vehicle, collided with the pavement, climbed over the grass separating the two directions, and the vehicle collided with a palm tree, which led to its deterioration. Accordingly, the accident chart has been drawn as shown in the final drawing.",2.2427620534705888,-0.4015453331379524,1.6339099169366647,0,1,0,1,0,0,0,1.4322829157138932,0,0,0,0,0,0,0,0,0,0,0,0,0,0,0,0,0,0,0,0,0,1,0,0,0,0,0,1,0,0,1,0,0,0,0,1,0,0,0,0,0,0,0,0,0,0,0,0,0,0,0,0,1,0,0,0,0,0,0,0,0,0,0,0,1,0,0,0,0,1,0,0,0,0,0,0,0,0,0,0,1,0,0,0,0,0,0,0,0,0,1,0,1,0,0,0,1,0,0,0,0,0,0,1
-1.505939756723237,-0.944846617806436,"5038.                  After examining and inspection by the accident officer, the following was found: The vehicle causing the accident was coming from east to west on the second line from the left, and the Driver wanted to bypass one of the vehicles, and due to overspeed without taking road conditions into account by the driver causing the accident, the Driver lost control of the vehicle, collided with the pavement, climbed over the grass separating the two directions, and the vehicle collided with a palm tree, which led to its deterioration. Accordingly, the accident chart has been drawn as shown in the final drawing.",2.2427620534705888,-0.4015453331379524,1.6339099169366647,0,1,0,1,0,0,0,1.4322829157138932,0,0,0,0,0,0,0,0,0,0,0,0,0,0,0,0,0,0,0,0,0,1,0,0,0,0,0,1,0,0,1,0,0,0,0,1,0,0,0,0,0,0,0,0,0,0,0,0,0,0,0,0,1,0,0,0,0,0,0,0,0,0,0,0,1,0,0,0,0,1,0,0,0,0,0,0,0,0,0,0,1,0,0,0,0,0,0,0,0,1,0,1,0,0,0,0,0,1,0,0,0,0,0,1
-0.28218023219302363,-0.9860023199505414,"5039.                  After examining and inspecting the accident site, the following was noted: While the vehicle causing the accident was a motorcycle and was traveling on the right lane, when approaching the intersection and due to not leaving enough distance, the front side of the motorcycle collided with the rear of the first damaged vehicle, causing the motorcycle to drift to the left side, which led to the collision of another vehicle that was taking the middle lane of the road, and the accident resulted in material damage to the vehicles and injury to the driver of the motorcycle. There was no damage to state property, and that’s how the accident occurred.",-0.19746179160121255,-0.4015453331379524,-0.3676863281700941,0,1,0,1,0,0,0,1.423571134317535,0,0,0,0,0,0,0,0,0,0,0,0,0,0,0,0,0,0,1,0,0,0,0,0,0,0,0,0,1,0,1,0,0,1,0,0,0,0,0,0,0,0,0,0,0,0,0,0,0,0,0,0,1,0,0,0,0,0,0,0,0,0,0,1,0,0,0,0,1,0,0,0,0,0,0,0,0,0,0,0,0,0,0,0,0,1,0,0,0,1,0,0,1,0,0,0,1,0,0,0,0,0,1,0
-1.505939756723237,-0.574445298509487,"5040.                  After examining and inspecting the site of the accident, the following was noted: The vehicle causing the accident was coming from the north towards the east at a side intersection, and it ran over the crushed person who was coming from the north towards the south. Due to the lack of consideration to traffic rules and the crushed person passed from a place not designated for the crossing of the Pedestrian, the front of the vehicle ran over the crushed person’s body. And that’s how the accident occurred",-1.4175737141371132,2.490378837640347,-2.3692825732768528,0,1,0,1,0,0,0,1.5409503497395731,0,0,0,0,0,0,0,0,0,0,0,0,0,1,0,0,0,0,0,0,0,0,0,0,0,0,1,0,0,0,1,0,0,1,0,0,0,0,0,0,0,0,0,0,0,0,0,0,0,0,0,0,0,0,1,0,0,0,0,0,0,0,0,0,1,0,0,0,0,0,0,0,1,0,0,0,0,0,0,0,0,0,0,0,1,0,0,0,0,1,0,0,0,0,1,0,0,0,1,1,0,0,0,0
-1.4527328208740973,-0.9311280504250675,"5041.                  After examining and inspecting the accident site, the following was found: The vehicle causing the accident was coming from the west towards the east, and the person who was hit was crossing the road from a place not designated for pedestrian crossing, as he was coming from the south towards the north, and due to the overspeed without taking into account the road conditions by the driver who caused the accident. The crushed person was run over at the front left side of the vehicle and the fell besides the vehicle and the vehicle stopped at the site of the accident. The accident resulted in the injury of the crushed person without damages to the vehicle. Accident chart was drawn and necessary actions were taken.",-1.4175737141371132,2.490378837640347,-1.3684844507234735,0,1,0,1,0,0,0,-0.8709325965197867,0,0,0,0,0,0,0,0,0,0,0,0,0,0,0,0,0,0,0,0,0,1,0,0,0,0,0,0,1,0,1,0,0,1,0,0,0,0,0,0,0,0,0,0,0,0,0,0,0,0,0,0,0,0,0,0,0,0,0,1,0,0,0,1,0,0,0,0,0,1,0,0,0,0,0,0,0,0,0,0,0,0,0,0,1,0,0,0,0,1,0,0,0,0,1,0,0,0,1,1,0,0,0,0
-0.17576636049474417,-0.9860023199505414,"5042.                  After examining and inspecting the accident site, the following was noted: While the causing vehicle was coming from the west towards the east on the second lane from the right, and the damaged vehicle was coming from the same direction on the far-right lane, both of them were traveling forward and due to the failure to take the necessary precautions when changing lanes, the bike collided with the right side of the vehicle causing the accident. The accident resulted in an injury to the driver of the motorcycle, as well as material damage to both vehicles. Inspection was made and necessary actions were taken.",-0.19746179160121255,-0.4015453331379524,0.6331117943832852,0,1,0,1,0,0,0,-0.8726289861132986,0,0,0,0,0,0,0,0,0,0,1,0,0,0,0,0,0,0,0,0,0,0,0,0,0,0,0,0,1,0,1,0,0,1,0,0,0,0,0,0,0,0,0,0,0,0,0,0,0,0,0,0,0,1,0,0,0,0,0,0,0,0,0,1,0,0,0,0,0,1,0,0,0,0,0,0,0,0,0,0,0,0,0,0,0,0,0,1,0,1,0,0,1,0,0,0,1,0,0,0,1,0,0,0
-0.6014218472878619,-0.8350980787554881,"5043.                  After examining and inspection by the accident officer, the following was noted: The vehicle causing the accident was coming from the north towards the south and the damaged vehicle was coming from the south and turning to the south (U-turn) and due to bypassing the red traffic light by the vehicle causing the accident, the front side of the vehicle causing the accident collided on the right side of the damaged vehicle. The accident resulted in the injury of the driver of the damaged vehicle, minor injury and material damage to the vehicles. The accident was inspected",-0.19746179160121255,-0.4015453331379524,-0.0073990040508776864,1,0,0,1,0,0,0,-0.8774773770160458,0,0,1,0,0,0,0,0,0,0,0,0,0,0,0,0,0,0,0,0,0,0,0,0,0,0,0,0,1,0,1,0,0,0,0,1,0,0,0,0,0,0,0,0,0,0,0,0,0,0,0,0,1,0,0,0,0,0,0,0,0,0,0,1,0,0,0,0,0,0,1,0,0,0,0,0,0,0,0,0,0,0,0,1,0,0,0,0,0,1,0,0,1,0,0,0,1,0,0,0,0,0,0,1