Age of the injured,Str Code,Accident Description,Road speed limit,Pedestrian action,Number of Lanes,Gender_F,Gender_M,Week_Fifth week,Week_First week,Week_Fourth week,Week_Second week,Week_Third week,Date_time,Reasons__??? ????? ?????? ?????? ???? ????? ??? ???? ???????,Reasons__???? ?? ??????? (???),Reasons__Bypassing the red traffic light,Reasons__Driving back without attention,Reasons__Driving back without traffic clearance,Reasons__Driving in the opposite direction,Reasons__Entering main road without traffic clearance,Reasons__Exceeding speed limit,Reasons__Fatigue and drowsiness,Reasons__Faults in the road,Reasons__Ignoring road lane,Reasons__Ignoring traffic lights,Reasons__Lack of driving awareness,Reasons__Misuse of traffic,Reasons__Negligence and inobservance,Reasons__Negligent driving,Reasons__Not giving priority to pedestrian crossing,Reasons__Not giving way / not giving priority,Reasons__Not leaving enough space,Reasons__Not observing the stop sign,Reasons__Not securing vehicle stability while stopping,Reasons__Speedy without taking road conditions into account,Reasons__Sudden deviation,Reasons__Sudden stop,Reasons__Tyre burst,Reasons__under influence of intoxicant or narcotic drug,__Al Madina Police Station,__Khaldiya Police Station,__Shaabiya Police Station,Streetname_Intersection,Streetname_Street,place__Bridge / Tunnel,place__Coastal area,place__Commercial area,place__Fuel Station,place__Govt. authority,place__Hospital,place__Island,place__Mosque,place__One level intersection,place__Other,place__Park,place__Residential area,place__Sand area,place__School,place__Work area,place__external road,place__unknown,location__ ,location__Bridge,location__Bridge /  Tunnel,location__Car parking,location__Double road,location__Highway,location__Intersection,location__Off the road,location__Other(specify),location__Roundabout,location__Side parking,location__Single road,location__Tunnel,location__Two-way road,location__Unknown,lighting__day,lighting__night - enough lights,lighting__night - weak lights,intersection__Deviated intersection,intersection__Half Perpendicular Intersection,intersection__Multiple leg Intersection,intersection__Not on Intersection,intersection__Not on or around 20 meters,intersection__Other,intersection__Perpendicular Intersection,intersection__Roundabout,intersection__Turn ,accidentype__Collision while turning,accidentype__Fall,accidentype__Hitting a moving object off the road,accidentype__Hitting a moving object on the road,accidentype__Hitting a stationary object off the road,accidentype__Hitting a stationary object on the road,accidentype__Multiple collision,accidentype__Other (specify),accidentype__Perpendicular collision,accidentype__Person run over,accidentype__Rear collision,accidentype__Reciprocal collision,accidentype__Side collision,accidentype__deterioration,seat belt_N,seat belt_Y,seat_Back passenger seat,seat_Driver's seat,seat_Front passenger seat,seat_No passenger,seat_bike passenger,position_Driver,position_Passenger,position_Pedestrian,nationality_Arab States,nationality_Asian States,nationality_GCC,nationality_Other,nationality_UAE
-0.6546287831370016,1.112938489398836,"5044.                  After examining and inspection of the accident chart, the following was found: The vehicle causing the accident was coming from an east-west direction on the center line, and the damaged vehicles were coming from a north-south direction, while the vehicles were traveling and arriving at the intersection and due to bypassing the red traffic light by Driver of the vehicle causing the accident, the front of the first damaged vehicle collided with the right side of the vehicle causing the accident, and due to the force of the collision, the vehicle causing the accident collided with the other two damaged vehicles, and accordingly, the accident chart was drawn as shown in the final chart.",-0.19746179160121255,-0.4015453331379524,-0.3676863281700941,0,1,0,1,0,0,0,-0.8759123208104186,0,0,1,0,0,0,0,0,0,0,0,0,0,0,0,0,0,0,0,0,0,0,0,0,0,0,0,1,0,0,1,0,0,0,0,0,0,0,0,0,0,0,1,0,0,0,0,0,0,0,0,0,0,0,1,0,0,0,0,0,0,0,0,1,0,0,0,0,0,0,0,0,1,0,0,0,0,0,0,0,0,0,0,1,0,0,0,0,0,0,1,0,1,0,0,0,1,0,0,0,1,0,0,0
-0.28218023219302363,0.6327886310509393,"5045.                  After examining and inspection by the police officer, the following was noted: While the driver of the causer vehicle was coming from the south and heading towards the north on the middle lane, and the Driver of the damaged vehicle was coming from the east to the west on the second lane from the right and under the Abu Dhabi Police General Command Bridge on Al Saada Street, and as a result of bypassing the red traffic light by the driver that caused the accident, the front of the damaged vehicle collided with the right side of the causing vehicle, which led to turning to the left side and colliding with the camera pole, the accident resulted in injury to the driver that caused the accident and the Passenger, and damage to the base of the pole.",-0.19746179160121255,-0.4015453331379524,0.6331117943832852,1,0,0,1,0,0,0,-0.8703306518253148,0,0,1,0,0,0,0,0,0,0,0,0,0,0,0,0,0,0,0,0,0,0,0,0,0,0,0,0,1,0,1,0,0,0,0,1,0,0,0,0,0,0,0,0,0,0,0,0,0,0,0,0,0,0,1,0,0,0,0,0,0,0,0,1,0,0,0,0,1,0,0,0,0,0,0,0,0,0,0,0,0,0,0,1,0,0,0,0,0,0,1,0,1,0,0,0,1,0,0,1,0,0,0,0
0.6223376772423516,0.6327886310509393,"5046.                  After examining and inspection by the police officer, the following was noted: While the driver of the causer vehicle was coming from the south and heading towards the north on the middle lane, and the Driver of the damaged vehicle was coming from the east to the west on the second lane from the right and under the Abu Dhabi Police General Command Bridge on Al Saada Street, and as a result of bypassing the red traffic light by the driver that caused the accident, the front of the damaged vehicle collided with the right side of the causing vehicle, which led to turning to the left side and colliding with the camera pole, the accident resulted in injury to the driver that caused the accident and the Passenger, and damage to the base of the pole.",-0.19746179160121255,-0.4015453331379524,0.6331117943832852,1,0,0,1,0,0,0,-0.8703306518253148,0,0,1,0,0,0,0,0,0,0,0,0,0,0,0,0,0,0,0,0,0,0,0,0,0,0,0,0,1,0,1,0,0,0,0,1,0,0,0,0,0,0,0,0,0,0,0,0,0,0,0,0,0,0,1,0,0,0,0,0,0,0,0,1,0,0,0,0,1,0,0,0,0,0,0,0,0,0,0,0,0,0,0,1,0,0,0,0,0,1,0,1,0,0,0,0,0,1,0,0,1,0,0,0
-0.06935248879646476,0.9345971134410459,"5047.                  After examining and inspecting the accident site, the following was noted: At the Estikhbarat intersection, the vehicle causing the accident was coming from the north towards the east. Because of Sudden deviation and water on the road surface, the driver lost control of the vehicle and the vehicle collided with the pavement separating the two directions at its front, and thus the accident occurred.",-0.19746179160121255,-0.4015453331379524,0.6331117943832852,0,1,0,1,0,0,0,-0.8867254364129337,0,0,0,0,0,0,0,0,0,0,0,0,0,0,0,0,0,0,0,0,0,0,1,0,0,0,0,1,0,0,1,0,0,1,0,0,0,0,0,0,0,0,0,0,0,0,0,0,0,0,0,0,0,0,1,0,0,0,0,0,0,0,0,0,1,0,0,0,0,0,0,0,1,0,0,0,0,0,0,0,0,0,0,0,0,0,0,0,1,0,1,0,1,0,0,0,1,0,0,1,0,0,0,0
0.728751548940631,-0.972283752569173,"5048.                  After examining and inspecting the accident site, the following was noted: the vehicle that caused the accident was coming from the west towards the east on the right lane, the damaged vehicles were in a parking state, the crushed persons were inside the parking lot, while the vehicle causing the accident was moving the vehicle driver lost the driving balance and due to driving without a driver's license, the causing vehicle headed to the right and exited from the main road to collide with its front with the sidewalk and then hitting the first crushed person and collided with the first damaged vehicle and from the force of the collision the first damaged vehicle drifted and the vehicles collided with each other consecutively, and accordingly the accident chart was drawn as shown.",-1.4175737141371132,-0.4015453331379524,-2.3692825732768528,0,1,0,1,0,0,0,-0.867846261904494,0,0,0,0,0,0,0,0,0,0,0,0,1,0,0,0,0,0,0,0,0,0,0,0,0,0,0,1,0,0,1,0,0,1,0,0,0,0,0,0,0,0,0,0,0,0,0,0,0,0,0,1,0,0,0,0,0,0,0,0,0,0,0,0,1,0,0,0,0,1,0,0,0,0,0,0,0,0,0,0,0,0,0,0,1,0,0,0,0,1,0,0,0,0,1,0,0,0,1,0,1,0,0,0
-0.2289732963438839,-0.972283752569173,"5049.                  After examining and inspecting the accident site, the following was noted: the vehicle that caused the accident was coming from the west towards the east on the right lane, the damaged vehicles were in a parking state, the crushed persons were inside the parking lot, while the vehicle causing the accident was moving the vehicle driver lost the driving balance and due to driving without a driver's license, the causing vehicle headed to the right and exited from the main road to collide with its front with the sidewalk and then hitting the first crushed person and collided with the first damaged vehicle and from the force of the collision the first damaged vehicle drifted and the vehicles collided with each other consecutively, and accordingly the accident chart was drawn as shown.",-1.4175737141371132,-0.4015453331379524,-2.3692825732768528,0,1,0,1,0,0,0,-0.867846261904494,0,0,0,0,0,0,0,0,0,0,0,0,1,0,0,0,0,0,0,0,0,0,0,0,0,0,0,1,0,0,1,0,0,1,0,0,0,0,0,0,0,0,0,0,0,0,0,0,0,0,0,1,0,0,0,0,0,0,0,0,0,0,0,0,1,0,0,0,0,1,0,0,0,0,0,0,0,0,0,0,0,0,0,0,1,0,0,0,0,1,0,0,0,0,1,0,0,0,1,0,1,0,0,0
-0.6546287831370016,-0.972283752569173,"5050.                  After examining and inspecting the accident site, the following became clear: The causing vehicle was traveling from west to east on the left lane and while it was traveling, and due to the driver’s failure to abide by traffic and speed rules without taking into account the road conditions, he deviated from his direction to the right in a dangerous manner and the Driver lost control of the steering wheel. The vehicle collided from the left side with the passenger canopy on the side of the road according to the chart. The accident resulted in injury to the driver and passengers who were accompanying him during the accident, material damage to state property and damage to the vehicle that caused the accident. The accident was drawn and necessary action was taken",1.0226501309346883,-0.4015453331379524,0.6331117943832852,0,1,0,1,0,0,0,-0.8724648193784427,0,0,0,0,0,0,0,0,0,0,0,0,0,0,0,0,0,0,0,0,0,1,0,0,0,0,0,1,0,0,1,0,0,0,0,0,0,0,0,0,0,0,1,0,0,0,0,0,0,0,0,0,0,0,0,0,0,0,1,0,0,0,0,1,0,0,0,0,0,1,0,0,0,0,0,0,0,0,0,1,0,0,0,0,0,0,0,0,0,0,1,0,1,0,0,0,1,0,0,1,0,0,0,0
-0.7078357189861413,-0.972283752569173,"5051.                  After examining and inspecting the accident site, the following became clear: The causing vehicle was traveling from west to east on the left lane and while it was traveling, and due to the driver’s failure to abide by traffic and speed rules without taking into account the road conditions, he deviated from his direction to the right in a dangerous manner and the Driver lost control of the steering wheel. The vehicle collided from the left side with the passenger canopy on the side of the road according to the chart. The accident resulted in injury to the driver and passengers who were accompanying him during the accident, material damage to state property and damage to the vehicle that caused the accident. The accident was drawn and necessary action was taken",1.0226501309346883,-0.4015453331379524,0.6331117943832852,0,1,0,1,0,0,0,-0.8724648193784427,0,0,0,0,0,0,0,0,0,0,0,0,0,0,0,0,0,0,0,0,0,1,0,0,0,0,0,1,0,0,1,0,0,0,0,0,0,0,0,0,0,0,1,0,0,0,0,0,0,0,0,0,0,0,0,0,0,0,1,0,0,0,0,1,0,0,0,0,0,1,0,0,0,0,0,0,0,0,0,1,0,0,0,0,0,0,0,0,0,1,0,1,0,0,0,0,0,1,0,0,0,0,1,0
-0.6014218472878619,-0.972283752569173,"5052.                  After examining and inspecting the accident site, the following became clear: The causing vehicle was traveling from west to east on the left lane and while it was traveling, and due to the driver’s failure to abide by traffic and speed rules without taking into account the road conditions, he deviated from his direction to the right in a dangerous manner and the Driver lost control of the steering wheel. The vehicle collided from the left side with the passenger canopy on the side of the road according to the chart. The accident resulted in injury to the driver and passengers who were accompanying him during the accident, material damage to state property and damage to the vehicle that caused the accident. The accident was drawn and necessary action was taken",1.0226501309346883,-0.4015453331379524,0.6331117943832852,0,1,0,1,0,0,0,-0.8724648193784427,0,0,0,0,0,0,0,0,0,0,0,0,0,0,0,0,0,0,0,0,0,1,0,0,0,0,0,1,0,0,1,0,0,0,0,0,0,0,0,0,0,0,1,0,0,0,0,0,0,0,0,0,0,0,0,0,0,0,1,0,0,0,0,1,0,0,0,0,0,1,0,0,0,0,0,0,0,0,0,1,0,0,0,0,0,0,0,0,0,1,0,1,0,0,0,0,0,1,0,1,0,0,0,0
1.6332694583760061,-0.944846617806436,"5053.                  After the examination and inspection, the following was found: The vehicle causing the accident was coming from the west towards the east, taking the far-left lane, and the crushed person was coming from the north towards the south and crossing the road, but not on the pedestrian crossing lines and because of overspeed without taking road conditions into account by the driver causing the accident, the front side of the vehicle ran over the body of the run-over person. The accident resulted in a serious injury to the run-over person, as well as material damage to the vehicle. The accident site was inspected and necessary action was taken.",-0.19746179160121255,2.490378837640347,0.6331117943832852,0,1,0,1,0,0,0,-0.8723006526435867,0,0,0,0,0,0,0,0,0,0,0,0,0,0,0,0,0,0,0,0,0,1,0,0,0,0,0,1,0,0,1,0,0,0,0,1,0,0,0,0,0,0,0,0,0,0,0,0,0,0,0,0,0,0,0,0,1,0,0,0,0,0,0,1,0,0,0,0,0,1,0,0,0,0,0,0,0,0,0,0,0,0,0,0,1,0,0,0,0,1,0,0,0,0,1,0,0,0,1,0,0,0,1,0
-0.38859410389130306,-0.944846617806436,"5054.                  After examining and inspecting the accident site, the following was noted: The vehicle causing the accident and the damaged vehicles were coming from the inside towards the outside, and due to the misuse of traffic by the driver who caused the accident, the front of the vehicle causing the accident collided with the rear of the first damaged vehicle and then the first damaged vehicle was driven forward and the front of the vehicle collided with the rear of the second damaged vehicle, then the vehicle causing the accident drifted to the left and turned to the right, and the third damaged vehicle collided with the right side of the vehicle causing the accident and then the vehicle causing the accident drifted sideways and collided from the left side to the rear of the fourth damaged vehicle. The accident resulted in material damage and injuries to a number of passengers. And that’s how the accident happened",2.2427620534705888,-0.4015453331379524,-0.0073990040508776864,0,1,0,1,0,0,0,-0.8665219835766556,0,0,0,0,0,0,0,0,0,0,0,0,0,0,0,0,0,0,0,0,0,1,0,0,0,0,0,1,0,0,1,0,0,0,0,0,0,0,0,0,0,0,1,0,0,0,0,0,0,0,0,0,1,0,0,0,0,0,0,0,0,0,0,0,1,0,0,0,0,0,1,0,0,0,0,0,0,0,0,0,0,0,0,0,0,1,0,0,0,1,0,1,0,0,0,0,0,1,0,0,1,0,0,0
0.6223376772423516,-0.944846617806436,"5055.                  After examining and inspecting the accident site, the following was noted: The vehicle causing the accident and the damaged vehicles were coming from the inside towards the outside, and due to the misuse of traffic by the driver who caused the accident, the front of the vehicle causing the accident collided with the rear of the first damaged vehicle and then the first damaged vehicle was driven forward and the front of the vehicle collided with the rear of the second damaged vehicle, then the vehicle causing the accident drifted to the left and turned to the right, and the third damaged vehicle collided with the right side of the vehicle causing the accident and then the vehicle causing the accident drifted sideways and collided from the left side to the rear of the fourth damaged vehicle. The accident resulted in material damage and injuries to a number of passengers. And that’s how the accident happened",2.2427620534705888,-0.4015453331379524,-0.0073990040508776864,0,1,0,1,0,0,0,-0.8665219835766556,0,0,0,0,0,0,0,0,0,0,0,0,0,0,0,0,0,0,0,0,0,1,0,0,0,0,0,1,0,0,1,0,0,0,0,0,0,0,0,0,0,0,1,0,0,0,0,0,0,0,0,0,1,0,0,0,0,0,0,0,0,0,0,0,1,0,0,0,0,0,1,0,0,0,0,0,0,0,0,0,0,0,0,0,0,1,0,0,0,1,0,0,1,0,0,0,1,0,0,0,1,0,0,0
0.03706138290181467,-0.944846617806436,"5056.                  After examining and inspecting the accident site, the following was noted: The vehicle causing the accident and the damaged vehicles were coming from the inside towards the outside, and due to the misuse of traffic by the driver who caused the accident, the front of the vehicle causing the accident collided with the rear of the first damaged vehicle and then the first damaged vehicle was driven forward and the front of the vehicle collided with the rear of the second damaged vehicle, then the vehicle causing the accident drifted to the left and turned to the right, and the third damaged vehicle collided with the right side of the vehicle causing the accident and then the vehicle causing the accident drifted sideways and collided from the left side to the rear of the fourth damaged vehicle. The accident resulted in material damage and injuries to a number of passengers. And that’s how the accident happened",2.2427620534705888,-0.4015453331379524,-0.0073990040508776864,0,1,0,1,0,0,0,-0.8665219835766556,0,0,0,0,0,0,0,0,0,0,0,0,0,0,0,0,0,0,0,0,0,1,0,0,0,0,0,1,0,0,1,0,0,0,0,0,0,0,0,0,0,0,1,0,0,0,0,0,0,0,0,0,1,0,0,0,0,0,0,0,0,0,0,0,1,0,0,0,0,0,1,0,0,0,0,0,0,0,0,0,0,0,0,0,0,1,0,0,0,1,0,0,0,1,0,0,0,1,0,0,1,0,0,0
-0.06935248879646476,-0.944846617806436,"5057.                  After examining and inspecting the accident site, the following was noted: The vehicle causing the accident and the damaged vehicles were coming from the inside towards the outside, and due to the misuse of traffic by the driver who caused the accident, the front of the vehicle causing the accident collided with the rear of the first damaged vehicle and then the first damaged vehicle was driven forward and the front of the vehicle collided with the rear of the second damaged vehicle, then the vehicle causing the accident drifted to the left and turned to the right, and the third damaged vehicle collided with the right side of the vehicle causing the accident and then the vehicle causing the accident drifted sideways and collided from the left side to the rear of the fourth damaged vehicle. The accident resulted in material damage and injuries to a number of passengers. And that’s how the accident happened",2.2427620534705888,-0.4015453331379524,-0.0073990040508776864,0,1,0,1,0,0,0,-0.8665219835766556,0,0,0,0,0,0,0,0,0,0,0,0,0,0,0,0,0,0,0,0,0,1,0,0,0,0,0,1,0,0,1,0,0,0,0,0,0,0,0,0,0,0,1,0,0,0,0,0,0,0,0,0,1,0,0,0,0,0,0,0,0,0,0,0,1,0,0,0,0,0,1,0,0,0,0,0,0,0,0,0,0,0,0,0,0,1,0,0,0,1,0,1,0,0,0,0,0,1,0,0,1,0,0,0
0.6223376772423516,-0.944846617806436,"5058.                  After examining and inspecting the accident site, the following was noted: The vehicle causing the accident and the damaged vehicles were coming from the inside towards the outside, and due to the misuse of traffic by the driver who caused the accident, the front of the vehicle causing the accident collided with the rear of the first damaged vehicle and then the first damaged vehicle was driven forward and the front of the vehicle collided with the rear of the second damaged vehicle, then the vehicle causing the accident drifted to the left and turned to the right, and the third damaged vehicle collided with the right side of the vehicle causing the accident and then the vehicle causing the accident drifted sideways and collided from the left side to the rear of the fourth damaged vehicle. The accident resulted in material damage and injuries to a number of passengers. And that’s how the accident happened",2.2427620534705888,-0.4015453331379524,-0.0073990040508776864,0,1,0,1,0,0,0,-0.8665219835766556,0,0,0,0,0,0,0,0,0,0,0,0,0,0,0,0,0,0,0,0,0,1,0,0,0,0,0,1,0,0,1,0,0,0,0,0,0,0,0,0,0,0,1,0,0,0,0,0,0,0,0,0,1,0,0,0,0,0,0,0,0,0,0,0,1,0,0,0,0,0,1,0,0,0,0,0,0,0,0,0,0,0,0,0,0,1,0,0,0,1,0,1,0,0,0,0,0,1,0,0,1,0,0,0
0.9947862281863296,-0.8488166461368566,"5059.                  After examining and inspecting the accident chart, the following was found: The vehicle causing the accident was coming from the south towards the north on the far left lane, and the crushed person was crossing the road from the east towards the west on the pedestrian crossing lines, and while the vehicle was traveling, the driver was surprised by the run-over person while he was on the pedestrian crossing lines because of not giving priority to a pedestrian crossing by the driver of the vehicle causing the accident, the person was hit by the front left side of the vehicle and then the person fell to the ground, and accordingly the accident chart was drawn as shown",-0.19746179160121255,-0.4015453331379524,0.6331117943832852,1,0,0,1,0,0,0,-0.8791956555075385,0,0,0,0,0,0,0,0,0,0,0,0,0,0,0,0,1,0,0,0,0,0,0,0,0,0,0,0,1,0,1,0,0,1,0,0,0,0,0,0,0,0,0,0,0,0,0,0,0,0,0,0,1,0,0,0,0,0,0,0,0,0,0,1,0,0,0,0,0,1,0,0,0,0,0,0,0,0,0,0,0,0,0,0,1,0,0,0,0,1,0,0,0,0,1,0,0,0,1,1,0,0,0,0
-1.3463189491758178,-0.9860023199505414,"5060.                  After examining and inspecting the accident site, the following was found: While the vehicle causing the accident was coming from the south towards the north and driving on the far left, and the run-over person was coming from the east towards the west, and as a result of misuse of traffic and the run-over person was crossing but not using the place designated for crossing, the vehicle causing the accident hit the run-over person by the front right side and then the front left side collided with the sidewalk and according to the chart, the accident occurred",1.0226501309346883,2.490378837640347,-0.3676863281700941,1,0,0,1,0,0,0,-0.8726289861132986,0,0,0,0,0,0,0,0,0,0,0,0,0,1,0,0,0,0,0,0,0,0,0,0,0,0,0,0,1,0,1,0,0,0,0,0,0,0,0,0,0,0,0,0,1,0,0,0,0,0,0,0,1,0,0,0,0,0,0,0,0,0,0,1,0,0,0,0,0,1,0,0,0,0,0,0,0,0,0,0,0,0,0,0,1,0,0,0,0,1,0,0,0,0,1,0,0,0,1,0,1,0,0,0
0.09026831875095438,0.6739443331950448,"5061.                  After examining and inspecting the accident chart, the following was noted: While the Driver of the vehicle causer of the accident was coming from the north towards the south on the far-right lane, and the Driver of the damaged vehicle was coming from the west towards the east on the middle path. At Said bin Tahnoun intersection, and due to the driver of the vehicle causing the accident bypassing the red traffic light, the front of the damaged vehicle collided with the right side of the vehicle causing the accident. The accident resulted in injury to the passengers in the vehicle causing the accident and they were transferred to the hospital to receive the necessary treatment. The accident chart was drawn and necessary action was taken",-0.19746179160121255,-0.4015453331379524,1.6339099169366647,0,1,0,1,0,0,0,-0.8865722141270681,0,0,1,0,0,0,0,0,0,0,0,0,0,0,0,0,0,0,0,0,0,0,0,0,0,0,0,1,0,0,1,0,0,0,0,0,0,0,0,0,0,0,1,0,0,0,0,0,0,0,0,0,0,0,1,0,0,0,0,0,0,0,0,0,1,0,0,0,0,0,0,0,1,0,0,0,0,0,0,0,0,0,0,1,0,0,0,0,0,1,0,1,0,0,0,0,0,1,0,0,1,0,0,0
-0.2289732963438839,0.6739443331950448,"5062.                  After examining and inspecting the accident chart, the following was noted: While the Driver of the vehicle causer of the accident was coming from the north towards the south on the far-right lane, and the Driver of the damaged vehicle was coming from the west towards the east on the middle path. At Said bin Tahnoun intersection, and due to the driver of the vehicle causing the accident bypassing the red traffic light, the front of the damaged vehicle collided with the right side of the vehicle causing the accident. The accident resulted in injury to the passengers in the vehicle causing the accident and they were transferred to the hospital to receive the necessary treatment. The accident chart was drawn and necessary action was taken",-0.19746179160121255,-0.4015453331379524,1.6339099169366647,0,1,0,1,0,0,0,-0.8865722141270681,0,0,1,0,0,0,0,0,0,0,0,0,0,0,0,0,0,0,0,0,0,0,0,0,0,0,0,1,0,0,1,0,0,0,0,0,0,0,0,0,0,0,1,0,0,0,0,0,0,0,0,0,0,0,1,0,0,0,0,0,0,0,0,0,1,0,0,0,0,0,0,0,1,0,0,0,0,0,0,0,0,0,0,1,0,0,0,0,0,1,0,0,0,1,0,0,0,1,0,0,1,0,0,0
-0.28218023219302363,0.6739443331950448,"5063.                  After examining and inspecting the accident chart, the following was noted: While the Driver of the vehicle causer of the accident was coming from the north towards the south on the far-right lane, and the Driver of the damaged vehicle was coming from the west towards the east on the middle path. At Said bin Tahnoun intersection, and due to the driver of the vehicle causing the accident bypassing the red traffic light, the front of the damaged vehicle collided with the right side of the vehicle causing the accident. The accident resulted in injury to the passengers in the vehicle causing the accident and they were transferred to the hospital to receive the necessary treatment. The accident chart was drawn and necessary action was taken",-0.19746179160121255,-0.4015453331379524,1.6339099169366647,0,1,0,1,0,0,0,-0.8865722141270681,0,0,1,0,0,0,0,0,0,0,0,0,0,0,0,0,0,0,0,0,0,0,0,0,0,0,0,1,0,0,1,0,0,0,0,0,0,0,0,0,0,0,1,0,0,0,0,0,0,0,0,0,0,0,1,0,0,0,0,0,0,0,0,0,1,0,0,0,0,0,0,0,1,0,0,0,0,0,0,0,0,0,0,1,0,0,0,0,0,1,0,1,0,0,0,0,0,1,0,0,1,0,0,0
1.7396833300742855,-0.9036909156623305,"5064.                  After examining and inspecting the accident site, the following was noted: While the vehicle causing the accident was traveling on Baynunah Street before the Central Bank intersection and was taking the right lane, it deviated and the left side of the vehicle causing the accident collided with the front right side of the damaged vehicle, then vehicle causing the accident was drifted and collided with its front at the lane separating the two directions, and after the accident, the driver who caused the accident managed to escape with his vehicle. The accident resulted in the injury of the driver of the damaged vehicle with minor injuries and material damage to the pavement and the two vehicles. The accident chart was drawn and necessary action taken",-0.19746179160121255,-0.4015453331379524,-0.3676863281700941,0,1,0,1,0,0,0,-0.8767878767296506,0,0,0,0,0,0,0,0,0,0,0,0,0,0,0,0,0,0,0,0,0,0,1,0,0,0,0,1,0,0,1,0,0,0,0,1,0,0,0,0,0,0,0,0,0,0,0,0,0,0,0,0,1,0,0,0,0,0,0,0,0,0,0,1,0,0,0,1,0,0,0,0,0,0,0,0,0,0,0,0,0,0,0,0,0,0,0,1,0,0,1,0,1,0,0,0,1,0,0,0,0,0,0,1
-0.44180103974044277,0.6053514962882024,"5065.                  After examining and inspection, the following was noted: - The vehicle causing the accident was coming from the east towards the west, and the damaged vehicle was coming in the same direction and traveling on the far left lane and due to the overspeed without taking into account the road conditions and not leaving enough space behind the front vehicles by the causer vehicle in the accident, the front of the vehicle hit the rear of the damaged vehicle, which was stopping due to a vehicle failure, and from the force of the collision, the vehicle causing the accident stopped at the second lane from the left. According to the chart, the accident occurred.",1.0226501309346883,-0.4015453331379524,0.6331117943832852,1,0,0,1,0,0,0,-0.8777728771387866,0,0,0,0,0,0,0,0,0,0,0,0,0,0,0,0,0,0,1,0,0,0,0,0,0,0,0,0,1,0,1,0,0,0,0,0,0,0,0,0,0,0,1,0,0,0,0,0,0,1,0,0,0,0,0,0,0,0,0,0,0,0,0,1,0,0,0,0,0,1,0,0,0,0,0,0,0,0,0,0,0,0,0,0,0,1,0,0,0,1,0,0,1,0,0,0,1,0,0,1,0,0,0,0
-0.33538716804216334,0.5367586593813599,"5066.                  After examining and inspecting the accident site, the following was noted: The causing vehicle was traveling from the south to the north on the left lane, while the damaged vehicle was traveling from the east to the west on the left lane on the intersection to the south, and due to bypassing the red light and overspeed without taking into account road conditions by the Driver of the vehicle that caused the accident, the front of the vehicle causing the accident collided with the left side of the damaged vehicle as shown, and the accident resulted in the drivers being injured with minor injuries and material damage to both vehicles. The accident was drawn and necessary action was taken",-0.19746179160121255,-0.4015453331379524,0.6331117943832852,0,1,0,1,0,0,0,-0.8633809267164109,0,0,1,0,0,0,0,0,0,0,0,0,0,0,0,0,0,0,0,0,0,0,0,0,0,0,0,1,0,0,1,0,0,1,0,0,0,0,0,0,0,0,0,0,0,0,0,0,0,0,0,0,0,0,1,0,0,0,0,0,0,0,0,0,1,0,0,0,0,0,0,0,1,0,0,0,0,0,0,0,0,0,0,1,0,0,0,0,0,0,1,0,1,0,0,0,1,0,0,0,0,0,1,0