Age of the injured,Str Code,Accident Description,Road speed limit,Pedestrian action,Number of Lanes,Gender_F,Gender_M,Week_Fifth week,Week_First week,Week_Fourth week,Week_Second week,Week_Third week,Date_time,Reasons__??? ????? ?????? ?????? ???? ????? ??? ???? ???????,Reasons__???? ?? ??????? (???),Reasons__Bypassing the red traffic light,Reasons__Driving back without attention,Reasons__Driving back without traffic clearance,Reasons__Driving in the opposite direction,Reasons__Entering main road without traffic clearance,Reasons__Exceeding speed limit,Reasons__Fatigue and drowsiness,Reasons__Faults in the road,Reasons__Ignoring road lane,Reasons__Ignoring traffic lights,Reasons__Lack of driving awareness,Reasons__Misuse of traffic,Reasons__Negligence and inobservance,Reasons__Negligent driving,Reasons__Not giving priority to pedestrian crossing,Reasons__Not giving way / not giving priority,Reasons__Not leaving enough space,Reasons__Not observing the stop sign,Reasons__Not securing vehicle stability while stopping,Reasons__Speedy without taking road conditions into account,Reasons__Sudden deviation,Reasons__Sudden stop,Reasons__Tyre burst,Reasons__under influence of intoxicant or narcotic drug,__Al Madina Police Station,__Khaldiya Police Station,__Shaabiya Police Station,Streetname_Intersection,Streetname_Street,place__Bridge / Tunnel,place__Coastal area,place__Commercial area,place__Fuel Station,place__Govt. authority,place__Hospital,place__Island,place__Mosque,place__One level intersection,place__Other,place__Park,place__Residential area,place__Sand area,place__School,place__Work area,place__external road,place__unknown,location__ ,location__Bridge,location__Bridge /  Tunnel,location__Car parking,location__Double road,location__Highway,location__Intersection,location__Off the road,location__Other(specify),location__Roundabout,location__Side parking,location__Single road,location__Tunnel,location__Two-way road,location__Unknown,lighting__day,lighting__night - enough lights,lighting__night - weak lights,intersection__Deviated intersection,intersection__Half Perpendicular Intersection,intersection__Multiple leg Intersection,intersection__Not on Intersection,intersection__Not on or around 20 meters,intersection__Other,intersection__Perpendicular Intersection,intersection__Roundabout,intersection__Turn ,accidentype__Collision while turning,accidentype__Fall,accidentype__Hitting a moving object off the road,accidentype__Hitting a moving object on the road,accidentype__Hitting a stationary object off the road,accidentype__Hitting a stationary object on the road,accidentype__Multiple collision,accidentype__Other (specify),accidentype__Perpendicular collision,accidentype__Person run over,accidentype__Rear collision,accidentype__Reciprocal collision,accidentype__Side collision,accidentype__deterioration,seat belt_N,seat belt_Y,seat_Back passenger seat,seat_Driver's seat,seat_Front passenger seat,seat_No passenger,seat_bike passenger,position_Driver,position_Passenger,position_Pedestrian,nationality_Arab States,nationality_Asian States,nationality_GCC,nationality_Other,nationality_UAE
-0.761042654835281,0.5367586593813599,"5067.                  After examining and inspecting the accident site, the following was noted: The causing vehicle was traveling from the south to the north on the left lane, while the damaged vehicle was traveling from the east to the west on the left lane on the intersection to the south, and due to bypassing the red light and overspeed without taking into account road conditions by the Driver of the vehicle that caused the accident, the front of the vehicle causing the accident collided with the left side of the damaged vehicle as shown, and the accident resulted in the drivers being injured with minor injuries and material damage to both vehicles. The accident was drawn and necessary action was taken",-0.19746179160121255,-0.4015453331379524,0.6331117943832852,0,1,0,1,0,0,0,-0.8633809267164109,0,0,1,0,0,0,0,0,0,0,0,0,0,0,0,0,0,0,0,0,0,0,0,0,0,0,0,1,0,0,1,0,0,1,0,0,0,0,0,0,0,0,0,0,0,0,0,0,0,0,0,0,0,0,1,0,0,0,0,0,0,0,0,0,1,0,0,0,0,0,0,0,1,0,0,0,0,0,0,0,0,0,0,1,0,0,0,0,0,0,1,0,1,0,0,0,1,0,0,0,0,0,0,1
-0.17576636049474417,0.27610587913535883,"5068.                  After examining and inspecting the accident chart, the following was found: The vehicle causing the accident was coming from the east towards the west and taking the far-left lane (U) and the damaged vehicle was coming from the same direction and took the left lane, and after the two vehicles crossed the traffic light, and because of the vehicle’s failure to follow the driving lane. The vehicle causing the accident collided with its right side to the left side of the damaged vehicle, which led to its turning over and settling after the intersection. The vehicle causing the accident also drifted south and settled after the intersection, and according to the chart, the accident occurred",-0.19746179160121255,-0.4015453331379524,-0.0073990040508776864,0,1,0,1,0,0,0,-0.8843176576350457,0,0,0,0,0,0,0,0,0,0,1,0,0,0,0,0,0,0,0,0,0,0,0,0,0,0,1,0,0,0,1,0,0,1,0,0,0,0,0,0,0,0,0,0,0,0,0,0,0,0,0,0,0,1,0,0,0,0,0,0,0,0,0,0,1,0,0,0,0,0,0,0,1,0,0,0,0,0,0,0,0,0,0,0,0,0,0,1,0,1,0,0,1,0,0,0,1,0,0,0,1,0,0,0
1.4204417149794473,-0.944846617806436,"5069.                  After examining and inspecting the accident chart, the following was found: The vehicle causing the accident was coming from the west towards the east on the third lane from the left, and the damaged vehicle was coming from the same direction and traveling on the far left lane, and due to non-compliance with the mandatory driving lane by the vehicle causing the accident, the vehicle deviated to the left side, its rear left side collided with the front right side, which led to the loss of control of the causing vehicle and its collision with the pavement, and settling in the lane separating the two roads after hitting the lighting pole, as well as the damaged vehicle settled in the far right lane. According to the chart, the accident occurred",2.2427620534705888,-0.4015453331379524,1.6339099169366647,1,0,0,1,0,0,0,-0.877619654852921,0,0,0,0,0,0,0,0,0,0,1,0,0,0,0,0,0,0,0,0,0,0,0,0,0,0,0,1,0,0,1,0,0,0,0,0,0,0,0,0,1,0,0,0,0,0,0,0,0,0,0,0,0,1,0,0,0,0,0,0,0,0,0,1,0,0,0,0,0,1,0,0,0,0,0,0,0,0,0,0,0,0,0,0,0,0,0,1,0,0,1,0,1,0,0,0,1,0,0,1,0,0,0,0
0.1434752546000941,-0.5607267311281185,"5070.                  After inspecting the accident site, the following was found: While the vehicle causing the accident was coming from the north towards the south and taking the lane to the far left, and the run over person was crossing the pedestrian lines from the west towards the east, and due to the lack of priority for the road and the lack misuse of traffic by the vehicle causing the accident, the vehicle hit the left side of the body of the run over person, which led to his injury, and according to chart, the accident occurred.",-0.19746179160121255,-0.4015453331379524,-0.3676863281700941,0,1,0,1,0,0,0,-0.2061120425979498,0,0,0,0,0,0,0,0,0,0,0,0,0,0,0,0,1,0,0,0,0,0,0,0,0,0,0,0,1,0,1,0,0,1,0,0,0,0,0,0,0,0,0,0,0,0,0,0,0,0,0,0,1,0,0,0,0,0,0,0,0,0,0,0,1,0,0,0,0,1,0,0,0,0,0,0,0,0,0,0,0,0,0,0,1,0,0,0,0,1,0,0,0,0,1,0,0,0,1,1,0,0,0,0
-0.2289732963438839,-0.9860023199505414,"5071.                  After examining and inspecting the accident site, the following was found: While the vehicle causing the accident was coming from the east towards the west and driving on the far right lane, and the damaged vehicle was coming from the same direction and driving the far left, and as a result of the failure of the driver causing the accident to abide by the lane line and while trying to turn to the left, the left side of his vehicle collided with the left side of the damaged vehicle, and then the damaged vehicle drifted forward to collide with the sidewalk and then turned around, and according to the chart, the accident occurred",-1.4175737141371132,-0.4015453331379524,-1.3684844507234735,0,1,0,1,0,0,0,-0.20807109896723136,0,0,0,0,0,0,0,0,0,0,1,0,0,0,0,0,0,0,0,0,0,0,0,0,0,0,0,0,1,0,1,1,0,0,0,0,0,0,0,0,0,0,0,0,0,0,0,0,0,0,0,0,0,0,0,0,0,0,0,1,0,0,0,0,1,0,0,0,0,0,1,0,0,0,0,0,0,0,0,0,0,0,0,0,0,0,0,1,0,0,1,0,1,0,0,0,1,0,0,1,0,0,0,0
0.03706138290181467,-0.9860023199505414,"5072.                  After examining and inspecting the accident site, the following was found: While the vehicle causing the accident was coming from the east towards the west and driving on the far right lane, and the damaged vehicle was coming from the same direction and driving the far left, and as a result of the failure of the driver causing the accident to abide by the lane line and while trying to turn to the left, the left side of his vehicle collided with the left side of the damaged vehicle, and then the damaged vehicle drifted forward to collide with the sidewalk and then turned around, and according to the chart, the accident occurred",-1.4175737141371132,-0.4015453331379524,-1.3684844507234735,0,1,0,1,0,0,0,-0.20807109896723136,0,0,0,0,0,0,0,0,0,0,1,0,0,0,0,0,0,0,0,0,0,0,0,0,0,0,0,0,1,0,1,1,0,0,0,0,0,0,0,0,0,0,0,0,0,0,0,0,0,0,0,0,0,0,0,0,0,0,0,1,0,0,0,0,1,0,0,0,0,0,1,0,0,0,0,0,0,0,0,0,0,0,0,0,0,0,0,1,0,1,0,0,0,1,0,0,0,1,0,1,0,0,0,0
0.9415792923371898,-0.9997208873319099,"5073.                  After examining and inspecting the accident chart, the following was found: The vehicles were coming from the east to the west direction, the vehicle causing the accident was in the back and the two damaged vehicles were in front, while the vehicles were moving and due to not leaving enough distance between the vehicles by the driver causing the accident, the front left side of the causing vehicle collided with the right rear side of the first damaged vehicle and then the vehicle causing the accident drifted to the right and the right front side collided with the left rear side of the second damaged vehicle, due to the force of the collision, the first damaged vehicle turned around. Accordingly, the accident was drawn as shown in the drawing",2.2427620534705888,-0.4015453331379524,0.6331117943832852,0,1,0,1,0,0,0,-0.09973199841126357,0,0,0,0,0,0,0,0,0,0,0,0,0,0,0,0,0,0,1,0,0,0,0,0,0,0,0,0,1,0,1,0,0,0,0,1,0,0,0,0,0,0,0,0,0,0,0,0,0,0,0,0,0,0,0,0,0,0,0,0,0,0,1,0,1,0,0,0,0,1,0,0,0,0,0,0,0,0,0,0,0,0,0,0,0,1,0,0,0,0,1,0,1,0,0,0,1,0,0,1,0,0,0,0
-0.38859410389130306,-0.7665052418486458,"5074.                  After examination and inspection, the following was found: The vehicle causing the accident was coming from the direction north to the south while turning right towards the east, and the damaged vehicle was coming from the direction south towards the north, and during the course of the two vehicles and their arrival at the intersection and due to Bypassing the red traffic light by the driver causing the accident , The front of the vehicle causing the accident hit the front left side of the damaged vehicle, and from the force of the collision, the two vehicles pushed over and the damaged vehicle overturned and the vehicles stabilized as shown in the final drawing",-0.19746179160121255,-0.4015453331379524,0.6331117943832852,0,1,0,1,0,0,0,-0.011191406078929047,0,0,1,0,0,0,0,0,0,0,0,0,0,0,0,0,0,0,0,0,0,0,0,0,0,0,1,0,0,0,1,0,0,1,0,0,0,0,0,0,0,0,0,0,0,0,0,0,0,0,0,0,0,0,1,0,0,0,0,0,0,0,0,0,1,0,0,1,0,0,0,0,0,0,0,0,0,0,0,0,0,0,0,1,0,0,0,0,0,0,1,0,1,0,0,0,1,0,0,1,0,0,0,0
-0.44180103974044277,-0.7665052418486458,"5075.                  After examination and inspection, the following was found: The vehicle causing the accident was coming from the north to the south direction while turning right towards the east, and the damaged vehicle was coming from the south towards the north direction, when the two vehicles arrived at the intersection and due to bypassing the red traffic light by the driver causing the accident, the front side of the vehicle causing the accident hit the front left side of the damaged vehicle, and due to the force of the collision, the two vehicles drifted and the damaged vehicle turned around and the vehicles settled as shown in the final drawing",-0.19746179160121255,-0.4015453331379524,0.6331117943832852,1,0,0,1,0,0,0,-0.011191406078929047,0,0,1,0,0,0,0,0,0,0,0,0,0,0,0,0,0,0,0,0,0,0,0,0,0,0,1,0,0,0,1,0,0,1,0,0,0,0,0,0,0,0,0,0,0,0,0,0,0,0,0,0,0,0,1,0,0,0,0,0,0,0,0,0,1,0,0,1,0,0,0,0,0,0,0,0,0,0,0,0,0,0,0,1,0,0,0,0,0,1,0,1,0,0,0,0,0,1,0,1,0,0,0,0
0.24988912629837354,-0.7665052418486458,"5076.                  After examination and inspection, the following was found: The vehicle causing the accident was coming from the north to the south direction while turning right towards the east, and the damaged vehicle was coming from the south towards the north direction, when the two vehicles arrived at the intersection and due to bypassing the red traffic light by the driver causing the accident, the front side of the vehicle causing the accident hit the front left side of the damaged vehicle, and due to the force of the collision, the two vehicles drifted and the damaged vehicle turned around and the vehicles settled as shown in the final drawing",-0.19746179160121255,-0.4015453331379524,0.6331117943832852,0,1,0,1,0,0,0,-0.011191406078929047,0,0,1,0,0,0,0,0,0,0,0,0,0,0,0,0,0,0,0,0,0,0,0,0,0,0,1,0,0,0,1,0,0,1,0,0,0,0,0,0,0,0,0,0,0,0,0,0,0,0,0,0,0,0,1,0,0,0,0,0,0,0,0,0,1,0,0,1,0,0,0,0,0,0,0,0,0,0,0,0,0,0,0,1,0,0,0,0,0,1,0,0,0,1,0,0,0,1,0,1,0,0,0,0
-0.12255942464560447,0.6465071984323078,"5077.                  After examining and inspecting the accident site, the following was found: The vehicle causing the accident was coming from the north towards the south on the middle lane, and the damaged vehicle was coming from the east towards the west, and because the driver causing the accident bypassed the traffic red light, the front of the damaged car hit the front left side of the vehicle causing the accident, and after the accident, the vehicle causing the accident and the damaged vehicle drifted together to the left side, and then the causing vehicle deviated to the right and settled at a distance of 40 meters after the collision and the damaged vehicle deviated to the right side and its front side collided with the pedestrian crossing pole, and then continued to drift until finally settled on the sidewalk. According to the chart, the accident occurred",-0.19746179160121255,-0.4015453331379524,0.6331117943832852,0,1,0,1,0,0,0,-0.006649459747913122,0,0,1,0,0,0,0,0,0,0,0,0,0,0,0,0,0,0,0,0,0,0,0,0,0,0,0,1,0,0,1,0,0,0,0,1,0,0,0,0,0,0,0,0,0,0,0,0,0,0,0,0,0,0,1,0,0,0,0,0,0,0,0,0,1,0,0,0,0,0,0,0,1,0,0,0,0,0,0,0,0,0,0,1,0,0,0,0,0,1,0,1,0,0,0,0,0,1,0,0,1,0,0,0
0.24988912629837354,0.6465071984323078,"5078.                  After examining and inspecting the accident site, the following was found: The vehicle causing the accident was coming from the north towards the south on the middle lane, and the damaged vehicle was coming from the east towards the west, and because the driver causing the accident bypassed the traffic red light, the front of the damaged car hit the front left side of the vehicle causing the accident, and after the accident, the vehicle causing the accident and the damaged vehicle drifted together to the left side, and then the causing vehicle deviated to the right and settled at a distance of 40 meters after the collision and the damaged vehicle deviated to the right side and its front side collided with the pedestrian crossing pole, and then continued to drift until finally settled on the sidewalk. According to the chart, the accident occurred",-0.19746179160121255,-0.4015453331379524,0.6331117943832852,0,1,0,1,0,0,0,-0.006649459747913122,0,0,1,0,0,0,0,0,0,0,0,0,0,0,0,0,0,0,0,0,0,0,0,0,0,0,0,1,0,0,1,0,0,0,0,1,0,0,0,0,0,0,0,0,0,0,0,0,0,0,0,0,0,0,1,0,0,0,0,0,0,0,0,0,1,0,0,0,0,0,0,0,1,0,0,0,0,0,0,0,0,0,0,1,0,0,0,0,0,0,1,0,1,0,0,0,1,0,0,0,1,0,0,0
-0.33538716804216334,0.6465071984323078,"5079.                  After examining and inspecting the accident site, the following was found: The vehicle causing the accident was coming from the north towards the south on the middle lane, and the damaged vehicle was coming from the east towards the west, and because the driver causing the accident bypassed the traffic red light, the front of the damaged car hit the front left side of the vehicle causing the accident, and after the accident, the vehicle causing the accident and the damaged vehicle drifted together to the left side, and then the causing vehicle deviated to the right and settled at a distance of 40 meters after the collision and the damaged vehicle deviated to the right side and its front side collided with the pedestrian crossing pole, and then continued to drift until finally settled on the sidewalk. According to the chart, the accident occurred",-0.19746179160121255,-0.4015453331379524,0.6331117943832852,0,1,0,1,0,0,0,-0.006649459747913122,0,0,1,0,0,0,0,0,0,0,0,0,0,0,0,0,0,0,0,0,0,0,0,0,0,0,0,1,0,0,1,0,0,0,0,1,0,0,0,0,0,0,0,0,0,0,0,0,0,0,0,0,0,0,1,0,0,0,0,0,0,0,0,0,1,0,0,0,0,0,0,0,1,0,0,0,0,0,0,0,0,0,0,1,0,0,0,0,0,0,1,0,0,1,0,0,0,1,0,0,1,0,0,0
-0.17576636049474417,0.6465071984323078,"5080.                  After examining and inspecting the accident site, the following was found: The vehicle causing the accident was coming from the north towards the south on the middle lane, and the damaged vehicle was coming from the east towards the west, and because the driver causing the accident bypassed the traffic red light, the front of the damaged car hit the front left side of the vehicle causing the accident, and after the accident, the vehicle causing the accident and the damaged vehicle drifted together to the left side, and then the causing vehicle deviated to the right and settled at a distance of 40 meters after the collision and the damaged vehicle deviated to the right side and its front side collided with the pedestrian crossing pole, and then continued to drift until finally settled on the sidewalk. According to the chart, the accident occurred",-0.19746179160121255,-0.4015453331379524,0.6331117943832852,0,1,0,1,0,0,0,-0.006649459747913122,0,0,1,0,0,0,0,0,0,0,0,0,0,0,0,0,0,0,0,0,0,0,0,0,0,0,0,1,0,0,1,0,0,0,0,1,0,0,0,0,0,0,0,0,0,0,0,0,0,0,0,0,0,0,1,0,0,0,0,0,0,0,0,0,1,0,0,0,0,0,0,0,1,0,0,0,0,0,0,0,0,0,0,1,0,0,0,0,0,1,0,1,0,0,0,0,0,1,0,0,1,0,0,0
-0.06935248879646476,0.6465071984323078,"5081.                  After examining and inspecting the accident site, the following was found: The vehicle causing the accident was coming from the north towards the south on the middle lane, and the damaged vehicle was coming from the east towards the west, and because the driver causing the accident bypassed the traffic red light, the front of the damaged car hit the front left side of the vehicle causing the accident, and after the accident, the vehicle causing the accident and the damaged vehicle drifted together to the left side, and then the causing vehicle deviated to the right and settled at a distance of 40 meters after the collision and the damaged vehicle deviated to the right side and its front side collided with the pedestrian crossing pole, and then continued to drift until finally settled on the sidewalk. According to the chart, the accident occurred",-0.19746179160121255,-0.4015453331379524,0.6331117943832852,0,1,0,1,0,0,0,-0.006649459747913122,0,0,1,0,0,0,0,0,0,0,0,0,0,0,0,0,0,0,0,0,0,0,0,0,0,0,0,1,0,0,1,0,0,0,0,1,0,0,0,0,0,0,0,0,0,0,0,0,0,0,0,0,0,0,1,0,0,0,0,0,0,0,0,0,1,0,0,0,0,0,0,0,1,0,0,0,0,0,0,0,0,0,0,1,0,0,0,0,0,1,0,1,0,0,0,0,0,1,0,0,1,0,0,0
-0.33538716804216334,0.6465071984323078,"5082.                  After examining and inspecting the accident site, the following was found: The vehicle causing the accident was coming from the north towards the south on the middle lane, and the damaged vehicle was coming from the east towards the west, and because the driver causing the accident bypassed the traffic red light, the front of the damaged car hit the front left side of the vehicle causing the accident, and after the accident, the vehicle causing the accident and the damaged vehicle drifted together to the left side, and then the causing vehicle deviated to the right and settled at a distance of 40 meters after the collision and the damaged vehicle deviated to the right side and its front side collided with the pedestrian crossing pole, and then continued to drift until finally settled on the sidewalk. According to the chart, the accident occurred",-0.19746179160121255,-0.4015453331379524,0.6331117943832852,0,1,0,1,0,0,0,-0.006649459747913122,0,0,1,0,0,0,0,0,0,0,0,0,0,0,0,0,0,0,0,0,0,0,0,0,0,0,0,1,0,0,1,0,0,0,0,1,0,0,0,0,0,0,0,0,0,0,0,0,0,0,0,0,0,0,1,0,0,0,0,0,0,0,0,0,1,0,0,0,0,0,0,0,1,0,0,0,0,0,0,0,0,0,0,1,0,0,0,0,0,1,0,1,0,0,0,0,0,1,0,0,1,0,0,0
-0.016145552947325045,0.6465071984323078,"5083.                  After examining and inspecting the accident site, the following was found: The vehicle causing the accident was coming from the north towards the south on the middle lane, and the damaged vehicle was coming from the east towards the west, and because the driver causing the accident bypassed the traffic red light, the front of the damaged car hit the front left side of the vehicle causing the accident, and after the accident, the vehicle causing the accident and the damaged vehicle drifted together to the left side, and then the causing vehicle deviated to the right and settled at a distance of 40 meters after the collision and the damaged vehicle deviated to the right side and its front side collided with the pedestrian crossing pole, and then continued to drift until finally settled on the sidewalk. According to the chart, the accident occurred",-0.19746179160121255,-0.4015453331379524,0.6331117943832852,0,1,0,1,0,0,0,-0.006649459747913122,0,0,1,0,0,0,0,0,0,0,0,0,0,0,0,0,0,0,0,0,0,0,0,0,0,0,0,1,0,0,1,0,0,0,0,1,0,0,0,0,0,0,0,0,0,0,0,0,0,0,0,0,0,0,1,0,0,0,0,0,0,0,0,0,1,0,0,0,0,0,0,0,1,0,0,0,0,0,0,0,0,0,0,1,0,0,0,0,0,1,0,1,0,0,0,0,0,1,0,0,1,0,0,0
-0.4950079755895825,0.6465071984323078,"5084.                  After examining and inspecting the accident site, the following was found: The vehicle causing the accident was coming from the north towards the south on the middle lane, and the damaged vehicle was coming from the east towards the west, and because the driver causing the accident bypassed the traffic red light, the front of the damaged car hit the front left side of the vehicle causing the accident, and after the accident, the vehicle causing the accident and the damaged vehicle drifted together to the left side, and then the causing vehicle deviated to the right and settled at a distance of 40 meters after the collision and the damaged vehicle deviated to the right side and its front side collided with the pedestrian crossing pole, and then continued to drift until finally settled on the sidewalk. According to the chart, the accident occurred",-0.19746179160121255,-0.4015453331379524,0.6331117943832852,0,1,0,1,0,0,0,-0.006649459747913122,0,0,1,0,0,0,0,0,0,0,0,0,0,0,0,0,0,0,0,0,0,0,0,0,0,0,0,1,0,0,1,0,0,0,0,1,0,0,0,0,0,0,0,0,0,0,0,0,0,0,0,0,0,0,1,0,0,0,0,0,0,0,0,0,1,0,0,0,0,0,0,0,1,0,0,0,0,0,0,0,0,0,0,1,0,0,0,0,0,1,0,1,0,0,0,0,0,1,0,0,1,0,0,0
-0.38859410389130306,0.6465071984323078,"5085.                  After examining and inspecting the accident site, the following was found: The vehicle causing the accident was coming from the north towards the south on the middle lane, and the damaged vehicle was coming from the east towards the west, and because the driver causing the accident bypassed the traffic red light, the front of the damaged car hit the front left side of the vehicle causing the accident, and after the accident, the vehicle causing the accident and the damaged vehicle drifted together to the left side, and then the causing vehicle deviated to the right and settled at a distance of 40 meters after the collision and the damaged vehicle deviated to the right side and its front side collided with the pedestrian crossing pole, and then continued to drift until finally settled on the sidewalk. According to the chart, the accident occurred",-0.19746179160121255,-0.4015453331379524,0.6331117943832852,0,1,0,1,0,0,0,-0.006649459747913122,0,0,1,0,0,0,0,0,0,0,0,0,0,0,0,0,0,0,0,0,0,0,0,0,0,0,0,1,0,0,1,0,0,0,0,1,0,0,0,0,0,0,0,0,0,0,0,0,0,0,0,0,0,0,1,0,0,0,0,0,0,0,0,0,1,0,0,0,0,0,0,0,1,0,0,0,0,0,0,0,0,0,0,1,0,0,0,0,0,0,1,0,1,0,0,0,1,0,0,0,1,0,0,0
-0.33538716804216334,0.6465071984323078,"5086.                  After examining and inspecting the accident site, the following was found: The vehicle causing the accident was coming from the north towards the south on the middle lane, and the damaged vehicle was coming from the east towards the west, and because the driver causing the accident bypassed the traffic red light, the front of the damaged car hit the front left side of the vehicle causing the accident, and after the accident, the vehicle causing the accident and the damaged vehicle drifted together to the left side, and then the causing vehicle deviated to the right and settled at a distance of 40 meters after the collision and the damaged vehicle deviated to the right side and its front side collided with the pedestrian crossing pole, and then continued to drift until finally settled on the sidewalk. According to the chart, the accident occurred",-0.19746179160121255,-0.4015453331379524,0.6331117943832852,0,1,0,1,0,0,0,-0.006649459747913122,0,0,1,0,0,0,0,0,0,0,0,0,0,0,0,0,0,0,0,0,0,0,0,0,0,0,0,1,0,0,1,0,0,0,0,1,0,0,0,0,0,0,0,0,0,0,0,0,0,0,0,0,0,0,1,0,0,0,0,0,0,0,0,0,1,0,0,0,0,0,0,0,1,0,0,0,0,0,0,0,0,0,0,1,0,0,0,0,0,1,0,1,0,0,0,0,0,1,0,0,1,0,0,0
0.6223376772423516,0.6465071984323078,"5087.                  After examining and inspecting the accident site, the following was found: The vehicle causing the accident was coming from the north towards the south on the middle lane, and the damaged vehicle was coming from the east towards the west, and because the driver causing the accident bypassed the traffic red light, the front of the damaged car hit the front left side of the vehicle causing the accident, and after the accident, the vehicle causing the accident and the damaged vehicle drifted together to the left side, and then the causing vehicle deviated to the right and settled at a distance of 40 meters after the collision and the damaged vehicle deviated to the right side and its front side collided with the pedestrian crossing pole, and then continued to drift until finally settled on the sidewalk. According to the chart, the accident occurred",-0.19746179160121255,-0.4015453331379524,0.6331117943832852,0,1,0,1,0,0,0,-0.006649459747913122,0,0,1,0,0,0,0,0,0,0,0,0,0,0,0,0,0,0,0,0,0,0,0,0,0,0,0,1,0,0,1,0,0,0,0,1,0,0,0,0,0,0,0,0,0,0,0,0,0,0,0,0,0,0,1,0,0,0,0,0,0,0,0,0,1,0,0,0,0,0,0,0,1,0,0,0,0,0,0,0,0,0,0,1,0,0,0,0,0,1,0,1,0,0,0,0,0,1,0,0,1,0,0,0
-0.4950079755895825,0.6465071984323078,"5088.                  After examining and inspecting the accident site, the following was found: The vehicle causing the accident was coming from the north towards the south on the middle lane, and the damaged vehicle was coming from the east towards the west, and because the driver causing the accident bypassed the traffic red light, the front of the damaged car hit the front left side of the vehicle causing the accident, and after the accident, the vehicle causing the accident and the damaged vehicle drifted together to the left side, and then the causing vehicle deviated to the right and settled at a distance of 40 meters after the collision and the damaged vehicle deviated to the right side and its front side collided with the pedestrian crossing pole, and then continued to drift until finally settled on the sidewalk. According to the chart, the accident occurred",-0.19746179160121255,-0.4015453331379524,0.6331117943832852,0,1,0,1,0,0,0,-0.006649459747913122,0,0,1,0,0,0,0,0,0,0,0,0,0,0,0,0,0,0,0,0,0,0,0,0,0,0,0,1,0,0,1,0,0,0,0,1,0,0,0,0,0,0,0,0,0,0,0,0,0,0,0,0,0,0,1,0,0,0,0,0,0,0,0,0,1,0,0,0,0,0,0,0,1,0,0,0,0,0,0,0,0,0,0,1,0,0,0,0,0,1,0,1,0,0,0,0,0,1,0,0,1,0,0,0
-0.016145552947325045,0.6465071984323078,"5089.                  After examining and inspecting the accident site, the following was found: The vehicle causing the accident was coming from the north towards the south on the middle lane, and the damaged vehicle was coming from the east towards the west, and because the driver causing the accident bypassed the traffic red light, the front of the damaged car hit the front left side of the vehicle causing the accident, and after the accident, the vehicle causing the accident and the damaged vehicle drifted together to the left side, and then the causing vehicle deviated to the right and settled at a distance of 40 meters after the collision and the damaged vehicle deviated to the right side and its front side collided with the pedestrian crossing pole, and then continued to drift until finally settled on the sidewalk. According to the chart, the accident occurred",-0.19746179160121255,-0.4015453331379524,0.6331117943832852,0,1,0,1,0,0,0,-0.006649459747913122,0,0,1,0,0,0,0,0,0,0,0,0,0,0,0,0,0,0,0,0,0,0,0,0,0,0,0,1,0,0,1,0,0,0,0,1,0,0,0,0,0,0,0,0,0,0,0,0,0,0,0,0,0,0,1,0,0,0,0,0,0,0,0,0,1,0,0,0,0,0,0,0,1,0,0,0,0,0,0,0,0,0,0,1,0,0,0,0,0,1,0,1,0,0,0,0,0,1,0,0,1,0,0,0