Age of the injured,Str Code,Accident Description,Road speed limit,Pedestrian action,Number of Lanes,Gender_F,Gender_M,Week_Fifth week,Week_First week,Week_Fourth week,Week_Second week,Week_Third week,Date_time,Reasons__??? ????? ?????? ?????? ???? ????? ??? ???? ???????,Reasons__???? ?? ??????? (???),Reasons__Bypassing the red traffic light,Reasons__Driving back without attention,Reasons__Driving back without traffic clearance,Reasons__Driving in the opposite direction,Reasons__Entering main road without traffic clearance,Reasons__Exceeding speed limit,Reasons__Fatigue and drowsiness,Reasons__Faults in the road,Reasons__Ignoring road lane,Reasons__Ignoring traffic lights,Reasons__Lack of driving awareness,Reasons__Misuse of traffic,Reasons__Negligence and inobservance,Reasons__Negligent driving,Reasons__Not giving priority to pedestrian crossing,Reasons__Not giving way / not giving priority,Reasons__Not leaving enough space,Reasons__Not observing the stop sign,Reasons__Not securing vehicle stability while stopping,Reasons__Speedy without taking road conditions into account,Reasons__Sudden deviation,Reasons__Sudden stop,Reasons__Tyre burst,Reasons__under influence of intoxicant or narcotic drug,__Al Madina Police Station,__Khaldiya Police Station,__Shaabiya Police Station,Streetname_Intersection,Streetname_Street,place__Bridge / Tunnel,place__Coastal area,place__Commercial area,place__Fuel Station,place__Govt. authority,place__Hospital,place__Island,place__Mosque,place__One level intersection,place__Other,place__Park,place__Residential area,place__Sand area,place__School,place__Work area,place__external road,place__unknown,location__ ,location__Bridge,location__Bridge /  Tunnel,location__Car parking,location__Double road,location__Highway,location__Intersection,location__Off the road,location__Other(specify),location__Roundabout,location__Side parking,location__Single road,location__Tunnel,location__Two-way road,location__Unknown,lighting__day,lighting__night - enough lights,lighting__night - weak lights,intersection__Deviated intersection,intersection__Half Perpendicular Intersection,intersection__Multiple leg Intersection,intersection__Not on Intersection,intersection__Not on or around 20 meters,intersection__Other,intersection__Perpendicular Intersection,intersection__Roundabout,intersection__Turn ,accidentype__Collision while turning,accidentype__Fall,accidentype__Hitting a moving object off the road,accidentype__Hitting a moving object on the road,accidentype__Hitting a stationary object off the road,accidentype__Hitting a stationary object on the road,accidentype__Multiple collision,accidentype__Other (specify),accidentype__Perpendicular collision,accidentype__Person run over,accidentype__Rear collision,accidentype__Reciprocal collision,accidentype__Side collision,accidentype__deterioration,seat belt_N,seat belt_Y,seat_Back passenger seat,seat_Driver's seat,seat_Front passenger seat,seat_No passenger,seat_bike passenger,position_Driver,position_Passenger,position_Pedestrian,nationality_Arab States,nationality_Asian States,nationality_GCC,nationality_Other,nationality_UAE
-0.28218023219302363,0.6465071984323078,"5090.                  After examining and inspecting the accident site, the following was found: The vehicle causing the accident was coming from the north towards the south on the middle lane, and the damaged vehicle was coming from the east towards the west, and because the driver causing the accident bypassed the traffic red light, the front of the damaged car hit the front left side of the vehicle causing the accident, and after the accident, the vehicle causing the accident and the damaged vehicle drifted together to the left side, and then the causing vehicle deviated to the right and settled at a distance of 40 meters after the collision and the damaged vehicle deviated to the right side and its front side collided with the pedestrian crossing pole, and then continued to drift until finally settled on the sidewalk. According to the chart, the accident occurred",-0.19746179160121255,-0.4015453331379524,0.6331117943832852,0,1,0,1,0,0,0,-0.006649459747913122,0,0,1,0,0,0,0,0,0,0,0,0,0,0,0,0,0,0,0,0,0,0,0,0,0,0,0,1,0,0,1,0,0,0,0,1,0,0,0,0,0,0,0,0,0,0,0,0,0,0,0,0,0,0,1,0,0,0,0,0,0,0,0,0,1,0,0,0,0,0,0,0,1,0,0,0,0,0,0,0,0,0,0,1,0,0,0,0,0,0,1,1,0,0,0,0,0,1,0,0,1,0,0,0
0.19668219044923382,-0.7802238092300142,"5091.                  After examining and inspecting the site of the accident, the following was found: While the vehicle causing the accident was coming from the south towards the north in a side road in the parking lots, and the run over person was inside the vehicle, and after the vehicle stopped and the Passenger left the vehicle and crossed from behind the vehicle, the driver of the vehicle causing the accident drove back without attention. As a result, the vehicle hit the run over person with the rear of the vehicle, and the accident resulted in the injury of the person who was hit with a minor injury.",-2.637685636673014,2.490378837640347,-2.3692825732768528,1,0,0,1,0,0,0,0.2143189653682592,0,0,0,0,1,0,0,0,0,0,0,0,0,0,0,0,0,0,0,0,0,0,0,0,0,0,1,0,0,0,1,0,0,1,0,0,0,0,0,0,0,0,0,0,0,0,0,0,0,0,0,1,0,0,0,0,0,0,0,0,0,0,0,1,0,0,0,0,0,0,1,0,0,0,0,0,0,0,0,0,0,0,0,0,1,0,0,0,0,1,0,0,0,0,1,0,0,0,1,0,1,0,0,0
-0.6014218472878619,-0.8625352135182252,"5092.                  After inspecting the location of the accident, the following was found: While the vehicles were stopping on the main road due to the red traffic light, the motorcycle rider tried unlawfully to pass between the two vehicles, and when the left rear door of the second vehicle causing the accident was opened by the passenger, the front of the motorcycle collided with the door of the vehicle and the motorcycle fell to the left on the damaged vehicle, and this is how the accident occurred.",-0.19746179160121255,-0.4015453331379524,-0.3676863281700941,0,1,0,1,0,0,0,0.4368743355880395,0,0,0,0,0,0,0,0,0,0,1,0,0,0,0,0,0,0,0,0,0,0,0,0,0,0,0,1,0,0,1,0,0,0,0,0,0,0,0,0,0,0,1,0,0,0,0,0,0,0,0,0,0,1,0,0,0,0,0,0,0,0,0,1,0,0,0,0,0,1,0,0,0,0,0,0,0,0,0,0,0,0,0,0,0,0,0,1,0,1,0,0,1,0,0,0,1,0,0,0,1,0,0,0
-0.17576636049474417,-0.8076609439927512,"5093.                  After inspecting the accident chart, the following was found: While the vehicle causing the accident was coming from the east to the west on the first lane from the left and the run over person from the north towards the south, and due to the misuse of the traffic lights, the right side of the vehicle causing accident collided with the run over person. Accident resulted in injured person and material damage to vehicles",-0.19746179160121255,2.490378837640347,-0.3676863281700941,1,0,0,1,0,0,0,0.4379140582421275,0,0,0,0,0,0,0,0,0,0,0,0,0,1,0,0,0,0,0,0,0,0,0,0,0,0,0,0,1,0,1,0,0,0,0,0,0,0,1,0,0,0,0,0,0,0,0,0,0,0,0,0,0,1,0,0,0,0,0,0,0,0,0,1,0,0,0,0,0,1,0,0,0,0,0,0,0,0,0,0,0,0,0,0,1,0,0,0,0,1,0,0,0,0,1,0,0,0,1,0,0,0,1,0
0.19668219044923382,1.4010284044075743,"5094.                  After examining and inspecting the accident site, the following was noted: While the Driver of the vehicle causing the accident was coming from the east to the west on the far right of the direction of Jawiyya Bridge and while the Driver of the first damaged vehicle was coming in the same direction of the vehicle causing the accident on the second lane from the left and due to bypassing the red traffic light by the driver of the vehicle causing the accident, by deviating from the far right to the far left, at that moment the front of the first damaged vehicle collided with the rear left side of the causing vehicle and the Driver of the second damaged vehicle was coming from the west towards the east and the front of the vehicle collided with the right side of the vehicle causing the accident. The accident resulted in a driver injury to the second damaged vehicle and was transferred to the hospital, as well as damage to vehicles, and the accident was drawn and necessary action was taken",-0.19746179160121255,-0.4015453331379524,0.6331117943832852,0,1,0,1,0,0,0,0.4478187845784393,0,0,1,0,0,0,0,0,0,0,0,0,0,0,0,0,0,0,0,0,0,0,0,0,0,0,0,1,0,1,0,0,0,1,0,0,0,0,0,0,0,0,0,0,0,0,0,0,0,0,0,0,0,0,1,0,0,0,0,0,0,0,0,0,1,0,0,0,1,0,0,0,0,0,0,0,0,0,0,0,0,0,0,1,0,0,0,0,0,1,0,0,1,0,0,0,1,0,0,0,1,0,0,0
0.8883723564880501,-0.9860023199505414,"5095.                  After examining and inspecting the accident site, the following was found: While the vehicle causing the accident was traveling on Sharqi Ring Road before the Al Saada Bridge and was taking the far-right lane, and because of not leaving enough distance, the front of the vehicle causing the accident collided with the rear of the damaged vehicle and the accident resulted in minor injury to one of the passengers in the vehicle causing the accident, and material damage to vehicles, and no damage to state property.",-0.19746179160121255,-0.4015453331379524,-0.3676863281700941,0,1,0,1,0,0,0,0.8698367376482563,0,0,0,0,0,0,0,0,0,0,0,0,0,0,0,0,0,0,1,0,0,0,0,0,0,0,0,0,1,0,1,1,0,0,0,0,0,0,0,0,0,0,0,0,0,0,0,0,0,1,0,0,0,0,0,0,0,0,0,0,0,0,0,1,0,0,0,0,0,1,0,0,0,0,0,0,0,0,0,0,0,0,0,0,0,1,0,0,0,1,0,1,0,0,0,0,0,1,0,0,1,0,0,0
-1.505939756723237,-0.9860023199505414,"5096.                  After examination and inspecting the accident site, the following was found: The vehicle causing the accident was coming from a west-to-east direction, the run over person was coming from the south to the north direction, and while the vehicle was traveling the driver was surprised by the run over person running and entering the street in front of him, and because of the misuse of traffic by the Driver, the run over person was hit by the right side, and fell, and accordingly the accident was drawn as shown in the final drawing.",-1.4175737141371132,2.490378837640347,-2.3692825732768528,0,1,0,1,0,0,0,0.9726598359130626,0,0,0,0,0,0,0,0,0,0,0,0,0,1,0,0,0,0,0,0,0,0,0,0,0,0,0,0,1,0,1,0,0,1,0,0,0,0,0,0,0,0,0,0,0,0,0,0,0,0,0,0,0,0,0,0,0,0,0,1,0,0,0,0,1,0,0,0,0,1,0,0,0,0,0,0,0,0,0,0,0,0,0,0,1,0,0,0,0,1,0,0,0,0,1,0,0,0,1,0,0,0,0,1
-0.6014218472878619,-0.9860023199505414,"5097.                  After examination and inspecting the accident site, the following was noted: The first vehicle causing the accident was coming from the west towards the east and the second vehicle causing the accident was coming from the south towards the north and because of entering the road without traffic clearance by the second vehicle causing the accident and driving without estimating the road conditions by the first causing vehicle , the front side of the first causing vehicle hit the left side of the second causing vehicle.",-0.19746179160121255,-0.4015453331379524,-0.3676863281700941,0,1,0,1,0,0,0,0.9961356789974701,0,0,0,0,0,0,0,0,0,0,0,0,0,0,0,0,0,0,0,0,0,1,0,0,0,0,0,0,1,0,1,0,0,0,0,1,0,0,0,0,0,0,0,0,0,0,0,0,0,0,0,0,0,1,0,0,0,0,0,0,0,0,0,0,1,0,0,0,0,1,0,0,0,0,0,0,0,0,0,0,0,0,0,1,0,0,0,0,0,1,0,0,1,0,0,0,1,0,0,1,0,0,0,0
-0.38859410389130306,0.3035430138980958,"5098.                  After examination and inspecting the accident site, the following was noted: The vehicle causing the accident was coming from the south towards the north on the left lane of the road, and the damaged vehicle was coming from the east towards the west on the left lane of the road, and because of the red traffic light bypassed by the vehicle causing the accident, it collided with its right front side with the front left side of the damaged vehicle.",-0.19746179160121255,-0.4015453331379524,0.6331117943832852,1,0,0,1,0,0,0,1.428496136363215,0,0,1,0,0,0,0,0,0,0,0,0,0,0,0,0,0,0,0,0,0,0,0,0,0,0,0,0,1,0,1,0,0,1,0,0,0,0,0,0,0,0,0,0,0,0,0,0,0,0,0,0,0,0,1,0,0,0,0,0,0,0,0,1,0,0,0,0,0,0,0,0,1,0,0,0,0,0,0,0,0,0,0,1,0,0,0,0,0,0,1,0,1,0,0,0,1,0,0,0,0,0,0,1
-0.33538716804216334,0.6602257658136763,"5099.                  After examination and inspecting the accident site, the following was noted: The vehicle causing the accident was coming from the east towards the west, bypassing the red traffic light, and the damaged vehicle, which was coming from the south, entered the north direction and the front side of the damaged vehicle collided with the left side of the vehicle causing the accident.",-0.19746179160121255,-0.4015453331379524,0.6331117943832852,1,0,0,1,0,0,0,1.4205614108451752,0,0,1,0,0,0,0,0,0,0,0,0,0,0,0,0,0,0,0,0,0,0,0,0,0,0,0,1,0,0,1,0,0,1,0,0,0,0,0,0,0,0,0,0,0,0,0,0,0,0,0,0,0,0,1,0,0,0,0,0,0,0,0,1,0,0,0,0,0,0,0,0,1,0,0,0,0,0,0,0,0,0,0,0,0,0,1,0,0,1,0,0,1,0,0,0,1,0,0,0,0,0,1,0
-0.33538716804216334,-0.601882433272224,"5100.                  After examination and inspecting the accident site, the following was noted: The causing vehicle was coming from the west towards the south and on a side road, and due to the misuse of traffic by the driver of the vehicle causing the accident, the run over person was hit by the front side of the vehicle while crossing the road from the west towards the east.",-0.19746179160121255,2.490378837640347,-1.3684844507234735,1,0,0,1,0,0,0,1.5454047404786657,0,0,0,0,0,0,0,0,0,0,0,0,0,1,0,0,0,0,0,0,0,0,0,0,0,0,0,1,0,0,1,0,0,1,0,0,0,0,0,0,0,0,0,0,0,0,0,0,0,0,0,0,0,0,0,0,0,0,0,1,0,0,0,0,1,0,0,0,0,1,0,0,0,0,0,0,0,0,0,0,0,0,0,0,1,0,0,0,0,1,0,0,0,0,1,0,0,0,1,0,1,0,0,0
0.35630299799665294,-0.944846617806436,"5101.                  After examining and inspecting the accident site, the following was noted: The vehicle causing the accident was coming from the east to the west, and the damaged vehicle was in a complete stoppage state. The causing vehicle was traveling on the far left, and because of traffic misuse  by the driver causing the accident, the front of his car hit an indicative sign of a company, and then his car moved forward and drifted to the right, then drifted to the left, and the front of the car hit the rear of the damaged car and then the damaged car moved forward and its front side collided with a side pavement, knowing that during the collision of the vehicle causing the accident with the indicative sign, it the sign flew and fell on a number of people, which led to their injury, and they were taken to the hospital.",-0.19746179160121255,-0.4015453331379524,0.6331117943832852,0,1,0,1,0,0,0,1.6298739977865717,0,0,0,0,0,0,0,0,0,0,0,0,0,0,0,0,0,0,0,0,0,1,0,0,0,0,0,1,0,0,1,0,0,0,0,1,0,0,0,0,0,0,0,0,0,0,0,0,0,0,0,0,1,0,0,0,0,0,0,0,0,0,0,1,0,0,0,0,0,1,0,0,0,0,0,0,0,0,0,0,0,0,0,0,0,1,0,0,0,1,0,0,0,0,1,0,0,0,1,0,1,0,0,0
-0.4950079755895825,-0.944846617806436,"5102.                  After examining and inspecting the accident site, the following was noted: The vehicle causing the accident was coming from the east to the west, and the damaged vehicle was in a complete stoppage state. The causing vehicle was traveling on the far left, and because of traffic misuse  by the driver causing the accident, the front of his car hit an indicative sign of a company, and then his car moved forward and drifted to the right, then drifted to the left, and the front of the car hit the rear of the damaged car and then the damaged car moved forward and its front side collided with a side pavement, knowing that during the collision of the vehicle causing the accident with the indicative sign, it the sign flew and fell on a number of people, which led to their injury, and they were taken to the hospital.",-0.19746179160121255,-0.4015453331379524,0.6331117943832852,0,1,0,1,0,0,0,1.6298739977865717,0,0,0,0,0,0,0,0,0,0,0,0,0,0,0,0,0,0,0,0,0,1,0,0,0,0,0,1,0,0,1,0,0,0,0,1,0,0,0,0,0,0,0,0,0,0,0,0,0,0,0,0,1,0,0,0,0,0,0,0,0,0,0,1,0,0,0,0,0,1,0,0,0,0,0,0,0,0,0,0,0,0,0,0,0,1,0,0,0,1,0,0,0,0,1,0,0,0,1,0,0,0,1,0
-0.12255942464560447,-0.944846617806436,"5103.                  After examining and inspecting the accident site, the following was noted: The vehicle causing the accident was coming from the east to the west, and the damaged vehicle was in a complete stoppage state. The causing vehicle was traveling on the far left, and because of traffic misuse  by the driver causing the accident, the front of his car hit an indicative sign of a company, and then his car moved forward and drifted to the right, then drifted to the left, and the front of the car hit the rear of the damaged car and then the damaged car moved forward and its front side collided with a side pavement, knowing that during the collision of the vehicle causing the accident with the indicative sign, it the sign flew and fell on a number of people, which led to their injury, and they were taken to the hospital.",-0.19746179160121255,-0.4015453331379524,0.6331117943832852,0,1,0,1,0,0,0,1.6298739977865717,0,0,0,0,0,0,0,0,0,0,0,0,0,0,0,0,0,0,0,0,0,1,0,0,0,0,0,1,0,0,1,0,0,0,0,1,0,0,0,0,0,0,0,0,0,0,0,0,0,0,0,0,1,0,0,0,0,0,0,0,0,0,0,1,0,0,0,0,0,1,0,0,0,0,0,0,0,0,0,0,0,0,0,0,0,1,0,0,0,1,0,0,0,0,1,0,0,0,1,0,1,0,0,0
-0.2289732963438839,-0.944846617806436,"5104.                  After examining and inspecting the accident site, the following was noted: The vehicle causing the accident was coming from the east to the west, and the damaged vehicle was in a complete stoppage state. The causing vehicle was traveling on the far left, and because of traffic misuse  by the driver causing the accident, the front of his car hit an indicative sign of a company, and then his car moved forward and drifted to the right, then drifted to the left, and the front of the car hit the rear of the damaged car and then the damaged car moved forward and its front side collided with a side pavement, knowing that during the collision of the vehicle causing the accident with the indicative sign, it the sign flew and fell on a number of people, which led to their injury, and they were taken to the hospital.",-0.19746179160121255,-0.4015453331379524,0.6331117943832852,0,1,0,1,0,0,0,1.6298739977865717,0,0,0,0,0,0,0,0,0,0,0,0,0,0,0,0,0,0,0,0,0,1,0,0,0,0,0,1,0,0,1,0,0,0,0,1,0,0,0,0,0,0,0,0,0,0,0,0,0,0,0,0,1,0,0,0,0,0,0,0,0,0,0,1,0,0,0,0,0,1,0,0,0,0,0,0,0,0,0,0,0,0,0,0,0,1,0,0,0,1,0,0,0,0,1,0,0,0,1,0,1,0,0,0
0.5159238055440721,-0.944846617806436,"5105.                  After examining and inspecting the accident site, the following was noted: The vehicle causing the accident was coming from the east to the west, and the damaged vehicle was in a complete stoppage state. The causing vehicle was traveling on the far left, and because of traffic misuse  by the driver causing the accident, the front of his car hit an indicative sign of a company, and then his car moved forward and drifted to the right, then drifted to the left, and the front of the car hit the rear of the damaged car and then the damaged car moved forward and its front side collided with a side pavement, knowing that during the collision of the vehicle causing the accident with the indicative sign, it the sign flew and fell on a number of people, which led to their injury, and they were taken to the hospital.",-0.19746179160121255,-0.4015453331379524,0.6331117943832852,0,1,0,1,0,0,0,1.6298739977865717,0,0,0,0,0,0,0,0,0,0,0,0,0,0,0,0,0,0,0,0,0,1,0,0,0,0,0,1,0,0,1,0,0,0,0,1,0,0,0,0,0,0,0,0,0,0,0,0,0,0,0,0,1,0,0,0,0,0,0,0,0,0,0,1,0,0,0,0,0,1,0,0,0,0,0,0,0,0,0,0,0,0,0,0,0,1,0,0,0,1,0,0,0,0,1,0,0,0,1,0,1,0,0,0
-0.38859410389130306,-0.944846617806436,"5106.                  After examining and inspecting the accident site, the following was noted: The vehicle causing the accident was coming from the east to the west, and the damaged vehicle was in a complete stoppage state. The causing vehicle was traveling on the far left, and because of traffic misuse  by the driver causing the accident, the front of his car hit an indicative sign of a company, and then his car moved forward and drifted to the right, then drifted to the left, and the front of the car hit the rear of the damaged car and then the damaged car moved forward and its front side collided with a side pavement, knowing that during the collision of the vehicle causing the accident with the indicative sign, it the sign flew and fell on a number of people, which led to their injury, and they were taken to the hospital.",-0.19746179160121255,-0.4015453331379524,0.6331117943832852,0,1,0,1,0,0,0,1.6298739977865717,0,0,0,0,0,0,0,0,0,0,0,0,0,0,0,0,0,0,0,0,0,1,0,0,0,0,0,1,0,0,1,0,0,0,0,1,0,0,0,0,0,0,0,0,0,0,0,0,0,0,0,0,1,0,0,0,0,0,0,0,0,0,0,1,0,0,0,0,0,1,0,0,0,0,0,0,0,0,0,0,0,0,0,0,0,1,0,0,0,0,1,0,1,0,0,0,1,0,0,0,0,0,0,1
1.6332694583760061,-0.9585651851878045,"5107.                  After examining and inspecting the accident site, the following was noted: While the driver of the vehicle causing the accident was coming from the south towards the north on a side street and due to the overspeed without taking into account the road conditions, he was surprised by the run over person in front of him and thus the person was run over with the front of the vehicle and the person fell on the road and the vehicle causing the accident continued to move forward, after losing control of the vehicle, and collided with five vehicles, which were parked completely in parking lots on both sides of the road. The vehicle settled at the last damaged vehicle, resulting in moderate injury to the person who was hit, and moderate to minor damage to the five damaged vehicles, then the location of the accident was inspected and the necessary action was taken",-1.4175737141371132,-0.4015453331379524,-1.3684844507234735,1,0,0,1,0,0,0,1.6337592771781635,0,0,0,0,0,0,0,0,0,0,0,0,0,0,0,0,0,0,0,0,0,1,0,0,0,0,0,1,0,0,1,0,0,0,0,0,0,0,0,0,0,0,1,0,0,0,0,0,0,0,0,0,0,0,0,0,0,0,0,1,0,0,0,1,0,0,0,0,0,1,0,0,0,0,0,0,0,0,0,0,0,0,0,0,1,0,0,0,0,1,0,0,0,0,1,0,0,0,1,1,0,0,0,0
-0.12255942464560447,-0.9585651851878045,"5108.                  After examining and inspecting the accident site, the following was noted: While the driver of the vehicle causing the accident was coming from the south towards the north on a side street and due to the overspeed without taking into account the road conditions, he was surprised by the run over person in front of him and thus the person was run over with the front of the vehicle and the person fell on the road and the vehicle causing the accident continued to move forward, after losing control of the vehicle, and collided with five vehicles, which were parked completely in parking lots on both sides of the road. The vehicle settled at the last damaged vehicle, resulting in moderate injury to the person who was hit, and moderate to minor damage to the five damaged vehicles, then the location of the accident was inspected and the necessary action was taken",-1.4175737141371132,-0.4015453331379524,-1.3684844507234735,0,1,0,1,0,0,0,1.6337592771781635,0,0,0,0,0,0,0,0,0,0,0,0,0,0,0,0,0,0,0,0,0,1,0,0,0,0,0,1,0,0,1,0,0,0,0,0,0,0,0,0,0,0,1,0,0,0,0,0,0,0,0,0,0,0,0,0,0,0,0,1,0,0,0,1,0,0,0,0,0,1,0,0,0,0,0,0,0,0,0,0,0,0,0,0,1,0,0,0,0,0,1,0,1,0,0,0,1,0,0,0,1,0,0,0
-0.44180103974044277,-0.9860023199505414,"5109.                  After examining and inspecting the accident site, the following was noted: The vehicle causing the accident and the damaged vehicle were coming from the east towards the west, where the vehicle causing the accident was on the second lane from the left and the damaged vehicle was on the far left lane and because the vehicle causing the accident did not abide by the lane and deviated to the left side, the front left side of the vehicle causing the accident collided with the front right side of the damaged vehicle, which led to the drift of the vehicle causing the accident and colliding with the left pavement of the street, according to the chart, the accident occurred.",-0.19746179160121255,-0.4015453331379524,1.6339099169366647,0,1,0,1,0,0,0,-0.7661942196816605,0,0,0,0,0,0,0,0,0,0,1,0,0,0,0,0,0,0,0,0,0,0,0,0,0,0,0,0,1,0,1,0,0,1,0,0,0,0,0,0,0,0,0,0,0,0,0,0,0,0,0,0,0,1,0,0,0,0,0,0,0,0,0,1,0,0,0,0,0,0,1,0,0,0,0,0,0,0,0,0,0,0,0,0,0,0,0,1,0,0,1,0,1,0,0,0,1,0,0,0,1,0,0,0
0.6755446130914913,-0.7665052418486458,"5110.                  After examining and inspecting the accident site, the following was noted: While the vehicle causing the accident was coming from the west towards the east on the second lane from the right, and the damaged vehicle was coming from the east and wanted to turn towards the south, and because the driver of the causing vehicle bypassed the red light, it collided with the right side of his vehicle to the front of the damaged vehicle, and according to the chart, the accident occurred",-0.19746179160121255,-0.4015453331379524,-0.3676863281700941,0,1,0,1,0,0,0,-0.7739647784648443,0,0,1,0,0,0,0,0,0,0,0,0,0,0,0,0,0,0,0,0,0,0,0,0,0,0,1,0,0,0,1,0,0,1,0,0,0,0,0,0,0,0,0,0,0,0,0,0,0,0,0,0,0,0,1,0,0,0,0,0,0,0,0,1,0,0,0,0,0,0,0,0,1,0,0,0,0,0,0,0,0,0,0,1,0,0,0,0,0,1,0,0,1,0,0,0,1,0,0,0,1,0,0,0
1.4204417149794473,-0.7665052418486458,"5111.                  After examining and inspecting the accident site, the following was noted: While the vehicle causing the accident was coming from the west towards the east on the second lane from the right, and the damaged vehicle was coming from the east and wanted to turn towards the south, and because the driver of the causing vehicle bypassed the red light, it collided with the right side of his vehicle to the front of the damaged vehicle, and according to the chart, the accident occurred",-0.19746179160121255,-0.4015453331379524,-0.3676863281700941,1,0,0,1,0,0,0,-0.7739647784648443,0,0,1,0,0,0,0,0,0,0,0,0,0,0,0,0,0,0,0,0,0,0,0,0,0,0,1,0,0,0,1,0,0,1,0,0,0,0,0,0,0,0,0,0,0,0,0,0,0,0,0,0,0,0,1,0,0,0,0,0,0,0,0,1,0,0,0,0,0,0,0,0,1,0,0,0,0,0,0,0,0,0,0,1,0,0,0,0,0,1,0,1,0,0,0,0,0,1,0,0,0,0,0,1
0.8351654206389104,0.24866874437262185,"5112.                  After examining and inspecting the accident site, the following was noted: While the vehicle causing the accident was coming from the east towards the west on the far right lane and the run over person was coming from the north towards the south, and because of the misuse of traffic by the driver of the vehicle causing the accident and crossing from a place not designated for pedestrian by the run over person, the driver ran over the person who was hit with the front of the vehicle and the person fell injured on the highway and the vehicle stopped at the site of the accident and the accident resulted in the injury of the run over person with a moderate general condition, material damage to the vehicle. The accident was drawn and necessary action was taken",-0.19746179160121255,2.490378837640347,-0.3676863281700941,0,1,0,1,0,0,0,-0.7607219951864606,0,0,0,0,0,0,0,0,0,0,0,0,0,1,0,0,0,0,0,0,0,0,0,0,0,0,0,1,0,0,1,0,0,0,0,0,0,0,0,0,0,0,1,0,0,0,0,0,0,0,0,0,0,1,0,0,0,0,0,0,0,0,0,1,0,0,0,0,0,1,0,0,0,0,0,0,0,0,0,0,0,0,0,0,1,0,0,0,0,1,0,0,0,0,1,0,0,0,1,0,0,0,1,0
1.1544070357337486,1.0580642198733623,"5113.                  After examining and inspecting the accident site, the following was noted: While the damaged vehicles were parked and completely stopped before the intersection, and when the vehicle causing the accident was coming from behind them and on the center lane, and because of not leaving enough distance between the vehicles, the front of the vehicle causing the accident hit the rear of the first damaged vehicle and as a result of this collision the first damaged vehicle moved forward and hit the front of the vehicle with the rear of the second damaged vehicle. As a result of this collision, the second damaged vehicle drifted forward and collided its front with the rear of the third damaged vehicle. The accident resulted in material damage to the vehicles and the driver escape from the accident site. According to the chart, the accident occurred",2.2427620534705888,-0.4015453331379524,-0.3676863281700941,0,1,0,1,0,0,0,-0.7714147218500812,0,0,0,0,0,0,0,0,0,0,0,0,0,0,0,0,0,0,1,0,0,0,0,0,0,0,0,0,1,0,1,0,0,0,0,0,0,0,0,0,0,0,0,0,0,0,1,0,0,0,0,0,0,1,0,0,0,0,0,0,0,0,0,1,0,0,0,0,0,1,0,0,0,0,0,0,0,0,0,0,0,0,0,0,0,1,0,0,0,0,1,0,1,0,0,0,1,0,0,0,1,0,0,0
0.09026831875095438,1.0580642198733623,"5114.                  After examining and inspecting the accident site, the following was noted: While the damaged vehicles were parked and completely stopped before the intersection, and when the vehicle causing the accident was coming from behind them and on the center lane, and because of not leaving enough distance between the vehicles, the front of the vehicle causing the accident hit the rear of the first damaged vehicle and as a result of this collision the first damaged vehicle moved forward and hit the front of the vehicle with the rear of the second damaged vehicle. As a result of this collision, the second damaged vehicle drifted forward and collided its front with the rear of the third damaged vehicle. The accident resulted in material damage to the vehicles and the driver escape from the accident site. According to the chart, the accident occurred",2.2427620534705888,-0.4015453331379524,-0.3676863281700941,0,1,0,1,0,0,0,-0.7714147218500812,0,0,0,0,0,0,0,0,0,0,0,0,0,0,0,0,0,0,1,0,0,0,0,0,0,0,0,0,1,0,1,0,0,0,0,0,0,0,0,0,0,0,0,0,0,0,1,0,0,0,0,0,0,1,0,0,0,0,0,0,0,0,0,1,0,0,0,0,0,1,0,0,0,0,0,0,0,0,0,0,0,0,0,0,0,1,0,0,0,0,1,0,0,1,0,0,0,1,0,0,1,0,0,0