Age of the injured,Str Code,Accident Description,Road speed limit,Pedestrian action,Number of Lanes,Gender_F,Gender_M,Week_Fifth week,Week_First week,Week_Fourth week,Week_Second week,Week_Third week,Date_time,Reasons__??? ????? ?????? ?????? ???? ????? ??? ???? ???????,Reasons__???? ?? ??????? (???),Reasons__Bypassing the red traffic light,Reasons__Driving back without attention,Reasons__Driving back without traffic clearance,Reasons__Driving in the opposite direction,Reasons__Entering main road without traffic clearance,Reasons__Exceeding speed limit,Reasons__Fatigue and drowsiness,Reasons__Faults in the road,Reasons__Ignoring road lane,Reasons__Ignoring traffic lights,Reasons__Lack of driving awareness,Reasons__Misuse of traffic,Reasons__Negligence and inobservance,Reasons__Negligent driving,Reasons__Not giving priority to pedestrian crossing,Reasons__Not giving way / not giving priority,Reasons__Not leaving enough space,Reasons__Not observing the stop sign,Reasons__Not securing vehicle stability while stopping,Reasons__Speedy without taking road conditions into account,Reasons__Sudden deviation,Reasons__Sudden stop,Reasons__Tyre burst,Reasons__under influence of intoxicant or narcotic drug,__Al Madina Police Station,__Khaldiya Police Station,__Shaabiya Police Station,Streetname_Intersection,Streetname_Street,place__Bridge / Tunnel,place__Coastal area,place__Commercial area,place__Fuel Station,place__Govt. authority,place__Hospital,place__Island,place__Mosque,place__One level intersection,place__Other,place__Park,place__Residential area,place__Sand area,place__School,place__Work area,place__external road,place__unknown,location__ ,location__Bridge,location__Bridge /  Tunnel,location__Car parking,location__Double road,location__Highway,location__Intersection,location__Off the road,location__Other(specify),location__Roundabout,location__Side parking,location__Single road,location__Tunnel,location__Two-way road,location__Unknown,lighting__day,lighting__night - enough lights,lighting__night - weak lights,intersection__Deviated intersection,intersection__Half Perpendicular Intersection,intersection__Multiple leg Intersection,intersection__Not on Intersection,intersection__Not on or around 20 meters,intersection__Other,intersection__Perpendicular Intersection,intersection__Roundabout,intersection__Turn ,accidentype__Collision while turning,accidentype__Fall,accidentype__Hitting a moving object off the road,accidentype__Hitting a moving object on the road,accidentype__Hitting a stationary object off the road,accidentype__Hitting a stationary object on the road,accidentype__Multiple collision,accidentype__Other (specify),accidentype__Perpendicular collision,accidentype__Person run over,accidentype__Rear collision,accidentype__Reciprocal collision,accidentype__Side collision,accidentype__deterioration,seat belt_N,seat belt_Y,seat_Back passenger seat,seat_Driver's seat,seat_Front passenger seat,seat_No passenger,seat_bike passenger,position_Driver,position_Passenger,position_Pedestrian,nationality_Arab States,nationality_Asian States,nationality_GCC,nationality_Other,nationality_UAE
2.218545752716543,0.07032736841483159,"5115.                  After examining and inspecting the accident site, the following was noted: The vehicle causing the accident was traveling from the south to the north inside the intersection to the west on the left lane, while the damaged vehicles were traveling from the north towards the south, and the first damaged vehicle was traveling in the second lane from the left, and the second damaged vehicle was traveling in the second lane from the right and while the vehicles were traveling and because of bypassing the red traffic signal by the driver of the vehicle causing the accident, the front side of the first vehicle collided with the right side of the vehicle causing the accident, and while it was drifting forward, the front side of the second damaged vehicle hit the same side according to the picture. The accident resulted in injuries to three passengers, two from the vehicle causing the accident and the third from the first damaged vehicle, in addition to material damage to the vehicles. Accident was drawn and necessary procedures were taken",-0.19746179160121255,-0.4015453331379524,0.6331117943832852,0,1,0,1,0,0,0,-0.7664678309064205,0,0,1,0,0,0,0,0,0,0,0,0,0,0,0,0,0,0,0,0,0,0,0,0,0,0,0,1,0,0,1,0,0,1,0,0,0,0,0,0,0,0,0,0,0,0,0,0,0,0,0,0,0,0,1,0,0,0,0,0,0,0,0,1,0,0,0,0,0,0,0,0,1,0,0,0,0,0,0,0,0,0,0,1,0,0,0,0,0,1,0,0,0,1,0,0,0,1,0,1,0,0,0,0
2.2717526885656825,0.07032736841483159,"5116.                  After examining and inspecting the accident site, the following was noted: The vehicle causing the accident was traveling from the south to the north inside the intersection to the west on the left lane, while the damaged vehicles were traveling from the north towards the south, and the first damaged vehicle was traveling in the second lane from the left, and the second damaged vehicle was traveling in the second lane from the right and while the vehicles were traveling and because of bypassing the red traffic signal by the driver of the vehicle causing the accident, the front side of the first vehicle collided with the right side of the vehicle causing the accident, and while it was drifting forward, the front side of the second damaged vehicle hit the same side according to the picture. The accident resulted in injuries to three passengers, two from the vehicle causing the accident and the third from the first damaged vehicle, in addition to material damage to the vehicles. Accident was drawn and necessary procedures were taken",-0.19746179160121255,-0.4015453331379524,0.6331117943832852,1,0,0,1,0,0,0,-0.7664678309064205,0,0,1,0,0,0,0,0,0,0,0,0,0,0,0,0,0,0,0,0,0,0,0,0,0,0,0,1,0,0,1,0,0,1,0,0,0,0,0,0,0,0,0,0,0,0,0,0,0,0,0,0,0,0,1,0,0,0,0,0,0,0,0,1,0,0,0,0,0,0,0,0,1,0,0,0,0,0,0,0,0,0,0,1,0,0,0,0,0,1,0,1,0,0,0,0,0,1,0,1,0,0,0,0
0.19668219044923382,0.07032736841483159,"5117.                  After examining and inspecting the accident site, the following was noted: The vehicle causing the accident was traveling from the south to the north inside the intersection to the west on the left lane, while the damaged vehicles were traveling from the north towards the south, and the first damaged vehicle was traveling in the second lane from the left, and the second damaged vehicle was traveling in the second lane from the right and while the vehicles were traveling and because of bypassing the red traffic signal by the driver of the vehicle causing the accident, the front side of the first vehicle collided with the right side of the vehicle causing the accident, and while it was drifting forward, the front side of the second damaged vehicle hit the same side according to the picture. The accident resulted in injuries to three passengers, two from the vehicle causing the accident and the third from the first damaged vehicle, in addition to material damage to the vehicles. Accident was drawn and necessary procedures were taken",-0.19746179160121255,-0.4015453331379524,0.6331117943832852,1,0,0,1,0,0,0,-0.7664678309064205,0,0,1,0,0,0,0,0,0,0,0,0,0,0,0,0,0,0,0,0,0,0,0,0,0,0,0,1,0,0,1,0,0,1,0,0,0,0,0,0,0,0,0,0,0,0,0,0,0,0,0,0,0,0,1,0,0,0,0,0,0,0,0,1,0,0,0,0,0,0,0,0,1,0,0,0,0,0,0,0,0,0,0,1,0,0,0,0,0,1,0,1,0,0,0,0,0,1,0,0,1,0,0,0
-0.2289732963438839,1.1266570567802046,"5118.                  After examining and inspecting the accident site, the following was noted: The vehicle causing the accident was traveling from east to west on the left lane to return to the east direction again, and while the damaged vehicles were traveling from west towards east, the first damaged vehicle on the left lane and the second damaged vehicle in the middle lane, and while the vehicles were traveling and due to bypassing the red traffic light by the driver of the vehicle causing the accident, the front side of his vehicle collided with the left front side, then the vehicle causing the accident drifted forward and collided with the front left side of the second damaged vehicle, according to the picture in the chart. The accident resulted in injury to the driver of the second damaged vehicle and material damage to the vehicles. The accident was drawn and necessary action was taken",1.0226501309346883,-0.4015453331379524,0.6331117943832852,1,0,0,1,0,0,0,-0.7641476077204556,0,0,1,0,0,0,0,0,0,0,0,0,0,0,0,0,0,0,0,0,0,0,0,0,0,0,0,1,0,0,1,0,0,0,0,0,0,0,0,0,0,0,1,0,0,0,0,0,0,0,0,0,0,0,1,0,0,0,0,0,0,0,0,1,0,0,0,0,0,0,0,0,1,0,0,0,0,0,0,0,0,0,0,1,0,0,0,0,0,0,1,0,1,0,0,0,1,0,0,0,0,0,0,1
-1.505939756723237,-0.8350980787554881,"5119.                  After examining and inspecting the accident site, the following was noted: While the vehicle causing the accident was coming from the north towards the south and inside the parking lots, and when the run over person dismounted the bus and due to the traffic misuse by the driver of the vehicle causing the accident, the body of the run over person was hit by the vehicle, which resulted in the child being seriously injured, and accordingly, the inspection and necessary measures were taken.",-2.637685636673014,2.490378837640347,-2.3692825732768528,1,0,0,1,0,0,0,-0.7641147743734845,0,0,0,0,0,0,0,0,0,0,0,0,0,1,0,0,0,0,0,0,0,0,0,0,0,0,0,0,1,0,1,0,0,0,0,0,0,0,0,0,0,0,1,0,0,0,0,0,0,0,0,1,0,0,0,0,0,0,0,0,0,0,0,1,0,0,0,0,0,1,0,0,0,0,0,0,0,0,0,0,0,0,0,0,1,0,0,0,0,1,0,0,0,0,1,0,0,0,1,0,1,0,0,0
0.24988912629837354,0.07032736841483159,"5120.                  After examining and inspecting the accident site, the following was noted: The vehicle causing the accident was traveling from the south towards the north on the arrow's path, while the damaged vehicle was coming from the north towards the south on the center lane, and while it was traveling and upon entering the intersection that is regulated by traffic lights, and because the vehicle causing the accident bypassed the red light signal, this led to the occurrence of this accident where the front of the damaged vehicle collided with the front right side of the vehicle causing the accident, and the accident resulted in the passenger being injured in the damaged vehicle and material damage to both vehicles. According to the chart, the accident occurred.",-0.19746179160121255,-0.4015453331379524,-0.3676863281700941,0,1,0,1,0,0,0,-0.7561253266104926,0,0,1,0,0,0,0,0,0,0,0,0,0,0,0,0,0,0,0,0,0,0,0,0,0,0,0,1,0,0,1,0,0,0,0,0,0,0,0,0,0,0,1,0,0,0,0,0,0,0,0,0,0,0,1,0,0,0,0,0,0,0,0,0,1,0,0,0,0,0,0,0,1,0,0,0,0,0,0,0,0,0,0,1,0,0,0,0,0,0,1,0,0,1,0,0,0,1,0,0,1,0,0,0
-0.12255942464560447,0.5504772267627285,"5121.                  After examining and inspecting the accident site, the following was noted: While the vehicle causing the accident was coming from the north and when turning east on the second lane from the left, and when the damaged vehicle was coming from the south towards the north on the second lane from the left, and because of bypassing the red traffic light by the Driver of the vehicle causing the accident, the right side of the vehicle collided with the front side of the damaged vehicle, and the accident resulted in bodily injury and damage to state property as well as material damage to vehicles, according to the chart, the accident occurred.",-0.19746179160121255,-0.4015453331379524,-0.3676863281700941,0,1,0,1,0,0,0,-0.7768869463452811,0,0,1,0,0,0,0,0,0,0,0,0,0,0,0,0,0,0,0,0,0,0,0,0,0,0,0,1,0,0,1,0,0,1,0,0,0,0,0,0,0,0,0,0,0,0,0,0,0,0,0,0,0,0,1,0,0,0,0,0,0,0,0,0,1,0,0,0,0,0,0,0,1,0,0,0,0,0,0,0,0,0,0,1,0,0,0,0,0,1,0,1,0,0,0,0,0,1,0,0,0,1,0,0
-0.12255942464560447,0.5504772267627285,"5122.                  After examining and inspecting the accident site, the following was noted: While the vehicle causing the accident was coming from the north and when turning east on the second lane from the left, and when the damaged vehicle was coming from the south towards the north on the second lane from the left, and because of bypassing the red traffic light by the Driver of the vehicle causing the accident, the right side of the vehicle collided with the front side of the damaged vehicle, and the accident resulted in bodily injury and damage to state property as well as material damage to vehicles, according to the chart, the accident occurred.",-0.19746179160121255,-0.4015453331379524,-0.3676863281700941,0,1,0,1,0,0,0,-0.7768869463452811,0,0,1,0,0,0,0,0,0,0,0,0,0,0,0,0,0,0,0,0,0,0,0,0,0,0,0,1,0,0,1,0,0,1,0,0,0,0,0,0,0,0,0,0,0,0,0,0,0,0,0,0,0,0,1,0,0,0,0,0,0,0,0,0,1,0,0,0,0,0,0,0,1,0,0,0,0,0,0,0,0,0,0,1,0,0,0,0,0,0,1,1,0,0,0,0,0,1,0,0,0,1,0,0
-0.2289732963438839,0.5504772267627285,"5123.                  After examining and inspecting the accident site, the following was noted: While the vehicle causing the accident was coming from the north and when turning east on the second lane from the left, and when the damaged vehicle was coming from the south towards the north on the second lane from the left, and because of bypassing the red traffic light by the Driver of the vehicle causing the accident, the right side of the vehicle collided with the front side of the damaged vehicle, and the accident resulted in bodily injury and damage to state property as well as material damage to vehicles, according to the chart, the accident occurred.",-0.19746179160121255,-0.4015453331379524,-0.3676863281700941,0,1,0,1,0,0,0,-0.7768869463452811,0,0,1,0,0,0,0,0,0,0,0,0,0,0,0,0,0,0,0,0,0,0,0,0,0,0,0,1,0,0,1,0,0,1,0,0,0,0,0,0,0,0,0,0,0,0,0,0,0,0,0,0,0,0,1,0,0,0,0,0,0,0,0,0,1,0,0,0,0,0,0,0,1,0,0,0,0,0,0,0,0,0,0,1,0,0,0,0,0,0,1,0,1,0,0,0,1,0,0,0,0,1,0,0
0.03706138290181467,0.5504772267627285,"5124.                  After examining and inspecting the accident site, the following was noted: While the vehicle causing the accident was coming from the north and when turning east on the second lane from the left, and when the damaged vehicle was coming from the south towards the north on the second lane from the left, and because of bypassing the red traffic light by the Driver of the vehicle causing the accident, the right side of the vehicle collided with the front side of the damaged vehicle, and the accident resulted in bodily injury and damage to state property as well as material damage to vehicles, according to the chart, the accident occurred.",-0.19746179160121255,-0.4015453331379524,-0.3676863281700941,0,1,0,1,0,0,0,-0.7768869463452811,0,0,1,0,0,0,0,0,0,0,0,0,0,0,0,0,0,0,0,0,0,0,0,0,0,0,0,1,0,0,1,0,0,1,0,0,0,0,0,0,0,0,0,0,0,0,0,0,0,0,0,0,0,0,1,0,0,0,0,0,0,0,0,0,1,0,0,0,0,0,0,0,1,0,0,0,0,0,0,0,0,0,0,1,0,0,0,0,0,0,1,0,1,0,0,0,1,0,0,0,1,0,0,0
-0.12255942464560447,0.5504772267627285,"5125.                  After examining and inspecting the accident site, the following was noted: While the vehicle causing the accident was coming from the north and when turning east on the second lane from the left, and when the damaged vehicle was coming from the south towards the north on the second lane from the left, and because of bypassing the red traffic light by the Driver of the vehicle causing the accident, the right side of the vehicle collided with the front side of the damaged vehicle, and the accident resulted in bodily injury and damage to state property as well as material damage to vehicles, according to the chart, the accident occurred.",-0.19746179160121255,-0.4015453331379524,-0.3676863281700941,0,1,0,1,0,0,0,-0.7768869463452811,0,0,1,0,0,0,0,0,0,0,0,0,0,0,0,0,0,0,0,0,0,0,0,0,0,0,0,1,0,0,1,0,0,1,0,0,0,0,0,0,0,0,0,0,0,0,0,0,0,0,0,0,0,0,1,0,0,0,0,0,0,0,0,0,1,0,0,0,0,0,0,0,1,0,0,0,0,0,0,0,0,0,0,1,0,0,0,0,0,0,1,0,0,1,0,0,0,1,0,0,0,0,1,0
-0.17576636049474417,-0.574445298509487,"5126.                  After examining and inspecting the accident site, the following was noted: While the vehicle causing the accident was coming from the north towards the south on the left lane, and the damaged vehicle was coming from the west towards the east on the left lane, and because the vehicle causing the accident didn’t adhere to the sign ""stop, the front side of the vehicle causing the accident hit the left side of the damaged vehicle, and according to the chart, the accident occurred",-0.19746179160121255,-0.4015453331379524,-1.3684844507234735,1,0,0,1,0,0,0,-0.7663036641715645,0,0,0,0,0,0,0,0,0,0,0,0,0,0,0,0,0,0,0,1,0,0,0,0,0,0,0,0,1,0,1,0,0,1,0,0,0,0,0,0,0,0,0,0,0,0,0,0,0,0,0,0,0,0,1,0,0,0,0,0,0,0,0,1,0,0,0,0,0,0,0,0,1,0,0,0,0,0,0,0,0,0,0,1,0,0,0,0,0,0,1,0,1,0,0,0,1,0,0,1,0,0,0,0
-1.6123536284215165,-0.944846617806436,"5127.                  After examining and inspecting the accident site, the following was noted: While the vehicle causing the accident was coming from the east to the west, and was taking the third lane from the left, the first damaged vehicle was coming from the same direction and taking the second lane from the left and the second damaged vehicle was coming from the same direction and traveling on the far left, and because of failure to adhere to the traffic line and not taking the necessary precautions when changing the lane by the driver causing the accident, the front left side of his vehicle collided with the right side of the first damaged vehicle, and then the first damaged vehicle turned to the left and collided with the right side of the second damaged vehicle, which led to collision with the pavement and turning around inside the median strip and while they were turning inside the median strip, the passenger (the deceased) was thrown from the damaged vehicle and fell into the grass strip, and due to the overturn, stones and pebbles were thrown onto the four damaged vehicles that were coming from the opposite direction. According to the chart, the accident occurred",2.2427620534705888,-0.4015453331379524,1.6339099169366647,1,0,0,1,0,0,0,-0.7539364368124126,0,0,0,0,0,0,0,0,0,0,1,0,0,0,0,0,0,0,0,0,0,0,0,0,0,0,0,1,0,0,1,0,0,1,0,0,0,0,0,0,0,0,0,0,0,0,0,0,0,0,0,0,0,1,0,0,0,0,0,0,0,0,0,0,1,0,0,0,0,1,0,0,0,0,0,0,0,0,0,0,0,0,0,0,0,0,0,1,0,1,0,0,0,1,0,0,0,1,0,1,0,0,0,0
-0.06935248879646476,-0.944846617806436,"5128.                  After examining and inspecting the accident site, the following was noted: While the vehicle causing the accident was coming from the east to the west, and was taking the third lane from the left, the first damaged vehicle was coming from the same direction and taking the second lane from the left and the second damaged vehicle was coming from the same direction and traveling on the far left, and because of failure to adhere to the traffic line and not taking the necessary precautions when changing the lane by the driver causing the accident, the front left side of his vehicle collided with the right side of the first damaged vehicle, and then the first damaged vehicle turned to the left and collided with the right side of the second damaged vehicle, which led to collision with the pavement and turning around inside the median strip and while they were turning inside the median strip, the passenger (the deceased) was thrown from the damaged vehicle and fell into the grass strip, and due to the overturn, stones and pebbles were thrown onto the four damaged vehicles that were coming from the opposite direction. According to the chart, the accident occurred",2.2427620534705888,-0.4015453331379524,1.6339099169366647,0,1,0,1,0,0,0,-0.7539364368124126,0,0,0,0,0,0,0,0,0,0,1,0,0,0,0,0,0,0,0,0,0,0,0,0,0,0,0,1,0,0,1,0,0,1,0,0,0,0,0,0,0,0,0,0,0,0,0,0,0,0,0,0,0,1,0,0,0,0,0,0,0,0,0,0,1,0,0,0,0,1,0,0,0,0,0,0,0,0,0,0,0,0,0,0,0,0,0,1,0,0,1,0,1,0,0,0,1,0,0,1,0,0,0,0
-0.7078357189861413,-0.944846617806436,"5129.                  After examining and inspecting the accident site, the following was noted: While the vehicle causing the accident was coming from the east to the west, and was taking the third lane from the left, the first damaged vehicle was coming from the same direction and taking the second lane from the left and the second damaged vehicle was coming from the same direction and traveling on the far left, and because of failure to adhere to the traffic line and not taking the necessary precautions when changing the lane by the driver causing the accident, the front left side of his vehicle collided with the right side of the first damaged vehicle, and then the first damaged vehicle turned to the left and collided with the right side of the second damaged vehicle, which led to collision with the pavement and turning around inside the median strip and while they were turning inside the median strip, the passenger (the deceased) was thrown from the damaged vehicle and fell into the grass strip, and due to the overturn, stones and pebbles were thrown onto the four damaged vehicles that were coming from the opposite direction. According to the chart, the accident occurred",2.2427620534705888,-0.4015453331379524,1.6339099169366647,0,1,0,1,0,0,0,-0.7539364368124126,0,0,0,0,0,0,0,0,0,0,1,0,0,0,0,0,0,0,0,0,0,0,0,0,0,0,0,1,0,0,1,0,0,1,0,0,0,0,0,0,0,0,0,0,0,0,0,0,0,0,0,0,0,1,0,0,0,0,0,0,0,0,0,0,1,0,0,0,0,1,0,0,0,0,0,0,0,0,0,0,0,0,0,0,0,0,0,1,0,0,1,0,1,0,0,0,1,0,0,0,0,0,0,1
0.24988912629837354,-0.972283752569173,"5130.                  After examining and inspecting the accident site, the following was noted: While the damaged vehicle was parked in the middle lane of the road due to a previous accident towards the west and the vehicle causing the accident was coming from east to west, and due to negligence and inobservance by the Driver of the vehicle causing the accident, the front side of the vehicle causing the accident hit the rear side of the damaged vehicle, causing the damaged vehicle to drift and collide with its front side with the sidewalk from the left side. The accident resulted in the injury of the driver of the vehicle causing the accident, and the escape of the driver of the damaged vehicle. Also, material damage to the two vehicles, and that’s how the accident occurred.",-0.19746179160121255,-0.4015453331379524,-0.3676863281700941,0,1,0,1,0,0,0,-0.760842384125355,0,0,0,0,0,0,0,0,0,0,0,0,0,0,1,0,0,0,0,0,0,0,0,0,0,0,0,0,1,0,1,0,0,0,0,0,0,0,0,0,0,0,1,0,0,0,0,0,0,0,0,0,1,0,0,0,0,0,0,0,0,0,0,1,0,0,0,0,0,0,1,0,0,0,0,0,0,0,0,0,0,0,0,0,0,1,0,0,0,0,1,0,1,0,0,0,1,0,0,0,1,0,0,0
-0.38859410389130306,0.31726158127946424,"5131.                  After examining and inspecting the accident site, the following was noted: While the vehicle causing the accident was coming from the south and heading towards the north and the run over person was coming from the west towards the east, and due to the traffic misuse by the driver causing the accident, he hit the ran over person by the front side of his vehicle, and according to the plan the accident occurred.",-0.19746179160121255,2.490378837640347,-2.3692825732768528,1,0,0,1,0,0,0,-0.7543085480780862,0,0,0,0,0,0,0,0,0,0,0,0,0,1,0,0,0,0,0,0,0,0,0,0,0,0,0,1,0,0,1,0,0,1,0,0,0,0,0,0,0,0,0,0,0,0,0,0,0,0,0,0,1,0,0,0,0,0,0,0,0,0,0,0,1,0,0,0,0,0,1,0,0,0,0,0,0,0,0,0,0,0,0,0,1,0,0,0,0,1,0,0,0,0,1,0,0,0,1,1,0,0,0,0
0.03706138290181467,0.6739443331950448,"5132.                  After examining and inspecting the accident site, the following was noted: The vehicle causing the accident was coming from west towards east, and the damaged vehicle was coming from the east towards the south, and due to bypassing the red traffic light by the vehicle causing the accident, the front of the vehicle causing the accident hit the right side of the damaged vehicle. The accident resulted in a minor injury to the Passenger in the damaged vehicle, and material damage to the vehicles, and necessary action was taken",1.0226501309346883,-0.4015453331379524,0.6331117943832852,0,1,0,1,0,0,0,-0.7784520025509083,0,0,1,0,0,0,0,0,0,0,0,0,0,0,0,0,0,0,0,0,0,0,0,0,0,0,0,1,0,0,1,0,0,0,0,0,0,0,0,0,0,0,1,0,0,0,0,0,0,0,0,0,0,0,1,0,0,0,0,0,0,0,0,0,1,0,0,0,0,0,0,0,1,0,0,0,0,0,0,0,0,0,0,1,0,0,0,0,0,0,1,0,0,1,0,0,0,1,0,0,1,0,0,0
0.5159238055440721,0.45444725509314904,"5133.                  After examining and inspecting the accident site, the following was noted: While the vehicle causing the accident was coming from the east and heading towards the west, and the run over person was crossing the street from the north towards the south, and due to traffic misuse by the vehicle causing the accident, the front of the vehicle hit the run over person, and according to the chart, the accident occurred.",-2.637685636673014,2.490378837640347,-2.3692825732768528,0,1,0,1,0,0,0,-0.7609956064112205,0,0,0,0,0,0,0,0,0,0,0,0,0,1,0,0,0,0,0,0,0,0,0,0,0,0,1,0,0,0,1,0,0,1,0,0,0,0,0,0,0,0,0,0,0,0,0,0,0,0,0,0,1,0,0,0,0,0,0,0,0,0,0,1,0,0,0,0,0,0,1,0,0,0,0,0,0,0,0,0,0,0,0,0,1,0,0,0,0,1,0,0,0,0,1,0,0,0,1,0,1,0,0,0
0.9415792923371898,0.19379447484714793,"5134.                  After examining and inspecting the accident site, the following was noted: The vehicle causing the accident was coming from the south towards the north bypassing the red traffic light, and the first damaged vehicle was coming from the west towards the east on the middle lane , and the front of the vehicle causing the accident collided with the right side of the first damaged vehicle, and due to the force of the collision, the first damaged vehicle drifted towards the east and exited the intersection, and settled on the middle lane of the road. At the same time, the second damaged vehicle was traveling behind the first damaged vehicle on the same lane and collided with the causing vehicle and both vehicles settled on the second lane from the right, and as the third damaged vehicle was coming, it collided with its front side with the vehicle causing the accident, and according to the chart, the accident occurred.",-0.19746179160121255,-0.4015453331379524,-0.3676863281700941,0,1,0,1,0,0,0,-0.22874516311009663,0,0,1,0,0,0,0,0,0,0,0,0,0,0,0,0,0,0,0,0,0,0,0,0,0,0,0,1,0,0,1,0,0,1,0,0,0,0,0,0,0,0,0,0,0,0,0,0,0,0,0,0,0,0,1,0,0,0,0,0,0,0,0,0,1,0,0,0,0,0,0,0,1,0,0,0,0,0,0,0,0,0,0,1,0,0,0,0,0,0,1,0,0,1,0,0,0,1,0,1,0,0,0,0
-0.28218023219302363,0.19379447484714793,"5135.                  After examining and inspecting the accident site, the following was noted: The vehicle causing the accident was coming from the south towards the north bypassing the red traffic light, and the first damaged vehicle was coming from the west towards the east on the middle lane , and the front of the vehicle causing the accident collided with the right side of the first damaged vehicle, and due to the force of the collision, the first damaged vehicle drifted towards the east and exited the intersection, and settled on the middle lane of the road. At the same time, the second damaged vehicle was traveling behind the first damaged vehicle on the same lane and collided with the causing vehicle and both vehicles settled on the second lane from the right, and as the third damaged vehicle was coming, it collided with its front side with the vehicle causing the accident, and according to the chart, the accident occurred.",-0.19746179160121255,-0.4015453331379524,-0.3676863281700941,0,1,0,1,0,0,0,-0.22874516311009663,0,0,1,0,0,0,0,0,0,0,0,0,0,0,0,0,0,0,0,0,0,0,0,0,0,0,0,1,0,0,1,0,0,1,0,0,0,0,0,0,0,0,0,0,0,0,0,0,0,0,0,0,0,0,1,0,0,0,0,0,0,0,0,0,1,0,0,0,0,0,0,0,1,0,0,0,0,0,0,0,0,0,0,1,0,0,0,0,0,0,1,0,1,0,0,0,1,0,0,1,0,0,0,0
0.7819584847897707,0.19379447484714793,"5136.                  After examining and inspecting the accident site, the following was noted: The vehicle causing the accident was coming from the south towards the north bypassing the red traffic light, and the first damaged vehicle was coming from the west towards the east on the middle lane , and the front of the vehicle causing the accident collided with the right side of the first damaged vehicle, and due to the force of the collision, the first damaged vehicle drifted towards the east and exited the intersection, and settled on the middle lane of the road. At the same time, the second damaged vehicle was traveling behind the first damaged vehicle on the same lane and collided with the causing vehicle and both vehicles settled on the second lane from the right, and as the third damaged vehicle was coming, it collided with its front side with the vehicle causing the accident, and according to the chart, the accident occurred.",-0.19746179160121255,-0.4015453331379524,-0.3676863281700941,0,1,0,1,0,0,0,-0.22874516311009663,0,0,1,0,0,0,0,0,0,0,0,0,0,0,0,0,0,0,0,0,0,0,0,0,0,0,0,1,0,0,1,0,0,1,0,0,0,0,0,0,0,0,0,0,0,0,0,0,0,0,0,0,0,0,1,0,0,0,0,0,0,0,0,0,1,0,0,0,0,0,0,0,1,0,0,0,0,0,0,0,0,0,0,1,0,0,0,0,0,0,1,0,0,1,0,0,0,1,0,0,0,1,0,0