Age of the injured,Str Code,Accident Description,Road speed limit,Pedestrian action,Number of Lanes,Gender_F,Gender_M,Week_Fifth week,Week_First week,Week_Fourth week,Week_Second week,Week_Third week,Date_time,Reasons__??? ????? ?????? ?????? ???? ????? ??? ???? ???????,Reasons__???? ?? ??????? (???),Reasons__Bypassing the red traffic light,Reasons__Driving back without attention,Reasons__Driving back without traffic clearance,Reasons__Driving in the opposite direction,Reasons__Entering main road without traffic clearance,Reasons__Exceeding speed limit,Reasons__Fatigue and drowsiness,Reasons__Faults in the road,Reasons__Ignoring road lane,Reasons__Ignoring traffic lights,Reasons__Lack of driving awareness,Reasons__Misuse of traffic,Reasons__Negligence and inobservance,Reasons__Negligent driving,Reasons__Not giving priority to pedestrian crossing,Reasons__Not giving way / not giving priority,Reasons__Not leaving enough space,Reasons__Not observing the stop sign,Reasons__Not securing vehicle stability while stopping,Reasons__Speedy without taking road conditions into account,Reasons__Sudden deviation,Reasons__Sudden stop,Reasons__Tyre burst,Reasons__under influence of intoxicant or narcotic drug,__Al Madina Police Station,__Khaldiya Police Station,__Shaabiya Police Station,Streetname_Intersection,Streetname_Street,place__Bridge / Tunnel,place__Coastal area,place__Commercial area,place__Fuel Station,place__Govt. authority,place__Hospital,place__Island,place__Mosque,place__One level intersection,place__Other,place__Park,place__Residential area,place__Sand area,place__School,place__Work area,place__external road,place__unknown,location__ ,location__Bridge,location__Bridge /  Tunnel,location__Car parking,location__Double road,location__Highway,location__Intersection,location__Off the road,location__Other(specify),location__Roundabout,location__Side parking,location__Single road,location__Tunnel,location__Two-way road,location__Unknown,lighting__day,lighting__night - enough lights,lighting__night - weak lights,intersection__Deviated intersection,intersection__Half Perpendicular Intersection,intersection__Multiple leg Intersection,intersection__Not on Intersection,intersection__Not on or around 20 meters,intersection__Other,intersection__Perpendicular Intersection,intersection__Roundabout,intersection__Turn ,accidentype__Collision while turning,accidentype__Fall,accidentype__Hitting a moving object off the road,accidentype__Hitting a moving object on the road,accidentype__Hitting a stationary object off the road,accidentype__Hitting a stationary object on the road,accidentype__Multiple collision,accidentype__Other (specify),accidentype__Perpendicular collision,accidentype__Person run over,accidentype__Rear collision,accidentype__Reciprocal collision,accidentype__Side collision,accidentype__deterioration,seat belt_N,seat belt_Y,seat_Back passenger seat,seat_Driver's seat,seat_Front passenger seat,seat_No passenger,seat_bike passenger,position_Driver,position_Passenger,position_Pedestrian,nationality_Arab States,nationality_Asian States,nationality_GCC,nationality_Other,nationality_UAE
0.19668219044923382,0.19379447484714793,"5137.                  After examining and inspecting the accident site, the following was noted: The vehicle causing the accident was coming from the south towards the north bypassing the red traffic light, and the first damaged vehicle was coming from the west towards the east on the middle lane , and the front of the vehicle causing the accident collided with the right side of the first damaged vehicle, and due to the force of the collision, the first damaged vehicle drifted towards the east and exited the intersection, and settled on the middle lane of the road. At the same time, the second damaged vehicle was traveling behind the first damaged vehicle on the same lane and collided with the causing vehicle and both vehicles settled on the second lane from the right, and as the third damaged vehicle was coming, it collided with its front side with the vehicle causing the accident, and according to the chart, the accident occurred.",-0.19746179160121255,-0.4015453331379524,-0.3676863281700941,0,1,0,1,0,0,0,-0.22874516311009663,0,0,1,0,0,0,0,0,0,0,0,0,0,0,0,0,0,0,0,0,0,0,0,0,0,0,0,1,0,0,1,0,0,1,0,0,0,0,0,0,0,0,0,0,0,0,0,0,0,0,0,0,0,0,1,0,0,0,0,0,0,0,0,0,1,0,0,0,0,0,0,0,1,0,0,0,0,0,0,0,0,0,0,1,0,0,0,0,0,0,1,0,1,0,0,0,1,0,0,0,1,0,0,0
-0.06935248879646476,1.277561297975258,"5138.                  After examining and inspecting the accident site, the following was noted: The vehicle causing the accident was coming from the west towards the east and wanted to head north and was taking the arrow line, and the damaged vehicle was coming from the east towards the west and taking the right lane, and due to bypassing the red traffic light by the driver causing the accident, the front side of the damaged vehicle hit the right side of the vehicle causing the accident, and the accident resulted in a minor injury to the driver of the vehicle causing the accident, and he received treatment and left the hospital. Material damage also occurred to the vehicles, and the site of the accident was examined and necessary measures were taken",-0.19746179160121255,-0.4015453331379524,0.6331117943832852,0,1,0,1,0,0,0,-0.21251454525733368,0,0,1,0,0,0,0,0,0,0,0,0,0,0,0,0,0,0,0,0,0,0,0,0,0,0,0,1,0,0,1,0,0,0,0,0,0,0,0,0,0,0,1,0,0,0,0,0,0,0,0,0,0,0,1,0,0,0,0,0,0,0,0,1,0,0,0,0,0,0,0,0,1,0,0,0,0,0,0,0,0,0,0,1,0,0,0,0,0,0,1,0,1,0,0,0,1,0,0,0,1,0,0,0
-0.016145552947325045,-0.972283752569173,"5139.                  After examining and inspecting the accident site, the following was noted: While the vehicle causing the accident was coming from the east to the west on the right lane on a two-way side road near the Kuwaiti embassy, the run over person was coming from the north and heading north on his feet, and because of overspeed and not taking into account the road conditions by the driver of the vehicle causing the accident, when the run over person entered the street, he was hit by the vehicle, and the driver tried to slow down the speed using the brakes and the distance was measured 8.2 meters, but it didn’t work, as the front of the vehicle hit the body of the run over person hardly, and as a result, the run over person hit the windshield and was thrown 8 meters from the collision point, and fell on the street while the causing vehicle continued to drive forward and its right front side collided with the front of the damaged vehicle, which was parking in front of the entrance to a house. The accident resulted in the death of the run over person immediately after the accident, as well as material damage to both vehicles. According to the chart, the accident occurred.",-1.4175737141371132,2.490378837640347,-1.3684844507234735,0,1,0,1,0,0,0,-0.10826866862377543,0,0,0,0,0,0,0,1,0,0,0,0,0,0,0,0,0,0,0,0,0,0,0,0,0,0,0,1,0,0,1,0,0,0,0,1,0,0,0,0,0,0,0,0,0,0,0,0,0,0,0,0,0,0,0,0,0,0,0,1,0,0,0,1,0,0,0,0,0,0,1,0,0,0,0,0,0,0,0,0,0,0,0,0,1,0,0,0,0,1,0,0,0,0,1,0,0,0,1,0,1,0,0,0
-1.505939756723237,-0.8213795113741197,"5140.                  After examining and inspecting the accident site, the following was noted: The vehicle causing the accident was coming from the south towards the north and wanted to enter the right into the side street in Khaldiya (parking lots) in Zayed Al Awal Street and the run over person was coming from the north towards the south and crossing in the direction of the taxi in the parking, and due to the misuse of traffic by the driver of the vehicle that caused the accident, the front left side of his vehicle collided with the run over person, and the accident resulted in a leg open fracture to the injured person, and a fracture of the right thigh bone, and he was admitted to Sheikh Khalifa Hospital in a moderate general condition. According to the chart, the accident occurred",-0.19746179160121255,2.490378837640347,0.6331117943832852,0,1,0,1,0,0,0,0.2317206392629949,0,0,0,0,0,0,0,0,0,0,0,0,0,1,0,0,0,0,0,0,0,0,0,0,0,0,0,1,0,0,1,0,0,1,0,0,0,0,0,0,0,0,0,0,0,0,0,0,0,0,0,0,1,0,0,0,0,0,0,0,0,0,0,0,1,0,0,0,0,0,1,0,0,0,0,0,0,0,0,0,0,0,0,0,1,0,0,0,0,1,0,0,0,0,1,0,0,0,1,1,0,0,0,0
0.8351654206389104,1.222687028449784,"5141.                  After examining and inspecting the accident site, the following was noted: While the vehicle causing the accident was coming from the south and heading north on the second lane from the left, and the damaged vehicle was coming from east to west on the second lane from the left, and because of bypassing the red traffic light by the Driver of the vehicle causing the accident, the right side collided with the front side of the damaged vehicle and the accident resulted in material damage to the vehicles and the accident was drawn",1.0226501309346883,-0.4015453331379524,0.6331117943832852,0,1,0,1,0,0,0,0.22291035782572305,0,0,1,0,0,0,0,0,0,0,0,0,0,0,0,0,0,0,0,0,0,0,0,0,0,0,0,0,1,1,0,0,0,1,0,0,0,0,0,0,0,0,0,0,0,0,0,0,0,0,0,0,0,0,1,0,0,0,0,0,0,0,0,1,0,0,0,0,0,0,0,0,1,0,0,0,0,0,0,0,0,0,0,1,0,0,0,0,0,0,1,0,1,0,0,0,1,0,0,0,1,0,0,0
-0.33538716804216334,1.222687028449784,"5142.                  After examining and inspecting the accident site, the following was noted: While the vehicle causing the accident was coming from the south and heading north on the second lane from the left, and the damaged vehicle was coming from east to west on the second lane from the left, and because of bypassing the red traffic light by the Driver of the vehicle causing the accident, the right side collided with the front side of the damaged vehicle and the accident resulted in material damage to the vehicles and the accident was drawn",1.0226501309346883,-0.4015453331379524,0.6331117943832852,0,1,0,1,0,0,0,0.22291035782572305,0,0,1,0,0,0,0,0,0,0,0,0,0,0,0,0,0,0,0,0,0,0,0,0,0,0,0,0,1,1,0,0,0,1,0,0,0,0,0,0,0,0,0,0,0,0,0,0,0,0,0,0,0,0,1,0,0,0,0,0,0,0,0,1,0,0,0,0,0,0,0,0,1,0,0,0,0,0,0,0,0,0,0,1,0,0,0,0,0,0,1,0,1,0,0,0,1,0,0,0,1,0,0,0
0.09026831875095438,1.222687028449784,"5143.                  After examining and inspecting the accident site, the following was noted: While the vehicle causing the accident was coming from the south and heading north on the second lane from the left, and the damaged vehicle was coming from east to west on the second lane from the left, and because of bypassing the red traffic light by the Driver of the vehicle causing the accident, the right side collided with the front side of the damaged vehicle and the accident resulted in material damage to the vehicles and the accident was drawn",1.0226501309346883,-0.4015453331379524,0.6331117943832852,1,0,0,1,0,0,0,0.22291035782572305,0,0,1,0,0,0,0,0,0,0,0,0,0,0,0,0,0,0,0,0,0,0,0,0,0,0,0,0,1,1,0,0,0,1,0,0,0,0,0,0,0,0,0,0,0,0,0,0,0,0,0,0,0,0,1,0,0,0,0,0,0,0,0,1,0,0,0,0,0,0,0,0,1,0,0,0,0,0,0,0,0,0,0,1,0,0,0,0,0,1,0,1,0,0,0,0,0,1,0,0,0,0,0,1
-1.5591466925723767,1.222687028449784,"5144.                  After examining and inspecting the accident site, the following was noted: While the vehicle causing the accident was coming from the south and heading north on the second lane from the left, and the damaged vehicle was coming from east to west on the second lane from the left, and because of bypassing the red traffic light by the Driver of the vehicle causing the accident, the right side collided with the front side of the damaged vehicle and the accident resulted in material damage to the vehicles and the accident was drawn",1.0226501309346883,-0.4015453331379524,0.6331117943832852,0,1,0,1,0,0,0,0.22291035782572305,0,0,1,0,0,0,0,0,0,0,0,0,0,0,0,0,0,0,0,0,0,0,0,0,0,0,0,0,1,1,0,0,0,1,0,0,0,0,0,0,0,0,0,0,0,0,0,0,0,0,0,0,0,0,1,0,0,0,0,0,0,0,0,1,0,0,0,0,0,0,0,0,1,0,0,0,0,0,0,0,0,0,0,1,0,0,0,0,0,1,0,1,0,0,0,0,0,1,0,0,0,0,0,1
-0.33538716804216334,1.4284655391703112,"5145.                  After examining and inspecting the accident site, the following was noted: While the vehicle causing the accident was coming from the south and heading north on the second lane from the left, and the damaged vehicle was coming from east to west on the second lane from the left, and because of bypassing the red traffic light by the Driver of the vehicle causing the accident, the right side collided with the front side of the damaged vehicle and the accident resulted in material damage to the vehicles and the accident was drawn",1.0226501309346883,-0.4015453331379524,0.6331117943832852,0,1,0,1,0,0,0,0.31954984241095347,0,0,1,0,0,0,0,0,0,0,0,0,0,0,0,0,0,0,0,0,0,0,0,0,0,0,0,1,0,0,1,0,0,0,1,0,0,0,0,0,0,0,0,0,0,0,0,0,0,0,0,0,0,0,1,0,0,0,0,0,0,0,0,0,1,0,0,0,0,0,0,0,1,0,0,0,0,0,0,0,0,0,0,1,0,0,0,0,0,0,1,1,0,0,0,0,0,1,0,0,0,0,1,0
0.03706138290181467,1.4284655391703112,"5146.                  After examining and inspecting the accident site, the following was noted: While the vehicle causing the accident was coming from the south and heading north on the second lane from the left, and the damaged vehicle was coming from east to west on the second lane from the left, and because of bypassing the red traffic light by the Driver of the vehicle causing the accident, the right side collided with the front side of the damaged vehicle and the accident resulted in material damage to the vehicles and the accident was drawn",1.0226501309346883,-0.4015453331379524,0.6331117943832852,0,1,0,1,0,0,0,0.31954984241095347,0,0,1,0,0,0,0,0,0,0,0,0,0,0,0,0,0,0,0,0,0,0,0,0,0,0,0,1,0,0,1,0,0,0,1,0,0,0,0,0,0,0,0,0,0,0,0,0,0,0,0,0,0,0,1,0,0,0,0,0,0,0,0,0,1,0,0,0,0,0,0,0,1,0,0,0,0,0,0,0,0,0,0,1,0,0,0,0,0,0,1,1,0,0,0,0,0,1,0,0,1,0,0,0
-0.28218023219302363,1.4284655391703112,"5147.                  After examining and inspecting the accident site, the following was noted: While the vehicle causing the accident was coming from the south and heading north on the second lane from the left, and the damaged vehicle was coming from east to west on the second lane from the left, and because of bypassing the red traffic light by the Driver of the vehicle causing the accident, the right side collided with the front side of the damaged vehicle and the accident resulted in material damage to the vehicles and the accident was drawn",1.0226501309346883,-0.4015453331379524,0.6331117943832852,0,1,0,1,0,0,0,0.31954984241095347,0,0,1,0,0,0,0,0,0,0,0,0,0,0,0,0,0,0,0,0,0,0,0,0,0,0,0,1,0,0,1,0,0,0,1,0,0,0,0,0,0,0,0,0,0,0,0,0,0,0,0,0,0,0,1,0,0,0,0,0,0,0,0,0,1,0,0,0,0,0,0,0,1,0,0,0,0,0,0,0,0,0,0,1,0,0,0,0,0,0,1,1,0,0,0,0,0,1,0,0,1,0,0,0
0.09026831875095438,1.4284655391703112,"5148.                  After examining and inspecting the accident site, the following was noted: While the vehicle causing the accident was coming from the south and heading north on the second lane from the left, and the damaged vehicle was coming from east to west on the second lane from the left, and because of bypassing the red traffic light by the Driver of the vehicle causing the accident, the right side collided with the front side of the damaged vehicle and the accident resulted in material damage to the vehicles and the accident was drawn",1.0226501309346883,-0.4015453331379524,0.6331117943832852,0,1,0,1,0,0,0,0.31954984241095347,0,0,1,0,0,0,0,0,0,0,0,0,0,0,0,0,0,0,0,0,0,0,0,0,0,0,0,1,0,0,1,0,0,0,1,0,0,0,0,0,0,0,0,0,0,0,0,0,0,0,0,0,0,0,1,0,0,0,0,0,0,0,0,0,1,0,0,0,0,0,0,0,1,0,0,0,0,0,0,0,0,0,0,1,0,0,0,0,0,0,1,0,0,1,0,0,0,1,0,0,1,0,0,0
-0.2289732963438839,1.4284655391703112,"5149.                  After examining and inspecting the accident site, the following was noted: While the vehicle causing the accident was coming from the south and heading north on the second lane from the left, and the damaged vehicle was coming from east to west on the second lane from the left, and because of bypassing the red traffic light by the Driver of the vehicle causing the accident, the right side collided with the front side of the damaged vehicle and the accident resulted in material damage to the vehicles and the accident was drawn",1.0226501309346883,-0.4015453331379524,0.6331117943832852,0,1,0,1,0,0,0,0.31954984241095347,0,0,1,0,0,0,0,0,0,0,0,0,0,0,0,0,0,0,0,0,0,0,0,0,0,0,0,1,0,0,1,0,0,0,1,0,0,0,0,0,0,0,0,0,0,0,0,0,0,0,0,0,0,0,1,0,0,0,0,0,0,0,0,0,1,0,0,0,0,0,0,0,1,0,0,0,0,0,0,0,0,0,0,1,0,0,0,0,0,1,0,1,0,0,0,0,0,1,0,0,1,0,0,0
-0.44180103974044277,0.07032736841483159,"5150.                  After examining and inspecting the accident site, the following was noted: While the vehicle causing the accident was coming from the south and heading north on the second lane from the left, and the damaged vehicle was coming from east to west on the second lane from the left, and because of bypassing the red traffic light by the Driver of the vehicle causing the accident, the right side collided with the front side of the damaged vehicle and the accident resulted in material damage to the vehicles and the accident was drawn",-0.19746179160121255,-0.4015453331379524,-0.3676863281700941,0,1,0,1,0,0,0,0.3324205144236636,0,0,1,0,0,0,0,0,0,0,0,0,0,0,0,0,0,0,0,0,0,0,0,0,0,0,0,1,0,0,1,0,0,1,0,0,0,0,0,0,0,0,0,0,0,0,0,0,0,0,0,0,0,0,1,0,0,0,0,0,0,0,0,1,0,0,0,0,0,0,0,0,1,0,0,0,0,0,0,0,0,0,0,1,0,0,0,0,0,0,1,0,1,0,0,0,1,0,0,0,1,0,0,0
-0.016145552947325045,0.07032736841483159,"5151.                  After examining and inspecting the accident site, the following was noted: While the vehicle causing the accident was coming from the south and heading north on the second lane from the left, and the damaged vehicle was coming from east to west on the second lane from the left, and because of bypassing the red traffic light by the Driver of the vehicle causing the accident, the right side collided with the front side of the damaged vehicle and the accident resulted in material damage to the vehicles and the accident was drawn",-0.19746179160121255,-0.4015453331379524,-0.3676863281700941,0,1,0,1,0,0,0,0.3324205144236636,0,0,1,0,0,0,0,0,0,0,0,0,0,0,0,0,0,0,0,0,0,0,0,0,0,0,0,1,0,0,1,0,0,1,0,0,0,0,0,0,0,0,0,0,0,0,0,0,0,0,0,0,0,0,1,0,0,0,0,0,0,0,0,1,0,0,0,0,0,0,0,0,1,0,0,0,0,0,0,0,0,0,0,1,0,0,0,0,0,0,1,0,0,1,0,0,0,1,0,0,1,0,0,0
-0.4950079755895825,0.18007590746577945,"5152.                  After examining and inspecting the accident site, the following was noted: While the vehicle causing the accident was coming from the east towards the west on the far left lane, and the damaged vehicle was coming from the west towards the east on the middle lane, and when the Driver of the vehicle causing the accident entered the intersection and turned towards the left, and because of bypassing the red traffic light, the front of the damaged vehicle collided with the right side of the vehicle that caused the accident, the accident resulted in the driver being injured and material damage in the two vehicles.",-0.19746179160121255,-0.4015453331379524,0.6331117943832852,1,0,0,1,0,0,0,0.6685135984698516,0,0,1,0,0,0,0,0,0,0,0,0,0,0,0,0,0,0,0,0,0,0,0,0,0,0,0,0,1,0,1,0,0,1,0,0,0,0,0,0,0,0,0,0,0,0,0,0,0,0,0,0,0,0,1,0,0,0,0,0,0,0,0,0,1,0,0,0,0,0,0,0,1,0,0,0,0,0,0,0,0,0,0,1,0,0,0,0,0,0,1,0,1,0,0,0,1,0,0,1,0,0,0,0
-0.06935248879646476,0.18007590746577945,"5153.                  After examining and inspecting the accident site, the following was noted: While the vehicle causing the accident was coming from the east towards the west on the far left lane, and the damaged vehicle was coming from the west towards the east on the middle lane, and when the Driver of the vehicle causing the accident entered the intersection and turned towards the left, and because of bypassing the red traffic light, the front of the damaged vehicle collided with the right side of the vehicle that caused the accident, the accident resulted in the driver being injured and material damage in the two vehicles.",-0.19746179160121255,-0.4015453331379524,0.6331117943832852,0,1,0,1,0,0,0,0.6685135984698516,0,0,1,0,0,0,0,0,0,0,0,0,0,0,0,0,0,0,0,0,0,0,0,0,0,0,0,0,1,0,1,0,0,1,0,0,0,0,0,0,0,0,0,0,0,0,0,0,0,0,0,0,0,0,1,0,0,0,0,0,0,0,0,0,1,0,0,0,0,0,0,0,1,0,0,0,0,0,0,0,0,0,0,1,0,0,0,0,0,0,1,0,1,0,0,0,1,0,0,0,1,0,0,0
1.3672347791303074,-0.8213795113741197,"5154.                  After examining and inspecting the accident site, the following was noted: The vehicles were coming from the north to the south direction in a continuous course, and while the vehicles were moving, the two damaged vehicles stopped, and due to not leaving enough distance between the vehicles by the Driver causing the accident, the front side of the vehicle causing the accident collided with the first damaged vehicle and the first damaged vehicle drifted forward and collided with the rear of the second damaged vehicle, and accordingly the accident was drawn as shown",-1.4175737141371132,-0.4015453331379524,-2.3692825732768528,0,1,0,1,0,0,0,0.764113360400994,0,0,0,0,0,0,0,0,0,0,0,0,0,0,0,0,0,0,1,0,0,0,0,0,0,0,0,1,0,0,1,0,0,1,0,0,0,0,0,0,0,0,0,0,0,0,0,0,0,0,0,0,0,0,0,0,0,0,0,1,0,0,0,1,0,0,0,0,0,1,0,0,0,0,0,0,0,0,0,0,0,0,0,0,0,1,0,0,0,0,1,0,1,0,0,0,1,0,0,1,0,0,0,0
-0.12255942464560447,0.6053514962882024,"5155.                  After examining and inspecting the accident site, the following was noted: The causing vehicle was coming from the east towards the west on the left line, and the damaged vehicle was coming from the south towards the north on the left line, and due to overspeed and not taking road conditions into account by the driver causing the accident, the vehicle deviated to the left and hit the pavement, which led to turning over the vehicle causing the accident and it drifted to the left and its left side collided with the right side of the damaged vehicle and the two vehicles settled, and accordingly the accident was drawn as shown in the drawing.",-0.19746179160121255,-0.4015453331379524,-1.3684844507234735,0,1,0,1,0,0,0,0.8698914598932083,0,0,0,0,0,0,0,0,0,0,0,0,0,0,0,0,0,0,0,0,0,1,0,0,0,0,0,0,1,0,1,0,0,0,0,0,0,0,0,0,0,0,1,0,0,0,0,0,0,0,0,0,0,0,1,0,0,0,0,0,0,0,0,1,0,0,0,1,0,0,0,0,0,0,0,0,0,0,0,0,0,0,0,0,0,0,0,0,1,0,1,0,1,0,0,0,1,0,0,0,1,0,0,0
-0.38859410389130306,1.3324355675007318,"5156.                  After examining and inspecting the accident site, the following was noted: The vehicle causing the accident was coming from the east towards the west, taking the left lane of the arrow line and wanted to go south, and the damaged vehicles were coming from the west towards the east, where the first damaged vehicle was taking the left lane and the second damaged vehicle was taking the middle lane and the third damaged vehicle was taking the third lane from the left. Because of the bypassing the red traffic light by the Driver causing the accident, the front side of all the damaged vehicles hit the right side of the vehicle causing the accident. As a result of the force of collision, the first damaged vehicle tried to avoid a collision and collided with the sidewalk separating the two roads, while the vehicle causing the accident drifted from the force of the collision and collided with the sidewalk separating the two roads and settled on the sidewalk. As a result of the accident, all the vehicle drivers sustained minor injuries, as well as material damage to the vehicles. The site of the accident was examined and according to the chart, the accident occurred",1.0226501309346883,-0.4015453331379524,1.6339099169366647,0,1,0,1,0,0,0,0.8786470190855281,0,0,1,0,0,0,0,0,0,0,0,0,0,0,0,0,0,0,0,0,0,0,0,0,0,0,0,0,1,0,1,0,0,1,0,0,0,0,0,0,0,0,0,0,0,0,0,0,0,0,0,0,0,0,1,0,0,0,0,0,0,0,0,1,0,0,0,0,0,0,0,0,1,0,0,0,0,0,0,0,0,0,0,1,0,0,0,0,0,0,1,0,1,0,0,0,1,0,0,0,1,0,0,0
0.40950993384579265,1.3324355675007318,"5157.                  After examining and inspecting the accident site, the following was noted: The vehicle causing the accident was coming from the east towards the west, taking the left lane of the arrow line and wanted to go south, and the damaged vehicles were coming from the west towards the east, where the first damaged vehicle was taking the left lane and the second damaged vehicle was taking the middle lane and the third damaged vehicle was taking the third lane from the left. Because of the bypassing the red traffic light by the Driver causing the accident, the front side of all the damaged vehicles hit the right side of the vehicle causing the accident. As a result of the force of collision, the first damaged vehicle tried to avoid a collision and collided with the sidewalk separating the two roads, while the vehicle causing the accident drifted from the force of the collision and collided with the sidewalk separating the two roads and settled on the sidewalk. As a result of the accident, all the vehicle drivers sustained minor injuries, as well as material damage to the vehicles. The site of the accident was examined and according to the chart, the accident occurred",1.0226501309346883,-0.4015453331379524,1.6339099169366647,0,1,0,1,0,0,0,0.8786470190855281,0,0,1,0,0,0,0,0,0,0,0,0,0,0,0,0,0,0,0,0,0,0,0,0,0,0,0,0,1,0,1,0,0,1,0,0,0,0,0,0,0,0,0,0,0,0,0,0,0,0,0,0,0,0,1,0,0,0,0,0,0,0,0,1,0,0,0,0,0,0,0,0,1,0,0,0,0,0,0,0,0,0,0,1,0,0,0,0,0,0,1,0,1,0,0,0,1,0,0,1,0,0,0,0
-0.12255942464560447,1.3324355675007318,"5158.                  After examining and inspecting the accident site, the following was noted: The vehicle causing the accident was coming from the east towards the west, taking the left lane of the arrow line and wanted to go south, and the damaged vehicles were coming from the west towards the east, where the first damaged vehicle was taking the left lane and the second damaged vehicle was taking the middle lane and the third damaged vehicle was taking the third lane from the left. Because of the bypassing the red traffic light by the Driver causing the accident, the front side of all the damaged vehicles hit the right side of the vehicle causing the accident. As a result of the force of collision, the first damaged vehicle tried to avoid a collision and collided with the sidewalk separating the two roads, while the vehicle causing the accident drifted from the force of the collision and collided with the sidewalk separating the two roads and settled on the sidewalk. As a result of the accident, all the vehicle drivers sustained minor injuries, as well as material damage to the vehicles. The site of the accident was examined and according to the chart, the accident occurred",1.0226501309346883,-0.4015453331379524,1.6339099169366647,0,1,0,1,0,0,0,0.8786470190855281,0,0,1,0,0,0,0,0,0,0,0,0,0,0,0,0,0,0,0,0,0,0,0,0,0,0,0,0,1,0,1,0,0,1,0,0,0,0,0,0,0,0,0,0,0,0,0,0,0,0,0,0,0,0,1,0,0,0,0,0,0,0,0,1,0,0,0,0,0,0,0,0,1,0,0,0,0,0,0,0,0,0,0,1,0,0,0,0,0,0,1,0,1,0,0,0,1,0,0,0,0,0,0,1
0.09026831875095438,1.3324355675007318,"5159.                  After examining and inspecting the accident site, the following was noted: The vehicle causing the accident was coming from the east towards the west, taking the left lane of the arrow line and wanted to go south, and the damaged vehicles were coming from the west towards the east, where the first damaged vehicle was taking the left lane and the second damaged vehicle was taking the middle lane and the third damaged vehicle was taking the third lane from the left. Because of the bypassing the red traffic light by the Driver causing the accident, the front side of all the damaged vehicles hit the right side of the vehicle causing the accident. As a result of the force of collision, the first damaged vehicle tried to avoid a collision and collided with the sidewalk separating the two roads, while the vehicle causing the accident drifted from the force of the collision and collided with the sidewalk separating the two roads and settled on the sidewalk. As a result of the accident, all the vehicle drivers sustained minor injuries, as well as material damage to the vehicles. The site of the accident was examined and according to the chart, the accident occurred",1.0226501309346883,-0.4015453331379524,1.6339099169366647,0,1,0,1,0,0,0,0.8786470190855281,0,0,1,0,0,0,0,0,0,0,0,0,0,0,0,0,0,0,0,0,0,0,0,0,0,0,0,0,1,0,1,0,0,1,0,0,0,0,0,0,0,0,0,0,0,0,0,0,0,0,0,0,0,0,1,0,0,0,0,0,0,0,0,1,0,0,0,0,0,0,0,0,1,0,0,0,0,0,0,0,0,0,0,1,0,0,0,0,0,0,1,0,1,0,0,0,1,0,0,0,1,0,0,0
-0.38859410389130306,-0.9860023199505414,"5160.                  After examining and inspecting the accident site, the following was noted: While the vehicle causing the accident was coming from the east and when it was turning south while traveling on the far left lane, and when the damaged vehicle was coming from the west towards the east on the second lane from the right, and because of the bypassing the red traffic light by the Driver of the vehicle causing the accident, the front right side of the vehicle causing the accident collided with the front side of the damaged vehicle and the accident resulted in injury to the drivers and passengers with the Driver of the vehicle causing the accident, as well as material damage to the vehicles, and the accident was planned",-0.19746179160121255,-0.4015453331379524,0.6331117943832852,1,0,0,1,0,0,0,0.884502299295392,0,0,1,0,0,0,0,0,0,0,0,0,0,0,0,0,0,0,0,0,0,0,0,0,0,0,0,0,1,0,1,0,0,0,0,0,0,0,1,0,0,0,0,0,0,0,0,0,0,0,0,0,0,0,1,0,0,0,0,0,0,0,0,0,1,0,0,0,0,0,0,0,1,0,0,0,0,0,0,0,0,0,0,1,0,0,0,0,0,0,1,0,1,0,0,0,1,0,0,0,0,0,0,1