Age of the injured,Str Code,Accident Description,Road speed limit,Pedestrian action,Number of Lanes,Gender_F,Gender_M,Week_Fifth week,Week_First week,Week_Fourth week,Week_Second week,Week_Third week,Date_time,Reasons__??? ????? ?????? ?????? ???? ????? ??? ???? ???????,Reasons__???? ?? ??????? (???),Reasons__Bypassing the red traffic light,Reasons__Driving back without attention,Reasons__Driving back without traffic clearance,Reasons__Driving in the opposite direction,Reasons__Entering main road without traffic clearance,Reasons__Exceeding speed limit,Reasons__Fatigue and drowsiness,Reasons__Faults in the road,Reasons__Ignoring road lane,Reasons__Ignoring traffic lights,Reasons__Lack of driving awareness,Reasons__Misuse of traffic,Reasons__Negligence and inobservance,Reasons__Negligent driving,Reasons__Not giving priority to pedestrian crossing,Reasons__Not giving way / not giving priority,Reasons__Not leaving enough space,Reasons__Not observing the stop sign,Reasons__Not securing vehicle stability while stopping,Reasons__Speedy without taking road conditions into account,Reasons__Sudden deviation,Reasons__Sudden stop,Reasons__Tyre burst,Reasons__under influence of intoxicant or narcotic drug,__Al Madina Police Station,__Khaldiya Police Station,__Shaabiya Police Station,Streetname_Intersection,Streetname_Street,place__Bridge / Tunnel,place__Coastal area,place__Commercial area,place__Fuel Station,place__Govt. authority,place__Hospital,place__Island,place__Mosque,place__One level intersection,place__Other,place__Park,place__Residential area,place__Sand area,place__School,place__Work area,place__external road,place__unknown,location__ ,location__Bridge,location__Bridge /  Tunnel,location__Car parking,location__Double road,location__Highway,location__Intersection,location__Off the road,location__Other(specify),location__Roundabout,location__Side parking,location__Single road,location__Tunnel,location__Two-way road,location__Unknown,lighting__day,lighting__night - enough lights,lighting__night - weak lights,intersection__Deviated intersection,intersection__Half Perpendicular Intersection,intersection__Multiple leg Intersection,intersection__Not on Intersection,intersection__Not on or around 20 meters,intersection__Other,intersection__Perpendicular Intersection,intersection__Roundabout,intersection__Turn ,accidentype__Collision while turning,accidentype__Fall,accidentype__Hitting a moving object off the road,accidentype__Hitting a moving object on the road,accidentype__Hitting a stationary object off the road,accidentype__Hitting a stationary object on the road,accidentype__Multiple collision,accidentype__Other (specify),accidentype__Perpendicular collision,accidentype__Person run over,accidentype__Rear collision,accidentype__Reciprocal collision,accidentype__Side collision,accidentype__deterioration,seat belt_N,seat belt_Y,seat_Back passenger seat,seat_Driver's seat,seat_Front passenger seat,seat_No passenger,seat_bike passenger,position_Driver,position_Passenger,position_Pedestrian,nationality_Arab States,nationality_Asian States,nationality_GCC,nationality_Other,nationality_UAE
-0.9206634623827001,-0.9860023199505414,"5161.                  After examining and inspecting the accident site, the following was noted: While the vehicle causing the accident was coming from the east and when it was turning south while traveling on the far left lane, and when the damaged vehicle was coming from the west towards the east on the second lane from the right, and because of the bypassing the red traffic light by the Driver of the vehicle causing the accident, the front right side of the vehicle causing the accident collided with the front side of the damaged vehicle and the accident resulted in injury to the drivers and passengers with the Driver of the vehicle causing the accident, as well as material damage to the vehicles, and the accident was planned",-0.19746179160121255,-0.4015453331379524,0.6331117943832852,0,1,0,1,0,0,0,0.884502299295392,0,0,1,0,0,0,0,0,0,0,0,0,0,0,0,0,0,0,0,0,0,0,0,0,0,0,0,0,1,0,1,0,0,0,0,0,0,0,1,0,0,0,0,0,0,0,0,0,0,0,0,0,0,0,1,0,0,0,0,0,0,0,0,0,1,0,0,0,0,0,0,0,1,0,0,0,0,0,0,0,0,0,0,1,0,0,0,0,0,1,0,1,0,0,0,0,0,1,0,0,0,0,0,1
-0.6546287831370016,-0.9860023199505414,"5162.                  After examining and inspecting the accident site, the following was noted: While the vehicle causing the accident was coming from the east and when it was turning south while traveling on the far left lane, and when the damaged vehicle was coming from the west towards the east on the second lane from the right, and because of the bypassing the red traffic light by the Driver of the vehicle causing the accident, the front right side of the vehicle causing the accident collided with the front side of the damaged vehicle and the accident resulted in injury to the drivers and passengers with the Driver of the vehicle causing the accident, as well as material damage to the vehicles, and the accident was planned",-0.19746179160121255,-0.4015453331379524,0.6331117943832852,1,0,0,1,0,0,0,0.884502299295392,0,0,1,0,0,0,0,0,0,0,0,0,0,0,0,0,0,0,0,0,0,0,0,0,0,0,0,0,1,0,1,0,0,0,0,0,0,0,1,0,0,0,0,0,0,0,0,0,0,0,0,0,0,0,1,0,0,0,0,0,0,0,0,0,1,0,0,0,0,0,0,0,1,0,0,0,0,0,0,0,0,0,0,1,0,0,0,0,0,1,0,1,0,0,0,0,0,1,0,0,0,0,0,1
-0.5482149114387221,-0.9860023199505414,"5163.                  After examining and inspecting the accident site, the following was noted: While the vehicle causing the accident was coming from the east and when it was turning south while traveling on the far left lane, and when the damaged vehicle was coming from the west towards the east on the second lane from the right, and because of the bypassing the red traffic light by the Driver of the vehicle causing the accident, the front right side of the vehicle causing the accident collided with the front side of the damaged vehicle and the accident resulted in injury to the drivers and passengers with the Driver of the vehicle causing the accident, as well as material damage to the vehicles, and the accident was planned",-0.19746179160121255,-0.4015453331379524,0.6331117943832852,0,1,0,1,0,0,0,0.884502299295392,0,0,1,0,0,0,0,0,0,0,0,0,0,0,0,0,0,0,0,0,0,0,0,0,0,0,0,0,1,0,1,0,0,0,0,0,0,0,1,0,0,0,0,0,0,0,0,0,0,0,0,0,0,0,1,0,0,0,0,0,0,0,0,0,1,0,0,0,0,0,0,0,1,0,0,0,0,0,0,0,0,0,0,1,0,0,0,0,0,0,1,0,1,0,0,0,1,0,0,0,0,0,0,1
-0.28218023219302363,-0.9860023199505414,"5164.                  After examining and inspecting the accident site, the following was noted: While the vehicle causing the accident was coming from the east and when it was turning south while traveling on the far left lane, and when the damaged vehicle was coming from the west towards the east on the second lane from the right, and because of the bypassing the red traffic light by the Driver of the vehicle causing the accident, the front right side of the vehicle causing the accident collided with the front side of the damaged vehicle and the accident resulted in injury to the drivers and passengers with the Driver of the vehicle causing the accident, as well as material damage to the vehicles, and the accident was planned",-0.19746179160121255,-0.4015453331379524,0.6331117943832852,1,0,0,1,0,0,0,0.884502299295392,0,0,1,0,0,0,0,0,0,0,0,0,0,0,0,0,0,0,0,0,0,0,0,0,0,0,0,0,1,0,1,0,0,0,0,0,0,0,1,0,0,0,0,0,0,0,0,0,0,0,0,0,0,0,1,0,0,0,0,0,0,0,0,0,1,0,0,0,0,0,0,0,1,0,0,0,0,0,0,0,0,0,0,1,0,0,0,0,0,1,0,0,0,1,0,0,0,1,0,0,0,0,0,1
0.35630299799665294,0.3035430138980958,"5165.                  After examining and inspecting the accident site, the following was noted: The vehicle causing the accident was coming from the east towards the west and taking the right lane, the damaged vehicle was coming from the south towards the north and taking the middle lane, and due to Bypassing the red traffic light by the vehicle causing the accident, the front side of the damaged vehicle hit the front left side of the vehicle causing the accident. The accident resulted in the driver being injured and material damage to both vehicles. The accident happened according to the chart",-0.19746179160121255,-0.4015453331379524,-0.3676863281700941,0,1,0,1,0,0,0,1.0955112758303005,0,0,1,0,0,0,0,0,0,0,0,0,0,0,0,0,0,0,0,0,0,0,0,0,0,0,0,1,0,0,1,0,0,0,0,1,0,0,0,0,0,0,0,0,0,0,0,0,0,0,0,0,0,0,1,0,0,0,0,0,0,0,0,1,0,0,0,0,0,0,0,0,1,0,0,0,0,0,0,0,0,0,0,1,0,0,0,0,0,0,1,0,1,0,0,0,1,0,0,1,0,0,0,0
0.1434752546000941,1.3324355675007318,"5166.                  After examining and inspecting the accident site, the following was noted: While the vehicle causing the accident was traveling from west towards east on the far left inside the intersection to the north, and the damaged vehicle was traveling from east towards west on the right lane, while the two vehicles were traveling and due to bypassing the red light by the Driver of the vehicle causing the accident, the front of the vehicle hit the left side of the damaged vehicle. The accident resulted in the driver's injury, causing minor injuries and material damage to both vehicles.",1.0226501309346883,-0.4015453331379524,0.6331117943832852,1,0,0,1,0,0,0,1.0986304437925645,0,0,1,0,0,0,0,0,0,0,0,0,0,0,0,0,0,0,0,0,0,0,0,0,0,0,0,0,1,0,1,0,0,0,0,0,0,0,0,0,0,0,1,0,0,0,0,0,0,0,0,0,0,0,1,0,0,0,0,0,0,0,0,1,0,0,0,0,0,0,0,0,1,0,0,0,0,0,0,0,0,0,0,1,0,0,0,0,0,0,1,0,1,0,0,0,1,0,0,1,0,0,0,0
-0.17576636049474417,0.8248485743900981,"5167.                  After examining and inspecting the accident site, the following was noted: The vehicle causing the accident was traveling from east to west on the left lane inside the intersection to the south while the damaged vehicle was traveling from west toward east on the second lane from the right, and because of bypassing the red traffic light by the Driver of the vehicle causing the accident, the front side of the damaged vehicle hit the right side of the vehicle causing the accident. The accident resulted in injury to the damaged driver, and material damage to both vehicles.",-0.19746179160121255,-0.4015453331379524,0.6331117943832852,0,1,0,1,0,0,0,1.1052518354317564,0,0,1,0,0,0,0,0,0,0,0,0,0,0,0,0,0,0,0,0,0,0,0,0,0,0,0,0,1,0,1,0,0,1,0,0,0,0,0,0,0,0,0,0,0,0,0,0,0,0,0,0,0,0,1,0,0,0,0,0,0,0,0,0,1,0,0,0,0,0,0,0,1,0,0,0,0,0,0,0,0,0,0,1,0,0,0,0,0,0,1,0,0,1,0,0,0,1,0,1,0,0,0,0
0.6755446130914913,0.8248485743900981,"5168.                  After examining and inspecting the accident site, the following was noted: The vehicle causing the accident was traveling from east to west on the left lane inside the intersection to the south while the damaged vehicle was traveling from west toward east on the second lane from the right, and because of bypassing the red traffic light by the Driver of the vehicle causing the accident, the front side of the damaged vehicle hit the right side of the vehicle causing the accident. The accident resulted in injury to the damaged driver, and material damage to both vehicles.",-0.19746179160121255,-0.4015453331379524,0.6331117943832852,0,1,0,1,0,0,0,1.1052518354317564,0,0,1,0,0,0,0,0,0,0,0,0,0,0,0,0,0,0,0,0,0,0,0,0,0,0,0,0,1,0,1,0,0,1,0,0,0,0,0,0,0,0,0,0,0,0,0,0,0,0,0,0,0,0,1,0,0,0,0,0,0,0,0,0,1,0,0,0,0,0,0,0,1,0,0,0,0,0,0,0,0,0,0,1,0,0,0,0,0,0,1,0,1,0,0,0,1,0,0,1,0,0,0,0
1.2076139715828884,1.222687028449784,"5169.                  After examining and inspecting the accident site, the following was noted: While the vehicle causing the accident was coming from the west towards the east on the far right lane moving forward, and the run over person was crossing the road in a place not designated for Pedestrian crossing from the north towards the south, and because of overspeed without taking into account the road conditions by the driver, the front right corner of the vehicle collided with the body of the run over person, causing the run over person to fall on the road. The accident resulted in the injury of the run over person, as well as material damage to the vehicle.",-0.19746179160121255,2.490378837640347,0.6331117943832852,0,1,0,1,0,0,0,1.2126168800275785,0,0,0,0,0,0,0,0,0,0,0,0,0,0,0,0,0,0,0,0,0,1,0,0,0,0,0,0,1,1,0,0,0,1,0,0,0,0,0,0,0,0,0,0,0,0,0,0,0,0,0,0,0,1,0,0,0,0,0,0,0,0,0,0,1,0,0,0,0,0,1,0,0,0,0,0,0,0,0,0,0,0,0,0,1,0,0,0,0,1,0,0,0,0,1,0,0,0,1,1,0,0,0,0
-0.2289732963438839,1.4147469717889427,"5170.                  After examining and inspecting the accident site, the following was noted: While the vehicle causing the accident was coming from the west towards the east and in a turning position towards the west, and was taking the direction of the arrow, and because the damaged vehicle was coming from the east towards the west, taking the fourth lane from the right and while the two vehicles were traveling and when they entered the traffic lights intersection and because the driver of the vehicle causing the accident was under the influence of alcoholic drinks and bypassed the red light signal. This led to the occurrence of this accident where the front side of the causing vehicle collided with the front right side of the damaged vehicle. The accident resulted in the injury of the damaged driver, as well as material damage to the two vehicles. According to the plan, the accident occurred.",1.0226501309346883,-0.4015453331379524,-0.3676863281700941,0,1,0,1,0,0,0,1.3013873057887115,0,0,0,0,0,0,0,0,0,0,0,0,0,0,0,0,0,0,0,0,0,0,0,0,0,1,0,0,1,1,0,0,0,0,0,1,0,0,0,0,0,0,0,0,0,0,0,0,0,0,0,0,0,0,1,0,0,0,0,0,0,0,0,0,1,0,0,0,0,0,0,0,1,0,0,0,0,0,0,0,0,0,0,1,0,0,0,0,0,0,1,0,1,0,0,0,1,0,0,0,0,0,0,1
0.19668219044923382,-0.9997208873319099,"5171.                  After examining and inspecting the accident site, the following was noted: While the vehicle causing the accident was driving on Al Salam Street in Qasr Al Bahar from the west towards the east and was taking the left lane of the street, and because the driver of the vehicle causing the accident was under the influence of alcoholic drinks, the vehicle deviated to the left side of the road and the front side of the vehicle hit the plastic barriers, then it hit the concrete barrier and the vehicle settled. The accident resulted in injury to the driver who caused the accident, damage to state property and material damage to the vehicle, according to the plan, the accident occurred",1.0226501309346883,-0.4015453331379524,-1.3684844507234735,0,1,0,1,0,0,0,1.305425807466169,0,0,0,0,0,0,0,0,0,0,0,0,0,0,0,0,0,0,0,0,0,0,0,0,0,1,0,0,1,0,1,1,0,0,0,0,0,0,0,0,0,0,0,0,0,0,0,0,0,0,0,0,1,0,0,0,0,0,0,0,0,0,0,0,1,0,0,0,0,1,0,0,0,0,0,0,0,0,1,0,0,0,0,0,0,0,0,0,0,0,1,0,1,0,0,0,1,0,0,0,0,0,0,1
-0.016145552947325045,-0.944846617806436,"5172.                  After examining and inspecting the accident site, the following was noted: While the vehicle causing the accident was coming from the south towards the north and driving on the far left lane, and while it was traveling, it was surprised by a hole on the road that led to the bike causing the accident to slip and overturn. According to the chart, the accident occurred",-0.19746179160121255,-0.4015453331379524,-1.3684844507234735,0,1,0,1,0,0,0,1.3239219262599446,0,0,0,0,0,0,0,0,0,1,0,0,0,0,0,0,0,0,0,0,0,0,0,0,0,0,0,1,0,0,1,0,0,1,0,0,0,0,0,0,0,0,0,0,0,0,0,0,0,0,0,0,1,0,0,0,0,0,0,0,0,0,0,0,1,0,0,0,0,1,0,0,0,0,0,0,0,0,0,0,0,0,0,0,0,0,0,0,1,1,0,0,1,0,0,0,1,0,0,0,0,0,0,1
0.9415792923371898,-0.574445298509487,"5173.                  After examining and inspecting the accident site, the following was noted: While the vehicle causing the accident was coming from the south towards the north on the right lane, and because of the damaged vehicle was coming from the east towards the west on the right lane, and because the (stop) sign was not observed by the driver of the vehicle causing the accident, the front side of the damaged vehicle hit the right side of the causing vehicle, and according to the chart, the accident occurred",-0.19746179160121255,-0.4015453331379524,-1.3684844507234735,0,1,0,1,0,0,0,1.5318664570775413,0,0,0,0,0,0,0,0,0,0,0,0,0,0,0,0,0,0,0,1,0,0,0,0,0,0,1,0,0,0,1,0,0,1,0,0,0,0,0,0,0,0,0,0,0,0,0,0,0,0,0,0,0,0,1,0,0,0,0,0,0,0,0,1,0,0,0,0,0,0,0,0,1,0,0,0,0,0,0,0,0,0,0,1,0,0,0,0,0,0,1,0,1,0,0,0,1,0,0,1,0,0,0,0
0.03706138290181467,0.9345971134410459,"5174.                  After examining and inspecting the accident site, the following was noted: While the vehicle causing the accident was traveling from west towards east inside the intersection to the north, and the damaged vehicle was traveling from east to west, and it was taking the second lane from the right, and during the course of the two vehicles, and due to bypassing the red traffic light by the Driver of the vehicle causing the accident, the right front side of the damaged vehicle collided with the rear right side of the vehicle causing the accident, then the vehicle causing the accident drifted and collided with the strip separating the two roads according to the picture in the chart. The accident resulted in the injury of the damaged driver, the child who was with him, and the second passenger in the vehicle that caused the accident. They were treated and left the hospital, and both vehicles suffered material damage.",-0.19746179160121255,-0.4015453331379524,1.6339099169366647,0,1,0,1,0,0,0,1.65282450731944,0,0,1,0,0,0,0,0,0,0,0,0,0,0,0,0,0,0,0,0,0,0,0,0,0,0,0,0,1,0,1,0,0,0,0,1,0,0,0,0,0,0,0,0,0,0,0,0,0,0,0,0,0,0,1,0,0,0,0,0,0,0,0,0,1,0,0,0,0,0,0,0,1,0,0,0,0,0,0,0,0,0,0,1,0,0,0,0,0,0,1,0,1,0,0,0,1,0,0,1,0,0,0,0
-1.6655605642706561,0.9345971134410459,"5175.                  After examining and inspecting the accident site, the following was noted: While the vehicle causing the accident was traveling from west towards east inside the intersection to the north, and the damaged vehicle was traveling from east to west, and it was taking the second lane from the right, and during the course of the two vehicles, and due to bypassing the red traffic light by the Driver of the vehicle causing the accident, the right front side of the damaged vehicle collided with the rear right side of the vehicle causing the accident, then the vehicle causing the accident drifted and collided with the strip separating the two roads according to the picture in the chart. The accident resulted in the injury of the damaged driver, the child who was with him, and the second passenger in the vehicle that caused the accident. They were treated and left the hospital, and both vehicles suffered material damage.",-0.19746179160121255,-0.4015453331379524,1.6339099169366647,1,0,0,1,0,0,0,1.65282450731944,0,0,1,0,0,0,0,0,0,0,0,0,0,0,0,0,0,0,0,0,0,0,0,0,0,0,0,0,1,0,1,0,0,0,0,1,0,0,0,0,0,0,0,0,0,0,0,0,0,0,0,0,0,0,1,0,0,0,0,0,0,0,0,0,1,0,0,0,0,0,0,0,1,0,0,0,0,0,0,0,0,0,0,1,0,0,0,0,0,1,0,0,0,1,0,0,0,1,0,1,0,0,0,0
-0.8142495906844207,0.9345971134410459,"5176.                  After examining and inspecting the accident site, the following was noted: While the vehicle causing the accident was traveling from west towards east inside the intersection to the north, and the damaged vehicle was traveling from east to west, and it was taking the second lane from the right, and during the course of the two vehicles, and due to bypassing the red traffic light by the Driver of the vehicle causing the accident, the right front side of the damaged vehicle collided with the rear right side of the vehicle causing the accident, then the vehicle causing the accident drifted and collided with the strip separating the two roads according to the picture in the chart. The accident resulted in the injury of the damaged driver, the child who was with him, and the second passenger in the vehicle that caused the accident. They were treated and left the hospital, and both vehicles suffered material damage.",-0.19746179160121255,-0.4015453331379524,1.6339099169366647,0,1,0,1,0,0,0,1.65282450731944,0,0,1,0,0,0,0,0,0,0,0,0,0,0,0,0,0,0,0,0,0,0,0,0,0,0,0,0,1,0,1,0,0,0,0,1,0,0,0,0,0,0,0,0,0,0,0,0,0,0,0,0,0,0,1,0,0,0,0,0,0,0,0,0,1,0,0,0,0,0,0,0,1,0,0,0,0,0,0,0,0,0,0,1,0,0,0,0,0,1,0,1,0,0,0,0,0,1,0,0,0,1,0,0
0.5159238055440721,0.5504772267627285,"5177.                  After examining and inspecting the accident site, the following was noted: The vehicle causing the accident was coming from the east towards the west, taking the second lane from the right, and turning south after the intersection, and due to overspeed without taking into account the road conditions by the Driver, this led to losing control of the vehicle and the front right part of the vehicle collided with the pavement, which led to its turnover on the right side. And according to the chart, the accident occurred",-0.19746179160121255,-0.4015453331379524,-0.3676863281700941,0,1,0,1,0,0,0,1.7446265454509138,0,0,0,0,0,0,0,0,0,0,0,0,0,0,0,0,0,0,0,0,0,1,0,0,0,0,0,1,0,0,1,0,1,0,0,0,0,0,0,0,0,0,0,0,0,0,0,0,0,0,0,0,1,0,0,0,0,0,0,0,0,0,0,1,0,0,0,0,0,0,1,0,0,0,0,0,0,0,0,0,0,0,0,0,0,0,0,0,1,1,0,1,0,0,0,0,0,1,0,0,1,0,0,0
0.5691307413932118,0.5504772267627285,"5178.                  After examining and inspecting the accident site, the following was noted: The vehicle causing the accident was coming from the east towards the west, taking the second lane from the right, and turning south after the intersection, and due to overspeed without taking into account the road conditions by the Driver, this led to losing control of the vehicle and the front right part of the vehicle collided with the pavement, which led to its turnover on the right side. And according to the chart, the accident occurred",-0.19746179160121255,-0.4015453331379524,-0.3676863281700941,0,1,0,1,0,0,0,1.7446265454509138,0,0,0,0,0,0,0,0,0,0,0,0,0,0,0,0,0,0,0,0,0,1,0,0,0,0,0,1,0,0,1,0,1,0,0,0,0,0,0,0,0,0,0,0,0,0,0,0,0,0,0,0,1,0,0,0,0,0,0,0,0,0,0,1,0,0,0,0,0,0,1,0,0,0,0,0,0,0,0,0,0,0,0,0,0,0,0,0,1,0,1,1,0,0,0,0,0,1,0,0,0,0,1,0
0.40950993384579265,0.5504772267627285,"5179.                  After examining and inspecting the accident site, the following was noted: The vehicle causing the accident was coming from the east towards the west, taking the second lane from the right, and turning south after the intersection, and due to overspeed without taking into account the road conditions by the Driver, this led to losing control of the vehicle and the front right part of the vehicle collided with the pavement, which led to its turnover on the right side. And according to the chart, the accident occurred",-0.19746179160121255,-0.4015453331379524,-0.3676863281700941,0,1,0,1,0,0,0,1.7446265454509138,0,0,0,0,0,0,0,0,0,0,0,0,0,0,0,0,0,0,0,0,0,1,0,0,0,0,0,1,0,0,1,0,1,0,0,0,0,0,0,0,0,0,0,0,0,0,0,0,0,0,0,0,1,0,0,0,0,0,0,0,0,0,0,1,0,0,0,0,0,0,1,0,0,0,0,0,0,0,0,0,0,0,0,0,0,0,0,0,1,1,0,1,0,0,0,0,0,1,0,0,1,0,0,0
-0.016145552947325045,0.5504772267627285,"5180.                  After examining and inspecting the accident site, the following was noted: The vehicle causing the accident was coming from the east towards the west, taking the second lane from the right, and turning south after the intersection, and due to overspeed without taking into account the road conditions by the Driver, this led to losing control of the vehicle and the front right part of the vehicle collided with the pavement, which led to its turnover on the right side. And according to the chart, the accident occurred",-0.19746179160121255,-0.4015453331379524,-0.3676863281700941,0,1,0,1,0,0,0,1.7446265454509138,0,0,0,0,0,0,0,0,0,0,0,0,0,0,0,0,0,0,0,0,0,1,0,0,0,0,0,1,0,0,1,0,1,0,0,0,0,0,0,0,0,0,0,0,0,0,0,0,0,0,0,0,1,0,0,0,0,0,0,0,0,0,0,1,0,0,0,0,0,0,1,0,0,0,0,0,0,0,0,0,0,0,0,0,0,0,0,0,1,1,0,1,0,0,0,0,0,1,0,0,1,0,0,0
-0.28218023219302363,0.5504772267627285,"5181.                  After examining and inspecting the accident site, the following was noted: The vehicle causing the accident was coming from the east towards the west, taking the second lane from the right, and turning south after the intersection, and due to overspeed without taking into account the road conditions by the Driver, this led to losing control of the vehicle and the front right part of the vehicle collided with the pavement, which led to its turnover on the right side. And according to the chart, the accident occurred",-0.19746179160121255,-0.4015453331379524,-0.3676863281700941,0,1,0,1,0,0,0,1.7446265454509138,0,0,0,0,0,0,0,0,0,0,0,0,0,0,0,0,0,0,0,0,0,1,0,0,0,0,0,1,0,0,1,0,1,0,0,0,0,0,0,0,0,0,0,0,0,0,0,0,0,0,0,0,1,0,0,0,0,0,0,0,0,0,0,1,0,0,0,0,0,0,1,0,0,0,0,0,0,0,0,0,0,0,0,0,0,0,0,0,1,0,1,1,0,0,0,0,0,1,0,0,1,0,0,0
0.1434752546000941,0.5504772267627285,"5182.                  After examining and inspecting the accident site, the following was noted: The vehicle causing the accident was coming from the east towards the west, taking the second lane from the right, and turning south after the intersection, and due to overspeed without taking into account the road conditions by the Driver, this led to losing control of the vehicle and the front right part of the vehicle collided with the pavement, which led to its turnover on the right side. And according to the chart, the accident occurred",-0.19746179160121255,-0.4015453331379524,-0.3676863281700941,0,1,0,1,0,0,0,1.7446265454509138,0,0,0,0,0,0,0,0,0,0,0,0,0,0,0,0,0,0,0,0,0,1,0,0,0,0,0,1,0,0,1,0,1,0,0,0,0,0,0,0,0,0,0,0,0,0,0,0,0,0,0,0,1,0,0,0,0,0,0,0,0,0,0,1,0,0,0,0,0,0,1,0,0,0,0,0,0,0,0,0,0,0,0,0,0,0,0,0,1,1,0,1,0,0,0,0,0,1,0,0,1,0,0,0
-0.17576636049474417,0.5504772267627285,"5183.                  After examining and inspecting the accident site, the following was noted: The vehicle causing the accident was coming from the east towards the west, taking the second lane from the right, and turning south after the intersection, and due to overspeed without taking into account the road conditions by the Driver, this led to losing control of the vehicle and the front right part of the vehicle collided with the pavement, which led to its turnover on the right side. And according to the chart, the accident occurred",-0.19746179160121255,-0.4015453331379524,-0.3676863281700941,0,1,0,1,0,0,0,1.7446265454509138,0,0,0,0,0,0,0,0,0,0,0,0,0,0,0,0,0,0,0,0,0,1,0,0,0,0,0,1,0,0,1,0,1,0,0,0,0,0,0,0,0,0,0,0,0,0,0,0,0,0,0,0,1,0,0,0,0,0,0,0,0,0,0,1,0,0,0,0,0,0,1,0,0,0,0,0,0,0,0,0,0,0,0,0,0,0,0,0,1,1,0,1,0,0,0,0,0,1,0,0,1,0,0,0
-0.17576636049474417,0.5504772267627285,"5184.                  After examining and inspecting the accident site, the following was noted: The vehicle causing the accident was coming from the east towards the west, taking the second lane from the right, and turning south after the intersection, and due to overspeed without taking into account the road conditions by the Driver, this led to losing control of the vehicle and the front right part of the vehicle collided with the pavement, which led to its turnover on the right side. And according to the chart, the accident occurred",-0.19746179160121255,-0.4015453331379524,-0.3676863281700941,0,1,0,1,0,0,0,1.7446265454509138,0,0,0,0,0,0,0,0,0,0,0,0,0,0,0,0,0,0,0,0,0,1,0,0,0,0,0,1,0,0,1,0,1,0,0,0,0,0,0,0,0,0,0,0,0,0,0,0,0,0,0,0,1,0,0,0,0,0,0,0,0,0,0,1,0,0,0,0,0,0,1,0,0,0,0,0,0,0,0,0,0,0,0,0,0,0,0,0,1,0,1,1,0,0,0,0,0,1,0,0,1,0,0,0
-0.33538716804216334,1.4284655391703112,"5185.                  After examining and inspecting the accident site, the following was noted: While the vehicle causing the accident was coming from outside to the inside and due to overspeed, lack of consideration for road conditions and negligence, the Driver claims a brake failure, and because of the vehicle deviating from the far-right lane and entering the side exit of the intersection it collided with the pavement and turned over. According to chart, the accident occurred.",-0.19746179160121255,-0.4015453331379524,-0.3676863281700941,0,1,0,1,0,0,0,1.7480740468828897,0,0,0,0,0,0,0,0,0,0,0,0,0,0,0,0,0,0,0,0,0,1,0,0,0,0,0,0,1,0,1,0,0,1,0,0,0,0,0,0,0,0,0,0,0,0,0,0,0,0,0,0,0,0,1,0,0,0,0,0,0,0,0,1,0,0,0,0,0,0,0,0,1,0,0,0,0,0,0,0,0,0,0,0,0,0,0,0,1,1,0,0,1,0,0,0,1,0,0,0,1,0,0,0
-0.761042654835281,-0.9997208873319099,"5186.                  After examining and inspecting the accident site, the following was noted: While the vehicle causing the accident was coming from the east to the west and because it crossed the red light and intercepted the road, and where the vehicle causing the accident was at the intersection and was coming from the west towards the north, the front side of the damaged vehicle hit the left side the vehicle causing the accident.",-0.19746179160121255,-0.4015453331379524,-0.3676863281700941,0,1,0,1,0,0,0,-0.6491652266273152,0,0,1,0,0,0,0,0,0,0,0,0,0,0,0,0,0,0,0,0,0,0,0,0,0,0,0,0,1,0,1,0,0,1,0,0,0,0,0,0,0,0,0,0,0,0,0,0,0,0,0,0,0,0,1,0,0,0,0,0,0,0,0,0,1,0,0,0,0,0,0,0,1,0,0,0,0,0,0,0,0,0,0,1,0,0,0,0,0,0,1,0,0,1,0,0,0,1,0,1,0,0,0,0