Age of the injured,Str Code,Accident Description,Road speed limit,Pedestrian action,Number of Lanes,Gender_F,Gender_M,Week_Fifth week,Week_First week,Week_Fourth week,Week_Second week,Week_Third week,Date_time,Reasons__??? ????? ?????? ?????? ???? ????? ??? ???? ???????,Reasons__???? ?? ??????? (???),Reasons__Bypassing the red traffic light,Reasons__Driving back without attention,Reasons__Driving back without traffic clearance,Reasons__Driving in the opposite direction,Reasons__Entering main road without traffic clearance,Reasons__Exceeding speed limit,Reasons__Fatigue and drowsiness,Reasons__Faults in the road,Reasons__Ignoring road lane,Reasons__Ignoring traffic lights,Reasons__Lack of driving awareness,Reasons__Misuse of traffic,Reasons__Negligence and inobservance,Reasons__Negligent driving,Reasons__Not giving priority to pedestrian crossing,Reasons__Not giving way / not giving priority,Reasons__Not leaving enough space,Reasons__Not observing the stop sign,Reasons__Not securing vehicle stability while stopping,Reasons__Speedy without taking road conditions into account,Reasons__Sudden deviation,Reasons__Sudden stop,Reasons__Tyre burst,Reasons__under influence of intoxicant or narcotic drug,__Al Madina Police Station,__Khaldiya Police Station,__Shaabiya Police Station,Streetname_Intersection,Streetname_Street,place__Bridge / Tunnel,place__Coastal area,place__Commercial area,place__Fuel Station,place__Govt. authority,place__Hospital,place__Island,place__Mosque,place__One level intersection,place__Other,place__Park,place__Residential area,place__Sand area,place__School,place__Work area,place__external road,place__unknown,location__ ,location__Bridge,location__Bridge /  Tunnel,location__Car parking,location__Double road,location__Highway,location__Intersection,location__Off the road,location__Other(specify),location__Roundabout,location__Side parking,location__Single road,location__Tunnel,location__Two-way road,location__Unknown,lighting__day,lighting__night - enough lights,lighting__night - weak lights,intersection__Deviated intersection,intersection__Half Perpendicular Intersection,intersection__Multiple leg Intersection,intersection__Not on Intersection,intersection__Not on or around 20 meters,intersection__Other,intersection__Perpendicular Intersection,intersection__Roundabout,intersection__Turn ,accidentype__Collision while turning,accidentype__Fall,accidentype__Hitting a moving object off the road,accidentype__Hitting a moving object on the road,accidentype__Hitting a stationary object off the road,accidentype__Hitting a stationary object on the road,accidentype__Multiple collision,accidentype__Other (specify),accidentype__Perpendicular collision,accidentype__Person run over,accidentype__Rear collision,accidentype__Reciprocal collision,accidentype__Side collision,accidentype__deterioration,seat belt_N,seat belt_Y,seat_Back passenger seat,seat_Driver's seat,seat_Front passenger seat,seat_No passenger,seat_bike passenger,position_Driver,position_Passenger,position_Pedestrian,nationality_Arab States,nationality_Asian States,nationality_GCC,nationality_Other,nationality_UAE
-0.9738703982318399,-0.9997208873319099,"5187.                  After examining and inspecting the accident site, the following was noted: While the vehicle causing the accident and the damaged vehicle were coming from the west towards the east, the vehicle causing the accident was taking the left lane, and the damaged vehicle was taking the second lane from the left, and due to sudden deviation and non-compliance to the traffic line, the vehicle causing the accident drifted from its lane on the lane of the damaged vehicle, then the front left side of the damaged vehicle collided with the right rear side of the causing vehicle and as a result of this collision, the vehicle causing the accident drifted to the left and collided with its left front side with the concrete barrier and as a result of this collision, the vehicle causing the accident turned over on its right side, 2 meters away from the point of collision of the concrete barrier, it settled on its right side after the accident. As for the damaged vehicle, it drifted to the right and settled in the middle lane after the accident. The accident was drawn and necessary action was taken.",2.2427620534705888,-0.4015453331379524,1.6339099169366647,0,1,0,1,0,0,0,-0.6447108358882225,0,0,0,0,0,0,0,0,0,0,0,0,0,0,0,0,0,0,0,0,0,0,1,0,0,0,0,0,1,0,1,1,0,0,0,0,0,0,0,0,0,0,0,0,0,0,0,0,0,0,0,0,0,1,0,0,0,0,0,0,0,0,0,0,1,0,0,0,0,1,0,0,0,0,0,0,0,0,0,0,0,0,0,0,0,1,0,0,0,0,1,0,1,0,0,0,1,0,0,0,0,0,0,1
-0.4950079755895825,-0.9997208873319099,"5188.                  After examining and inspecting the accident site, the following was noted: While the vehicle causing the accident and the damaged vehicle were coming from the west towards the east, the vehicle causing the accident was taking the left lane, and the damaged vehicle was taking the second lane from the left, and due to sudden deviation and non-compliance to the traffic line, the vehicle causing the accident drifted from its lane on the lane of the damaged vehicle, then the front left side of the damaged vehicle collided with the right rear side of the causing vehicle and as a result of this collision, the vehicle causing the accident drifted to the left and collided with its left front side with the concrete barrier and as a result of this collision, the vehicle causing the accident turned over on its right side, 2 meters away from the point of collision of the concrete barrier, it settled on its right side after the accident. As for the damaged vehicle, it drifted to the right and settled in the middle lane after the accident. The accident was drawn and necessary action was taken.",2.2427620534705888,-0.4015453331379524,1.6339099169366647,0,1,0,1,0,0,0,-0.6447108358882225,0,0,0,0,0,0,0,0,0,0,0,0,0,0,0,0,0,0,0,0,0,0,1,0,0,0,0,0,1,0,1,1,0,0,0,0,0,0,0,0,0,0,0,0,0,0,0,0,0,0,0,0,0,1,0,0,0,0,0,0,0,0,0,0,1,0,0,0,0,1,0,0,0,0,0,0,0,0,0,0,0,0,0,0,0,1,0,0,0,0,1,0,1,0,0,0,1,0,0,0,0,0,0,1
-0.38859410389130306,-0.9997208873319099,"5189.                  After examining and inspecting the accident site, the following was noted: While the vehicle causing the accident and the damaged vehicle were coming from the west towards the east, the vehicle causing the accident was taking the left lane, and the damaged vehicle was taking the second lane from the left, and due to sudden deviation and non-compliance to the traffic line, the vehicle causing the accident drifted from its lane on the lane of the damaged vehicle, then the front left side of the damaged vehicle collided with the right rear side of the causing vehicle and as a result of this collision, the vehicle causing the accident drifted to the left and collided with its left front side with the concrete barrier and as a result of this collision, the vehicle causing the accident turned over on its right side, 2 meters away from the point of collision of the concrete barrier, it settled on its right side after the accident. As for the damaged vehicle, it drifted to the right and settled in the middle lane after the accident. The accident was drawn and necessary action was taken.",2.2427620534705888,-0.4015453331379524,1.6339099169366647,0,1,0,1,0,0,0,-0.6447108358882225,0,0,0,0,0,0,0,0,0,0,0,0,0,0,0,0,0,0,0,0,0,0,1,0,0,0,0,0,1,0,1,1,0,0,0,0,0,0,0,0,0,0,0,0,0,0,0,0,0,0,0,0,0,1,0,0,0,0,0,0,0,0,0,0,1,0,0,0,0,1,0,0,0,0,0,0,0,0,0,0,0,0,0,0,0,1,0,0,0,0,1,0,1,0,0,0,1,0,0,1,0,0,0,0
-0.6014218472878619,0.18007590746577945,"5190.                  After examining and inspecting the accident site, the following was noted: The vehicle causing the accident was coming from the east towards the west and taking the left lane on the arrow line, and wanted to head south, and the damaged vehicle was coming from the west towards the east, taking the middle lane, and because of bypassing the red traffic light by the vehicle causing the accident, the front right side of the vehicle causing the accident collided with the left side of the damaged vehicle and due to the force of the collision, the damaged vehicle turned over and hit the traffic light beam. As a result of the accident, the driver of the damaged vehicle and his companions sustained minor injuries and received the necessary treatment and left the hospital, as well as material damage to vehicles, the traffic light column, and material damage to vehicles. The accident site was inspected.",-0.19746179160121255,-0.4015453331379524,1.6339099169366647,1,0,0,1,0,0,0,-0.6580630636565102,0,0,1,0,0,0,0,0,0,0,0,0,0,0,0,0,0,0,0,0,0,0,0,0,0,0,0,0,1,0,1,0,0,1,0,0,0,0,0,0,0,0,0,0,0,0,0,0,0,0,0,0,0,0,1,0,0,0,0,0,0,0,0,1,0,0,0,0,0,0,0,0,1,0,0,0,0,0,0,0,0,0,0,1,0,0,0,0,0,1,0,1,0,0,0,0,0,1,0,0,1,0,0,0
-1.6655605642706561,0.18007590746577945,"5191.                  After examining and inspecting the accident site, the following was noted: The vehicle causing the accident was coming from the east towards the west and taking the left lane on the arrow line, and wanted to head south, and the damaged vehicle was coming from the west towards the east, taking the middle lane, and because of bypassing the red traffic light by the vehicle causing the accident, the front right side of the vehicle causing the accident collided with the left side of the damaged vehicle and due to the force of the collision, the damaged vehicle turned over and hit the traffic light beam. As a result of the accident, the driver of the damaged vehicle and his companions sustained minor injuries and received the necessary treatment and left the hospital, as well as material damage to vehicles, the traffic light column, and material damage to vehicles. The accident site was inspected.",-0.19746179160121255,-0.4015453331379524,1.6339099169366647,0,1,0,1,0,0,0,-0.6580630636565102,0,0,1,0,0,0,0,0,0,0,0,0,0,0,0,0,0,0,0,0,0,0,0,0,0,0,0,0,1,0,1,0,0,1,0,0,0,0,0,0,0,0,0,0,0,0,0,0,0,0,0,0,0,0,1,0,0,0,0,0,0,0,0,1,0,0,0,0,0,0,0,0,1,0,0,0,0,0,0,0,0,0,0,1,0,0,0,0,0,1,0,1,0,0,0,0,0,1,0,0,1,0,0,0
-0.4950079755895825,0.18007590746577945,"5192.                  After examining and inspecting the accident site, the following was noted: The vehicle causing the accident was coming from the east towards the west and taking the left lane on the arrow line, and wanted to head south, and the damaged vehicle was coming from the west towards the east, taking the middle lane, and because of bypassing the red traffic light by the vehicle causing the accident, the front right side of the vehicle causing the accident collided with the left side of the damaged vehicle and due to the force of the collision, the damaged vehicle turned over and hit the traffic light beam. As a result of the accident, the driver of the damaged vehicle and his companions sustained minor injuries and received the necessary treatment and left the hospital, as well as material damage to vehicles, the traffic light column, and material damage to vehicles. The accident site was inspected.",-0.19746179160121255,-0.4015453331379524,1.6339099169366647,0,1,0,1,0,0,0,-0.6580630636565102,0,0,1,0,0,0,0,0,0,0,0,0,0,0,0,0,0,0,0,0,0,0,0,0,0,0,0,0,1,0,1,0,0,1,0,0,0,0,0,0,0,0,0,0,0,0,0,0,0,0,0,0,0,0,1,0,0,0,0,0,0,0,0,1,0,0,0,0,0,0,0,0,1,0,0,0,0,0,0,0,0,0,0,1,0,0,0,0,0,0,1,0,1,0,0,0,1,0,0,0,1,0,0,0
-0.44180103974044277,-0.9311280504250675,"5193.                  After examining and inspecting the accident site, the following was noted: The vehicle causing the accident was coming from the north towards the south and was traveling on the far right, and the run over person was coming from the west towards the south on his feet. Due to misuse of traffic by the vehicle causing the accident, the right front side of the vehicle causing the accident collided with the body of the run over person, throwing him to the ground. The accident resulted in moderate injury to the run over person and material damage to the vehicle. According to the chart, the accident occurred.",-1.4175737141371132,2.490378837640347,-1.3684844507234735,0,1,0,1,0,0,0,-0.6591465641065598,0,0,0,0,0,0,0,0,0,0,0,0,0,1,0,0,0,0,0,0,0,0,0,0,0,0,0,0,1,0,1,0,0,1,0,0,0,0,0,0,0,0,0,0,0,0,0,0,0,0,0,0,0,0,0,0,0,0,0,1,0,0,0,0,1,0,0,0,0,1,0,0,0,0,0,0,0,0,0,0,0,0,0,0,1,0,0,0,0,1,0,0,0,0,1,0,0,0,1,0,0,0,1,0
-0.6546287831370016,0.7425371701018871,"5194.                  After examining and inspecting the accident site, the following was noted: The vehicle causing the accident was coming from the west towards the east and was taking the right lane, and the first damaged vehicle was taking the same lane in front of the vehicle causing the accident and due to the overspeed without taking into account the road conditions by the driver of the vehicle causing the accident, the front right side of the vehicle causing the accident collided with the rear left side of the damaged vehicle and due to the force of the collision the vehicle causing the accident overturned and during its overturning the third damaged vehicle was coming from the same direction taking the second lane from the right and parts of the vehicle causing the accident fell on the front side of the third damaged vehicle. The accident resulted in minor injuries to the Driver of the first damaged vehicle, one of the passengers, and another passenger of the vehicle causing the accident. They received the necessary treatment and left the hospital. Vehicles were also damaged. The accident site was inspected",2.2427620534705888,-0.4015453331379524,1.6339099169366647,0,1,0,1,0,0,0,-0.6435616687442305,0,0,0,0,0,0,0,0,0,0,0,0,0,0,0,0,0,0,0,0,0,1,0,0,0,0,0,0,1,0,1,0,0,0,0,0,0,0,0,0,0,0,1,0,0,0,0,0,0,0,0,0,1,0,0,0,0,0,0,0,0,0,0,0,1,0,0,0,0,0,1,0,0,0,0,0,0,0,0,0,0,0,0,0,0,1,0,0,0,0,1,0,0,1,0,0,0,1,0,0,0,0,0,1
-0.2289732963438839,0.7425371701018871,"5195.                  After examining and inspecting the accident site, the following was noted: The vehicle causing the accident was coming from the west towards the east and was taking the right lane, and the first damaged vehicle was taking the same lane in front of the vehicle causing the accident and due to the overspeed without taking into account the road conditions by the driver of the vehicle causing the accident, the front right side of the vehicle causing the accident collided with the rear left side of the damaged vehicle and due to the force of the collision the vehicle causing the accident overturned and during its overturning the third damaged vehicle was coming from the same direction taking the second lane from the right and parts of the vehicle causing the accident fell on the front side of the third damaged vehicle. The accident resulted in minor injuries to the Driver of the first damaged vehicle, one of the passengers, and another passenger of the vehicle causing the accident. They received the necessary treatment and left the hospital. Vehicles were also damaged. The accident site was inspected",2.2427620534705888,-0.4015453331379524,1.6339099169366647,0,1,0,1,0,0,0,-0.6435616687442305,0,0,0,0,0,0,0,0,0,0,0,0,0,0,0,0,0,0,0,0,0,1,0,0,0,0,0,0,1,0,1,0,0,0,0,0,0,0,0,0,0,0,1,0,0,0,0,0,0,0,0,0,1,0,0,0,0,0,0,0,0,0,0,0,1,0,0,0,0,0,1,0,0,0,0,0,0,0,0,0,0,0,0,0,0,1,0,0,0,0,1,0,0,1,0,0,0,1,0,0,1,0,0,0
-0.7078357189861413,0.7425371701018871,"5196.                  After examining and inspecting the accident site, the following was noted: The vehicle causing the accident was coming from the west towards the east and was taking the right lane, and the first damaged vehicle was taking the same lane in front of the vehicle causing the accident and due to the overspeed without taking into account the road conditions by the driver of the vehicle causing the accident, the front right side of the vehicle causing the accident collided with the rear left side of the damaged vehicle and due to the force of the collision the vehicle causing the accident overturned and during its overturning the third damaged vehicle was coming from the same direction taking the second lane from the right and parts of the vehicle causing the accident fell on the front side of the third damaged vehicle. The accident resulted in minor injuries to the Driver of the first damaged vehicle, one of the passengers, and another passenger of the vehicle causing the accident. They received the necessary treatment and left the hospital. Vehicles were also damaged. The accident site was inspected",2.2427620534705888,-0.4015453331379524,1.6339099169366647,0,1,0,1,0,0,0,-0.6435616687442305,0,0,0,0,0,0,0,0,0,0,0,0,0,0,0,0,0,0,0,0,0,1,0,0,0,0,0,0,1,0,1,0,0,0,0,0,0,0,0,0,0,0,1,0,0,0,0,0,0,0,0,0,1,0,0,0,0,0,0,0,0,0,0,0,1,0,0,0,0,0,1,0,0,0,0,0,0,0,0,0,0,0,0,0,0,1,0,0,0,0,1,0,1,0,0,0,1,0,0,0,0,0,0,1
0.24988912629837354,-0.9997208873319099,"5197.                  After examining and inspecting the accident site, the following was noted: The vehicle causing the accident was traveling from the north towards the south, and due to the overspeed without taking into account the road conditions, the vehicle causing the accident drifted from its lane and hit the front of the lamppost. The accident resulted in an injury to the driver of the vehicle causing the accident, with a fracture and dislocation of the left hand and wrist. He was admitted to Sheikh Khalifa Hospital, and damage occurred to the lamppost and material damage occurred to the vehicle. The accident site was inspected",-0.19746179160121255,-0.4015453331379524,0.6331117943832852,0,1,0,1,0,0,0,-0.6588838973307902,0,0,0,0,0,0,0,0,0,0,0,0,0,0,0,0,0,0,0,0,0,1,0,0,0,0,0,0,1,0,1,0,0,1,0,0,0,0,0,0,0,0,0,0,0,0,0,0,0,0,0,0,1,0,0,0,0,0,0,0,0,0,0,1,0,0,0,0,0,0,1,0,0,0,0,0,0,0,0,1,0,0,0,0,0,0,0,0,0,0,1,0,1,0,0,0,1,0,0,1,0,0,0,0
0.6755446130914913,1.4147469717889427,"5198.                  After examining and inspecting the accident site, the following was noted: While the causing vehicle was coming from the east towards the west and when it was turning inside the intersection to the south side, where it was taking the second lane of the arrow, and because of the two damaged vehicles coming from the west towards the east, the first damaged vehicle was taking the third lane from the right and the second damaged vehicle was taking the right lane. Due to Bypassing the red traffic light by the vehicle causing the accident, the right rear side collided with the right front side of the first damaged vehicle. As a result of this collision, the vehicle overturned and its left rear side collided with the left side of the second damaged vehicle. According to the chart, the accident occurred.",2.2427620534705888,-0.4015453331379524,0.6331117943832852,1,0,0,1,0,0,0,-0.6612697872106974,0,0,1,0,0,0,0,0,0,0,0,0,0,0,0,0,0,0,0,0,0,0,0,0,0,0,0,1,0,1,0,0,0,1,0,0,0,0,0,0,0,0,0,0,0,0,0,0,0,0,0,0,0,0,1,0,0,0,0,0,0,0,0,1,0,0,0,0,0,0,0,0,1,0,0,0,0,0,0,0,0,0,0,1,0,0,0,0,0,0,1,0,0,1,0,0,0,1,0,1,0,0,0,0
0.35630299799665294,1.4147469717889427,"5199.                  After examining and inspecting the accident site, the following was noted: While the causing vehicle was coming from the east towards the west and when it was turning inside the intersection to the south side, where it was taking the second lane of the arrow, and because of the two damaged vehicles coming from the west towards the east, the first damaged vehicle was taking the third lane from the right and the second damaged vehicle was taking the right lane. Due to Bypassing the red traffic light by the vehicle causing the accident, the right rear side collided with the right front side of the first damaged vehicle. As a result of this collision, the vehicle overturned and its left rear side collided with the left side of the second damaged vehicle. According to the chart, the accident occurred.",2.2427620534705888,-0.4015453331379524,0.6331117943832852,1,0,0,1,0,0,0,-0.6612697872106974,0,0,1,0,0,0,0,0,0,0,0,0,0,0,0,0,0,0,0,0,0,0,0,0,0,0,0,1,0,1,0,0,0,1,0,0,0,0,0,0,0,0,0,0,0,0,0,0,0,0,0,0,0,0,1,0,0,0,0,0,0,0,0,1,0,0,0,0,0,0,0,0,1,0,0,0,0,0,0,0,0,0,0,1,0,0,0,0,0,0,1,0,1,0,0,0,1,0,0,0,0,0,0,1
0.03706138290181467,0.31726158127946424,"5000.                  After examining and inspecting the accident site, the following was noted: While the vehicle causing the accident was coming from the west towards the east and taking the second lane from the left, and while traveling forward, the damaged vehicle was coming from the north towards the south and taking the second lane from the left, and because of bypassing the red light by the driver of the vehicle causing the accident, the front side of the damaged vehicle collided with the left side of the vehicle causing the accident. The accident resulted in the injury of the driver of the damaged driver, and material damage also occurred in the two vehicles, and so the accident occurred",-0.19746179160121255,-0.4015453331379524,0.6331117943832852,0,1,0,1,0,0,0,-0.6545608399795824,0,0,1,0,0,0,0,0,0,0,0,0,0,0,0,0,0,0,0,0,0,0,0,0,0,0,0,1,0,0,1,0,0,1,0,0,0,0,0,0,0,0,0,0,0,0,0,0,0,0,0,0,0,0,1,0,0,0,0,0,0,0,0,1,0,0,0,0,0,0,0,0,1,0,0,0,0,0,0,0,0,0,0,1,0,0,0,0,0,1,0,0,1,0,0,0,1,0,0,0,1,0,0,0
0.24988912629837354,1.2638427305938895,"5001.                  After examining and inspecting the accident site, the following was noted: While the vehicle causing the accident was coming from the west towards the east and taking the third lane from the left, and the damaged vehicle was coming from the east towards the west and taking the far right lane, and while moving forward, and because of bypassing the red traffic signal by the driver of the vehicle causing the accident and while turning to the left, the front side of the damaged vehicle collided with the right rear side of the vehicle causing the accident, which led to the overturning of the damaged vehicle. The accident resulted in the injury of the driver and the death of the passenger of the damaged vehicle after arriving at the hospital. It also caused damage to state property and to both vehicles",1.0226501309346883,-0.4015453331379524,0.6331117943832852,0,1,0,1,0,0,0,-0.6676941787680621,0,0,1,0,0,0,0,0,0,0,0,0,0,0,0,0,0,0,0,0,0,0,0,0,0,0,0,1,0,0,1,0,0,0,0,0,0,0,0,0,0,0,1,0,0,0,0,0,0,0,0,0,0,0,1,0,0,0,0,0,0,0,0,0,1,0,0,0,0,0,0,0,1,0,0,0,0,0,0,0,0,0,0,1,0,0,0,0,0,1,0,0,0,1,0,0,0,1,0,0,1,0,0,0
0.5159238055440721,1.2638427305938895,"5002.                  After examining and inspecting the accident site, the following was noted: While the vehicle causing the accident was coming from the west towards the east and taking the third lane from the left, and the damaged vehicle was coming from the east towards the west and taking the far right lane, and while moving forward, and because of bypassing the red traffic signal by the driver of the vehicle causing the accident and while turning to the left, the front side of the damaged vehicle collided with the right rear side of the vehicle causing the accident, which led to the overturning of the damaged vehicle. The accident resulted in the injury of the driver and the death of the passenger of the damaged vehicle after arriving at the hospital. It also caused damage to state property and to both vehicles",1.0226501309346883,-0.4015453331379524,0.6331117943832852,0,1,0,1,0,0,0,-0.6676941787680621,0,0,1,0,0,0,0,0,0,0,0,0,0,0,0,0,0,0,0,0,0,0,0,0,0,0,0,1,0,0,1,0,0,0,0,0,0,0,0,0,0,0,1,0,0,0,0,0,0,0,0,0,0,0,1,0,0,0,0,0,0,0,0,0,1,0,0,0,0,0,0,0,1,0,0,0,0,0,0,0,0,0,0,1,0,0,0,0,0,0,1,0,1,0,0,0,1,0,0,0,1,0,0,0
-0.4950079755895825,-0.972283752569173,"5003.                  After examining and inspecting the accident site, the following was noted: While the vehicle causing the accident was coming from the south to the north and taking the far-right lane, and there was a truck tire between the first and second lanes on the right, and due to the driver's lack of attention, the front side of the vehicle collided with the tire. The accident resulted in injury to the driver and also material damage to the vehicle",1.0226501309346883,-0.4015453331379524,0.6331117943832852,0,1,0,1,0,0,0,-0.6598688977399262,0,0,0,0,0,0,0,0,0,0,0,0,0,0,1,0,0,0,0,0,0,0,0,0,0,0,0,0,1,0,1,0,0,0,0,1,0,0,0,0,0,0,0,0,0,0,0,0,0,0,0,0,0,1,0,0,0,0,0,0,0,0,0,0,1,0,0,0,0,0,1,0,0,0,0,0,0,0,1,0,0,0,0,0,0,0,0,0,0,0,1,0,1,0,0,0,1,0,0,0,0,0,0,1
0.09026831875095438,1.3873098370262058,"5004.                  After examining and inspecting the accident site, the following was noted: While the vehicle causing the accident was coming from the east towards the west and taking the far left lane, and the damaged vehicle was coming from the west towards the east and taking the second lane from the right, and while traveling forward, because of bypassing the red light (The arrow signal) by the driver who caused the accident while turning to the left, the front of the damaged vehicle collided with the right rear side of the vehicle causing the accident, and the accident resulted in an injury to the driver who caused the accident and material damage to the two vehicles, and so the accident occurred.",1.0226501309346883,-0.4015453331379524,0.6331117943832852,1,0,0,1,0,0,0,-0.6592122308005023,0,0,1,0,0,0,0,0,0,0,0,0,0,0,0,0,0,0,0,0,0,0,0,0,0,0,0,0,1,0,1,0,0,0,0,0,0,0,0,0,0,0,1,0,0,0,0,0,0,0,0,0,0,0,1,0,0,0,0,0,0,0,0,1,0,0,0,0,0,0,0,0,1,0,0,0,0,0,0,0,0,0,0,1,0,0,0,0,0,0,1,0,1,0,0,0,1,0,0,0,0,0,0,1
-0.761042654835281,-0.8213795113741197,"5005.                  After examining and inspecting the accident site, the following was noted: While the vehicle causing the accident was coming from the north towards the south at the parking lots, and the run over person was coming from the west towards the east crossing the road, and there were no crossing lines, and due to the overspeed and misuse of traffic, the front side of the vehicle it collided with the body of the run over  person, which led to a moderate injury of the run over  person, and thus the accident occurred.",-1.4175737141371132,2.490378837640347,-2.3692825732768528,1,0,0,1,0,0,0,-0.6544513954896783,0,0,0,0,0,0,0,0,0,0,0,0,0,0,0,0,0,0,0,0,0,1,0,0,0,0,0,1,0,0,1,0,0,1,0,0,0,0,0,0,0,0,0,0,0,0,0,0,0,0,0,1,0,0,0,0,0,0,0,0,0,0,0,1,0,0,0,0,0,1,0,0,0,0,0,0,0,0,0,0,0,0,0,0,1,0,0,0,0,1,0,0,0,0,1,0,0,0,1,1,0,0,0,0
0.728751548940631,-0.8076609439927512,"5006.                  After examining and inspecting the accident site, the following was noted: While the vehicle causing the accident was coming from the east towards the west and on a side street, and the run over  person was coming from the east towards the west, crossing the road but not on the crossing lines, and during the turn of the driver causing the accident to the left and because of the overspeed and not observing road conditions, the front left side of the vehicle collided with the body of the run over  person. The accident resulted in the injury of the run over person, and material damage to the vehicle.",-1.4175737141371132,2.490378837640347,-2.3692825732768528,1,0,0,1,0,0,0,-0.668624456932246,0,0,0,0,0,0,0,0,0,0,0,0,0,0,0,0,0,0,0,0,0,1,0,0,0,0,0,0,1,0,1,0,0,1,0,0,0,0,0,0,0,0,0,0,0,0,0,0,0,0,0,0,0,0,0,0,0,0,0,1,0,0,0,0,1,0,0,1,0,0,0,0,0,0,0,0,0,0,0,0,0,0,0,0,1,0,0,0,0,1,0,0,0,0,1,0,0,0,1,0,0,0,1,0
-0.28218023219302363,-0.972283752569173,"5007.                  After examining and inspecting the accident site, the following was noted: The two vehicles were coming from an east-west direction on the right lane, and the damaged vehicle was traveling in front and behind the vehicle that caused the accident, and during the course of the two vehicles due to the failure to leave sufficient distance between the two vehicles by the driver causing the accident, the front side of the vehicle causing the accident collided with the rear side of the damaged vehicle and the driver who caused the accident managed to escape with his vehicle to an unknown destination, and accordingly the accident was planned as shown in the drawing",1.0226501309346883,-0.4015453331379524,0.6331117943832852,0,1,0,1,0,0,0,-0.6568044520226143,0,0,0,0,0,0,0,0,0,0,0,0,0,0,0,0,0,0,1,0,0,0,0,0,0,0,0,0,1,0,1,0,0,0,0,0,0,0,0,0,0,0,1,0,0,0,0,0,0,0,0,0,1,0,0,0,0,0,0,0,0,0,0,1,0,0,0,0,0,1,0,0,0,0,0,0,0,0,0,0,0,0,0,0,0,1,0,0,0,0,1,0,1,0,0,0,1,0,0,0,1,0,0,0
0.5159238055440721,-0.9585651851878045,"5008.                  After examining and inspecting the accident site, the following was noted: While the vehicle causing the accident and the damaged vehicle were traveling from east to west and due to not leaving enough space, the front side of the causing vehicle hit the left side of the rear of the damaged vehicle. The accident resulted in the injured driver, as well as material damage to both vehicles.",-0.19746179160121255,-0.4015453331379524,-1.3684844507234735,0,1,0,1,0,0,0,-0.6488150042596225,0,0,0,0,0,0,0,0,0,0,0,0,0,0,0,0,0,0,1,0,0,0,0,0,0,0,0,1,0,0,1,0,0,0,0,0,1,0,0,0,0,0,0,0,0,0,0,0,0,0,0,0,1,0,0,0,0,0,0,0,0,0,0,1,0,0,0,0,0,1,0,0,0,0,0,0,0,0,0,0,0,0,0,0,0,1,0,0,0,1,0,0,1,0,0,0,1,0,0,0,0,0,0,1
-0.17576636049474417,0.18007590746577945,"5009.                  After examining and inspecting the accident site, the following was noted: The vehicle causing the first accident was coming from the east towards the west while turning left towards the south on the far left lane, and the second causing vehicle was coming from the west towards the east with the right line, while the two vehicles were traveling and entering the intersection, due to bypassing the red traffic light by one of the two vehicles, the front side of the second vehicle collided with the right side of the first vehicle that caused accident and the two vehicles settled inside the intersection, and accordingly the accident was drawn as shown ",-0.19746179160121255,-0.4015453331379524,0.6331117943832852,0,1,0,1,0,0,0,-0.6482677818101025,0,0,1,0,0,0,0,0,0,0,0,0,0,0,0,0,0,0,0,0,0,0,0,0,0,0,0,0,1,0,1,0,0,1,0,0,0,0,0,0,0,0,0,0,0,0,0,0,0,0,0,0,0,0,1,0,0,0,0,0,0,0,0,1,0,0,0,0,0,0,0,0,1,0,0,0,0,0,0,0,0,0,0,1,0,0,0,0,0,0,1,0,0,1,0,0,0,1,0,0,1,0,0,0