Age of the injured,Str Code,Accident Description,Road speed limit,Pedestrian action,Number of Lanes,Gender_F,Gender_M,Week_Fifth week,Week_First week,Week_Fourth week,Week_Second week,Week_Third week,Date_time,Reasons__??? ????? ?????? ?????? ???? ????? ??? ???? ???????,Reasons__???? ?? ??????? (???),Reasons__Bypassing the red traffic light,Reasons__Driving back without attention,Reasons__Driving back without traffic clearance,Reasons__Driving in the opposite direction,Reasons__Entering main road without traffic clearance,Reasons__Exceeding speed limit,Reasons__Fatigue and drowsiness,Reasons__Faults in the road,Reasons__Ignoring road lane,Reasons__Ignoring traffic lights,Reasons__Lack of driving awareness,Reasons__Misuse of traffic,Reasons__Negligence and inobservance,Reasons__Negligent driving,Reasons__Not giving priority to pedestrian crossing,Reasons__Not giving way / not giving priority,Reasons__Not leaving enough space,Reasons__Not observing the stop sign,Reasons__Not securing vehicle stability while stopping,Reasons__Speedy without taking road conditions into account,Reasons__Sudden deviation,Reasons__Sudden stop,Reasons__Tyre burst,Reasons__under influence of intoxicant or narcotic drug,__Al Madina Police Station,__Khaldiya Police Station,__Shaabiya Police Station,Streetname_Intersection,Streetname_Street,place__Bridge / Tunnel,place__Coastal area,place__Commercial area,place__Fuel Station,place__Govt. authority,place__Hospital,place__Island,place__Mosque,place__One level intersection,place__Other,place__Park,place__Residential area,place__Sand area,place__School,place__Work area,place__external road,place__unknown,location__ ,location__Bridge,location__Bridge /  Tunnel,location__Car parking,location__Double road,location__Highway,location__Intersection,location__Off the road,location__Other(specify),location__Roundabout,location__Side parking,location__Single road,location__Tunnel,location__Two-way road,location__Unknown,lighting__day,lighting__night - enough lights,lighting__night - weak lights,intersection__Deviated intersection,intersection__Half Perpendicular Intersection,intersection__Multiple leg Intersection,intersection__Not on Intersection,intersection__Not on or around 20 meters,intersection__Other,intersection__Perpendicular Intersection,intersection__Roundabout,intersection__Turn ,accidentype__Collision while turning,accidentype__Fall,accidentype__Hitting a moving object off the road,accidentype__Hitting a moving object on the road,accidentype__Hitting a stationary object off the road,accidentype__Hitting a stationary object on the road,accidentype__Multiple collision,accidentype__Other (specify),accidentype__Perpendicular collision,accidentype__Person run over,accidentype__Rear collision,accidentype__Reciprocal collision,accidentype__Side collision,accidentype__deterioration,seat belt_N,seat belt_Y,seat_Back passenger seat,seat_Driver's seat,seat_Front passenger seat,seat_No passenger,seat_bike passenger,position_Driver,position_Passenger,position_Pedestrian,nationality_Arab States,nationality_Asian States,nationality_GCC,nationality_Other,nationality_UAE
0.46271686969493236,-0.8213795113741197,"5010.                  After examining and inspecting the accident site, the following was noted: The vehicle causing the accident was coming from the south towards the north and taking the second lane from the right, and the run over person was crossing the road from a place not designated for Pedestrian crossing coming from the east to the west, and because of the traffic misuse by the Driver, the front side of the vehicle collided with the person being run over, as a result of which the person was fell on the street floor. The accident resulted in the person being seriously injured and material damage to the vehicle as planned. The accident occurred",1.0226501309346883,2.490378837640347,0.6331117943832852,0,1,0,1,0,0,0,-0.6446780025412513,0,0,0,0,0,0,0,0,0,0,0,0,0,1,0,0,0,0,0,0,0,0,0,0,0,0,0,0,1,0,1,0,0,1,0,0,0,0,0,0,0,0,0,0,0,0,0,0,0,0,0,0,1,0,0,0,0,0,0,0,0,0,0,0,1,0,0,0,0,1,0,0,0,0,0,0,0,0,0,0,0,0,0,0,1,0,0,0,0,1,0,0,0,0,1,0,0,0,1,0,1,0,0,0
-0.6014218472878619,1.3461541348821002,"5011.                  After examining and inspecting the accident site, the following was noted: While the vehicle causing the accident was coming from the west towards the east and taking the second lane from the left, the first and second damaged vehicles coming from the east towards the west and the first damaged vehicle was on the far right lane and the second damaged vehicle taking the middle lane, and due to bypassing the red traffic light by its driver while turning to the left, the front of the causing vehicle hit the left side of the first damaged vehicle and the front right side of the second damaged vehicle collided with the rear side of the damaged vehicle. The accident resulted in the injury of the driver of the first damaged vehicle, as well as material damage to vehicles, and so the accident occurred",-0.19746179160121255,-0.4015453331379524,-0.3676863281700941,0,1,0,1,0,0,0,-0.6577347301867983,0,0,1,0,0,0,0,0,0,0,0,0,0,0,0,0,0,0,0,0,0,0,0,0,0,0,0,0,1,0,1,0,0,0,0,1,0,0,0,0,0,0,0,0,0,0,0,0,0,0,0,0,0,0,1,0,0,0,0,0,0,0,0,1,0,0,0,0,0,0,0,0,1,0,0,0,0,0,0,0,0,0,0,1,0,0,0,0,0,0,1,0,1,0,0,0,1,0,0,0,0,0,0,1
-0.7078357189861413,1.3873098370262058,"5012.                  After examining and inspecting the accident site, the following was noted: While the vehicle causing the accident was coming from the west and taking the far left lane, turning back in the same direction through the intersection, the two damaged vehicles were coming from the east and heading towards the west and following the middle lane of the street, and because of bypassing the red traffic light by the causing vehicle, where the causing vehicle collided on the right side of the front side of the damaged vehicle, which led to the rotation of the first damaged vehicle and its front side collision with the front of the second damaged vehicle, according to the chart, the accident occurred.",-0.19746179160121255,-0.4015453331379524,0.6331117943832852,0,1,0,1,0,0,0,-0.6569686187574703,0,0,1,0,0,0,0,0,0,0,0,0,0,0,0,0,0,0,0,0,0,0,0,0,0,0,0,0,1,0,1,0,0,1,0,0,0,0,0,0,0,0,0,0,0,0,0,0,0,0,0,0,0,0,1,0,0,0,0,0,0,0,0,1,0,0,0,0,0,0,0,0,1,0,0,0,0,0,0,0,0,0,0,1,0,0,0,0,0,0,1,0,0,1,0,0,0,1,0,0,0,0,0,1
-0.6546287831370016,1.3873098370262058,"5013.                  After examining and inspecting the accident site, the following was noted: While the vehicle causing the accident was coming from the west and taking the far left lane, turning back in the same direction through the intersection, the two damaged vehicles were coming from the east and heading towards the west and following the middle lane of the street, and because of bypassing the red traffic light by the causing vehicle, where the causing vehicle collided on the right side of the front side of the damaged vehicle, which led to the rotation of the first damaged vehicle and its front side collision with the front of the second damaged vehicle, according to the chart, the accident occurred.",-0.19746179160121255,-0.4015453331379524,0.6331117943832852,0,1,0,1,0,0,0,-0.6569686187574703,0,0,1,0,0,0,0,0,0,0,0,0,0,0,0,0,0,0,0,0,0,0,0,0,0,0,0,0,1,0,1,0,0,1,0,0,0,0,0,0,0,0,0,0,0,0,0,0,0,0,0,0,0,0,1,0,0,0,0,0,0,0,0,1,0,0,0,0,0,0,0,0,1,0,0,0,0,0,0,0,0,0,0,1,0,0,0,0,0,0,1,0,1,0,0,0,1,0,0,0,0,0,0,1
0.3030960621475132,1.3873098370262058,"5014.                  After examining and inspecting the accident site, the following was noted: While the vehicle causing the accident was coming from the west and taking the far left lane, turning back in the same direction through the intersection, the two damaged vehicles were coming from the east and heading towards the west and following the middle lane of the street, and because of bypassing the red traffic light by the causing vehicle, where the causing vehicle collided on the right side of the front side of the damaged vehicle, which led to the rotation of the first damaged vehicle and its front side collision with the front of the second damaged vehicle, according to the chart, the accident occurred.",-0.19746179160121255,-0.4015453331379524,0.6331117943832852,0,1,0,1,0,0,0,-0.6569686187574703,0,0,1,0,0,0,0,0,0,0,0,0,0,0,0,0,0,0,0,0,0,0,0,0,0,0,0,0,1,0,1,0,0,1,0,0,0,0,0,0,0,0,0,0,0,0,0,0,0,0,0,0,0,0,1,0,0,0,0,0,0,0,0,1,0,0,0,0,0,0,0,0,1,0,0,0,0,0,0,0,0,0,0,1,0,0,0,0,0,0,1,0,1,0,0,0,1,0,0,1,0,0,0,0
-0.5482149114387221,1.3873098370262058,"5015.                  After examining and inspecting the accident site, the following was noted: While the vehicle causing the accident was coming from the west and taking the far left lane, turning back in the same direction through the intersection, the two damaged vehicles were coming from the east and heading towards the west and following the middle lane of the street, and because of bypassing the red traffic light by the causing vehicle, where the causing vehicle collided on the right side of the front side of the damaged vehicle, which led to the rotation of the first damaged vehicle and its front side collision with the front of the second damaged vehicle, according to the chart, the accident occurred.",-0.19746179160121255,-0.4015453331379524,0.6331117943832852,0,1,0,1,0,0,0,-0.6569686187574703,0,0,1,0,0,0,0,0,0,0,0,0,0,0,0,0,0,0,0,0,0,0,0,0,0,0,0,0,1,0,1,0,0,1,0,0,0,0,0,0,0,0,0,0,0,0,0,0,0,0,0,0,0,0,1,0,0,0,0,0,0,0,0,1,0,0,0,0,0,0,0,0,1,0,0,0,0,0,0,0,0,0,0,1,0,0,0,0,0,0,1,0,1,0,0,0,1,0,0,0,0,0,0,1
-0.4950079755895825,-0.9036909156623305,"5016.                  After examining and inspecting the accident site, the following was noted: while the first vehicle causing the accident was coming from the west and heading towards the east, taking the second lane from the right, and the second vehicle causing the second coming from the north and heading towards the south, and because of one of the two vehicles bypassing the red light signal, the first vehicle causing the accident collided with its front left side with the front of the second causing vehicle, according to the chart, the accident occurred.",-0.19746179160121255,-0.4015453331379524,-0.3676863281700941,0,1,0,1,0,0,0,-0.6545061177346303,0,0,1,0,0,0,0,0,0,0,0,0,0,0,0,0,0,0,0,0,0,0,0,0,0,0,0,1,0,0,1,0,0,1,0,0,0,0,0,0,0,0,0,0,0,0,0,0,0,0,0,0,0,0,1,0,0,0,0,0,0,0,0,1,0,0,0,0,0,0,0,0,1,0,0,0,0,0,0,0,0,0,0,1,0,0,0,0,0,0,1,0,1,0,0,0,1,0,0,0,0,0,0,1
-0.4950079755895825,-0.9036909156623305,"5017.                  After examining and inspecting the accident site, the following was noted: while the first vehicle causing the accident was coming from the west and heading towards the east, taking the second lane from the right, and the second vehicle causing the second coming from the north and heading towards the south, and because of one of the two vehicles bypassing the red light signal, the first vehicle causing the accident collided with its front left side with the front of the second causing vehicle, according to the chart, the accident occurred.",-0.19746179160121255,-0.4015453331379524,-0.3676863281700941,0,1,0,1,0,0,0,-0.6545061177346303,0,0,1,0,0,0,0,0,0,0,0,0,0,0,0,0,0,0,0,0,0,0,0,0,0,0,0,1,0,0,1,0,0,1,0,0,0,0,0,0,0,0,0,0,0,0,0,0,0,0,0,0,0,0,1,0,0,0,0,0,0,0,0,1,0,0,0,0,0,0,0,0,1,0,0,0,0,0,0,0,0,0,0,1,0,0,0,0,0,0,1,0,0,1,0,0,0,1,0,0,0,0,0,1
1.0479931640354692,-0.9036909156623305,"5018.                  After examining and inspecting the accident site, the following was noted: while the first vehicle causing the accident was coming from the west and heading towards the east, taking the second lane from the right, and the second vehicle causing the second coming from the north and heading towards the south, and because of one of the two vehicles bypassing the red light signal, the first vehicle causing the accident collided with its front left side with the front of the second causing vehicle, according to the chart, the accident occurred.",-0.19746179160121255,-0.4015453331379524,-0.3676863281700941,0,1,0,1,0,0,0,-0.6545061177346303,0,0,1,0,0,0,0,0,0,0,0,0,0,0,0,0,0,0,0,0,0,0,0,0,0,0,0,1,0,0,1,0,0,1,0,0,0,0,0,0,0,0,0,0,0,0,0,0,0,0,0,0,0,0,1,0,0,0,0,0,0,0,0,1,0,0,0,0,0,0,0,0,1,0,0,0,0,0,0,0,0,0,0,1,0,0,0,0,0,0,1,0,1,0,0,0,1,0,0,0,1,0,0,0
0.03706138290181467,1.0717827872547308,"5019.                  After examining and inspecting the accident site, the following was noted: While the Driver was the vehicle causing the accident coming from the south and heading to the opposite street to the north, and while the person who was run over the road was crossing the road from the west towards the east, and at the turning opening, due to the traffic misuse, the driver hit the body of the person with the front left side of his vehicle, and the person fell on the road, and the vehicle stopped at the site of the accident. The accident resulted in the injury of the person. The accident is planned as shown.",-0.19746179160121255,2.490378837640347,-1.3684844507234735,1,0,0,1,0,0,0,-0.6479066149934193,0,0,0,0,0,0,0,0,0,0,0,0,0,1,0,0,0,0,0,0,0,0,0,0,0,0,0,0,1,0,1,0,0,0,0,0,0,0,0,0,0,0,1,0,0,0,0,0,0,0,0,0,0,1,0,0,0,0,0,0,0,0,0,0,1,0,0,0,0,0,0,0,0,0,1,0,0,0,0,0,0,0,0,0,1,0,0,0,0,1,0,0,0,0,1,0,0,0,1,0,1,0,0,0
-0.17576636049474417,-0.8488166461368566,"5020.                  After examining and inspecting the accident site, the following was noted: The vehicle causing the accident was traveling from the south towards the north, while the damaged vehicle (motorcycle) was coming from the north towards the south on a two-way side road and while they were traveling and upon their arrival at the intersection, and because of not giving priority by the Driver of the vehicle causing the accident. The rider of the damaged vehicle (motorcycle) tried to avoid the accident, which made him lose control, and then he fell with his bike on the street floor. The accident resulted in the driver's injury and material damage to the bike according to the plan.",-1.4175737141371132,-0.4015453331379524,-2.3692825732768528,0,1,0,1,0,0,0,-0.6502377826283744,0,0,0,0,0,0,0,0,0,0,0,0,0,0,0,0,0,1,0,0,0,0,0,0,0,0,0,0,1,0,1,0,0,1,0,0,0,0,0,0,0,0,0,0,0,0,0,0,0,0,0,0,0,0,0,0,0,0,0,1,0,0,0,1,0,0,0,0,0,1,0,0,0,0,0,0,1,0,0,0,0,0,0,0,0,0,0,0,0,1,0,0,1,0,0,0,1,0,0,0,1,0,0,0
0.03706138290181467,-0.8213795113741197,"5021.                  After examining and inspecting the accident site, the following was noted: The vehicle causing the accident was driving from the south to the north with car parks, while the driver was standing on the sidewalk in front of Baskin Robbins' shop, and while the Driver tried to stop the vehicle, the Driver mistakenly pressed the accelerator pedal. That resulted in the vehicle going up on the sidewalk and ran over with its front side the body of the person who was on the sidewalk. As a result of the accident, the person was injured and the property of the shop was damaged, as well as material damage to the vehicle, according to the plan.",-1.4175737141371132,-0.4015453331379524,-0.0073990040508776864,0,1,0,1,0,0,0,-0.6492527822192384,0,0,0,0,0,0,0,0,0,0,0,0,0,0,1,0,0,0,0,0,0,0,0,0,0,0,0,1,0,0,1,0,0,1,0,0,0,0,0,0,0,0,0,0,0,0,0,0,0,0,0,1,0,0,0,0,0,0,0,0,0,0,0,0,1,0,0,0,0,1,0,0,0,0,0,0,0,0,0,0,0,0,0,0,1,0,0,0,0,1,0,0,0,0,1,0,0,0,1,0,1,0,0,0
0.8351654206389104,1.195249893687047,"5022.                  After examining and inspecting the accident site, the following was noted: While the vehicle causing the accident was coming from the west inside the intersection, heading to the north and was traveling to the far left, and the damaged vehicle was coming from the east towards the west and was traveling in the middle , and due to bypassing the red traffic light by the causing vehicle, it collided with the front left side of the damaged vehicle and the front right side of the vehicle causing the accident. The accident resulted in an injury to the driver who caused the accident and the damaged driver, and material damage to both vehicles, and so the accident occurred",-0.19746179160121255,-0.4015453331379524,0.6331117943832852,1,0,0,1,0,0,0,-0.2178226030176776,0,0,1,0,0,0,0,0,0,0,0,0,0,0,0,0,0,0,0,0,0,0,0,0,0,0,0,1,0,0,1,0,0,0,0,0,0,0,0,0,0,0,1,0,0,0,0,0,0,0,0,0,0,0,1,0,0,0,0,0,0,0,0,1,0,0,0,0,0,0,0,0,1,0,0,0,0,0,0,0,0,0,0,1,0,0,0,0,0,0,1,0,1,0,0,0,1,0,0,1,0,0,0,0
0.09026831875095438,1.195249893687047,"5023.                  After examining and inspecting the accident site, the following was noted: While the vehicle causing the accident was coming from the west inside the intersection, heading to the north and was traveling to the far left, and the damaged vehicle was coming from the east towards the west and was traveling in the middle , and due to bypassing the red traffic light by the causing vehicle, it collided with the front left side of the damaged vehicle and the front right side of the vehicle causing the accident. The accident resulted in an injury to the driver who caused the accident and the damaged driver, and material damage to both vehicles, and so the accident occurred",-0.19746179160121255,-0.4015453331379524,0.6331117943832852,0,1,0,1,0,0,0,-0.2178226030176776,0,0,1,0,0,0,0,0,0,0,0,0,0,0,0,0,0,0,0,0,0,0,0,0,0,0,0,1,0,0,1,0,0,0,0,0,0,0,0,0,0,0,1,0,0,0,0,0,0,0,0,0,0,0,1,0,0,0,0,0,0,0,0,1,0,0,0,0,0,0,0,0,1,0,0,0,0,0,0,0,0,0,0,1,0,0,0,0,0,0,1,0,1,0,0,0,1,0,0,0,1,0,0,0
-0.12255942464560447,0.07032736841483159,"5024.                  After examining and inspecting the accident site, the following was noted: While the vehicle causing the accident was coming from the west inside the intersection, heading to the north and was traveling to the far left, and the damaged vehicle was coming from the east towards the west and was traveling in the middle , and due to bypassing the red traffic light by the causing vehicle, it collided with the front left side of the damaged vehicle and the front right side of the vehicle causing the accident. The accident resulted in an injury to the driver who caused the accident and the damaged driver, and material damage to both vehicles, and so the accident occurred",-0.19746179160121255,-0.4015453331379524,0.6331117943832852,1,0,0,1,0,0,0,-0.20720648749698978,0,0,0,0,0,0,0,0,0,0,0,0,0,0,0,0,0,0,0,0,0,1,0,0,0,0,0,1,0,0,1,0,0,1,0,0,0,0,0,0,0,0,0,0,0,0,0,0,0,0,0,0,0,0,1,0,0,0,0,0,0,0,0,0,1,0,0,0,0,0,0,0,1,0,0,0,0,0,0,0,0,0,0,0,1,0,0,0,0,1,0,0,0,0,1,0,0,0,1,0,0,0,1,0
0.09026831875095438,1.112938489398836,"5025.                  After examining and inspecting the accident site, the following was noted: While the vehicle causing the accident was coming from the west inside the intersection, heading to the north and was traveling to the far left, and the damaged vehicle was coming from the east towards the west and was traveling in the middle , and due to bypassing the red traffic light by the causing vehicle, it collided with the front left side of the damaged vehicle and the front right side of the vehicle causing the accident. The accident resulted in an injury to the driver who caused the accident and the damaged driver, and material damage to both vehicles, and so the accident occurred",-0.19746179160121255,-0.4015453331379524,-0.3676863281700941,0,1,0,1,0,0,0,-0.09743366412327961,0,0,1,0,0,0,0,0,0,0,0,0,0,0,0,0,0,0,0,0,0,0,0,0,0,0,0,1,0,0,1,0,0,1,0,0,0,0,0,0,0,0,0,0,0,0,0,0,0,0,0,0,0,0,1,0,0,0,0,0,0,0,0,0,1,0,0,0,0,0,0,0,1,0,0,0,0,0,0,0,0,0,0,1,0,0,0,0,0,0,1,0,0,1,0,0,0,1,0,1,0,0,0,0
-0.28218023219302363,1.3873098370262058,"5026.                  After examining and inspecting the accident site, the following was noted: While the vehicle causing the accident was coming from the north and wanting to turn east and take the second lane from the left. Whereas the first damaged vehicle was traveling from the south towards the north and taking the second lane from the right, and the second damaged vehicle was coming from the same direction and driving on the far right. Because of the red light bypassed by the driver causing the accident, the front side of the first damaged vehicle collided with the rear right side of the damaged vehicle and the arrival of the second damaged vehicle, its front side collided with the right of the vehicle that caused the accident. Accident resulted in the injury of the driver, the passengers, and material damage to the vehicles. According to the plan, the accident occurred.",-0.19746179160121255,-0.4015453331379524,-0.0073990040508776864,0,1,0,1,0,0,0,0.11581892445466084,0,0,1,0,0,0,0,0,0,0,0,0,0,0,0,0,0,0,0,0,0,0,0,0,0,0,0,0,1,0,1,0,0,1,0,0,0,0,0,0,0,0,0,0,0,0,0,0,0,0,0,0,0,0,1,0,0,0,0,0,0,0,0,1,0,0,0,0,0,0,0,0,1,0,0,0,0,0,0,0,0,0,0,1,0,0,0,0,0,1,0,0,0,1,0,0,0,1,0,0,1,0,0,0
0.03706138290181467,1.3873098370262058,"5027.                  After examining and inspecting the accident site, the following was noted: While the vehicle causing the accident was coming from the north and wanting to turn east and take the second lane from the left. Whereas the first damaged vehicle was traveling from the south towards the north and taking the second lane from the right, and the second damaged vehicle was coming from the same direction and driving on the far right. Because of the red light bypassed by the driver causing the accident, the front side of the first damaged vehicle collided with the rear right side of the damaged vehicle and the arrival of the second damaged vehicle, its front side collided with the right of the vehicle that caused the accident. Accident resulted in the injury of the driver, the passengers, and material damage to the vehicles. According to the plan, the accident occurred.",-0.19746179160121255,-0.4015453331379524,-0.0073990040508776864,0,1,0,1,0,0,0,0.11581892445466084,0,0,1,0,0,0,0,0,0,0,0,0,0,0,0,0,0,0,0,0,0,0,0,0,0,0,0,0,1,0,1,0,0,1,0,0,0,0,0,0,0,0,0,0,0,0,0,0,0,0,0,0,0,0,1,0,0,0,0,0,0,0,0,1,0,0,0,0,0,0,0,0,1,0,0,0,0,0,0,0,0,0,0,1,0,0,0,0,0,0,1,0,1,0,0,0,1,0,0,0,1,0,0,0
-0.28218023219302363,1.3873098370262058,"5028.                  After examining and inspecting the accident site, the following was noted: While the vehicle causing the accident was coming from the north and wanting to turn east and take the second lane from the left. Whereas the first damaged vehicle was traveling from the south towards the north and taking the second lane from the right, and the second damaged vehicle was coming from the same direction and driving on the far right. Because of the red light bypassed by the driver causing the accident, the front side of the first damaged vehicle collided with the rear right side of the damaged vehicle and the arrival of the second damaged vehicle, its front side collided with the right of the vehicle that caused the accident. Accident resulted in the injury of the driver, the passengers, and material damage to the vehicles. According to the plan, the accident occurred.",-0.19746179160121255,-0.4015453331379524,-0.0073990040508776864,0,1,0,1,0,0,0,0.11581892445466084,0,0,1,0,0,0,0,0,0,0,0,0,0,0,0,0,0,0,0,0,0,0,0,0,0,0,0,0,1,0,1,0,0,1,0,0,0,0,0,0,0,0,0,0,0,0,0,0,0,0,0,0,0,0,1,0,0,0,0,0,0,0,0,1,0,0,0,0,0,0,0,0,1,0,0,0,0,0,0,0,0,0,0,1,0,0,0,0,0,1,0,0,0,1,0,0,0,1,0,0,1,0,0,0
-0.12255942464560447,0.1526387727030425,"5029.                  After examining and inspecting the accident site, the following was noted: While the vehicle causing the accident was coming from the north and wanting to turn east and take the second lane from the left. Whereas the first damaged vehicle was traveling from the south towards the north and taking the second lane from the right, and the second damaged vehicle was coming from the same direction and driving on the far right. Because of the red light bypassed by the driver causing the accident, the front side of the first damaged vehicle collided with the rear right side of the damaged vehicle and the arrival of the second damaged vehicle, its front side collided with the right of the vehicle that caused the accident. Accident resulted in the injury of the driver, the passengers, and material damage to the vehicles. According to the plan, the accident occurred.",-0.19746179160121255,-0.4015453331379524,0.6331117943832852,0,1,0,1,0,0,0,0.21141868638580325,0,0,0,0,0,0,0,0,0,0,1,0,0,0,0,0,0,0,0,0,0,0,0,0,0,0,0,0,1,0,1,0,0,1,0,0,0,0,0,0,0,0,0,0,0,0,0,0,0,0,0,0,1,0,0,0,0,0,0,0,0,0,0,0,1,0,0,0,0,0,1,0,0,0,0,0,0,0,0,0,0,0,0,0,0,0,0,1,0,1,0,0,1,0,0,0,1,0,0,0,1,0,0,0
-0.33538716804216334,-0.7665052418486458,"5030.                  After examining and inspecting the accident site, the following was noted: While the vehicle causing the accident was traveling from the south towards the north, the far right lane, and the run over person was crossing the road coming from the east towards the west on his feet and because of traffic misuse by the damaged driver and crossing without attention, and from a place not designated for the crossing of the Pedestrian, the Driver of the causing vehicle run over the person and the run over person fell about 12 meters in front of the vehicle affected by severe injuries and the vehicle at the site of the accident, according to the chart accident occurred.",-0.19746179160121255,2.490378837640347,-0.3676863281700941,0,1,0,1,0,0,0,0.21667202190119517,0,0,0,0,0,0,0,0,0,0,0,0,0,1,0,0,0,0,0,0,0,0,0,0,0,0,0,1,0,0,1,0,0,1,0,0,0,0,0,0,0,0,0,0,0,0,0,0,0,0,0,0,1,0,0,0,0,0,0,0,0,0,0,1,0,0,0,0,0,1,0,0,0,0,0,0,0,0,0,0,0,0,0,0,1,0,0,0,0,1,0,0,0,0,1,0,0,0,1,0,1,0,0,0
0.03706138290181467,-0.972283752569173,"5031.                  After examining and inspecting the accident site, the following was noted: While the vehicle causing the accident was traveling from the south towards the north, the far right lane, and the run over person was crossing the road coming from the east towards the west on his feet and because of traffic misuse by the damaged driver and crossing without attention, and from a place not designated for the crossing of the Pedestrian, the Driver of the causing vehicle run over the person and the run over person fell about 12 meters in front of the vehicle affected by severe injuries and the vehicle at the site of the accident, according to the chart accident occurred.",1.0226501309346883,-0.4015453331379524,-0.0073990040508776864,1,0,0,1,0,0,0,0.32614934515216454,0,0,1,0,0,0,0,0,0,0,0,0,0,0,0,0,0,0,0,0,0,0,0,0,0,0,0,1,0,0,1,0,0,0,0,1,0,0,0,0,0,0,0,0,0,0,0,0,0,0,0,0,0,0,1,0,0,0,0,0,0,0,0,1,0,0,0,0,0,0,0,0,1,0,0,0,0,0,0,0,0,0,0,0,0,1,0,0,0,0,1,0,1,0,0,0,1,0,0,0,0,0,0,1
0.19668219044923382,1.3873098370262058,"5032.                  After examining and inspecting the accident site, the following was noted: While the vehicle causing the accident was traveling from the south towards the north, the far right lane, and the run over person was crossing the road coming from the east towards the west on his feet and because of traffic misuse by the damaged driver and crossing without attention, and from a place not designated for the crossing of the Pedestrian, the Driver of the causing vehicle run over the person and the run over person fell about 12 meters in front of the vehicle affected by severe injuries and the vehicle at the site of the accident, according to the chart accident occurred.",1.0226501309346883,-0.4015453331379524,0.6331117943832852,1,0,0,1,0,0,0,0.33139173621856605,0,0,1,0,0,0,0,0,0,0,0,0,0,0,0,0,0,0,0,0,0,0,0,0,0,0,0,0,1,0,1,0,0,1,0,0,0,0,0,0,0,0,0,0,0,0,0,0,0,0,0,0,0,0,1,0,0,0,0,0,0,0,0,1,0,0,0,0,0,0,0,0,1,0,0,0,0,0,0,0,0,0,0,1,0,0,0,0,0,0,1,0,0,1,0,0,0,1,0,0,0,0,0,1
1.3672347791303074,-0.9860023199505414,"5033.                  After examining and inspecting the accident site, the following was noted: While the vehicle causing the accident was traveling from the south towards the north, the far right lane, and the run over person was crossing the road coming from the east towards the west on his feet and because of traffic misuse by the damaged driver and crossing without attention, and from a place not designated for the crossing of the Pedestrian, the Driver of the causing vehicle run over the person and the run over person fell about 12 meters in front of the vehicle affected by severe injuries and the vehicle at the site of the accident, according to the chart accident occurred.",-1.4175737141371132,2.490378837640347,-1.3684844507234735,0,1,0,1,0,0,0,0.5450054916131897,0,0,0,0,0,0,0,0,0,0,0,0,0,1,0,0,0,0,0,0,0,0,0,0,0,0,0,0,1,0,1,0,0,1,0,0,0,0,0,0,0,0,0,0,0,0,0,0,0,0,0,0,0,0,1,0,0,0,0,0,0,0,0,1,0,0,0,0,0,0,0,0,1,0,0,0,0,0,0,0,0,0,0,0,1,0,0,0,0,1,0,0,0,0,1,0,0,0,1,0,1,0,0,0