Age of the injured,Str Code,Accident Description,Road speed limit,Pedestrian action,Number of Lanes,Gender_F,Gender_M,Week_Fifth week,Week_First week,Week_Fourth week,Week_Second week,Week_Third week,Date_time,Reasons__??? ????? ?????? ?????? ???? ????? ??? ???? ???????,Reasons__???? ?? ??????? (???),Reasons__Bypassing the red traffic light,Reasons__Driving back without attention,Reasons__Driving back without traffic clearance,Reasons__Driving in the opposite direction,Reasons__Entering main road without traffic clearance,Reasons__Exceeding speed limit,Reasons__Fatigue and drowsiness,Reasons__Faults in the road,Reasons__Ignoring road lane,Reasons__Ignoring traffic lights,Reasons__Lack of driving awareness,Reasons__Misuse of traffic,Reasons__Negligence and inobservance,Reasons__Negligent driving,Reasons__Not giving priority to pedestrian crossing,Reasons__Not giving way / not giving priority,Reasons__Not leaving enough space,Reasons__Not observing the stop sign,Reasons__Not securing vehicle stability while stopping,Reasons__Speedy without taking road conditions into account,Reasons__Sudden deviation,Reasons__Sudden stop,Reasons__Tyre burst,Reasons__under influence of intoxicant or narcotic drug,__Al Madina Police Station,__Khaldiya Police Station,__Shaabiya Police Station,Streetname_Intersection,Streetname_Street,place__Bridge / Tunnel,place__Coastal area,place__Commercial area,place__Fuel Station,place__Govt. authority,place__Hospital,place__Island,place__Mosque,place__One level intersection,place__Other,place__Park,place__Residential area,place__Sand area,place__School,place__Work area,place__external road,place__unknown,location__ ,location__Bridge,location__Bridge /  Tunnel,location__Car parking,location__Double road,location__Highway,location__Intersection,location__Off the road,location__Other(specify),location__Roundabout,location__Side parking,location__Single road,location__Tunnel,location__Two-way road,location__Unknown,lighting__day,lighting__night - enough lights,lighting__night - weak lights,intersection__Deviated intersection,intersection__Half Perpendicular Intersection,intersection__Multiple leg Intersection,intersection__Not on Intersection,intersection__Not on or around 20 meters,intersection__Other,intersection__Perpendicular Intersection,intersection__Roundabout,intersection__Turn ,accidentype__Collision while turning,accidentype__Fall,accidentype__Hitting a moving object off the road,accidentype__Hitting a moving object on the road,accidentype__Hitting a stationary object off the road,accidentype__Hitting a stationary object on the road,accidentype__Multiple collision,accidentype__Other (specify),accidentype__Perpendicular collision,accidentype__Person run over,accidentype__Rear collision,accidentype__Reciprocal collision,accidentype__Side collision,accidentype__deterioration,seat belt_N,seat belt_Y,seat_Back passenger seat,seat_Driver's seat,seat_Front passenger seat,seat_No passenger,seat_bike passenger,position_Driver,position_Passenger,position_Pedestrian,nationality_Arab States,nationality_Asian States,nationality_GCC,nationality_Other,nationality_UAE
0.35630299799665294,0.07032736841483159,"5034.                  After examining and inspecting the accident site, the following was noted: While the vehicle causing the accident was coming from the west inside the intersection, heading to the north and was traveling to the far left, and the damaged vehicle was coming from the east towards the west and was traveling in the middle , and due to bypassing the red traffic light by the causing vehicle, it collided with the front left side of the damaged vehicle and the front right side of the vehicle causing the accident. The accident resulted in an injury to the driver who caused the accident and the damaged driver, and material damage to both vehicles, and so the accident occurred",-0.19746179160121255,-0.4015453331379524,-0.3676863281700941,0,1,0,1,0,0,0,0.5480152150855496,0,0,1,0,0,0,0,0,0,0,0,0,0,0,0,0,0,0,0,0,0,0,0,0,0,0,0,1,0,0,1,0,0,1,0,0,0,0,0,0,0,0,0,0,0,0,0,0,0,0,0,0,0,0,1,0,0,0,0,0,0,0,0,1,0,0,0,1,0,0,0,0,0,0,0,0,0,0,0,0,0,0,0,1,0,0,0,0,0,0,1,0,1,0,0,0,1,0,0,0,1,0,0,0
-0.6546287831370016,0.9757528155851514,"5035.                  After examining and inspecting the accident site, the following was noted: While the vehicle causing the accident was coming from the west inside the intersection, heading to the north and was traveling to the far left, and the damaged vehicle was coming from the east towards the west and was traveling in the middle , and due to bypassing the red traffic light by the causing vehicle, it collided with the front left side of the damaged vehicle and the front right side of the vehicle causing the accident. The accident resulted in an injury to the driver who caused the accident and the damaged driver, and material damage to both vehicles, and so the accident occurred",-0.19746179160121255,-0.4015453331379524,-0.3676863281700941,0,1,0,1,0,0,0,0.5548554957045495,0,0,0,0,0,0,0,0,0,0,1,0,0,0,0,0,0,0,0,0,0,0,0,0,0,0,0,1,0,0,1,0,0,0,0,0,0,0,1,0,0,0,0,0,0,0,0,0,0,0,0,0,0,0,1,0,0,0,0,0,0,0,0,0,1,0,0,0,0,0,0,0,1,0,0,0,0,0,0,0,0,0,0,0,0,0,0,1,0,1,0,0,1,0,0,0,1,0,0,0,1,0,0,0
-1.4527328208740973,-0.944846617806436,"5036.                  After examining and inspecting the accident site, the following was noted: The vehicle causing the accident was coming from west towards east on the second lane from the left and the damaged vehicle was coming from east towards west on the second lane from the left side in the opposite direction and due to overspeed without taking road conditions into account and not taking the necessary precautions to change the lane, the vehicle causing the accident deviated and hit the sidewalk and entered the opposite street and the front of the vehicle causing the accident hit the left side of the damaged vehicle. According to the chart, the accident occurred.",2.2427620534705888,-0.4015453331379524,0.6331117943832852,0,1,0,1,0,0,0,0.5582482748915735,0,0,0,0,0,0,0,0,0,0,0,0,0,0,0,0,0,0,0,0,0,1,0,0,0,0,0,1,0,0,1,0,0,0,1,0,0,0,0,0,0,0,0,0,0,0,0,0,0,0,0,0,1,0,0,0,0,0,0,0,0,0,0,0,1,0,0,0,0,0,1,0,0,0,0,0,0,0,0,0,1,0,0,0,0,0,0,0,0,1,0,1,0,0,0,0,0,1,0,0,0,0,0,1
-1.505939756723237,-0.944846617806436,"5037.                  After examining and inspecting the accident site, the following was noted: The vehicle causing the accident was coming from west towards east on the second lane from the left and the damaged vehicle was coming from east towards west on the second lane from the left side in the opposite direction and due to overspeed without taking road conditions into account and not taking the necessary precautions to change the lane, the vehicle causing the accident deviated and hit the sidewalk and entered the opposite street and the front of the vehicle causing the accident hit the left side of the damaged vehicle. According to the chart, the accident occurred.",2.2427620534705888,-0.4015453331379524,0.6331117943832852,1,0,0,1,0,0,0,0.5582482748915735,0,0,0,0,0,0,0,0,0,0,0,0,0,0,0,0,0,0,0,0,0,1,0,0,0,0,0,1,0,0,1,0,0,0,1,0,0,0,0,0,0,0,0,0,0,0,0,0,0,0,0,0,1,0,0,0,0,0,0,0,0,0,0,0,1,0,0,0,0,0,1,0,0,0,0,0,0,0,0,0,1,0,0,0,0,0,0,0,0,1,0,1,0,0,0,0,0,1,0,0,0,0,0,1
-1.3995258850249577,-0.944846617806436,"5038.                  After examining and inspecting the accident site, the following was noted: The vehicle causing the accident was coming from west towards east on the second lane from the left and the damaged vehicle was coming from east towards west on the second lane from the left side in the opposite direction and due to overspeed without taking road conditions into account and not taking the necessary precautions to change the lane, the vehicle causing the accident deviated and hit the sidewalk and entered the opposite street and the front of the vehicle causing the accident hit the left side of the damaged vehicle. According to the chart, the accident occurred.",2.2427620534705888,-0.4015453331379524,0.6331117943832852,1,0,0,1,0,0,0,0.5582482748915735,0,0,0,0,0,0,0,0,0,0,0,0,0,0,0,0,0,0,0,0,0,1,0,0,0,0,0,1,0,0,1,0,0,0,1,0,0,0,0,0,0,0,0,0,0,0,0,0,0,0,0,0,1,0,0,0,0,0,0,0,0,0,0,0,1,0,0,0,0,0,1,0,0,0,0,0,0,0,0,0,1,0,0,0,0,0,0,0,0,1,0,1,0,0,0,0,0,1,0,0,0,0,0,1
-0.6014218472878619,-0.944846617806436,"5039.                  After examining and inspecting the accident site, the following was noted: The vehicle causing the accident was coming from west towards east on the second lane from the left and the damaged vehicle was coming from east towards west on the second lane from the left side in the opposite direction and due to overspeed without taking road conditions into account and not taking the necessary precautions to change the lane, the vehicle causing the accident deviated and hit the sidewalk and entered the opposite street and the front of the vehicle causing the accident hit the left side of the damaged vehicle. According to the chart, the accident occurred.",2.2427620534705888,-0.4015453331379524,0.6331117943832852,0,1,0,1,0,0,0,0.5582482748915735,0,0,0,0,0,0,0,0,0,0,0,0,0,0,0,0,0,0,0,0,0,1,0,0,0,0,0,1,0,0,1,0,0,0,1,0,0,0,0,0,0,0,0,0,0,0,0,0,0,0,0,0,1,0,0,0,0,0,0,0,0,0,0,0,1,0,0,0,0,0,1,0,0,0,0,0,0,0,0,0,1,0,0,0,0,0,0,0,0,0,1,0,1,0,0,0,1,0,0,0,0,0,0,1
0.8883723564880501,-0.9997208873319099,"5040.                  After examining and inspecting the accident site, the following was noted: The vehicle causing the accident was coming from west towards east on the second lane from the left and the damaged vehicle was coming from east towards west on the second lane from the left side in the opposite direction and due to overspeed without taking road conditions into account and not taking the necessary precautions to change the lane, the vehicle causing the accident deviated and hit the sidewalk and entered the opposite street and the front of the vehicle causing the accident hit the left side of the damaged vehicle. According to the chart, the accident occurred.",1.0226501309346883,-0.4015453331379524,0.6331117943832852,0,1,0,1,0,0,0,0.6667624866313877,0,0,0,0,0,0,0,0,0,0,0,0,0,0,0,0,0,0,1,0,0,0,0,0,0,0,0,0,1,0,1,1,0,0,0,0,0,0,0,0,0,0,0,0,0,0,0,0,0,0,0,0,1,0,0,0,0,0,0,0,0,0,0,0,1,0,0,0,0,0,1,0,0,0,0,0,0,0,0,0,0,0,0,0,0,1,0,0,0,1,0,0,0,1,0,0,0,1,0,0,1,0,0,0
0.8351654206389104,-0.944846617806436,"5041.                  After examining and inspecting the accident site, the following was noted: The vehicle causing the accident was coming from west towards east on the second lane from the left and the damaged vehicle was coming from east towards west on the second lane from the left side in the opposite direction and due to overspeed without taking road conditions into account and not taking the necessary precautions to change the lane, the vehicle causing the accident deviated and hit the sidewalk and entered the opposite street and the front of the vehicle causing the accident hit the left side of the damaged vehicle. According to the chart, the accident occurred.",2.2427620534705888,-0.4015453331379524,0.6331117943832852,0,1,0,1,0,0,0,0.7584769691709381,0,0,0,0,0,0,0,0,0,0,0,0,0,0,0,0,0,0,0,0,0,0,0,0,0,1,0,1,0,0,1,0,0,0,0,1,0,0,0,0,0,0,0,0,0,0,0,0,0,0,0,0,1,0,0,0,0,0,0,0,0,0,0,0,1,0,0,0,0,1,0,0,0,0,0,0,0,0,0,0,0,0,0,0,0,0,0,0,1,0,1,0,1,0,0,0,1,0,0,1,0,0,0,0
1.3672347791303074,0.9894713829665198,"5042.                  After examining and inspecting the accident site, the following was noted: While the vehicle causing accident was traveling from the south towards the north on Al Falah Street towards the intersection on the middle lane on the right, and because the driver did not adhere to the mandatory driving line, he suddenly veered toward the filter without taking precautions and Caution when entering the lane coincides with the arrival of the damaged vehicle, which was the lane in the far right lane, and collided with the front left side of the damaged vehicle with the rear right side of the damaged vehicle, and the vehicles stopped at the site of the accident, leaving the passenger with moderate injury and moderate damage to the vehicles, according to the chart.",-0.19746179160121255,-0.4015453331379524,0.6331117943832852,1,0,0,1,0,0,0,0.767177806118306,0,0,0,0,0,0,0,0,0,0,1,0,0,0,0,0,0,0,0,0,0,0,0,0,0,0,0,0,1,0,1,0,0,0,0,0,0,0,0,0,0,0,0,0,1,0,0,0,0,0,0,0,1,0,0,0,0,0,0,0,0,0,0,1,0,0,0,0,0,1,0,0,0,0,0,0,0,0,0,0,0,0,0,0,0,0,0,1,0,1,0,1,0,0,0,0,0,1,0,1,0,0,0,0
0.6755446130914913,-0.8625352135182252,"5043.                  After examining and inspecting the accident site, the following was noted: While the vehicle causing the accident was traveling from the south towards the north on the right lane, and the person being run over was crossing the road from the west towards the east on a place not designated for the Pedestrian, and due to the failure of the vehicle to comply with traffic instructions and entering the main road through a place not designated for the Pedestrian and misuse of traffic by the Driver of the vehicle causing the accident and ran over the person while entering the road in front of the Driver who caused the accident. The accident resulted in the injury of the person with moderate injuries and material damage to the vehicle. The accident was planned.",-0.19746179160121255,2.490378837640347,-0.3676863281700941,0,1,0,1,0,0,0,0.9862309526611583,0,0,0,0,0,0,0,0,0,0,0,0,0,1,0,0,0,0,0,0,0,0,0,0,0,0,0,0,1,0,1,0,0,1,0,0,0,0,0,0,0,0,0,0,0,0,0,0,0,0,0,0,1,0,0,0,0,0,0,0,0,0,0,1,0,0,0,0,0,0,1,0,0,0,0,0,0,0,0,0,0,0,0,0,1,0,0,0,0,1,0,0,0,0,1,0,0,0,1,0,1,0,0,0
-0.06935248879646476,0.3035430138980958,"5044.                  After examining and inspecting the accident site, the following was noted: The causing vehicle was coming from the east towards the west, following the right lane, while the two damaged vehicles were coming from the north towards the south, the first vehicle was passing the middle lane, and the second, using the right lane, and because of the causing vehicle bypassing the red light signal, this led to the occurrence of the accident, as the front of the two damaged vehicles collided on the right side of the causing vehicle. The accident resulted in physical injuries and material damage to the vehicles, according to the chart, the accident occurred.",-0.19746179160121255,-0.4015453331379524,0.6331117943832852,0,1,0,1,0,0,0,1.2025370425074202,0,0,1,0,0,0,0,0,0,0,0,0,0,0,0,0,0,0,0,0,0,0,0,0,0,0,0,1,0,0,1,0,0,1,0,0,0,0,0,0,0,0,0,0,0,0,0,0,0,0,0,0,0,0,1,0,0,0,0,0,0,0,0,1,0,0,0,0,1,0,0,0,0,0,0,0,0,0,0,0,0,0,0,1,0,0,0,0,0,0,1,0,1,0,0,0,1,0,0,0,1,0,0,0
0.1434752546000941,0.3035430138980958,"5045.                  After examining and inspecting the accident site, the following was noted: The causing vehicle was coming from the east toward the west, while the two damaged vehicles were coming from the north towards the south, the affected first passing the middle lane and the second using the right lane and because of the causing vehicle bypassing the red light signal, this led to the occurrence of the accident, as the front of the two damaged vehicles collided on the right side of the causing vehicle. The accident resulted in physical injuries and material damage to the vehicles, according to the chart, the accident occurred.",-0.19746179160121255,-0.4015453331379524,0.6331117943832852,0,1,0,1,0,0,0,1.2025370425074202,0,0,1,0,0,0,0,0,0,0,0,0,0,0,0,0,0,0,0,0,0,0,0,0,0,0,0,1,0,0,1,0,0,1,0,0,0,0,0,0,0,0,0,0,0,0,0,0,0,0,0,0,0,0,1,0,0,0,0,0,0,0,0,1,0,0,0,0,1,0,0,0,0,0,0,0,0,0,0,0,0,0,0,1,0,0,0,0,0,1,0,0,1,0,0,0,1,0,0,0,1,0,0,0
0.5691307413932118,-0.7665052418486458,"5046.                  After examining and inspecting the accident site, the following was noted: While the damaged vehicle was coming from the west and heading towards the east, taking the right lane of the road, and due to the damaged vehicle, the causing vehicle collided with its front and right front side to the rear of the damaged vehicle. and due to the drift of the damaged vehicle after the collision with the causing vehicle, it ran over the vehicle at the front of the vehicle and the accident resulted in the injury of the person with a moderate injury as well as material damage to the two vehicles was revealed according to the drawing in the chart, the accident occurred.",-0.19746179160121255,2.490378837640347,-0.3676863281700941,0,1,0,1,0,0,0,1.208162489288486,0,0,0,0,0,0,0,0,0,0,0,0,0,0,0,0,0,0,1,0,0,0,0,0,0,0,1,0,0,0,1,0,0,1,0,0,0,0,0,0,0,0,0,0,0,0,0,0,0,0,0,0,1,0,0,0,0,0,0,0,0,0,0,1,0,0,0,0,0,0,1,0,0,0,0,0,0,0,0,0,0,0,0,0,0,1,0,0,0,1,0,0,0,0,1,0,0,0,1,0,1,0,0,0
-0.6014218472878619,-0.972283752569173,"5047.                  After examining and inspecting the accident site, the following was noted: While the damaged vehicle was coming from the west towards the east and north, the vehicle was traveling on the far-left lane, and the damaged vehicle was coming from the east toward the west and the second lane was passed from the left and due to bypassing the red light by the damaged vehicle, the front side of the damaged vehicle collided with the front right side of the damaged vehicle. The accident resulted in injury to the damaged driver and material damage to the vehicles, as planned, the accident occurred.",-0.19746179160121255,-0.4015453331379524,0.6331117943832852,1,0,0,1,0,0,0,1.323462259402348,0,0,1,0,0,0,0,0,0,0,0,0,0,0,0,0,0,0,0,0,0,0,0,0,0,0,0,0,1,0,1,0,0,0,0,0,0,0,0,0,0,1,0,0,0,0,0,0,0,0,0,0,0,0,1,0,0,0,0,0,0,0,0,0,1,0,0,0,0,0,1,0,0,0,0,0,0,0,0,0,0,0,0,1,0,0,0,0,0,0,1,0,1,0,0,0,1,0,0,0,0,0,0,1
0.03706138290181467,-0.972283752569173,"5048.                  After examining and inspecting the accident site, the following was noted: While the causing vehicle was coming from west towards east on Sheikh Rashid Street and when turning right towards the south, and due to overspeed without taking road conditions into account, the vehicle deviated from its lane towards the sidewalk and collided with lighting pole that fell on the ground, and the vehicle stops at the pillar with severe damage, and according to the plan, the accident occurred",-1.4175737141371132,-0.4015453331379524,-1.3684844507234735,1,0,0,1,0,0,0,1.3187233129895048,0,0,0,0,0,0,0,0,0,0,0,0,0,0,0,0,0,0,0,0,0,1,0,0,0,0,0,1,0,0,1,0,0,1,0,0,0,0,0,0,0,0,0,0,0,0,0,0,0,0,0,0,0,0,0,0,0,0,0,1,0,0,0,1,0,0,0,0,0,1,0,0,0,0,0,0,0,0,0,1,0,0,0,0,0,0,0,0,0,1,0,0,1,0,0,0,1,0,0,1,0,0,0,0
-0.5482149114387221,-0.944846617806436,"5049.                  After examining and inspecting the accident site, the following was noted: While the causing vehicle was coming from the west towards the east, taking the middle lane from the left, the driver changed the lane without taking precautions and happened to change its lane as the damaged vehicle was taking the second lane from the right. Coming from the same direction and due to the deviation by the Driver of the causing vehicle, the vehicle collided with the damaged vehicle, the causing vehicle collided with the door and the rear right side with the left front side and of the damaged vehicle, so the damaged vehicle deviated from its lane and hit the sidewalk strongly and deteriorated after that, leaving injuries to the passengers and the Driver. As for the damaged vehicle, it stopped in the middle of the road, and according to the plan, the accident occurred",3.4628739760064895,-0.4015453331379524,1.6339099169366647,0,1,0,1,0,0,0,1.415855297779303,0,0,0,0,0,0,0,0,0,0,1,0,0,0,0,0,0,0,0,0,0,0,0,0,0,0,0,1,0,0,1,0,0,0,0,1,0,0,0,0,0,0,0,0,0,0,0,0,0,0,0,0,1,0,0,0,0,0,0,0,0,0,0,1,0,0,0,0,0,1,0,0,0,0,0,0,0,0,0,0,0,0,0,0,0,0,0,1,0,1,0,1,0,0,0,0,0,1,0,0,0,0,1,0
-0.44180103974044277,-0.944846617806436,"5050.                  After examining and inspecting the accident site, the following was noted: While the causing vehicle was coming from the west towards the east, taking the middle lane from the left, the driver changed the lane without taking precautions and happened to change its lane as the damaged vehicle was taking the second lane from the right. Coming from the same direction and due to the deviation by the Driver of the causing vehicle, the vehicle collided with the damaged vehicle, the causing vehicle collided with the door and the rear right side with the left front side and of the damaged vehicle, so the damaged vehicle deviated from its lane and hit the sidewalk strongly and deteriorated after that, leaving injuries to the passengers and the Driver. As for the damaged vehicle, it stopped in the middle of the road, and according to the plan, the accident occurred",3.4628739760064895,-0.4015453331379524,1.6339099169366647,0,1,0,1,0,0,0,1.415855297779303,0,0,0,0,0,0,0,0,0,0,1,0,0,0,0,0,0,0,0,0,0,0,0,0,0,0,0,1,0,0,1,0,0,0,0,1,0,0,0,0,0,0,0,0,0,0,0,0,0,0,0,0,1,0,0,0,0,0,0,0,0,0,0,1,0,0,0,0,0,1,0,0,0,0,0,0,0,0,0,0,0,0,0,0,0,0,0,1,0,1,0,1,0,0,0,0,0,1,0,0,0,0,1,0
-0.33538716804216334,-0.944846617806436,"5051.                  After examining and inspecting the accident site, the following was noted: While the causing vehicle was coming from the west towards the east, taking the middle lane from the left, the driver changed the lane without taking precautions and happened to change its lane as the damaged vehicle was taking the second lane from the right. Coming from the same direction and due to the deviation by the Driver of the causing vehicle, the vehicle collided with the damaged vehicle, the causing vehicle collided with the door and the rear right side with the left front side and of the damaged vehicle, so the damaged vehicle deviated from its lane and hit the sidewalk strongly and deteriorated after that, leaving injuries to the passengers and the Driver. As for the damaged vehicle, it stopped in the middle of the road, and according to the plan, the accident occurred",3.4628739760064895,-0.4015453331379524,1.6339099169366647,0,1,0,1,0,0,0,1.415855297779303,0,0,0,0,0,0,0,0,0,0,1,0,0,0,0,0,0,0,0,0,0,0,0,0,0,0,0,1,0,0,1,0,0,0,0,1,0,0,0,0,0,0,0,0,0,0,0,0,0,0,0,0,1,0,0,0,0,0,0,0,0,0,0,1,0,0,0,0,0,1,0,0,0,0,0,0,0,0,0,0,0,0,0,0,0,0,0,1,0,0,1,0,0,1,0,0,0,1,0,0,0,0,1,0
0.1434752546000941,-0.944846617806436,"5052.                  After examining and inspecting the accident site, the following was noted: While the causing vehicle was coming from the west towards the east, taking the middle lane from the left, the driver changed the lane without taking precautions and happened to change its lane as the damaged vehicle was taking the second lane from the right. Coming from the same direction and due to the deviation by the Driver of the causing vehicle, the vehicle collided with the damaged vehicle, the causing vehicle collided with the door and the rear right side with the left front side and of the damaged vehicle, so the damaged vehicle deviated from its lane and hit the sidewalk strongly and deteriorated after that, leaving injuries to the passengers and the Driver. As for the damaged vehicle, it stopped in the middle of the road, and according to the plan, the accident occurred",3.4628739760064895,-0.4015453331379524,1.6339099169366647,0,1,0,1,0,0,0,1.415855297779303,0,0,0,0,0,0,0,0,0,0,1,0,0,0,0,0,0,0,0,0,0,0,0,0,0,0,0,1,0,0,1,0,0,0,0,1,0,0,0,0,0,0,0,0,0,0,0,0,0,0,0,0,1,0,0,0,0,0,0,0,0,0,0,1,0,0,0,0,0,1,0,0,0,0,0,0,0,0,0,0,0,0,0,0,0,0,0,1,0,1,0,1,0,0,0,0,0,1,0,0,0,0,1,0
-0.33538716804216334,-0.944846617806436,"5053.                  After examining and inspecting the accident site, the following was noted: While the causing vehicle was coming from the west towards the east, taking the middle lane from the left, the driver changed the lane without taking precautions and happened to change its lane as the damaged vehicle was taking the second lane from the right. Coming from the same direction and due to the deviation by the Driver of the causing vehicle, the vehicle collided with the damaged vehicle, the causing vehicle collided with the door and the rear right side with the left front side and of the damaged vehicle, so the damaged vehicle deviated from its lane and hit the sidewalk strongly and deteriorated after that, leaving injuries to the passengers and the Driver. As for the damaged vehicle, it stopped in the middle of the road, and according to the plan, the accident occurred",3.4628739760064895,-0.4015453331379524,1.6339099169366647,0,1,0,1,0,0,0,1.415855297779303,0,0,0,0,0,0,0,0,0,0,1,0,0,0,0,0,0,0,0,0,0,0,0,0,0,0,0,1,0,0,1,0,0,0,0,1,0,0,0,0,0,0,0,0,0,0,0,0,0,0,0,0,1,0,0,0,0,0,0,0,0,0,0,1,0,0,0,0,0,1,0,0,0,0,0,0,0,0,0,0,0,0,0,0,0,0,0,1,0,0,1,0,1,0,0,0,1,0,0,0,0,0,1,0
0.8883723564880501,-1.1643436959083318,"5054.                  After examining and inspecting the accident site, the following was noted: The two vehicles causing the accident were coming from the north towards the south, the first causing vehicle was taking the far right lane (the emergency lane), and the second causing vehicle was taking the right lane and because of the deviation of one of the two vehicles and not taking precautions to change the lane, the right side mirror collided with the bike driver's body, which led to the driver falling on the ground, and according to the chart, the accident occurred",2.2427620534705888,-0.4015453331379524,0.6331117943832852,0,1,0,1,0,0,0,1.5312645123830693,0,0,0,0,0,0,0,0,0,0,1,0,0,0,0,0,0,0,0,0,0,0,0,0,0,0,1,0,0,0,1,1,0,0,0,0,0,0,0,0,0,0,0,0,0,0,0,0,0,0,0,0,1,0,0,0,0,0,0,0,0,0,0,1,0,0,0,0,0,0,1,0,0,0,0,0,0,0,0,0,0,0,0,0,0,0,0,1,0,1,0,0,1,0,0,0,1,0,0,0,0,0,1,0
-1.2399050774775384,-0.8625352135182252,"5055.                  After examining and inspecting the accident site, the following was noted: The damaged vehicle was on the left lane and stopped at the intersection due to the traffic red light. The vehicle causing the accident was coming from the north towards the south and taking the left lane, and due to not leaving enough space between the two vehicles, the front of the vehicle causing the accident collided with the rear of the damaged vehicle, and according to the plan the accident occurred.",-0.19746179160121255,-0.4015453331379524,0.6331117943832852,1,0,0,1,0,0,0,1.5345478470801892,0,0,0,0,0,0,0,0,0,0,0,0,0,0,0,0,0,0,1,0,0,0,0,0,0,0,0,1,0,0,1,1,0,0,0,0,0,0,0,0,0,0,0,0,0,0,0,0,0,0,0,0,0,0,1,0,0,0,0,0,0,0,0,1,0,0,0,0,0,0,1,0,0,0,0,0,0,0,0,0,0,0,0,0,0,1,0,0,0,1,0,1,0,0,0,0,0,1,0,1,0,0,0,0
0.8351654206389104,-0.8625352135182252,"5056.                  After examining and inspecting the accident site, the following was noted: The damaged vehicle was on the left lane and stopped at the intersection due to the traffic red light. The vehicle causing the accident was coming from the north towards the south and taking the left lane, and due to not leaving enough space between the two vehicles, the front of the vehicle causing the accident collided with the rear of the damaged vehicle, and according to the plan the accident occurred.",-0.19746179160121255,-0.4015453331379524,0.6331117943832852,1,0,0,1,0,0,0,1.5345478470801892,0,0,0,0,0,0,0,0,0,0,0,0,0,0,0,0,0,0,1,0,0,0,0,0,0,0,0,1,0,0,1,1,0,0,0,0,0,0,0,0,0,0,0,0,0,0,0,0,0,0,0,0,0,0,1,0,0,0,0,0,0,0,0,1,0,0,0,0,0,0,1,0,0,0,0,0,0,0,0,0,0,0,0,0,0,1,0,0,0,1,0,1,0,0,0,0,0,1,0,1,0,0,0,0
-0.5482149114387221,-0.8625352135182252,"5057.                  After examining and inspecting the accident site, the following was noted: The damaged vehicle was on the left lane and stopped at the intersection due to the traffic red light. The vehicle causing the accident was coming from the north towards the south and taking the left lane, and due to not leaving enough space between the two vehicles, the front of the vehicle causing the accident collided with the rear of the damaged vehicle, and according to the plan the accident occurred.",-0.19746179160121255,-0.4015453331379524,0.6331117943832852,1,0,0,1,0,0,0,1.5345478470801892,0,0,0,0,0,0,0,0,0,0,0,0,0,0,0,0,0,0,1,0,0,0,0,0,0,0,0,1,0,0,1,1,0,0,0,0,0,0,0,0,0,0,0,0,0,0,0,0,0,0,0,0,0,0,1,0,0,0,0,0,0,0,0,1,0,0,0,0,0,0,1,0,0,0,0,0,0,0,0,0,0,0,0,0,0,1,0,0,0,0,1,0,0,1,0,0,0,1,0,1,0,0,0,0
-0.016145552947325045,-0.8625352135182252,"5058.                  After examining and inspecting the accident site, the following was noted: The damaged vehicle was on the left lane and stopped at the intersection due to the traffic red light. The vehicle causing the accident was coming from the north towards the south and taking the left lane, and due to not leaving enough space between the two vehicles, the front of the vehicle causing the accident collided with the rear of the damaged vehicle, and according to the plan the accident occurred.",-0.19746179160121255,-0.4015453331379524,0.6331117943832852,0,1,0,1,0,0,0,1.5345478470801892,0,0,0,0,0,0,0,0,0,0,0,0,0,0,0,0,0,0,1,0,0,0,0,0,0,0,0,1,0,0,1,1,0,0,0,0,0,0,0,0,0,0,0,0,0,0,0,0,0,0,0,0,0,0,1,0,0,0,0,0,0,0,0,1,0,0,0,0,0,0,1,0,0,0,0,0,0,0,0,0,0,0,0,0,0,1,0,0,0,0,1,0,1,0,0,0,1,0,0,1,0,0,0,0
-0.12255942464560447,-0.8213795113741197,"5059.                  After examining and inspecting the accident site, the following was noted: While the vehicle causing the accident was moving backward from the east towards the west inside the parking lot, the runover woman was walking in the parking lot from the north towards the south according to the initial plan of the accident site and due to the lack of attention of the driver causing the accident while moving backward, the rear of her vehicle ran over the woman while she was walking according to the chart. The accident resulted in a moderate injury to the woman, and there was no damage to the vehicle.",-2.637685636673014,2.490378837640347,-2.3692825732768528,1,0,0,1,0,0,0,1.5355547363873059,0,0,0,1,0,0,0,0,0,0,0,0,0,0,0,0,0,0,0,0,0,0,0,0,0,0,0,1,0,0,1,0,0,1,0,0,0,0,0,0,0,0,0,0,0,0,0,0,0,0,0,1,0,0,0,0,0,0,0,0,0,0,0,1,0,0,0,0,0,1,0,0,0,0,0,0,0,0,0,0,0,0,0,0,1,0,0,0,0,1,0,0,0,0,1,0,0,0,1,1,0,0,0,0