Age of the injured,Str Code,Accident Description,Road speed limit,Pedestrian action,Number of Lanes,Gender_F,Gender_M,Week_Fifth week,Week_First week,Week_Fourth week,Week_Second week,Week_Third week,Date_time,Reasons__??? ????? ?????? ?????? ???? ????? ??? ???? ???????,Reasons__???? ?? ??????? (???),Reasons__Bypassing the red traffic light,Reasons__Driving back without attention,Reasons__Driving back without traffic clearance,Reasons__Driving in the opposite direction,Reasons__Entering main road without traffic clearance,Reasons__Exceeding speed limit,Reasons__Fatigue and drowsiness,Reasons__Faults in the road,Reasons__Ignoring road lane,Reasons__Ignoring traffic lights,Reasons__Lack of driving awareness,Reasons__Misuse of traffic,Reasons__Negligence and inobservance,Reasons__Negligent driving,Reasons__Not giving priority to pedestrian crossing,Reasons__Not giving way / not giving priority,Reasons__Not leaving enough space,Reasons__Not observing the stop sign,Reasons__Not securing vehicle stability while stopping,Reasons__Speedy without taking road conditions into account,Reasons__Sudden deviation,Reasons__Sudden stop,Reasons__Tyre burst,Reasons__under influence of intoxicant or narcotic drug,__Al Madina Police Station,__Khaldiya Police Station,__Shaabiya Police Station,Streetname_Intersection,Streetname_Street,place__Bridge / Tunnel,place__Coastal area,place__Commercial area,place__Fuel Station,place__Govt. authority,place__Hospital,place__Island,place__Mosque,place__One level intersection,place__Other,place__Park,place__Residential area,place__Sand area,place__School,place__Work area,place__external road,place__unknown,location__ ,location__Bridge,location__Bridge /  Tunnel,location__Car parking,location__Double road,location__Highway,location__Intersection,location__Off the road,location__Other(specify),location__Roundabout,location__Side parking,location__Single road,location__Tunnel,location__Two-way road,location__Unknown,lighting__day,lighting__night - enough lights,lighting__night - weak lights,intersection__Deviated intersection,intersection__Half Perpendicular Intersection,intersection__Multiple leg Intersection,intersection__Not on Intersection,intersection__Not on or around 20 meters,intersection__Other,intersection__Perpendicular Intersection,intersection__Roundabout,intersection__Turn ,accidentype__Collision while turning,accidentype__Fall,accidentype__Hitting a moving object off the road,accidentype__Hitting a moving object on the road,accidentype__Hitting a stationary object off the road,accidentype__Hitting a stationary object on the road,accidentype__Multiple collision,accidentype__Other (specify),accidentype__Perpendicular collision,accidentype__Person run over,accidentype__Rear collision,accidentype__Reciprocal collision,accidentype__Side collision,accidentype__deterioration,seat belt_N,seat belt_Y,seat_Back passenger seat,seat_Driver's seat,seat_Front passenger seat,seat_No passenger,seat_bike passenger,position_Driver,position_Passenger,position_Pedestrian,nationality_Arab States,nationality_Asian States,nationality_GCC,nationality_Other,nationality_UAE
1.101200099884609,1.538214078221259,"5060.                  After examining and inspecting the accident site, the following was noted: The damaged vehicle was coming from the north to the south, and while turning in the roundabout on Delma Street on the left lane, and before leaving the roundabout and the arrival of the causing vehicle from the east towards the west and because the driver was under the influence Alcoholic drinks and not giving priority to the car coming from the left in the roundabout, this led to the occurrence of this accident where the front left side of the causing vehicle collided with the right rear side of the damaged vehicle and then the vehicle continued until it arrived at Al Saada Bridge on the Eastern Ring Street and broke down and the driver moved it by a crane and the driver claimed that while he was traveling the left front tire burst and by inspecting the vehicles and communicating with the operating room and through surveillance cameras they informed us that the accident occurred at Mushrif roundabout and the vehicle causing the accident managed to escape from the site of the accident. The accident resulted in the injury of the damaged driver and material damage to the two vehicles. According to the plan, the accident occurred.",-0.19746179160121255,-0.4015453331379524,-1.3684844507234735,0,1,0,1,0,0,0,-0.553926631512856,0,0,0,0,0,0,0,0,0,0,0,0,0,0,0,0,0,0,0,0,0,0,0,0,0,1,0,1,0,0,1,0,0,1,0,0,0,0,0,0,0,0,0,0,0,0,0,0,0,0,0,0,0,0,0,0,0,1,0,0,0,0,0,1,0,0,0,0,0,0,0,0,0,1,0,0,0,0,0,0,0,0,0,1,0,0,0,0,0,0,1,0,1,0,0,0,1,0,0,0,0,1,0,0
-0.6546287831370016,0.3035430138980958,"5061.                  After examining and inspecting the accident site, the following was noted: While the vehicle causing the accident was coming from the south towards the north and taking the far-right lane and the damaged motorcycle was coming from the east towards the west and taking the far-right lane, and due to bypassing the red traffic light by the vehicle causing the accident, it collided with the front of the motorcycle at the rear right side of the vehicle causing the accident. The accident resulted in an injury to the driver of the damaged motorcycle and its escort, and material damage to both vehicles, and so the accident occurred.",-1.4175737141371132,-0.4015453331379524,-0.3676863281700941,1,0,0,1,0,0,0,-0.5366344021080243,0,0,1,0,0,0,0,0,0,0,0,0,0,0,0,0,0,0,0,0,0,0,0,0,0,0,0,1,0,0,1,0,0,1,0,0,0,0,0,0,0,0,0,0,0,0,0,0,0,0,0,0,0,0,1,0,0,0,0,0,0,0,0,0,1,0,0,0,0,0,0,0,1,0,0,0,0,0,0,0,0,0,0,1,0,0,0,0,0,1,0,1,0,0,0,0,0,1,0,1,0,0,0,0
-0.7078357189861413,0.3035430138980958,"5062.                  After examining and inspecting the accident site, the following was noted: While the vehicle causing the accident was coming from the south towards the north and taking the far-right lane and the damaged motorcycle was coming from the east towards the west and taking the far-right lane, and due to bypassing the red traffic light by the vehicle causing the accident, it collided with the front of the motorcycle at the rear right side of the vehicle causing the accident. The accident resulted in an injury to the driver of the damaged motorcycle and its escort, and material damage to both vehicles, and so the accident occurred.",-1.4175737141371132,-0.4015453331379524,-0.3676863281700941,0,1,0,1,0,0,0,-0.5366344021080243,0,0,1,0,0,0,0,0,0,0,0,0,0,0,0,0,0,0,0,0,0,0,0,0,0,0,0,1,0,0,1,0,0,1,0,0,0,0,0,0,0,0,0,0,0,0,0,0,0,0,0,0,0,0,1,0,0,0,0,0,0,0,0,0,1,0,0,0,0,0,0,0,1,0,0,0,0,0,0,0,0,0,0,1,0,0,0,0,0,1,0,0,1,0,0,0,1,0,0,1,0,0,0,0
1.2076139715828884,-0.9997208873319099,"5063.                  After examining and inspecting the accident site, the following was noted: The vehicle causing the accident was parked in the side parking of the public street in the Qurm Corniche towards the sea, and then the driver tried to move back, and because of driving under the influence of alcoholic beverages, this led to the occurrence of this accident as the front side of the vehicle collided with the parking pier and then climbed the pier and continued moving forward for 11.9 meters, and its front collided again with the iron barrier and then fell into the sea. The accident resulted in the death of the driver of the vehicle immediately after the accident, and damage to state property, including a break of a 4-meter-long iron fence and material damage to the vehicle. According to the plan, the accident occurred",-2.637685636673014,-0.4015453331379524,0.6331117943832852,0,1,0,1,0,0,0,-0.5590705225383439,0,0,0,0,0,0,0,0,0,0,0,0,0,0,0,0,0,0,0,0,0,0,0,0,0,1,0,0,1,0,1,1,0,0,0,0,0,0,0,0,0,0,0,0,0,0,0,0,0,0,0,1,0,0,0,0,0,0,0,0,0,0,0,0,1,0,0,0,0,0,1,0,0,0,0,0,0,0,0,0,1,0,0,0,0,0,0,0,0,1,0,0,1,0,0,0,1,0,0,0,0,0,0,1
-0.38859410389130306,0.6739443331950448,"5064.                  After examining and inspecting the accident site, the following was noted: The vehicle causing the accident was coming from the east towards the southwest at the intersection while the damaged vehicle was traveling from the west towards the east taking the second lane from the left and upon entering the intersection, and because of the vehicle causing the accident bypassing the red traffic light, this led to the accident, as the front of the damaged vehicle collided with the front and rear right side of the vehicle that caused the accident. The accident resulted in an injury to the Passenger in the damaged vehicle and material damage to both vehicles. According to the plan, the accident occurred",1.0226501309346883,-0.4015453331379524,0.6331117943832852,0,1,0,1,0,0,0,-0.5573850773938224,0,0,1,0,0,0,0,0,0,0,0,0,0,0,0,0,0,0,0,0,0,0,0,0,0,0,0,1,0,0,1,0,0,0,0,0,0,0,0,0,0,0,1,0,0,0,0,0,0,0,0,0,0,0,1,0,0,0,0,0,0,0,0,0,1,0,0,0,0,0,0,0,1,0,0,0,0,0,0,0,0,0,0,1,0,0,0,0,0,0,1,0,0,1,0,0,0,1,0,1,0,0,0,0
0.3030960621475132,1.1266570567802046,"5065.                  After examining and inspecting the accident site, the following was noted: While the vehicle was coming from the west towards the east, and wanted to turn to the north and take the second lane from the left, and as the damaged vehicle was coming from the east towards the west and taking the second lane from the right, and because of bypassing the red traffic light, this led to the accident, as the front of the damaged vehicle collided with the right side of the vehicle causing the accident. The accident resulted in the injury of the driver of the damaged vehicle and material damage to the two vehicles. According to the plan, the accident occurred.",-0.19746179160121255,-0.4015453331379524,-0.3676863281700941,1,0,0,1,0,0,0,-0.5471410731388081,0,0,1,0,0,0,0,0,0,0,0,0,0,0,0,0,0,0,0,0,0,0,0,0,0,0,0,1,0,0,1,0,0,0,0,0,0,0,0,0,0,0,1,0,0,0,0,0,0,0,0,0,1,0,0,0,0,0,0,0,0,0,0,1,0,0,0,0,0,0,0,0,1,0,0,0,0,0,0,0,0,0,0,1,0,0,0,0,0,0,1,0,1,0,0,0,1,0,0,0,0,0,0,1
-0.016145552947325045,0.9894713829665198,"5066.                  After examining and inspecting the accident site, the following was noted: While the vehicle causing the accident was coming from the west and inside the intersection and was turning to the north on the second lane from the left, the damaged vehicle was coming from the east towards the west on the middle lane, and because of Bypassing the red traffic light, by the vehicle causing the accident, it hit the right side of the damaged vehicle with the front side of the causing vehicle. The accident resulted in a driver of the damaged vehicle injury, and material damage to both vehicles",-0.19746179160121255,-0.4015453331379524,0.6331117943832852,0,1,0,1,0,0,0,-0.5463749617094801,0,0,1,0,0,0,0,0,0,0,0,0,0,0,0,0,0,0,0,0,0,0,0,0,0,0,0,1,0,0,1,0,0,0,0,0,0,0,0,0,0,0,0,0,1,0,0,0,0,0,0,0,0,0,1,0,0,0,0,0,0,0,0,0,1,0,0,0,0,0,0,0,1,0,0,0,0,0,0,0,0,0,0,1,0,0,0,0,0,0,1,0,1,0,0,0,1,0,0,1,0,0,0,0
-0.6546287831370016,-0.8488166461368566,"5067.                  After examining and inspecting the accident site, the following was noted: The causing vehicle (the motorcycle) was traveling on a side street and was coming from the south towards the north and the damaged vehicle was traveling ahead of it, and because of non-compliance with the traffic line and trying to bypass the vehicle that caused the damaged vehicle and change the vehicle's lane, the front side of the causing vehicle collided with the rear left side of the damaged vehicle and thus the accident occurred.",-1.4175737141371132,-0.4015453331379524,-1.3684844507234735,0,1,0,1,0,0,0,-0.5441860719114001,0,0,0,0,0,0,0,0,0,0,1,0,0,0,0,0,0,0,0,0,0,0,0,0,0,0,0,0,1,0,1,0,0,1,0,0,0,0,0,0,0,0,0,0,0,0,0,0,0,0,0,0,0,0,0,0,0,0,0,0,0,1,0,1,0,0,0,0,0,1,0,0,0,0,0,0,0,0,0,0,0,0,0,0,0,0,0,1,0,0,1,0,1,0,0,0,1,0,0,1,0,0,0,0
0.03706138290181467,0.5504772267627285,"5068.                  After examining and inspecting the accident site, the following was noted: The causing vehicle was traveling from the south to the north in a turning state and was following the arrow's path while the damaged vehicle was coming from the north towards the south and taking the second lane from the left. While the two vehicles were traveling and entering the intersection, and due to the Driver of the vehicle causing the accident was under the influence of alcoholic drinks and Bypassing the red traffic light, this led to this accident, as the front side of the damaged vehicle collided with the right side of the vehicle causing the accident. The accident resulted in the injury of the damaged driver, as well as material damage to the two vehicles. According to the plan, the accident occurred",-0.19746179160121255,-0.4015453331379524,0.6331117943832852,0,1,0,1,0,0,0,-0.552503853144104,0,0,0,0,0,0,0,0,0,0,0,0,0,0,0,0,0,0,0,0,0,0,0,0,0,1,0,1,0,0,1,0,0,1,0,0,0,0,0,0,0,0,0,0,0,0,0,0,0,0,0,0,0,0,1,0,0,0,0,0,0,0,0,1,0,0,0,1,0,0,0,0,0,0,0,0,0,0,0,0,0,0,0,1,0,0,0,0,0,0,1,0,1,0,0,0,1,0,0,0,1,0,0,0
-1.6123536284215165,1.3873098370262058,"5069.                  After examining and inspecting the accident site, the following was noted: While the vehicle causing the accident was coming from the east towards the west and inside the intersection, and it was turning to the south and taking the second lane from the left, and the damaged vehicle coming from the west towards the east and taking the second lane from the right, and because of Bypassing the red traffic light caused by the vehicle causing the accident, the front side of the damaged vehicle collided with the right side of the vehicle causing the accident. The accident resulted in the injury of (2) passengers in the vehicle that caused material damage to the two vehicles as planned. The accident occurred.",1.0226501309346883,-0.4015453331379524,-0.3676863281700941,1,0,0,1,0,0,0,-0.5459919059948162,0,0,1,0,0,0,0,0,0,0,0,0,0,0,0,0,0,0,0,0,0,0,0,0,0,0,0,0,1,0,1,0,0,1,0,0,0,0,0,0,0,0,0,0,0,0,0,0,0,0,0,0,0,0,1,0,0,0,0,0,0,0,0,1,0,0,0,0,0,0,0,0,1,0,0,0,0,0,0,0,0,0,0,1,0,0,0,0,0,1,0,1,0,0,0,0,0,1,0,1,0,0,0,0
0.03706138290181467,1.3873098370262058,"5070.                  After examining and inspecting the accident site, the following was noted: While the vehicle causing the accident was coming from the east towards the west and inside the intersection and was turning to the south and taking the second lane from the left, and the damaged vehicle was coming from the west towards the east and traveling the far end of the second lane from the right and because of Bypassing the red traffic light from the vehicle causing the accident, the front of the damaged vehicle struck the right side of the vehicle causing the accident. The accident resulted in the injury of (2) passengers in the vehicle that caused the accident and material damage to the two vehicles, and according to the plan, the accident occurred.",1.0226501309346883,-0.4015453331379524,-0.3676863281700941,1,0,0,1,0,0,0,-0.5459919059948162,0,0,1,0,0,0,0,0,0,0,0,0,0,0,0,0,0,0,0,0,0,0,0,0,0,0,0,0,1,0,1,0,0,1,0,0,0,0,0,0,0,0,0,0,0,0,0,0,0,0,0,0,0,0,1,0,0,0,0,0,0,0,0,1,0,0,0,0,0,0,0,0,1,0,0,0,0,0,0,0,0,0,0,1,0,0,0,0,0,1,0,1,0,0,0,0,0,1,0,1,0,0,0,0
-0.06935248879646476,-0.7802238092300142,"5071.                  After examining and inspecting the accident site, the following was noted: The vehicle causing the accident is coming from the east towards the south, and when the causing vehicle was turning left and due to overspeed without taking road conditions into account, the runover person was crossing the road. According to the chart, the accident occurred",-1.4175737141371132,2.490378837640347,-1.3684844507234735,1,0,0,1,0,0,0,-0.5364155131282163,0,0,0,0,0,0,0,0,0,0,0,0,0,0,0,0,0,0,0,0,0,1,0,0,0,0,0,0,1,0,1,0,0,0,0,0,1,0,0,0,0,0,0,0,0,0,0,0,0,0,0,0,0,0,0,0,0,0,0,1,0,0,0,0,1,0,0,0,0,0,0,0,1,0,0,0,0,0,0,0,0,0,0,0,1,0,0,0,0,1,0,0,0,0,1,0,0,0,1,0,0,0,0,1
-0.06935248879646476,-0.972283752569173,"5072.                  After examining and inspecting the accident site, the following was noted: The vehicle causing the accident was coming from the south towards the north on the first left lane, and after the vehicle had passed the Pedestrian crossing lines, and because of the non-crossing of the designated Pedestrian crossing lines, and non-compliance with the traffic signals By the Driver of the vehicle causing the accident, the front of the vehicle that caused the accident collided with the person being run over while crossing the street in the first lane, and so the accident occurred.",-0.19746179160121255,2.490378837640347,0.6331117943832852,0,1,0,1,0,0,0,-0.5420519043582722,0,0,0,0,0,0,0,0,0,0,0,0,0,1,0,0,0,0,0,0,0,0,0,0,0,0,0,0,1,0,1,0,0,1,0,0,0,0,0,0,0,0,0,0,0,0,0,0,0,0,0,0,0,0,1,0,0,0,0,0,0,0,0,0,1,0,0,0,0,1,0,0,0,0,0,0,0,0,0,0,0,0,0,0,1,0,0,0,0,1,0,0,0,0,1,0,0,0,1,0,1,0,0,0
0.3030960621475132,-0.9860023199505414,"5073.                  After examining and inspecting the accident site, the following was noted: While the vehicle causing the accident and the damaged vehicle were coming from the east towards the west after the police college intersection in a consecutive direction, and they were taking the far-left lane, and due to not leaving enough space by the driver that caused the accident, the front of the vehicle causing the accident hit the rear of the damaged vehicle. The accident resulted in an injury to the driver who caused the accident, the passenger in the damaged vehicle, and material damage to the two vehicles. According to the plan, the accident occurred.",1.0226501309346883,-0.4015453331379524,0.6331117943832852,1,0,0,1,0,0,0,-0.5480713513029921,0,0,0,0,0,0,0,0,0,0,0,0,0,0,0,0,0,0,1,0,0,0,0,0,0,0,0,0,1,0,1,0,0,0,0,0,0,0,0,0,0,0,1,0,0,0,0,0,0,0,0,0,0,1,0,0,0,0,0,0,0,0,0,1,0,0,0,0,0,1,0,0,0,0,0,0,0,0,0,0,0,0,0,0,0,1,0,0,0,1,0,1,0,0,0,0,0,1,0,0,1,0,0,0
0.3030960621475132,-0.9860023199505414,"5074.                  After examining and inspecting the accident site, the following was noted: While the vehicle causing the accident and the damaged vehicle were coming from the east towards the west after the police college intersection in a consecutive direction, and they were taking the far-left lane, and due to not leaving enough space by the driver that caused the accident, the front of the vehicle causing the accident hit the rear of the damaged vehicle. The accident resulted in an injury to the driver who caused the accident, the passenger in the damaged vehicle, and material damage to the two vehicles. According to the plan, the accident occurred.",1.0226501309346883,-0.4015453331379524,0.6331117943832852,1,0,0,1,0,0,0,-0.5480713513029921,0,0,0,0,0,0,0,0,0,0,0,0,0,0,0,0,0,0,1,0,0,0,0,0,0,0,0,0,1,0,1,0,0,0,0,0,0,0,0,0,0,0,1,0,0,0,0,0,0,0,0,0,0,1,0,0,0,0,0,0,0,0,0,1,0,0,0,0,0,1,0,0,0,0,0,0,0,0,0,0,0,0,0,0,0,1,0,0,0,0,1,0,1,0,0,0,1,0,0,0,1,0,0,0
-0.44180103974044277,-0.9860023199505414,"5075.                  After examining and inspecting the accident site, the following was noted: While the vehicle causing the accident and the damaged vehicle were coming from the east towards the west after the police college intersection in a consecutive direction, and they were taking the far-left lane, and due to not leaving enough space by the driver that caused the accident, the front of the vehicle causing the accident hit the rear of the damaged vehicle. The accident resulted in an injury to the driver who caused the accident, the passenger in the damaged vehicle, and material damage to the two vehicles. According to the plan, the accident occurred.",1.0226501309346883,-0.4015453331379524,0.6331117943832852,0,1,0,1,0,0,0,-0.5480713513029921,0,0,0,0,0,0,0,0,0,0,0,0,0,0,0,0,0,0,1,0,0,0,0,0,0,0,0,0,1,0,1,0,0,0,0,0,0,0,0,0,0,0,1,0,0,0,0,0,0,0,0,0,0,1,0,0,0,0,0,0,0,0,0,1,0,0,0,0,0,1,0,0,0,0,0,0,0,0,0,0,0,0,0,0,0,1,0,0,0,1,0,0,1,0,0,0,1,0,0,0,0,0,0,1
0.35630299799665294,-0.8213795113741197,"5076.                  After examining and inspecting the accident site, the following was noted: While the vehicle causing the accident and the damaged vehicle were coming from the east towards the west after the police college intersection in a consecutive direction, and they were taking the far-left lane, and due to not leaving enough space by the driver that caused the accident, the front of the vehicle causing the accident hit the rear of the damaged vehicle. The accident resulted in an injury to the driver who caused the accident, the passenger in the damaged vehicle, and material damage to the two vehicles. According to the plan, the accident occurred.",-0.19746179160121255,-0.4015453331379524,-0.3676863281700941,0,1,0,1,0,0,0,-0.5428727380325522,0,0,0,0,0,0,0,0,0,0,0,0,0,0,0,0,0,0,1,0,0,0,0,0,0,0,0,1,0,0,1,0,0,1,0,0,0,0,0,0,0,0,0,0,0,0,0,0,0,0,0,0,1,0,0,0,0,0,0,0,0,0,0,1,0,0,0,0,0,1,0,0,0,0,0,0,0,0,0,0,0,0,0,0,0,1,0,0,0,1,0,0,1,0,0,0,1,0,0,0,1,0,0,0
0.8351654206389104,1.0855013546360992,"5077.                  After examining and inspecting the accident site, the following was noted: While the vehicle causing the accident was coming from the south towards the north and taking the second lane from the left side and the damaged vehicle coming from the east towards the west and taking the second lane from the left, and because of Bypassing the red traffic light before Driver, the vehicle causing the accident, hit the front of the vehicle to the left side of the damaged vehicle. The accident resulted in the driver's injury, which caused the accident, the passenger, and material damage to the vehicles. The accident was planned.",-0.19746179160121255,-0.4015453331379524,-0.3676863281700941,0,1,0,1,0,0,0,-0.5475788510984241,0,0,1,0,0,0,0,0,0,0,0,0,0,0,0,0,0,0,0,0,0,0,0,0,0,0,0,1,0,0,1,0,0,0,0,0,1,0,0,0,0,0,0,0,0,0,0,0,0,0,0,0,1,0,0,0,0,0,0,0,0,0,0,1,0,0,0,0,0,0,0,0,1,0,0,0,0,0,0,0,0,0,0,1,0,0,0,0,0,0,1,0,0,1,0,0,0,1,0,0,1,0,0,0
-0.2289732963438839,1.0855013546360992,"5078.                  After examining and inspecting the accident site, the following was noted: While the vehicle causing the accident was coming from the south towards the north and taking the second lane from the left side and the damaged vehicle coming from the east towards the west and taking the second lane from the left, and because of Bypassing the red traffic light before Driver, the vehicle causing the accident, hit the front of the vehicle to the left side of the damaged vehicle. The accident resulted in the driver's injury, which caused the accident, the passenger, and material damage to the vehicles. The accident was planned.",-0.19746179160121255,-0.4015453331379524,-0.3676863281700941,0,1,0,1,0,0,0,-0.5475788510984241,0,0,1,0,0,0,0,0,0,0,0,0,0,0,0,0,0,0,0,0,0,0,0,0,0,0,0,1,0,0,1,0,0,0,0,0,1,0,0,0,0,0,0,0,0,0,0,0,0,0,0,0,1,0,0,0,0,0,0,0,0,0,0,1,0,0,0,0,0,0,0,0,1,0,0,0,0,0,0,0,0,0,0,1,0,0,0,0,0,0,1,0,1,0,0,0,1,0,0,1,0,0,0,0
0.5159238055440721,-0.9997208873319099,"5079.                  After examining and inspecting the accident site, the following was noted: While the vehicle causing the accident was coming from the east and turning towards the south, the two damaged vehicles was coming from west to east where the first damaged vehicle was taking the far-left lane and the second damaged vehicle was taking the middle lane. Due to bypassing the red traffic light by the causing vehicle, the front of it collided with the front left side of the first damaged vehicle, which led to its drift and collision of the first damaged vehicle with its front right side to the left side of the second damaged vehicle, according to planning the accident occurred.",-0.19746179160121255,-0.4015453331379524,-0.3676863281700941,1,0,0,1,0,0,0,-0.5517486861637665,0,0,1,0,0,0,0,0,0,0,0,0,0,0,0,0,0,0,0,0,0,0,0,0,0,0,0,0,1,0,1,0,0,0,0,0,0,0,0,0,0,0,1,0,0,0,0,0,0,0,0,0,0,0,1,0,0,0,0,0,0,0,0,1,0,0,0,0,1,0,0,0,0,0,0,0,0,0,0,0,0,0,0,1,0,0,0,0,0,1,0,0,1,0,0,0,1,0,0,0,0,0,0,1
-0.17576636049474417,-0.7665052418486458,"5080.                  After examining and inspecting the accident site, the following was noted: While the vehicle causing the accident was coming from the east and turning towards the south, the two damaged vehicles was coming from west to east where the first damaged vehicle was taking the far-left lane and the second damaged vehicle was taking the middle lane. Due to bypassing the red traffic light by the causing vehicle, the front of it collided with the front left side of the first damaged vehicle, which led to its drift and collision of the first damaged vehicle with its front right side to the left side of the second damaged vehicle, according to planning the accident occurred.",-2.637685636673014,2.490378837640347,-1.3684844507234735,0,1,0,1,0,0,0,-0.5585233000888239,0,0,0,0,0,0,0,0,0,0,0,0,0,1,0,0,0,0,0,0,0,0,0,0,0,0,0,1,0,0,1,0,0,1,0,0,0,0,0,0,0,0,0,0,0,0,0,0,0,0,0,1,0,0,0,0,0,0,0,0,0,0,0,0,1,0,0,0,0,1,0,0,0,0,0,0,0,0,0,0,0,0,0,0,1,0,0,0,0,1,0,0,0,0,1,0,0,0,1,0,1,0,0,0
-0.12255942464560447,-0.972283752569173,"5081.                  After examining and inspecting the accident site, the following was noted: While the vehicle causing the accident was coming from the east, turning towards the south and taking the far left lane, and the damaged vehicle was coming from the east towards the west and taking the second lane from the right, and because of bypassing the red traffic light by the Driver of the vehicle causing the accident, the right side collided with the front of the damaged vehicle and the accident resulted in material damage to the vehicles and the accident was planned",-0.19746179160121255,-0.4015453331379524,-0.3676863281700941,0,1,0,1,0,0,0,-0.5362075685973987,0,0,1,0,0,0,0,0,0,0,0,0,0,0,0,0,0,0,0,0,0,0,0,0,0,0,0,1,0,0,1,0,0,1,0,0,0,0,0,0,0,0,0,0,0,0,0,0,0,0,0,0,1,0,0,0,0,0,0,0,0,0,0,0,1,0,0,1,0,0,0,0,0,0,0,0,0,0,0,0,0,0,0,1,0,0,0,0,0,0,1,0,0,1,0,0,0,1,0,0,0,0,1,0
-0.8674565265335604,-0.972283752569173,"5082.                  After examining and inspecting the accident site, the following was noted: While the vehicle causing the accident was coming from the east, turning towards the south and taking the far left lane, and the damaged vehicle was coming from the east towards the west and taking the second lane from the right, and because of bypassing the red traffic light by the Driver of the vehicle causing the accident, the right side collided with the front of the damaged vehicle and the accident resulted in material damage to the vehicles and the accident was planned",-0.19746179160121255,-0.4015453331379524,-0.3676863281700941,0,1,0,1,0,0,0,-0.5362075685973987,0,0,1,0,0,0,0,0,0,0,0,0,0,0,0,0,0,0,0,0,0,0,0,0,0,0,0,1,0,0,1,0,0,1,0,0,0,0,0,0,0,0,0,0,0,0,0,0,0,0,0,0,1,0,0,0,0,0,0,0,0,0,0,0,1,0,0,1,0,0,0,0,0,0,0,0,0,0,0,0,0,0,0,1,0,0,0,0,0,0,1,1,0,0,0,0,0,1,0,1,0,0,0,0
-0.8142495906844207,-0.972283752569173,"5083.                  After examining and inspecting the accident site, the following was noted: While the vehicle causing the accident was coming from the east, turning towards the south and taking the far left lane, and the damaged vehicle was coming from the east towards the west and taking the second lane from the right, and because of bypassing the red traffic light by the Driver of the vehicle causing the accident, the right side collided with the front of the damaged vehicle and the accident resulted in material damage to the vehicles and the accident was planned",-0.19746179160121255,-0.4015453331379524,-0.3676863281700941,0,1,0,1,0,0,0,-0.5362075685973987,0,0,1,0,0,0,0,0,0,0,0,0,0,0,0,0,0,0,0,0,0,0,0,0,0,0,0,1,0,0,1,0,0,1,0,0,0,0,0,0,0,0,0,0,0,0,0,0,0,0,0,0,1,0,0,0,0,0,0,0,0,0,0,0,1,0,0,1,0,0,0,0,0,0,0,0,0,0,0,0,0,0,0,1,0,0,0,0,0,0,1,1,0,0,0,0,0,1,0,1,0,0,0,0
-0.8674565265335604,-0.972283752569173,"5084.                  After examining and inspecting the accident site, the following was noted: While the vehicle causing the accident was coming from the east, turning towards the south and taking the far left lane, and the damaged vehicle was coming from the east towards the west and taking the second lane from the right, and because of bypassing the red traffic light by the Driver of the vehicle causing the accident, the right side collided with the front of the damaged vehicle and the accident resulted in material damage to the vehicles and the accident was planned",-0.19746179160121255,-0.4015453331379524,-0.3676863281700941,0,1,0,1,0,0,0,-0.5362075685973987,0,0,1,0,0,0,0,0,0,0,0,0,0,0,0,0,0,0,0,0,0,0,0,0,0,0,0,1,0,0,1,0,0,1,0,0,0,0,0,0,0,0,0,0,0,0,0,0,0,0,0,0,1,0,0,0,0,0,0,0,0,0,0,0,1,0,0,1,0,0,0,0,0,0,0,0,0,0,0,0,0,0,0,1,0,0,0,0,0,0,1,1,0,0,0,0,0,1,0,1,0,0,0,0