Age of the injured,Str Code,Accident Description,Road speed limit,Pedestrian action,Number of Lanes,Gender_F,Gender_M,Week_Fifth week,Week_First week,Week_Fourth week,Week_Second week,Week_Third week,Date_time,Reasons__??? ????? ?????? ?????? ???? ????? ??? ???? ???????,Reasons__???? ?? ??????? (???),Reasons__Bypassing the red traffic light,Reasons__Driving back without attention,Reasons__Driving back without traffic clearance,Reasons__Driving in the opposite direction,Reasons__Entering main road without traffic clearance,Reasons__Exceeding speed limit,Reasons__Fatigue and drowsiness,Reasons__Faults in the road,Reasons__Ignoring road lane,Reasons__Ignoring traffic lights,Reasons__Lack of driving awareness,Reasons__Misuse of traffic,Reasons__Negligence and inobservance,Reasons__Negligent driving,Reasons__Not giving priority to pedestrian crossing,Reasons__Not giving way / not giving priority,Reasons__Not leaving enough space,Reasons__Not observing the stop sign,Reasons__Not securing vehicle stability while stopping,Reasons__Speedy without taking road conditions into account,Reasons__Sudden deviation,Reasons__Sudden stop,Reasons__Tyre burst,Reasons__under influence of intoxicant or narcotic drug,__Al Madina Police Station,__Khaldiya Police Station,__Shaabiya Police Station,Streetname_Intersection,Streetname_Street,place__Bridge / Tunnel,place__Coastal area,place__Commercial area,place__Fuel Station,place__Govt. authority,place__Hospital,place__Island,place__Mosque,place__One level intersection,place__Other,place__Park,place__Residential area,place__Sand area,place__School,place__Work area,place__external road,place__unknown,location__ ,location__Bridge,location__Bridge /  Tunnel,location__Car parking,location__Double road,location__Highway,location__Intersection,location__Off the road,location__Other(specify),location__Roundabout,location__Side parking,location__Single road,location__Tunnel,location__Two-way road,location__Unknown,lighting__day,lighting__night - enough lights,lighting__night - weak lights,intersection__Deviated intersection,intersection__Half Perpendicular Intersection,intersection__Multiple leg Intersection,intersection__Not on Intersection,intersection__Not on or around 20 meters,intersection__Other,intersection__Perpendicular Intersection,intersection__Roundabout,intersection__Turn ,accidentype__Collision while turning,accidentype__Fall,accidentype__Hitting a moving object off the road,accidentype__Hitting a moving object on the road,accidentype__Hitting a stationary object off the road,accidentype__Hitting a stationary object on the road,accidentype__Multiple collision,accidentype__Other (specify),accidentype__Perpendicular collision,accidentype__Person run over,accidentype__Rear collision,accidentype__Reciprocal collision,accidentype__Side collision,accidentype__deterioration,seat belt_N,seat belt_Y,seat_Back passenger seat,seat_Driver's seat,seat_Front passenger seat,seat_No passenger,seat_bike passenger,position_Driver,position_Passenger,position_Pedestrian,nationality_Arab States,nationality_Asian States,nationality_GCC,nationality_Other,nationality_UAE
1.0479931640354692,0.6465071984323078,"5085.                  After examining and inspecting the accident site, the following was noted: While the vehicle causing the accident was coming from the east, turning towards the south and taking the far left lane, and the damaged vehicle was coming from the east towards the west and taking the second lane from the right, and because of bypassing the red traffic light by the Driver of the vehicle causing the accident, the right side collided with the front of the damaged vehicle and the accident resulted in material damage to the vehicles and the accident was planned",-0.19746179160121255,-0.4015453331379524,0.6331117943832852,0,1,0,1,0,0,0,-0.22252871608354952,0,0,1,0,0,0,0,0,0,0,0,0,0,0,0,0,0,0,0,0,0,0,0,0,0,0,0,1,0,0,1,0,0,0,0,0,0,0,0,0,0,0,1,0,0,0,0,0,0,0,0,0,0,0,1,0,0,0,0,0,0,0,0,1,0,0,0,0,0,0,0,0,1,0,0,0,0,0,0,0,0,0,0,1,0,0,0,0,0,0,1,0,1,0,0,0,1,0,0,1,0,0,0,0
0.8351654206389104,0.6465071984323078,"5086.                  After examining and inspecting the accident site, the following was noted: While the vehicle causing the accident was coming from the east, turning towards the south and taking the far left lane, and the damaged vehicle was coming from the east towards the west and taking the second lane from the right, and because of bypassing the red traffic light by the Driver of the vehicle causing the accident, the right side collided with the front of the damaged vehicle and the accident resulted in material damage to the vehicles and the accident was planned",-0.19746179160121255,-0.4015453331379524,0.6331117943832852,0,1,0,1,0,0,0,-0.22252871608354952,0,0,1,0,0,0,0,0,0,0,0,0,0,0,0,0,0,0,0,0,0,0,0,0,0,0,0,1,0,0,1,0,0,0,0,0,0,0,0,0,0,0,1,0,0,0,0,0,0,0,0,0,0,0,1,0,0,0,0,0,0,0,0,1,0,0,0,0,0,0,0,0,1,0,0,0,0,0,0,0,0,0,0,1,0,0,0,0,0,0,1,0,1,0,0,0,1,0,0,1,0,0,0,0
-0.17576636049474417,0.6602257658136763,"5087.                  After examining and inspecting the accident site, the following was noted: The vehicle causing the accident was traveling from the north towards the south and was taking the middle lane, while the two vehicles were traveling from east to west, as the first damaged vehicle was traveling on the far left, and the second damaged vehicle was traveling in the second lane from the left and while the vehicles were traveling, and due to the Bypassing the red traffic light by the Driver of the vehicle causing the accident, the front of the vehicle collided with the right side of the first damaged vehicle, then the left side of the vehicle causing the accident collided with the base of the concrete traffic light and while it was moving back and entering the strip separating the two roads, the front side of the vehicle collided with second damaged vehicle was on the left side of the causing vehicle, then the damaged vehicle reversed and its rear collided on the right side of the causing vehicle, and after colliding with the vehicle causing the accident, it collided with the concrete base of the traffic signal and then settled on the opposite street according to the picture in the diagram, and the accident resulted in the injury to the driver, two Passengers and a child in the first damaged vehicle, a woman in the second damaged vehicle, damage to the traffic light base, and material damage to the vehicles.",-0.19746179160121255,-0.4015453331379524,0.6331117943832852,0,1,0,1,0,0,0,-0.11357672638411934,0,0,1,0,0,0,0,0,0,0,0,0,0,0,0,0,0,0,0,0,0,0,0,0,0,0,0,1,0,0,1,0,0,0,0,0,0,0,0,0,0,0,1,0,0,0,0,0,0,0,0,0,0,0,1,0,0,0,0,0,0,0,0,1,0,0,0,0,0,0,0,0,1,0,0,0,0,0,0,0,0,0,0,1,0,0,0,0,0,0,1,0,1,0,0,0,1,0,0,1,0,0,0,0
-1.6123536284215165,0.6602257658136763,"5088.                  After examining and inspecting the accident site, the following was noted: The vehicle causing the accident was traveling from the north towards the south and was taking the middle lane, while the two vehicles were traveling from east to west, as the first damaged vehicle was traveling on the far left, and the second damaged vehicle was traveling in the second lane from the left and while the vehicles were traveling, and due to the Bypassing the red traffic light by the Driver of the vehicle causing the accident, the front of the vehicle collided with the right side of the first damaged vehicle, then the left side of the vehicle causing the accident collided with the base of the concrete traffic light and while it was moving back and entering the strip separating the two roads, the front side of the vehicle collided with second damaged vehicle was on the left side of the causing vehicle, then the damaged vehicle reversed and its rear collided on the right side of the causing vehicle, and after colliding with the vehicle causing the accident, it collided with the concrete base of the traffic signal and then settled on the opposite street according to the picture in the diagram, and the accident resulted in the injury to the driver, two Passengers and a child in the first damaged vehicle, a woman in the second damaged vehicle, damage to the traffic light base, and material damage to the vehicles.",-0.19746179160121255,-0.4015453331379524,0.6331117943832852,1,0,0,1,0,0,0,-0.11357672638411934,0,0,1,0,0,0,0,0,0,0,0,0,0,0,0,0,0,0,0,0,0,0,0,0,0,0,0,1,0,0,1,0,0,0,0,0,0,0,0,0,0,0,1,0,0,0,0,0,0,0,0,0,0,0,1,0,0,0,0,0,0,0,0,1,0,0,0,0,0,0,0,0,1,0,0,0,0,0,0,0,0,0,0,1,0,0,0,0,0,1,0,0,0,1,0,0,0,1,0,1,0,0,0,0
-0.6014218472878619,0.6602257658136763,"5089.                  After examining and inspecting the accident site, the following was noted: The vehicle causing the accident was traveling from the north towards the south and was taking the middle lane, while the two vehicles were traveling from east to west, as the first damaged vehicle was traveling on the far left, and the second damaged vehicle was traveling in the second lane from the left and while the vehicles were traveling, and due to the Bypassing the red traffic light by the Driver of the vehicle causing the accident, the front of the vehicle collided with the right side of the first damaged vehicle, then the left side of the vehicle causing the accident collided with the base of the concrete traffic light and while it was moving back and entering the strip separating the two roads, the front side of the vehicle collided with second damaged vehicle was on the left side of the causing vehicle, then the damaged vehicle reversed and its rear collided on the right side of the causing vehicle, and after colliding with the vehicle causing the accident, it collided with the concrete base of the traffic signal and then settled on the opposite street according to the picture in the diagram, and the accident resulted in the injury to the driver, two Passengers and a child in the first damaged vehicle, a woman in the second damaged vehicle, damage to the traffic light base, and material damage to the vehicles.",-0.19746179160121255,-0.4015453331379524,0.6331117943832852,1,0,0,1,0,0,0,-0.11357672638411934,0,0,1,0,0,0,0,0,0,0,0,0,0,0,0,0,0,0,0,0,0,0,0,0,0,0,0,1,0,0,1,0,0,0,0,0,0,0,0,0,0,0,1,0,0,0,0,0,0,0,0,0,0,0,1,0,0,0,0,0,0,0,0,1,0,0,0,0,0,0,0,0,1,0,0,0,0,0,0,0,0,0,0,1,0,0,0,0,0,1,0,0,0,1,0,0,0,1,0,0,0,0,0,1
0.09026831875095438,0.6602257658136763,"5090.                  After examining and inspecting the accident site, the following was noted: The vehicle causing the accident was traveling from the north towards the south and was taking the middle lane, while the two vehicles were traveling from east to west, as the first damaged vehicle was traveling on the far left, and the second damaged vehicle was traveling in the second lane from the left and while the vehicles were traveling, and due to the Bypassing the red traffic light by the Driver of the vehicle causing the accident, the front of the vehicle collided with the right side of the first damaged vehicle, then the left side of the vehicle causing the accident collided with the base of the concrete traffic light and while it was moving back and entering the strip separating the two roads, the front side of the vehicle collided with second damaged vehicle was on the left side of the causing vehicle, then the damaged vehicle reversed and its rear collided on the right side of the causing vehicle, and after colliding with the vehicle causing the accident, it collided with the concrete base of the traffic signal and then settled on the opposite street according to the picture in the diagram, and the accident resulted in the injury to the driver, two Passengers and a child in the first damaged vehicle, a woman in the second damaged vehicle, damage to the traffic light base, and material damage to the vehicles.",-0.19746179160121255,-0.4015453331379524,0.6331117943832852,0,1,0,1,0,0,0,-0.11357672638411934,0,0,1,0,0,0,0,0,0,0,0,0,0,0,0,0,0,0,0,0,0,0,0,0,0,0,0,1,0,0,1,0,0,0,0,0,0,0,0,0,0,0,1,0,0,0,0,0,0,0,0,0,0,0,1,0,0,0,0,0,0,0,0,1,0,0,0,0,0,0,0,0,1,0,0,0,0,0,0,0,0,0,0,1,0,0,0,0,0,0,1,0,1,0,0,0,1,0,0,1,0,0,0,0
-0.06935248879646476,0.6602257658136763,"5091.                  After examining and inspecting the accident site, the following was noted: The vehicle causing the accident was traveling from the north towards the south and was taking the middle lane, while the two vehicles were traveling from east to west, as the first damaged vehicle was traveling on the far left, and the second damaged vehicle was traveling in the second lane from the left and while the vehicles were traveling, and due to the Bypassing the red traffic light by the Driver of the vehicle causing the accident, the front of the vehicle collided with the right side of the first damaged vehicle, then the left side of the vehicle causing the accident collided with the base of the concrete traffic light and while it was moving back and entering the strip separating the two roads, the front side of the vehicle collided with second damaged vehicle was on the left side of the causing vehicle, then the damaged vehicle reversed and its rear collided on the right side of the causing vehicle, and after colliding with the vehicle causing the accident, it collided with the concrete base of the traffic signal and then settled on the opposite street according to the picture in the diagram, and the accident resulted in the injury to the driver, two Passengers and a child in the first damaged vehicle, a woman in the second damaged vehicle, damage to the traffic light base, and material damage to the vehicles.",-0.19746179160121255,-0.4015453331379524,0.6331117943832852,1,0,0,1,0,0,0,-0.11357672638411934,0,0,1,0,0,0,0,0,0,0,0,0,0,0,0,0,0,0,0,0,0,0,0,0,0,0,0,1,0,0,1,0,0,0,0,0,0,0,0,0,0,0,1,0,0,0,0,0,0,0,0,0,0,0,1,0,0,0,0,0,0,0,0,1,0,0,0,0,0,0,0,0,1,0,0,0,0,0,0,0,0,0,0,1,0,0,0,0,0,0,1,0,1,0,0,0,1,0,0,0,1,0,0,0
1.4736486508285869,-0.944846617806436,"5092.                  After examining and inspecting the accident site, the following was noted: The vehicle causing the accident was traveling from the north towards the south and was taking the middle lane, while the two vehicles were traveling from east to west, as the first damaged vehicle was traveling on the far left, and the second damaged vehicle was traveling in the second lane from the left and while the vehicles were traveling, and due to the Bypassing the red traffic light by the Driver of the vehicle causing the accident, the front of the vehicle collided with the right side of the first damaged vehicle, then the left side of the vehicle causing the accident collided with the base of the concrete traffic light and while it was moving back and entering the strip separating the two roads, the front side of the vehicle collided with second damaged vehicle was on the left side of the causing vehicle, then the damaged vehicle reversed and its rear collided on the right side of the causing vehicle, and after colliding with the vehicle causing the accident, it collided with the concrete base of the traffic signal and then settled on the opposite street according to the picture in the diagram, and the accident resulted in the injury to the driver, two Passengers and a child in the first damaged vehicle, a woman in the second damaged vehicle, damage to the traffic light base, and material damage to the vehicles.",-0.19746179160121255,2.490378837640347,-0.3676863281700941,0,1,0,1,0,0,0,-0.10846566870560262,0,0,0,0,1,0,0,0,0,0,0,0,0,0,0,0,0,0,0,0,0,0,0,0,0,0,0,1,0,0,1,0,0,0,0,0,0,0,0,0,0,0,1,0,0,0,0,0,0,0,0,0,1,0,0,0,0,0,0,0,0,0,0,1,0,0,0,0,0,1,0,0,0,0,0,0,0,0,0,0,0,0,0,0,1,0,0,0,0,1,0,0,0,0,1,0,0,0,1,0,0,0,0,1
-0.9738703982318399,-0.9860023199505414,"5093.                  After examining and inspecting the accident site, the following was noted: While the vehicle causing the accident was coming from the east towards the west and traveling on the far left, and the runover people (school students) were trying to cross the street on foot from the north towards the south from through a place not designated to pedestrians cross, and upon their arrival in the left lane and the arrival of the vehicle causing the accident and due to overspeed without taking road conditions into account, this led to the occurrence of this accident as the front of the vehicle causing the accident hit the school students. The accident resulted in the pedestrians being injured and material damage to the vehicle. According to the plan, the accident occurred",1.0226501309346883,2.490378837640347,0.6331117943832852,1,0,0,1,0,0,0,0.004459155977342693,0,0,0,0,0,0,0,0,0,0,0,0,0,0,0,0,0,0,0,0,0,1,0,0,0,0,0,0,1,0,1,0,0,0,0,0,0,0,0,0,0,0,0,0,1,0,0,0,0,0,0,0,1,0,0,0,0,0,0,0,0,0,0,1,0,0,0,0,0,1,0,0,0,0,0,0,0,0,0,0,0,0,0,0,1,0,0,0,0,1,0,0,0,0,1,0,0,0,1,0,1,0,0,0
-0.9206634623827001,-0.9860023199505414,"5094.                  After examining and inspecting the accident site, the following was noted: While the vehicle causing the accident was coming from the east towards the west and traveling on the far left, and the runover people (school students) were trying to cross the street on foot from the north towards the south from through a place not designated to pedestrians cross, and upon their arrival in the left lane and the arrival of the vehicle causing the accident and due to overspeed without taking road conditions into account, this led to the occurrence of this accident as the front of the vehicle causing the accident hit the school students. The accident resulted in the pedestrians being injured and material damage to the vehicle. According to the plan, the accident occurred",1.0226501309346883,2.490378837640347,0.6331117943832852,1,0,0,1,0,0,0,0.004459155977342693,0,0,0,0,0,0,0,0,0,0,0,0,0,0,0,0,0,0,0,0,0,1,0,0,0,0,0,0,1,0,1,0,0,0,0,0,0,0,0,0,0,0,0,0,1,0,0,0,0,0,0,0,1,0,0,0,0,0,0,0,0,0,0,1,0,0,0,0,0,1,0,0,0,0,0,0,0,0,0,0,0,0,0,0,1,0,0,0,0,1,0,0,0,0,1,0,0,0,1,0,1,0,0,0
-1.0270773340809796,-0.9860023199505414,"5095.                  After examining and inspecting the accident site, the following was noted: While the vehicle causing the accident was coming from the east towards the west and traveling on the far left, and the runover people (school students) were trying to cross the street on foot from the north towards the south from through a place not designated to pedestrians cross, and upon their arrival in the left lane and the arrival of the vehicle causing the accident and due to overspeed without taking road conditions into account, this led to the occurrence of this accident as the front of the vehicle causing the accident hit the school students. The accident resulted in the pedestrians being injured and material damage to the vehicle. According to the plan, the accident occurred",1.0226501309346883,2.490378837640347,0.6331117943832852,0,1,0,1,0,0,0,0.004459155977342693,0,0,0,0,0,0,0,0,0,0,0,0,0,0,0,0,0,0,0,0,0,1,0,0,0,0,0,0,1,0,1,0,0,0,0,0,0,0,0,0,0,0,0,0,1,0,0,0,0,0,0,0,1,0,0,0,0,0,0,0,0,0,0,1,0,0,0,0,0,1,0,0,0,0,0,0,0,0,0,0,0,0,0,0,1,0,0,0,0,1,0,0,0,0,1,0,0,0,1,0,1,0,0,0
1.3672347791303074,1.3873098370262058,"5096.                  After examining and inspecting the accident site, the following was noted: While the vehicle causing the accident was coming from the east towards the west and traveling on the far left, and the runover people (school students) were trying to cross the street on foot from the north towards the south from through a place not designated to pedestrians cross, and upon their arrival in the left lane and the arrival of the vehicle causing the accident and due to overspeed without taking road conditions into account, this led to the occurrence of this accident as the front of the vehicle causing the accident hit the school students. The accident resulted in the pedestrians being injured and material damage to the vehicle. According to the plan, the accident occurred",1.0226501309346883,-0.4015453331379524,1.6339099169366647,1,0,0,1,0,0,0,0.0007489877695971549,0,0,1,0,0,0,0,0,0,0,0,0,0,0,0,0,0,0,0,0,0,0,0,0,0,0,0,0,1,0,1,0,0,1,0,0,0,0,0,0,0,0,0,0,0,0,0,0,0,0,0,0,0,0,1,0,0,0,0,0,0,0,0,1,0,0,0,0,0,0,0,0,1,0,0,0,0,0,0,0,0,0,0,1,0,0,0,0,0,1,0,1,0,0,0,0,0,1,0,0,0,0,0,1
-0.06935248879646476,1.3873098370262058,"5097.                  After examining and inspecting the accident site, the following was noted: While the vehicle causing the accident was coming from the east towards the west and traveling on the far left, and the runover people (school students) were trying to cross the street on foot from the north towards the south from through a place not designated to pedestrians cross, and upon their arrival in the left lane and the arrival of the vehicle causing the accident and due to overspeed without taking road conditions into account, this led to the occurrence of this accident as the front of the vehicle causing the accident hit the school students. The accident resulted in the pedestrians being injured and material damage to the vehicle. According to the plan, the accident occurred",1.0226501309346883,-0.4015453331379524,1.6339099169366647,1,0,0,1,0,0,0,0.0007489877695971549,0,0,1,0,0,0,0,0,0,0,0,0,0,0,0,0,0,0,0,0,0,0,0,0,0,0,0,0,1,0,1,0,0,1,0,0,0,0,0,0,0,0,0,0,0,0,0,0,0,0,0,0,0,0,1,0,0,0,0,0,0,0,0,1,0,0,0,0,0,0,0,0,1,0,0,0,0,0,0,0,0,0,0,1,0,0,0,0,0,0,1,0,1,0,0,0,1,0,0,0,0,0,0,1
0.46271686969493236,1.3873098370262058,"5098.                  After examining and inspecting the accident site, the following was noted: The vehicle causing the accident was coming from the east, turning to the south and taking the second lane from the left, and the first damaged vehicle was coming from the west towards the east on the second lane from the left, and the second damaged vehicle was coming from the west towards the east and taking the third lane from the left, and when the vehicles reached the middle of the intersection, and because of bypassing the red light by the vehicle causing the accident, the front side of the first damaged vehicle collided with the rear left side of the causing vehicle, and the second damaged vehicle collided with the front side of the causing vehicle, which led to the turnover of the causing vehicle, then it hit the concrete base of the traffic light and the vehicle causing the accident settled on its left side in the middle of the intersection and thus the accident occurred.",1.0226501309346883,-0.4015453331379524,1.6339099169366647,0,1,0,1,0,0,0,0.0007489877695971549,0,0,1,0,0,0,0,0,0,0,0,0,0,0,0,0,0,0,0,0,0,0,0,0,0,0,0,0,1,0,1,0,0,1,0,0,0,0,0,0,0,0,0,0,0,0,0,0,0,0,0,0,0,0,1,0,0,0,0,0,0,0,0,1,0,0,0,0,0,0,0,0,1,0,0,0,0,0,0,0,0,0,0,1,0,0,0,0,0,0,1,0,1,0,0,0,1,0,0,0,1,0,0,0
1.9525110734708444,0.6053514962882024,"5099.                  After examining and inspecting the accident site, the following was noted: The two vehicles were coming from the east towards the west and were taking the second lane from the left, and the vehicle causing the accident was driving in the rear and the damaged vehicle was driving in the front, and while they were traveling and due to not leaving enough space between the two vehicles, this led to the accident, where the front of the vehicle causing the accident collided with the rear of the damaged vehicle. As a result of the accident, the damaged vehicle driver was injured and material damage occurred to the two vehicles. According to the plan, the accident occurred. Note: The person who caused the accident claims that the injured person stopped suddenly on the street",2.2427620534705888,-0.4015453331379524,0.6331117943832852,0,1,0,1,0,0,0,0.10860653256998735,0,0,0,0,0,0,0,0,0,0,0,0,0,0,0,0,0,0,1,0,0,0,0,0,0,0,0,0,1,0,1,1,0,0,0,0,0,0,0,0,0,0,0,0,0,0,0,0,0,0,0,0,1,0,0,0,0,0,0,0,0,0,0,1,0,0,0,0,0,0,1,0,0,0,0,0,0,0,0,0,0,0,0,0,0,1,0,0,0,0,1,0,1,0,0,0,1,0,0,0,0,0,1,0
0.19668219044923382,1.0443456524919938,"5100.                  After examining and inspecting the accident site, the following was noted: While the Driver causing the accident was coming from the north towards the south on the far right lane, and while the Driver of the damaged vehicle was coming from the south towards the north, and because of the red light bypassed by the driver causing the accident, the damaged vehicle turned to the left, this coincided with the arrival of the driver, which caused the accident, as he was traveling forward, and the front side of the vehicle causing the accident collided with the front side of the damaged vehicle, and as a result of the collision, the causing vehicle returned to the rear and hit the sidewalk. As a result of the accident, the driver of the damaged vehicle was injured and the two vehicles were damaged, and according to the plan, the accident occurred",-0.19746179160121255,-0.4015453331379524,0.6331117943832852,0,1,0,1,0,0,0,0.11357531241162888,0,0,1,0,0,0,0,0,0,0,0,0,0,0,0,0,0,0,0,0,0,0,0,0,0,0,0,0,1,0,1,0,0,0,0,0,1,0,0,0,0,0,0,0,0,0,0,0,0,0,0,0,0,0,1,0,0,0,0,0,0,0,0,1,0,0,0,0,0,0,0,0,1,0,0,0,0,0,0,0,0,0,0,1,0,0,0,0,0,0,1,0,1,0,0,0,1,0,0,0,1,0,0,0
1.6332694583760061,1.1266570567802046,"5101.                  After examining and inspecting the accident site, the following was noted: While the first vehicle causing the accident was coming from the west, turning towards the north, taking the far-left lane, and the second causing vehicle was coming from the east towards the west and taking the first lane from the left. And due to bypassing the red traffic light by one of the two vehicles, the right rear side of the first causing vehicle collided with the front right of the second causing vehicle, and the accident resulted in the injury of the passenger of the first causing vehicle and material damage to the vehicles. The accident was drawn.",1.0226501309346883,-0.4015453331379524,-0.3676863281700941,1,0,0,1,0,0,0,0.23100925007861892,0,0,1,0,0,0,0,0,0,0,0,0,0,0,0,0,0,0,0,0,0,0,0,0,0,0,0,1,0,0,1,0,0,0,1,0,0,0,0,0,0,0,0,0,0,0,0,0,0,0,0,0,0,0,1,0,0,0,0,0,0,0,0,0,1,0,0,1,0,0,0,0,0,0,0,0,0,0,0,0,0,0,0,1,0,0,0,0,0,0,1,0,0,1,0,0,0,1,0,0,0,0,0,1
0.1434752546000941,0.37213585080493816,"5102.                  After examining and inspecting the accident site, the following was noted: The vehicle causing the accident was traveling from south to north in the intersection to the west while the two damaged vehicles were traveling from north to south at the intersection and while the vehicles were traveling and due to Bypassing the red traffic light by the driver of the vehicle causing the accident, the left side of the vehicle collided with the right front side of the first damaged vehicle, then the left side of the second damaged vehicle collided with the right side of the first damaged vehicle, while the vehicle causing the accident rushed forward and its front side collided with the lamp post according to the picture in the chart. As a result of the accident, the Driver sustained minor injuries, broken concrete lamp post, and material damage to the vehicles.",-0.19746179160121255,-0.4015453331379524,0.6331117943832852,0,1,0,1,0,0,0,0.44327683824742337,0,0,1,0,0,0,0,0,0,0,0,0,0,0,0,0,0,0,0,0,0,0,0,0,0,0,1,0,0,0,1,0,0,1,0,0,0,0,0,0,0,0,0,0,0,0,0,0,0,0,0,0,0,0,1,0,0,0,0,0,0,0,0,1,0,0,0,0,0,0,0,0,1,0,0,0,0,0,0,0,0,0,0,1,0,0,0,0,0,0,1,0,1,0,0,0,1,0,0,0,1,0,0,0
-0.7078357189861413,-0.8488166461368566,"5103.                  After examining and inspecting the accident site, the following was noted: The vehicle causing the accident was traveling from the south towards the north inside Al Reem Island and taking the second lane from the left and while it was traveling and ascending the bridge, and due to the excessive speed, the Driver lost control, which led the vehicle to drift and rotate in a semicircular shape for a distance of 39 meters, where the front left side collided with the concrete barrier of the bridge and as a result of the force of the collision the vehicle flew for a distance of 16 meters and collided again with the concrete barrier of the bridge and hit the lighting pole next to the bridge and continued drifting over the barrier and then got off of it and rushed for a distance of 45 meters and settled against the direction of traffic in the right lane, where the vehicle was on fire immediately after the accident while the vehicle Driver was inside. The accident resulted in the death of the driver, severe material damage to the vehicle and damage to state property. According to the plan, the accident occurred",-0.19746179160121255,-0.4015453331379524,0.6331117943832852,1,0,0,1,0,0,0,0.5504667716593992,0,0,0,0,0,0,0,1,0,0,0,0,0,0,0,0,0,0,0,0,0,0,0,0,0,0,0,0,1,0,1,1,0,0,0,0,0,0,0,0,0,0,0,0,0,0,0,0,0,1,0,0,0,0,0,0,0,0,0,0,0,0,0,1,0,0,0,0,0,1,0,0,0,0,0,0,0,0,0,0,1,0,0,0,0,0,0,0,0,1,0,0,1,0,0,0,1,0,0,1,0,0,0,0