Age of the injured,Str Code,Accident Description,Road speed limit,Pedestrian action,Number of Lanes,Gender_F,Gender_M,Week_Fifth week,Week_First week,Week_Fourth week,Week_Second week,Week_Third week,Date_time,Reasons__??? ????? ?????? ?????? ???? ????? ??? ???? ???????,Reasons__???? ?? ??????? (???),Reasons__Bypassing the red traffic light,Reasons__Driving back without attention,Reasons__Driving back without traffic clearance,Reasons__Driving in the opposite direction,Reasons__Entering main road without traffic clearance,Reasons__Exceeding speed limit,Reasons__Fatigue and drowsiness,Reasons__Faults in the road,Reasons__Ignoring road lane,Reasons__Ignoring traffic lights,Reasons__Lack of driving awareness,Reasons__Misuse of traffic,Reasons__Negligence and inobservance,Reasons__Negligent driving,Reasons__Not giving priority to pedestrian crossing,Reasons__Not giving way / not giving priority,Reasons__Not leaving enough space,Reasons__Not observing the stop sign,Reasons__Not securing vehicle stability while stopping,Reasons__Speedy without taking road conditions into account,Reasons__Sudden deviation,Reasons__Sudden stop,Reasons__Tyre burst,Reasons__under influence of intoxicant or narcotic drug,__Al Madina Police Station,__Khaldiya Police Station,__Shaabiya Police Station,Streetname_Intersection,Streetname_Street,place__Bridge / Tunnel,place__Coastal area,place__Commercial area,place__Fuel Station,place__Govt. authority,place__Hospital,place__Island,place__Mosque,place__One level intersection,place__Other,place__Park,place__Residential area,place__Sand area,place__School,place__Work area,place__external road,place__unknown,location__ ,location__Bridge,location__Bridge /  Tunnel,location__Car parking,location__Double road,location__Highway,location__Intersection,location__Off the road,location__Other(specify),location__Roundabout,location__Side parking,location__Single road,location__Tunnel,location__Two-way road,location__Unknown,lighting__day,lighting__night - enough lights,lighting__night - weak lights,intersection__Deviated intersection,intersection__Half Perpendicular Intersection,intersection__Multiple leg Intersection,intersection__Not on Intersection,intersection__Not on or around 20 meters,intersection__Other,intersection__Perpendicular Intersection,intersection__Roundabout,intersection__Turn ,accidentype__Collision while turning,accidentype__Fall,accidentype__Hitting a moving object off the road,accidentype__Hitting a moving object on the road,accidentype__Hitting a stationary object off the road,accidentype__Hitting a stationary object on the road,accidentype__Multiple collision,accidentype__Other (specify),accidentype__Perpendicular collision,accidentype__Person run over,accidentype__Rear collision,accidentype__Reciprocal collision,accidentype__Side collision,accidentype__deterioration,seat belt_N,seat belt_Y,seat_Back passenger seat,seat_Driver's seat,seat_Front passenger seat,seat_No passenger,seat_bike passenger,position_Driver,position_Passenger,position_Pedestrian,nationality_Arab States,nationality_Asian States,nationality_GCC,nationality_Other,nationality_UAE
1.7928902659234252,-0.972283752569173,"5104.                  After examining and inspecting the accident site, the following was noted: While the Driver was the vehicle causing the accident coming from west towards the east and taking the far-left lane, and while the damaged vehicles were coming in the same direction as the accident-causing vehicle in the same lane, and because not enough distance was left by the Driver of the vehicle causing the accident, the front side of the vehicle collided with the rear of the first damaged vehicle, causing it to collide with the vehicles ahead. The accident resulted in the injury of the driver, and he was taken to the hospital to take the necessary treatment. Vehicles were also damaged.",-0.19746179160121255,-0.4015453331379524,0.6331117943832852,0,1,0,1,0,0,0,0.6542858147823318,0,0,0,0,0,0,0,0,0,0,0,0,0,0,0,0,0,0,1,0,0,0,0,0,0,0,0,0,1,0,1,0,0,1,0,0,0,0,0,0,0,0,0,0,0,0,0,0,0,0,0,0,1,0,0,0,0,0,0,0,0,0,0,1,0,0,0,0,0,0,1,0,0,0,0,0,0,0,0,0,0,0,0,0,0,1,0,0,0,0,1,0,1,0,0,0,1,0,0,1,0,0,0,0
0.6755446130914913,0.04289023365209463,"5105.                  After examining and inspecting the accident site, the following was noted: While the damaged vehicle and the causing vehicle were coming from the south towards the north, the damaged vehicle was traveling in the far right lane and the causing vehicle was traveling in the middle lane, and because of the failure of the causing vehicle to follow the obligatory lane, its front right side collided with the front left side of the damaged vehicle, and then the damaged vehicle drifted and collided with a tree off the road, and the accident resulted in the injury of the driver of the damaged vehicle with a minor injury and material damage to both vehicles.",-0.19746179160121255,-0.4015453331379524,-0.3676863281700941,1,0,0,1,0,0,0,0.6563214822945462,0,0,0,0,0,0,0,0,0,0,1,0,0,0,0,0,0,0,0,0,0,0,0,0,0,0,0,1,0,0,1,0,0,1,0,0,0,0,0,0,0,0,0,0,0,0,0,0,0,0,0,0,1,0,0,0,0,0,0,0,0,0,0,1,0,0,0,0,0,0,1,0,0,0,0,0,0,0,0,0,0,0,0,1,0,0,0,0,0,1,0,0,1,0,0,0,1,0,0,0,0,0,1,0
-0.44180103974044277,0.6739443331950448,"5106.                  After examining and inspecting the accident site, the following was noted: While the vehicle causing the accident and the damaged vehicle were coming from the east towards the west and taking the right lane of the road, where the causing vehicle was behind and the damaged vehicle in front, and because of not leaving enough space and driving the vehicle in an abnormal condition by the driver who caused the accident, the front side of the vehicle causing vehicle collided with the rear side of the damaged vehicle, according to the chart, the accident occurred.",-0.19746179160121255,-0.4015453331379524,0.6331117943832852,1,0,0,1,0,0,0,0.7548215232081446,0,0,0,0,0,0,0,0,0,0,0,0,0,0,0,0,0,0,0,0,0,0,0,0,0,1,0,1,0,0,1,0,0,0,0,0,0,0,0,0,0,0,1,0,0,0,0,0,0,0,0,0,0,1,0,0,0,0,0,0,0,0,0,0,1,0,0,0,0,0,0,0,1,0,0,0,0,0,0,0,0,0,0,0,0,1,0,0,0,1,0,1,0,0,0,0,0,1,0,1,0,0,0,0
-0.6546287831370016,0.6739443331950448,"5107.                  After examining and inspecting the accident site, the following was noted: While the vehicle causing the accident and the damaged vehicle were coming from the east towards the west and taking the right lane of the road, where the causing vehicle was behind and the damaged vehicle in front, and because of not leaving enough space and driving the vehicle in an abnormal condition by the driver who caused the accident, the front side of the vehicle causing vehicle collided with the rear side of the damaged vehicle, according to the chart, the accident occurred.",-0.19746179160121255,-0.4015453331379524,0.6331117943832852,0,1,0,1,0,0,0,0.7548215232081446,0,0,0,0,0,0,0,0,0,0,0,0,0,0,0,0,0,0,0,0,0,0,0,0,0,1,0,1,0,0,1,0,0,0,0,0,0,0,0,0,0,0,1,0,0,0,0,0,0,0,0,0,0,1,0,0,0,0,0,0,0,0,0,0,1,0,0,0,0,0,0,0,1,0,0,0,0,0,0,0,0,0,0,0,0,1,0,0,0,1,0,0,1,0,0,0,1,0,0,0,0,0,0,1
-0.28218023219302363,0.6739443331950448,"5108.                  After examining and inspecting the accident site, the following was noted: While the vehicle causing the accident and the damaged vehicle were coming from the east towards the west and taking the right lane of the road, where the causing vehicle was behind and the damaged vehicle in front, and because of not leaving enough space and driving the vehicle in an abnormal condition by the driver who caused the accident, the front side of the vehicle causing vehicle collided with the rear side of the damaged vehicle, according to the chart, the accident occurred.",-0.19746179160121255,-0.4015453331379524,0.6331117943832852,1,0,0,1,0,0,0,0.7548215232081446,0,0,0,0,0,0,0,0,0,0,0,0,0,0,0,0,0,0,0,0,0,0,0,0,0,1,0,1,0,0,1,0,0,0,0,0,0,0,0,0,0,0,1,0,0,0,0,0,0,0,0,0,0,1,0,0,0,0,0,0,0,0,0,0,1,0,0,0,0,0,0,0,1,0,0,0,0,0,0,0,0,0,0,0,0,1,0,0,0,1,0,1,0,0,0,0,0,1,0,1,0,0,0,0
1.6332694583760061,0.6739443331950448,"5109.                  After examining and inspecting the accident site, the following was noted: While the vehicle causing the accident and the damaged vehicle were coming from the east towards the west and taking the right lane of the road, where the causing vehicle was behind and the damaged vehicle in front, and because of not leaving enough space and driving the vehicle in an abnormal condition by the driver who caused the accident, the front side of the vehicle causing vehicle collided with the rear side of the damaged vehicle, according to the chart, the accident occurred.",-0.19746179160121255,-0.4015453331379524,0.6331117943832852,0,1,0,1,0,0,0,0.7548215232081446,0,0,0,0,0,0,0,0,0,0,0,0,0,0,0,0,0,0,0,0,0,0,0,0,0,1,0,1,0,0,1,0,0,0,0,0,0,0,0,0,0,0,1,0,0,0,0,0,0,0,0,0,0,1,0,0,0,0,0,0,0,0,0,0,1,0,0,0,0,0,0,0,1,0,0,0,0,0,0,0,0,0,0,0,0,1,0,0,0,0,1,0,1,0,0,0,1,0,0,1,0,0,0,0
-0.17576636049474417,1.4147469717889427,"5110.                  After examining and inspecting the accident site, the following was noted: While the vehicle causing the accident was coming from the west and turned north, taking the first lane from the left side, and the damaged vehicle was coming from the east toward the west, taking the second lane from the left, and because of Bypassing the red Traffic light from the Driver of the vehicle causing the accident, the right side collided with the front side of the damaged vehicle, and the accident resulted in material damage to the vehicles and the accident was planned",-0.19746179160121255,-0.4015453331379524,-0.3676863281700941,0,1,0,1,0,0,0,0.7551936344738182,0,0,1,0,0,0,0,0,0,0,0,0,0,0,0,0,0,0,0,0,0,0,0,0,0,0,0,1,0,1,0,0,0,1,0,0,0,0,0,0,0,0,0,0,0,0,0,0,0,0,0,0,0,0,1,0,0,0,0,0,0,0,0,0,1,0,0,0,0,0,0,0,1,0,0,0,0,0,0,0,0,0,0,1,0,0,0,0,0,1,0,0,0,1,0,0,0,1,0,1,0,0,0,0
-0.7078357189861413,1.4147469717889427,"5111.                  After examining and inspecting the accident site, the following was noted: While the vehicle causing the accident was coming from the west and turned north, taking the first lane from the left side, and the damaged vehicle was coming from the east toward the west, taking the second lane from the left, and because of Bypassing the red Traffic light from the Driver of the vehicle causing the accident, the right side collided with the front side of the damaged vehicle, and the accident resulted in material damage to the vehicles and the accident was planned",-0.19746179160121255,-0.4015453331379524,-0.3676863281700941,0,1,0,1,0,0,0,0.7551936344738182,0,0,1,0,0,0,0,0,0,0,0,0,0,0,0,0,0,0,0,0,0,0,0,0,0,0,0,1,0,1,0,0,0,1,0,0,0,0,0,0,0,0,0,0,0,0,0,0,0,0,0,0,0,0,1,0,0,0,0,0,0,0,0,0,1,0,0,0,0,0,0,0,1,0,0,0,0,0,0,0,0,0,0,1,0,0,0,0,0,0,1,0,0,1,0,0,0,1,0,1,0,0,0,0
0.03706138290181467,1.4147469717889427,"5112.                  After examining and inspecting the accident site, the following was noted: While the vehicle causing the accident was coming from the west and turned north, taking the first lane from the left side, and the damaged vehicle was coming from the east toward the west, taking the second lane from the left, and because of Bypassing the red Traffic light from the Driver of the vehicle causing the accident, the right side collided with the front side of the damaged vehicle, and the accident resulted in material damage to the vehicles and the accident was planned",-0.19746179160121255,-0.4015453331379524,-0.3676863281700941,0,1,0,1,0,0,0,0.7551936344738182,0,0,1,0,0,0,0,0,0,0,0,0,0,0,0,0,0,0,0,0,0,0,0,0,0,0,0,1,0,1,0,0,0,1,0,0,0,0,0,0,0,0,0,0,0,0,0,0,0,0,0,0,0,0,1,0,0,0,0,0,0,0,0,0,1,0,0,0,0,0,0,0,1,0,0,0,0,0,0,0,0,0,0,1,0,0,0,0,0,0,1,0,1,0,0,0,1,0,0,1,0,0,0,0
-0.33538716804216334,1.4147469717889427,"5113.                  After examining and inspecting the accident site, the following was noted: While the vehicle causing the accident was coming from the west and turned north, taking the first lane from the left side, and the damaged vehicle was coming from the east toward the west, taking the second lane from the left, and because of Bypassing the red Traffic light from the Driver of the vehicle causing the accident, the right side collided with the front side of the damaged vehicle, and the accident resulted in material damage to the vehicles and the accident was planned",-0.19746179160121255,-0.4015453331379524,-0.3676863281700941,0,1,0,1,0,0,0,0.7551936344738182,0,0,1,0,0,0,0,0,0,0,0,0,0,0,0,0,0,0,0,0,0,0,0,0,0,0,0,1,0,1,0,0,0,1,0,0,0,0,0,0,0,0,0,0,0,0,0,0,0,0,0,0,0,0,1,0,0,0,0,0,0,0,0,0,1,0,0,0,0,0,0,0,1,0,0,0,0,0,0,0,0,0,0,1,0,0,0,0,0,1,0,0,1,0,0,0,1,0,0,1,0,0,0,0
0.5159238055440721,0.3995729855676751,"5114.                  After examining and inspecting the accident site, the following was noted: While the damaged vehicle was coming from the north and turned towards the east and was taking the farthest left lane, and where the person who caused the accident was coming from the north towards the south, and because of not adherence to the traffic sign designated for pedestrian crossing, that led to the collision of the damaged vehicle with the person causing the accident. The accident resulted in the injury of the person who was hit and material damage to the vehicles, and the accident was planned",-0.19746179160121255,-0.4015453331379524,-0.3676863281700941,0,1,0,1,0,0,0,0.7747841981666339,0,0,0,0,0,0,0,0,0,0,0,0,0,0,0,0,0,0,0,0,0,1,0,0,0,0,1,0,0,0,1,0,0,1,0,0,0,0,0,0,0,0,0,0,0,0,0,0,0,0,0,0,0,0,1,0,0,0,0,0,0,0,0,0,1,0,0,0,0,0,0,0,1,0,0,0,0,0,0,0,0,0,0,0,1,0,0,0,0,1,0,0,0,0,1,0,0,0,1,0,0,0,1,0
-0.28218023219302363,-0.944846617806436,"5115.                  After examining and inspecting the accident site, the following was noted: The vehicle causing the accident was coming from the west towards the east and taking the first lane from the right, and upon reaching the entrance to the ADNOC petrol station on Arabian Gulf Street, and due to driving under the influence of alcohol or drugs, the vehicle causing the accident deviated to the side of the strip and collided with the pier of the strip and rushed forward and collided with the entrance pole of the gas station and then rushed 20 meters inside the grass strip and settled afterwards as shown in the planning",2.2427620534705888,-0.4015453331379524,0.6331117943832852,0,1,0,1,0,0,0,0.8756920178581201,0,0,0,0,0,0,0,0,0,0,0,0,0,0,0,0,0,0,0,0,0,0,0,0,0,1,0,1,0,0,1,0,0,0,1,0,0,0,0,0,0,0,0,0,0,0,0,0,0,0,0,0,0,1,0,0,0,0,0,0,0,0,0,1,0,0,0,0,0,1,0,0,0,0,0,0,0,0,0,1,0,0,0,0,0,0,0,0,0,1,0,0,1,0,0,0,1,0,0,0,0,0,0,1
-0.5482149114387221,1.455902673933048,"5116.                  After examining and inspecting the accident site, the following was noted: While the vehicle causing the accident was coming from the east towards the west and taking the far-left lane, and turning through the opening shown in the drawing, the damaged vehicle was coming from the west towards the east and taking the middle lane while they were traveling, and because of the driver of the vehicle causing the accident failure to comply with the sign ""stop"" and without traffic clearance. This led to the occurrence of this accident. The front of the damaged vehicle collided with the right side of the vehicle causing the accident, and the accident resulted in the injury of the driver of the damaged vehicle and its companions, as well as material damage to the two vehicles. According to the chart, the accident occurred.",-0.19746179160121255,-0.4015453331379524,-0.3676863281700941,0,1,0,1,0,0,0,0.9927866776064078,0,0,0,0,0,0,0,0,0,0,0,0,0,0,0,0,0,0,0,1,0,0,0,0,0,0,0,1,0,0,1,0,0,0,0,1,0,0,0,0,0,0,0,0,0,0,0,0,0,0,0,0,1,0,0,0,0,0,0,0,0,0,0,1,0,0,0,0,0,0,0,0,0,0,1,0,0,0,0,0,0,0,0,1,0,0,0,0,0,1,0,1,0,0,0,0,0,1,0,0,1,0,0,0
-0.06935248879646476,1.455902673933048,"5117.                  After examining and inspecting the accident site, the following was noted: While the vehicle causing the accident was coming from the east towards the west and taking the far-left lane, and turning through the opening shown in the drawing, the damaged vehicle was coming from the west towards the east and taking the middle lane while they were traveling, and because of the driver of the vehicle causing the accident failure to comply with the sign ""stop"" and without traffic clearance. This led to the occurrence of this accident. The front of the damaged vehicle collided with the right side of the vehicle causing the accident, and the accident resulted in the injury of the driver of the damaged vehicle and its companions, as well as material damage to the two vehicles. According to the chart, the accident occurred.",-0.19746179160121255,-0.4015453331379524,-0.3676863281700941,0,1,0,1,0,0,0,0.9927866776064078,0,0,0,0,0,0,0,0,0,0,0,0,0,0,0,0,0,0,0,1,0,0,0,0,0,0,0,1,0,0,1,0,0,0,0,1,0,0,0,0,0,0,0,0,0,0,0,0,0,0,0,0,1,0,0,0,0,0,0,0,0,0,0,1,0,0,0,0,0,0,0,0,0,0,1,0,0,0,0,0,0,0,0,1,0,0,0,0,0,0,1,0,0,1,0,0,0,1,0,0,1,0,0,0
0.35630299799665294,1.455902673933048,"5118.                  After examining and inspecting the accident site, the following was noted: While the vehicle causing the accident was coming from the east towards the west and taking the far-left lane, and turning through the opening shown in the drawing, the damaged vehicle was coming from the west towards the east and taking the middle lane while they were traveling, and because of the driver of the vehicle causing the accident failure to comply with the sign ""stop"" and without traffic clearance. This led to the occurrence of this accident. The front of the damaged vehicle collided with the right side of the vehicle causing the accident, and the accident resulted in the injury of the driver of the damaged vehicle and its companions, as well as material damage to the two vehicles. According to the chart, the accident occurred.",-0.19746179160121255,-0.4015453331379524,-0.3676863281700941,0,1,0,1,0,0,0,0.9927866776064078,0,0,0,0,0,0,0,0,0,0,0,0,0,0,0,0,0,0,0,1,0,0,0,0,0,0,0,1,0,0,1,0,0,0,0,1,0,0,0,0,0,0,0,0,0,0,0,0,0,0,0,0,1,0,0,0,0,0,0,0,0,0,0,1,0,0,0,0,0,0,0,0,0,0,1,0,0,0,0,0,0,0,0,1,0,0,0,0,0,0,1,0,1,0,0,0,1,0,0,0,1,0,0,0
1.846097201772565,-0.972283752569173,"5119.                  After examining and inspecting the accident site, the following was noted: While the vehicle causing the accident was coming from the west towards the east and taking the far-right lane and due to the sudden stop, and the lack of caution while stopping by the Driver, the passenger fell on the floor of the bus and according to the chart, the occurred.",1.0226501309346883,-0.4015453331379524,0.6331117943832852,1,0,0,1,0,0,0,0.9861762304162063,0,0,0,0,0,0,0,0,0,0,0,0,0,0,0,0,0,0,0,0,0,0,0,1,0,0,0,1,0,0,1,0,0,1,0,0,0,0,0,0,0,0,0,0,0,0,0,0,0,0,0,0,0,1,0,0,0,0,0,0,0,0,0,1,0,0,0,0,0,1,0,0,0,0,0,0,1,0,0,0,0,0,0,0,0,0,0,0,0,1,0,0,0,1,0,0,0,1,0,1,0,0,0,0
-0.6014218472878619,-0.9860023199505414,"5120.                  After examining and inspecting the accident site, the following was noted: While the two damaged vehicles and the vehicle causing the accident were traveling from the east to the west direction, as the damaged motorcycle was traveling in the right lane and the causing vehicle was traveling in the second lane from the right and during the course of the two vehicles and due to non-compliance to the traffic rules by the driver who caused the accident, the vehicle deviated from its route from the middle lane to the right and collided with the right front side of the vehicle causing the left side of the damaged motorcycle and the driver lost control of the bike and the motorcycle overturned on the right side, then the driver causing the accident managed to escape with his vehicle from the site the incident",1.0226501309346883,-0.4015453331379524,0.6331117943832852,0,1,0,1,0,0,0,0.9903351210325583,0,0,0,0,0,0,0,0,0,0,1,0,0,0,0,0,0,0,0,0,0,0,0,0,0,0,0,0,1,0,1,0,0,1,0,0,0,0,0,0,0,0,0,0,0,0,0,0,0,0,0,0,1,0,0,0,0,0,0,0,0,0,0,1,0,0,0,0,0,1,0,0,0,0,0,0,0,0,0,0,0,0,0,1,0,0,0,0,0,1,0,0,1,0,0,0,1,0,0,1,0,0,0,0
0.7819584847897707,-0.9997208873319099,"5121.                  After examining and inspecting the accident site, the following was noted: While the vehicle causing the accident was coming from the east towards the west and taking the middle lane and the damaged vehicle coming from the same direction and taking the second lane from the left, and because of the failure to adhere to the lane by the driver who caused the accident and because of changing the lane, the front right side of the damaged vehicle collided with the left rear side of the vehicle causing the accident, which led to the vehicle causing the accident to drift to the left and collide with its front left side with the concrete barrier. The accident resulted in the injury of the driver who caused the accident, as well as material damage to the two vehicles, and according to the chart, the accident occurred",2.2427620534705888,-0.4015453331379524,0.6331117943832852,0,1,0,1,0,0,0,1.0975359988935245,0,0,0,0,0,0,0,0,0,0,1,0,0,0,0,0,0,0,0,0,0,0,0,0,0,0,0,0,1,0,1,0,0,0,0,1,0,0,0,0,0,0,0,0,0,0,0,0,0,0,0,0,0,1,0,0,0,0,0,0,0,0,0,1,0,0,0,0,0,1,0,0,0,0,0,0,0,0,0,0,0,0,0,0,0,0,0,1,0,0,1,0,1,0,0,0,1,0,0,0,1,0,0,0
1.3672347791303074,-0.9860023199505414,"5122.                  After examining and inspecting the accident site, the following was noted: The vehicle causing the accident was traveling from the east to the west and taking the second lane from the right while the person being run over was trying to cross the street from the south to the north on foot, and from a place not designated for pedestrian crossing. and due to the overspeed and the driver tried to use the brakes, but it didn’t work, as the front right side of the vehicle ran over the body of the runover person. The accident resulted in the injury of the runover person and the material damage to the vehicle. According to the chart, the accident occurred.",-0.19746179160121255,2.490378837640347,0.6331117943832852,1,0,0,1,0,0,0,1.205043321326222,0,0,0,0,0,0,0,0,0,0,0,0,0,0,0,0,0,0,0,0,0,1,0,0,0,0,0,0,1,0,1,1,0,0,0,0,0,0,0,0,0,0,0,0,0,0,0,0,0,0,0,0,0,1,0,0,0,0,0,0,0,0,0,1,0,0,0,0,0,1,0,0,0,0,0,0,0,0,0,0,0,0,0,0,1,0,0,0,0,1,0,0,0,0,1,0,0,0,1,0,1,0,0,0
-0.38859410389130306,-0.9860023199505414,"5123.                  After examining and inspecting the accident site, the following was noted: The vehicle causing the accident was coming from the west towards the east and taking the second lane from the left, and the damaged vehicle was coming from the same direction and taking the left lane and because of the failure of the driver causing the accident to abide by the road line, it deviated from the second lane to the left lane that the damaged vehicle is traveling on and collided with the left front side of the vehicle with the right side of the damaged vehicle. As a result of the accident, the driver of the damaged vehicle was injured with a minor injury. He received the necessary treatment and left the hospital in a minor general condition, as well as material damage to vehicles. The site of the accident was inspected.",-0.19746179160121255,-0.4015453331379524,0.6331117943832852,0,1,0,1,0,0,0,1.316512534293444,0,0,0,0,0,0,0,0,0,0,1,0,0,0,0,0,0,0,0,0,0,0,0,0,0,0,0,0,1,0,1,0,0,1,0,0,0,0,0,0,0,0,0,0,0,0,0,0,0,0,0,0,1,0,0,0,0,0,0,0,0,0,0,1,0,0,0,0,0,0,0,0,1,0,0,0,0,0,0,0,0,0,0,0,0,0,0,1,0,1,0,0,1,0,0,0,1,0,0,0,0,0,0,1
0.6755446130914913,0.8934414112969404,"5124.                  After examining and inspecting the accident site, the following was noted: While the first vehicle causing accident was coming from the east towards the west on the second lane, and the runover person was passing the intersection lines from the north towards the south and because of bypassing the red traffic light signal, the causing vehicle hit the person, and the accident resulted in the injury of the person, with an average injury, and was admitted to Mafraq Hospital.",1.0226501309346883,-0.4015453331379524,0.6331117943832852,0,1,0,1,0,0,0,1.322203647768452,0,0,1,0,0,0,0,0,0,0,0,0,0,0,0,0,0,0,0,0,0,0,0,0,0,0,0,0,1,0,1,0,0,0,0,1,0,0,0,0,0,0,0,0,0,0,0,0,0,0,0,0,0,0,1,0,0,0,0,0,0,0,0,0,1,0,0,0,0,0,1,0,0,0,0,0,0,0,0,0,0,0,0,0,1,0,0,0,0,1,0,0,0,0,1,0,0,0,1,0,0,0,1,0
0.09026831875095438,0.5230400919999915,"5125.                  After examining and inspecting the accident site, the following was noted: The vehicle causing the accident was coming from the north towards the south and wanted to go east, and the first and second damaged vehicle was coming from the south towards the north, and the first damaged vehicle was taking the left lane and the second damaged vehicle was taking the right lane and because of Bypassing the red traffic light by the driver causing the accident, the front side of the first damaged vehicle hit the front right side of the vehicle causing the accident and as a result of the collision, the first damaged vehicle deflected to collide with its front right side with the front of the second damaged vehicle. The accident resulted in the injury of the driver, who caused the accident, and his companions, and the accompanying persons in the first and second damaged vehicles who received the necessary treatment at Sheikh Khalifa Hospital, and material damage also resulted in the vehicles. The site of the accident was inspected",-0.19746179160121255,-0.4015453331379524,0.6331117943832852,0,1,0,1,0,0,0,1.4344608610629828,0,0,1,0,0,0,0,0,0,0,0,0,0,0,0,0,0,0,0,0,0,0,0,0,0,0,1,0,0,0,1,0,0,1,0,0,0,0,0,0,0,0,0,0,0,0,0,0,0,0,0,0,0,0,1,0,0,0,0,0,0,0,0,0,1,0,0,0,0,0,0,0,1,0,0,0,0,0,0,0,0,0,0,1,0,0,0,0,0,0,1,0,1,0,0,0,1,0,0,0,1,0,0,0
-1.2931120133266782,0.5230400919999915,"5126.                  After examining and inspecting the accident site, the following was noted: The vehicle causing the accident was coming from the north towards the south and wanted to go east, and the first and second damaged vehicle was coming from the south towards the north, and the first damaged vehicle was taking the left lane and the second damaged vehicle was taking the right lane and because of Bypassing the red traffic light by the driver causing the accident, the front side of the first damaged vehicle hit the front right side of the vehicle causing the accident and as a result of the collision, the first damaged vehicle deflected to collide with its front right side with the front of the second damaged vehicle. The accident resulted in the injury of the driver, who caused the accident, and his companions, and the accompanying persons in the first and second damaged vehicles who received the necessary treatment at Sheikh Khalifa Hospital, and material damage also resulted in the vehicles. The site of the accident was inspected",-0.19746179160121255,-0.4015453331379524,0.6331117943832852,0,1,0,1,0,0,0,1.4344608610629828,0,0,1,0,0,0,0,0,0,0,0,0,0,0,0,0,0,0,0,0,0,0,0,0,0,0,1,0,0,0,1,0,0,1,0,0,0,0,0,0,0,0,0,0,0,0,0,0,0,0,0,0,0,0,1,0,0,0,0,0,0,0,0,0,1,0,0,0,0,0,0,0,1,0,0,0,0,0,0,0,0,0,0,1,0,0,0,0,0,0,1,1,0,0,0,0,0,1,0,0,1,0,0,0
-0.33538716804216334,0.5230400919999915,"5127.                  After examining and inspecting the accident site, the following was noted: The vehicle causing the accident was coming from the north towards the south and wanted to go east, and the first and second damaged vehicle was coming from the south towards the north, and the first damaged vehicle was taking the left lane and the second damaged vehicle was taking the right lane and because of Bypassing the red traffic light by the driver causing the accident, the front side of the first damaged vehicle hit the front right side of the vehicle causing the accident and as a result of the collision, the first damaged vehicle deflected to collide with its front right side with the front of the second damaged vehicle. The accident resulted in the injury of the driver, who caused the accident, and his companions, and the accompanying persons in the first and second damaged vehicles who received the necessary treatment at Sheikh Khalifa Hospital, and material damage also resulted in the vehicles. The site of the accident was inspected",-0.19746179160121255,-0.4015453331379524,0.6331117943832852,1,0,0,1,0,0,0,1.4344608610629828,0,0,1,0,0,0,0,0,0,0,0,0,0,0,0,0,0,0,0,0,0,0,0,0,0,0,1,0,0,0,1,0,0,1,0,0,0,0,0,0,0,0,0,0,0,0,0,0,0,0,0,0,0,0,1,0,0,0,0,0,0,0,0,0,1,0,0,0,0,0,0,0,1,0,0,0,0,0,0,0,0,0,0,1,0,0,0,0,0,1,0,1,0,0,0,0,0,1,0,0,1,0,0,0
1.2076139715828884,0.5230400919999915,"5128.                  After examining and inspecting the accident site, the following was noted: The vehicle causing the accident was coming from the north towards the south and wanted to go east, and the first and second damaged vehicle was coming from the south towards the north, and the first damaged vehicle was taking the left lane and the second damaged vehicle was taking the right lane and because of Bypassing the red traffic light by the driver causing the accident, the front side of the first damaged vehicle hit the front right side of the vehicle causing the accident and as a result of the collision, the first damaged vehicle deflected to collide with its front right side with the front of the second damaged vehicle. The accident resulted in the injury of the driver, who caused the accident, and his companions, and the accompanying persons in the first and second damaged vehicles who received the necessary treatment at Sheikh Khalifa Hospital, and material damage also resulted in the vehicles. The site of the accident was inspected",-0.19746179160121255,-0.4015453331379524,0.6331117943832852,1,0,0,1,0,0,0,1.4344608610629828,0,0,1,0,0,0,0,0,0,0,0,0,0,0,0,0,0,0,0,0,0,0,0,0,0,0,1,0,0,0,1,0,0,1,0,0,0,0,0,0,0,0,0,0,0,0,0,0,0,0,0,0,0,0,1,0,0,0,0,0,0,0,0,0,1,0,0,0,0,0,0,0,1,0,0,0,0,0,0,0,0,0,0,1,0,0,0,0,0,0,1,0,0,1,0,0,0,1,0,0,1,0,0,0