Age of the injured,Str Code,Accident Description,Road speed limit,Pedestrian action,Number of Lanes,Gender_F,Gender_M,Week_Fifth week,Week_First week,Week_Fourth week,Week_Second week,Week_Third week,Date_time,Reasons__??? ????? ?????? ?????? ???? ????? ??? ???? ???????,Reasons__???? ?? ??????? (???),Reasons__Bypassing the red traffic light,Reasons__Driving back without attention,Reasons__Driving back without traffic clearance,Reasons__Driving in the opposite direction,Reasons__Entering main road without traffic clearance,Reasons__Exceeding speed limit,Reasons__Fatigue and drowsiness,Reasons__Faults in the road,Reasons__Ignoring road lane,Reasons__Ignoring traffic lights,Reasons__Lack of driving awareness,Reasons__Misuse of traffic,Reasons__Negligence and inobservance,Reasons__Negligent driving,Reasons__Not giving priority to pedestrian crossing,Reasons__Not giving way / not giving priority,Reasons__Not leaving enough space,Reasons__Not observing the stop sign,Reasons__Not securing vehicle stability while stopping,Reasons__Speedy without taking road conditions into account,Reasons__Sudden deviation,Reasons__Sudden stop,Reasons__Tyre burst,Reasons__under influence of intoxicant or narcotic drug,__Al Madina Police Station,__Khaldiya Police Station,__Shaabiya Police Station,Streetname_Intersection,Streetname_Street,place__Bridge / Tunnel,place__Coastal area,place__Commercial area,place__Fuel Station,place__Govt. authority,place__Hospital,place__Island,place__Mosque,place__One level intersection,place__Other,place__Park,place__Residential area,place__Sand area,place__School,place__Work area,place__external road,place__unknown,location__ ,location__Bridge,location__Bridge /  Tunnel,location__Car parking,location__Double road,location__Highway,location__Intersection,location__Off the road,location__Other(specify),location__Roundabout,location__Side parking,location__Single road,location__Tunnel,location__Two-way road,location__Unknown,lighting__day,lighting__night - enough lights,lighting__night - weak lights,intersection__Deviated intersection,intersection__Half Perpendicular Intersection,intersection__Multiple leg Intersection,intersection__Not on Intersection,intersection__Not on or around 20 meters,intersection__Other,intersection__Perpendicular Intersection,intersection__Roundabout,intersection__Turn ,accidentype__Collision while turning,accidentype__Fall,accidentype__Hitting a moving object off the road,accidentype__Hitting a moving object on the road,accidentype__Hitting a stationary object off the road,accidentype__Hitting a stationary object on the road,accidentype__Multiple collision,accidentype__Other (specify),accidentype__Perpendicular collision,accidentype__Person run over,accidentype__Rear collision,accidentype__Reciprocal collision,accidentype__Side collision,accidentype__deterioration,seat belt_N,seat belt_Y,seat_Back passenger seat,seat_Driver's seat,seat_Front passenger seat,seat_No passenger,seat_bike passenger,position_Driver,position_Passenger,position_Pedestrian,nationality_Arab States,nationality_Asian States,nationality_GCC,nationality_Other,nationality_UAE
0.7819584847897707,0.5230400919999915,"5129.                  After examining and inspecting the accident site, the following was noted: The vehicle causing the accident was coming from the north towards the south and wanted to go east, and the first and second damaged vehicle was coming from the south towards the north, and the first damaged vehicle was taking the left lane and the second damaged vehicle was taking the right lane and because of Bypassing the red traffic light by the driver causing the accident, the front side of the first damaged vehicle hit the front right side of the vehicle causing the accident and as a result of the collision, the first damaged vehicle deflected to collide with its front right side with the front of the second damaged vehicle. The accident resulted in the injury of the driver, who caused the accident, and his companions, and the accompanying persons in the first and second damaged vehicles who received the necessary treatment at Sheikh Khalifa Hospital, and material damage also resulted in the vehicles. The site of the accident was inspected",-0.19746179160121255,-0.4015453331379524,0.6331117943832852,1,0,0,1,0,0,0,1.4344608610629828,0,0,1,0,0,0,0,0,0,0,0,0,0,0,0,0,0,0,0,0,0,0,0,0,0,0,1,0,0,0,1,0,0,1,0,0,0,0,0,0,0,0,0,0,0,0,0,0,0,0,0,0,0,0,1,0,0,0,0,0,0,0,0,0,1,0,0,0,0,0,0,0,1,0,0,0,0,0,0,0,0,0,0,1,0,0,0,0,0,0,1,0,0,1,0,0,0,1,0,1,0,0,0,0
1.6864763942251457,0.5230400919999915,"5130.                  After examining and inspecting the accident site, the following was noted: The vehicle causing the accident was coming from the north towards the south and wanted to go east, and the first and second damaged vehicle was coming from the south towards the north, and the first damaged vehicle was taking the left lane and the second damaged vehicle was taking the right lane and because of Bypassing the red traffic light by the driver causing the accident, the front side of the first damaged vehicle hit the front right side of the vehicle causing the accident and as a result of the collision, the first damaged vehicle deflected to collide with its front right side with the front of the second damaged vehicle. The accident resulted in the injury of the driver, who caused the accident, and his companions, and the accompanying persons in the first and second damaged vehicles who received the necessary treatment at Sheikh Khalifa Hospital, and material damage also resulted in the vehicles. The site of the accident was inspected",-0.19746179160121255,-0.4015453331379524,0.6331117943832852,0,1,0,1,0,0,0,1.4344608610629828,0,0,1,0,0,0,0,0,0,0,0,0,0,0,0,0,0,0,0,0,0,0,0,0,0,0,1,0,0,0,1,0,0,1,0,0,0,0,0,0,0,0,0,0,0,0,0,0,0,0,0,0,0,0,1,0,0,0,0,0,0,0,0,0,1,0,0,0,0,0,0,0,1,0,0,0,0,0,0,0,0,0,0,1,0,0,0,0,0,1,0,1,0,0,0,0,0,1,0,0,1,0,0,0
-1.3463189491758178,0.5230400919999915,"5131.                  After examining and inspecting the accident site, the following was noted: The vehicle causing the accident was coming from the north towards the south and wanted to go east, and the first and second damaged vehicle was coming from the south towards the north, and the first damaged vehicle was taking the left lane and the second damaged vehicle was taking the right lane and because of Bypassing the red traffic light by the driver causing the accident, the front side of the first damaged vehicle hit the front right side of the vehicle causing the accident and as a result of the collision, the first damaged vehicle deflected to collide with its front right side with the front of the second damaged vehicle. The accident resulted in the injury of the driver, who caused the accident, and his companions, and the accompanying persons in the first and second damaged vehicles who received the necessary treatment at Sheikh Khalifa Hospital, and material damage also resulted in the vehicles. The site of the accident was inspected",-0.19746179160121255,-0.4015453331379524,0.6331117943832852,0,1,0,1,0,0,0,1.4344608610629828,0,0,1,0,0,0,0,0,0,0,0,0,0,0,0,0,0,0,0,0,0,0,0,0,0,0,1,0,0,0,1,0,0,1,0,0,0,0,0,0,0,0,0,0,0,0,0,0,0,0,0,0,0,0,1,0,0,0,0,0,0,0,0,0,1,0,0,0,0,0,0,0,1,0,0,0,0,0,0,0,0,0,0,1,0,0,0,0,0,1,0,1,0,0,0,0,0,1,0,1,0,0,0,0
-0.06935248879646476,0.5230400919999915,"5132.                  After examining and inspecting the accident site, the following was noted: The vehicle causing the accident was coming from the north towards the south and wanted to go east, and the first and second damaged vehicle was coming from the south towards the north, and the first damaged vehicle was taking the left lane and the second damaged vehicle was taking the right lane and because of Bypassing the red traffic light by the driver causing the accident, the front side of the first damaged vehicle hit the front right side of the vehicle causing the accident and as a result of the collision, the first damaged vehicle deflected to collide with its front right side with the front of the second damaged vehicle. The accident resulted in the injury of the driver, who caused the accident, and his companions, and the accompanying persons in the first and second damaged vehicles who received the necessary treatment at Sheikh Khalifa Hospital, and material damage also resulted in the vehicles. The site of the accident was inspected",-0.19746179160121255,-0.4015453331379524,0.6331117943832852,1,0,0,1,0,0,0,1.4344608610629828,0,0,1,0,0,0,0,0,0,0,0,0,0,0,0,0,0,0,0,0,0,0,0,0,0,0,1,0,0,0,1,0,0,1,0,0,0,0,0,0,0,0,0,0,0,0,0,0,0,0,0,0,0,0,1,0,0,0,0,0,0,0,0,0,1,0,0,0,0,0,0,0,1,0,0,0,0,0,0,0,0,0,0,1,0,0,0,0,0,1,0,1,0,0,0,0,0,1,0,0,1,0,0,0
-1.6655605642706561,0.5230400919999915,"5133.                  After examining and inspecting the accident site, the following was noted: The vehicle causing the accident was coming from the north towards the south and wanted to go east, and the first and second damaged vehicle was coming from the south towards the north, and the first damaged vehicle was taking the left lane and the second damaged vehicle was taking the right lane and because of Bypassing the red traffic light by the driver causing the accident, the front side of the first damaged vehicle hit the front right side of the vehicle causing the accident and as a result of the collision, the first damaged vehicle deflected to collide with its front right side with the front of the second damaged vehicle. The accident resulted in the injury of the driver, who caused the accident, and his companions, and the accompanying persons in the first and second damaged vehicles who received the necessary treatment at Sheikh Khalifa Hospital, and material damage also resulted in the vehicles. The site of the accident was inspected",-0.19746179160121255,-0.4015453331379524,0.6331117943832852,0,1,0,1,0,0,0,1.4344608610629828,0,0,1,0,0,0,0,0,0,0,0,0,0,0,0,0,0,0,0,0,0,0,0,0,0,0,1,0,0,0,1,0,0,1,0,0,0,0,0,0,0,0,0,0,0,0,0,0,0,0,0,0,0,0,1,0,0,0,0,0,0,0,0,0,1,0,0,0,0,0,0,0,1,0,0,0,0,0,0,0,0,0,0,1,0,0,0,0,0,0,1,1,0,0,0,0,0,1,0,0,1,0,0,0
0.5159238055440721,0.9894713829665198,"5134.                  After examining and inspecting the accident site, the following was noted: The vehicle causing the accident was coming from the north towards the south and wanted to go east, and the first and second damaged vehicle was coming from the south towards the north, and the first damaged vehicle was taking the left lane and the second damaged vehicle was taking the right lane and because of Bypassing the red traffic light by the driver causing the accident, the front side of the first damaged vehicle hit the front right side of the vehicle causing the accident and as a result of the collision, the first damaged vehicle deflected to collide with its front right side with the front of the second damaged vehicle. The accident resulted in the injury of the driver, who caused the accident, and his companions, and the accompanying persons in the first and second damaged vehicles who received the necessary treatment at Sheikh Khalifa Hospital, and material damage also resulted in the vehicles. The site of the accident was inspected",-0.19746179160121255,-0.4015453331379524,0.6331117943832852,0,1,0,1,0,0,0,1.4302144148547078,0,0,1,0,0,0,0,0,0,0,0,0,0,0,0,0,0,0,0,0,0,0,0,0,0,0,0,1,0,0,1,0,0,0,0,0,0,0,0,0,0,0,0,0,1,0,0,0,0,0,0,0,1,0,0,0,0,0,0,0,0,0,0,0,1,0,0,0,0,0,0,0,1,0,0,0,0,0,0,0,0,0,0,1,0,0,0,0,0,0,1,0,1,0,0,0,1,0,0,0,1,0,0,0
1.0479931640354692,0.9894713829665198,"5135.                  After examining and inspecting the accident site, the following was noted: The vehicle causing the accident was coming from the north towards the south and wanted to go east, and the first and second damaged vehicle was coming from the south towards the north, and the first damaged vehicle was taking the left lane and the second damaged vehicle was taking the right lane and because of Bypassing the red traffic light by the driver causing the accident, the front side of the first damaged vehicle hit the front right side of the vehicle causing the accident and as a result of the collision, the first damaged vehicle deflected to collide with its front right side with the front of the second damaged vehicle. The accident resulted in the injury of the driver, who caused the accident, and his companions, and the accompanying persons in the first and second damaged vehicles who received the necessary treatment at Sheikh Khalifa Hospital, and material damage also resulted in the vehicles. The site of the accident was inspected",-0.19746179160121255,-0.4015453331379524,0.6331117943832852,0,1,0,1,0,0,0,1.4302144148547078,0,0,1,0,0,0,0,0,0,0,0,0,0,0,0,0,0,0,0,0,0,0,0,0,0,0,0,1,0,0,1,0,0,0,0,0,0,0,0,0,0,0,0,0,1,0,0,0,0,0,0,0,1,0,0,0,0,0,0,0,0,0,0,0,1,0,0,0,0,0,0,0,1,0,0,0,0,0,0,0,0,0,0,1,0,0,0,0,0,0,1,0,0,1,0,0,0,1,0,1,0,0,0,0
-0.4950079755895825,-0.9311280504250675,"5136.                  After examining and inspecting the accident site, the following was noted: While the two vehicles were traveling from east to west, the damaged vehicle was driving in the front, and the motorcycle causing the accident was driving at the rear and while traveling and due to not leaving enough space by the driver causing the accident, the front of his bike collided at the rear of the damaged vehicle, and due to the force of the collision, Driver was thrown off the motorcycle and his head hit the back window of the damaged vehicle, and his bike drifted to the right, and the vehicle turned over. As a result of the accident, the driver was injured and material damage occurred to both vehicles. According to the plan, the accident occurred.",-0.19746179160121255,-0.4015453331379524,0.6331117943832852,0,1,0,1,0,0,0,1.5321947905472533,0,0,0,0,0,0,0,0,0,0,0,0,0,0,0,0,0,0,1,0,0,0,0,0,0,0,0,0,1,0,1,0,0,1,0,0,0,0,0,0,0,0,0,0,0,0,0,0,0,0,0,0,1,0,0,0,0,0,0,0,0,0,0,1,0,0,0,0,0,1,0,0,0,0,0,0,0,0,0,0,0,0,0,0,0,1,0,0,0,1,0,0,1,0,0,0,1,0,0,0,1,0,0,0
1.846097201772565,-0.8213795113741197,"5137.                  After examining and inspecting the accident site, the following was noted: While the vehicle causing the accident was coming from the north towards the south and taking the far left lane, and while the runover person was crossing the road, but not on the crossing lines from the west towards the east and because of the overspeed without taking into account the road conditions by the Driver of the vehicle causing the accident, the front right side of the vehicle collided with the body of the run over person, and the accident resulted in injury to the run over person and damages to the damaged vehicle, and according to the plan, the accident occurred.",-0.19746179160121255,2.490378837640347,-0.3676863281700941,0,1,0,1,0,0,0,1.6371739452631684,0,0,0,0,0,0,0,0,0,0,0,0,0,0,0,0,0,0,0,0,0,1,0,0,0,0,0,1,0,0,1,0,0,1,0,0,0,0,0,0,0,0,0,0,0,0,0,0,0,0,0,0,1,0,0,0,0,0,0,0,0,0,0,1,0,0,0,0,0,1,0,0,0,0,0,0,0,0,0,0,0,0,0,0,1,0,0,0,0,1,0,0,0,0,1,0,0,0,1,1,0,0,0,0
-1.1866981416283988,-0.8213795113741197,"5138.                  After examining and inspecting the accident site, the following was noted: While the causing vehicle was coming from the west towards the east and on a single road, and the run over person was standing on the sidewalk, and while the Driver was turning to the left, and due to overspeed without taking into account the road conditions, the front right side collided with the body of the run over person and the front right tire of the vehicle went over the sidewalk. The accident resulted in the injury of the driver and the driver causing the accident escaped, and according to the chart, the accident occurred",-1.4175737141371132,-0.4015453331379524,-2.3692825732768528,0,1,0,1,0,0,0,1.6473632272732306,0,0,0,0,0,0,0,0,0,0,0,0,0,0,0,0,0,0,0,0,0,1,0,0,0,0,0,1,0,0,1,0,0,0,0,0,0,0,0,0,0,0,1,0,0,0,0,0,0,0,0,0,0,0,0,0,0,0,0,1,0,0,0,1,0,0,0,0,0,1,0,0,0,0,0,0,0,0,0,0,0,0,0,0,1,0,0,0,0,1,0,0,0,0,1,0,0,0,1,1,0,0,0,0
0.3030960621475132,-0.7527866744672773,"5139.                  After examining and inspecting the accident site, the following was noted: While the causing vehicle was coming from the east towards the west, taking the middle lane, the driver was trying to cross the street from the south to the north on his feet in an abnormal condition (drunk) and from an unallocated place to pedestrians crossing despite the presence of a pedestrian crossing at a distance of approximately 200 meters and upon arrival in the middle of the road and the arrival of the causing vehicle quickly without taking into account the road conditions and the Driver's attempt to avoid the accident by pressing the brakes as the vehicle deviated from it and continued its course for a distance of 25 steps, which led to the occurrence of this accident, the accident resulted in the run over person’s injury and material damage to the vehicle. According to the chart, the accident occurred.",-0.19746179160121255,2.490378837640347,1.6339099169366647,0,1,0,1,0,0,0,1.7389354319759058,0,0,0,0,0,0,0,0,0,0,0,0,0,0,0,0,0,0,0,0,0,1,0,0,0,0,1,0,0,0,1,0,0,1,0,0,0,0,0,0,0,0,0,0,0,0,0,0,0,0,0,0,0,1,0,0,0,0,0,0,0,0,0,0,1,0,0,0,0,1,0,0,0,0,0,0,0,0,0,0,0,0,0,0,1,0,0,0,0,1,0,0,0,0,1,0,0,0,1,0,1,0,0,0
0.09026831875095438,-0.8213795113741197,"5140.                  After examining and inspecting the accident site, the following was noted: The two vehicles were coming from a south direction to the north, where the vehicle causing the accident was in the middle, and the damaged vehicle was in the right line, and due to non-compliance to the obligatory driving line by the driver of the vehicle causing the accident that changed its lane from the center line to the right line, and as the distance between the two vehicles approached, the right front side of the damaged vehicle collided with the rear side of the causing vehicle, which led to the turning over of the vehicle causing the accident on its left side and the two vehicles settled as shown in the drawing",-0.19746179160121255,-0.4015453331379524,-0.3676863281700941,1,0,0,1,0,0,0,1.7553302165635247,0,0,0,0,0,0,0,0,0,0,1,0,0,0,0,0,0,0,0,0,0,0,0,0,0,0,0,1,0,0,1,0,0,0,0,0,0,0,0,0,0,0,1,0,0,0,0,0,0,0,0,0,1,0,0,0,0,0,0,0,0,0,0,1,0,0,0,0,0,1,0,0,0,0,0,0,0,0,0,0,0,0,0,0,0,1,0,0,0,0,1,0,1,0,0,0,1,0,0,1,0,0,0,0
0.35630299799665294,-0.9997208873319099,"5141.                  After examining and inspecting the accident site, the following was noted: The two vehicles were coming from an east-west direction in the left line, and the damaged vehicle was traveling in front and the vehicle causing the accident was traveling behind it, and during the course of the two vehicles, due to overspeed without taking road into account from Before the driver of the vehicle causing the accident, the driver of the vehicle causing the accident passed the damaged vehicle from the side of the road to the left and drifted to the right to collide with the right front side at the rear left side of the damaged vehicle, and due to the force of the collision, the causing vehicle drifted to the left and collided with the concrete barrier and continued its drifting to the far right of the road to collide with the right barrier of the road, and accordingly, the accident was planned as shown in the drawing.",-0.19746179160121255,-0.4015453331379524,0.6331117943832852,0,1,0,1,0,0,0,-0.4419649183410659,0,0,0,0,0,0,0,0,0,0,0,0,0,0,0,0,0,0,0,0,0,1,0,0,0,0,0,0,1,0,1,1,0,0,0,0,0,0,0,0,0,0,0,0,0,0,0,0,0,0,1,0,0,0,0,0,0,0,0,0,0,0,0,1,0,0,0,0,0,1,0,0,0,0,0,0,0,0,0,0,0,0,0,0,0,0,0,1,0,0,1,0,1,0,0,0,1,0,0,0,0,0,0,1
0.03706138290181467,-0.9860023199505414,"5142.                  After examining and inspecting the accident site, the following was noted: While the Driver was the vehicle causing the accident coming from the south, taking the far left and turning left, and while the Driver of the damaged vehicle was coming from the east towards the west and taking the far left lane and due to bypassing the red traffic light by the Driver of the vehicle causing the accident, the front side of the damaged vehicle collided with the front right side of the causing vehicle, which resulted in material damage to the vehicles and injury to the driver of the damaged vehicle. The accident was planned and necessary action was taken.",-0.19746179160121255,-0.4015453331379524,0.6331117943832852,0,1,0,1,0,0,0,-0.42604074506003414,0,0,1,0,0,0,0,0,0,0,0,0,0,0,0,0,0,0,0,0,0,0,0,0,0,0,0,0,1,0,1,0,0,0,0,0,0,0,0,0,0,0,1,0,0,0,0,0,0,0,0,0,0,0,1,0,0,0,0,0,0,0,0,0,1,0,0,0,0,0,0,0,1,0,0,0,0,0,0,0,0,0,0,1,0,0,0,0,0,1,0,0,1,0,0,0,1,0,0,1,0,0,0,0
-0.33538716804216334,0.3035430138980958,"5143.                  After examining and inspecting the accident site, the following was noted: While the vehicle causing the accident was coming from the west towards the east and taking the left lane, and the damaged vehicle was coming from the north towards the south and taking the left lane, and due to bypassing the red-light signal by the driver that caused the accident, the front side of the vehicle causing the accident hit the front right side of the damaged vehicle. The accident resulted in bodily injuries and material damage to both vehicles. According to the chart, the accident occurred",-0.19746179160121255,-0.4015453331379524,-0.3676863281700941,1,0,0,1,0,0,0,-0.4244537999564262,0,0,1,0,0,0,0,0,0,0,0,0,0,0,0,0,0,0,0,0,0,0,0,0,0,0,0,1,0,0,1,0,0,1,0,0,0,0,0,0,0,0,0,0,0,0,0,0,0,0,0,0,0,0,1,0,0,0,0,0,0,0,0,0,1,0,0,0,1,0,0,0,0,0,0,0,0,0,0,0,0,0,0,1,0,0,0,0,0,0,1,1,0,0,0,0,0,1,0,0,1,0,0,0
-1.3463189491758178,0.3035430138980958,"5144.                  After examining and inspecting the accident site, the following was noted: While the vehicle causing the accident was coming from the west towards the east and taking the left lane, and the damaged vehicle was coming from the north towards the south and taking the left lane, and due to bypassing the red-light signal by the driver that caused the accident, the front side of the vehicle causing the accident hit the front right side of the damaged vehicle. The accident resulted in bodily injuries and material damage to both vehicles. According to the chart, the accident occurred",-0.19746179160121255,-0.4015453331379524,-0.3676863281700941,0,1,0,1,0,0,0,-0.4244537999564262,0,0,1,0,0,0,0,0,0,0,0,0,0,0,0,0,0,0,0,0,0,0,0,0,0,0,0,1,0,0,1,0,0,1,0,0,0,0,0,0,0,0,0,0,0,0,0,0,0,0,0,0,0,0,1,0,0,0,0,0,0,0,0,0,1,0,0,0,1,0,0,0,0,0,0,0,0,0,0,0,0,0,0,1,0,0,0,0,0,0,1,1,0,0,0,0,0,1,0,0,1,0,0,0
-0.4950079755895825,0.3035430138980958,"5145.                  After examining and inspecting the accident site, the following was noted: While the vehicle causing the accident was coming from the west towards the east and taking the left lane, and the damaged vehicle was coming from the north towards the south and taking the left lane, and due to bypassing the red-light signal by the driver that caused the accident, the front side of the vehicle causing the accident hit the front right side of the damaged vehicle. The accident resulted in bodily injuries and material damage to both vehicles. According to the chart, the accident occurred",-0.19746179160121255,-0.4015453331379524,-0.3676863281700941,1,0,0,1,0,0,0,-0.4244537999564262,0,0,1,0,0,0,0,0,0,0,0,0,0,0,0,0,0,0,0,0,0,0,0,0,0,0,0,1,0,0,1,0,0,1,0,0,0,0,0,0,0,0,0,0,0,0,0,0,0,0,0,0,0,0,1,0,0,0,0,0,0,0,0,0,1,0,0,0,1,0,0,0,0,0,0,0,0,0,0,0,0,0,0,1,0,0,0,0,0,0,1,0,1,0,0,0,1,0,0,0,0,0,0,1
-0.06935248879646476,0.3035430138980958,"5146.                  After examining and inspecting the accident site, the following was noted: While the vehicle causing the accident was coming from the west towards the east and taking the left lane, and the damaged vehicle was coming from the north towards the south and taking the left lane, and due to bypassing the red-light signal by the driver that caused the accident, the front side of the vehicle causing the accident hit the front right side of the damaged vehicle. The accident resulted in bodily injuries and material damage to both vehicles. According to the chart, the accident occurred",-0.19746179160121255,-0.4015453331379524,-0.3676863281700941,0,1,0,1,0,0,0,-0.4244537999564262,0,0,1,0,0,0,0,0,0,0,0,0,0,0,0,0,0,0,0,0,0,0,0,0,0,0,0,1,0,0,1,0,0,1,0,0,0,0,0,0,0,0,0,0,0,0,0,0,0,0,0,0,0,0,1,0,0,0,0,0,0,0,0,0,1,0,0,0,1,0,0,0,0,0,0,0,0,0,0,0,0,0,0,1,0,0,0,0,0,0,1,0,0,1,0,0,0,1,0,0,1,0,0,0
-1.2931120133266782,0.3035430138980958,"5147.                  After examining and inspecting the accident site, the following was noted: While the vehicle causing the accident was coming from the west towards the east and taking the left lane, and the damaged vehicle was coming from the north towards the south and taking the left lane, and due to bypassing the red-light signal by the driver that caused the accident, the front side of the vehicle causing the accident hit the front right side of the damaged vehicle. The accident resulted in bodily injuries and material damage to both vehicles. According to the chart, the accident occurred",-0.19746179160121255,-0.4015453331379524,-0.3676863281700941,0,1,0,1,0,0,0,-0.4244537999564262,0,0,1,0,0,0,0,0,0,0,0,0,0,0,0,0,0,0,0,0,0,0,0,0,0,0,0,1,0,0,1,0,0,1,0,0,0,0,0,0,0,0,0,0,0,0,0,0,0,0,0,0,0,0,1,0,0,0,0,0,0,0,0,0,1,0,0,0,1,0,0,0,0,0,0,0,0,0,0,0,0,0,0,1,0,0,0,0,0,0,1,1,0,0,0,0,0,1,0,0,1,0,0,0
0.03706138290181467,0.3035430138980958,"5148.                  After examining and inspecting the accident site, the following was noted: While the vehicle causing the accident was coming from the west towards the east and taking the left lane, and the damaged vehicle was coming from the north towards the south and taking the left lane, and due to bypassing the red-light signal by the driver that caused the accident, the front side of the vehicle causing the accident hit the front right side of the damaged vehicle. The accident resulted in bodily injuries and material damage to both vehicles. According to the chart, the accident occurred",-0.19746179160121255,-0.4015453331379524,-0.3676863281700941,1,0,0,1,0,0,0,-0.4244537999564262,0,0,1,0,0,0,0,0,0,0,0,0,0,0,0,0,0,0,0,0,0,0,0,0,0,0,0,1,0,0,1,0,0,1,0,0,0,0,0,0,0,0,0,0,0,0,0,0,0,0,0,0,0,0,1,0,0,0,0,0,0,0,0,0,1,0,0,0,1,0,0,0,0,0,0,0,0,0,0,0,0,0,0,1,0,0,0,0,0,0,1,1,0,0,0,0,0,1,0,0,1,0,0,0
0.8351654206389104,0.3035430138980958,"5149.                  After examining and inspecting the accident site, the following was noted: While the vehicle causing the accident was coming from the west towards the east and taking the left lane, and the damaged vehicle was coming from the north towards the south and taking the left lane, and due to bypassing the red-light signal by the driver that caused the accident, the front side of the vehicle causing the accident hit the front right side of the damaged vehicle. The accident resulted in bodily injuries and material damage to both vehicles. According to the chart, the accident occurred",-0.19746179160121255,-0.4015453331379524,-0.3676863281700941,0,1,0,1,0,0,0,-0.4244537999564262,0,0,1,0,0,0,0,0,0,0,0,0,0,0,0,0,0,0,0,0,0,0,0,0,0,0,0,1,0,0,1,0,0,1,0,0,0,0,0,0,0,0,0,0,0,0,0,0,0,0,0,0,0,0,1,0,0,0,0,0,0,0,0,0,1,0,0,0,1,0,0,0,0,0,0,0,0,0,0,0,0,0,0,1,0,0,0,0,0,0,1,1,0,0,0,0,0,1,0,0,1,0,0,0
-0.44180103974044277,0.3035430138980958,"5150.                  After examining and inspecting the accident site, the following was noted: While the vehicle causing the accident was coming from the west towards the east and taking the left lane, and the damaged vehicle was coming from the north towards the south and taking the left lane, and due to bypassing the red-light signal by the driver that caused the accident, the front side of the vehicle causing the accident hit the front right side of the damaged vehicle. The accident resulted in bodily injuries and material damage to both vehicles. According to the chart, the accident occurred",-0.19746179160121255,-0.4015453331379524,-0.3676863281700941,0,1,0,1,0,0,0,-0.4244537999564262,0,0,1,0,0,0,0,0,0,0,0,0,0,0,0,0,0,0,0,0,0,0,0,0,0,0,0,1,0,0,1,0,0,1,0,0,0,0,0,0,0,0,0,0,0,0,0,0,0,0,0,0,0,0,1,0,0,0,0,0,0,0,0,0,1,0,0,0,1,0,0,0,0,0,0,0,0,0,0,0,0,0,0,1,0,0,0,0,0,0,1,0,1,0,0,0,1,0,0,0,1,0,0,0