Age of the injured,Str Code,Accident Description,Road speed limit,Pedestrian action,Number of Lanes,Gender_F,Gender_M,Week_Fifth week,Week_First week,Week_Fourth week,Week_Second week,Week_Third week,Date_time,Reasons__??? ????? ?????? ?????? ???? ????? ??? ???? ???????,Reasons__???? ?? ??????? (???),Reasons__Bypassing the red traffic light,Reasons__Driving back without attention,Reasons__Driving back without traffic clearance,Reasons__Driving in the opposite direction,Reasons__Entering main road without traffic clearance,Reasons__Exceeding speed limit,Reasons__Fatigue and drowsiness,Reasons__Faults in the road,Reasons__Ignoring road lane,Reasons__Ignoring traffic lights,Reasons__Lack of driving awareness,Reasons__Misuse of traffic,Reasons__Negligence and inobservance,Reasons__Negligent driving,Reasons__Not giving priority to pedestrian crossing,Reasons__Not giving way / not giving priority,Reasons__Not leaving enough space,Reasons__Not observing the stop sign,Reasons__Not securing vehicle stability while stopping,Reasons__Speedy without taking road conditions into account,Reasons__Sudden deviation,Reasons__Sudden stop,Reasons__Tyre burst,Reasons__under influence of intoxicant or narcotic drug,__Al Madina Police Station,__Khaldiya Police Station,__Shaabiya Police Station,Streetname_Intersection,Streetname_Street,place__Bridge / Tunnel,place__Coastal area,place__Commercial area,place__Fuel Station,place__Govt. authority,place__Hospital,place__Island,place__Mosque,place__One level intersection,place__Other,place__Park,place__Residential area,place__Sand area,place__School,place__Work area,place__external road,place__unknown,location__ ,location__Bridge,location__Bridge /  Tunnel,location__Car parking,location__Double road,location__Highway,location__Intersection,location__Off the road,location__Other(specify),location__Roundabout,location__Side parking,location__Single road,location__Tunnel,location__Two-way road,location__Unknown,lighting__day,lighting__night - enough lights,lighting__night - weak lights,intersection__Deviated intersection,intersection__Half Perpendicular Intersection,intersection__Multiple leg Intersection,intersection__Not on Intersection,intersection__Not on or around 20 meters,intersection__Other,intersection__Perpendicular Intersection,intersection__Roundabout,intersection__Turn ,accidentype__Collision while turning,accidentype__Fall,accidentype__Hitting a moving object off the road,accidentype__Hitting a moving object on the road,accidentype__Hitting a stationary object off the road,accidentype__Hitting a stationary object on the road,accidentype__Multiple collision,accidentype__Other (specify),accidentype__Perpendicular collision,accidentype__Person run over,accidentype__Rear collision,accidentype__Reciprocal collision,accidentype__Side collision,accidentype__deterioration,seat belt_N,seat belt_Y,seat_Back passenger seat,seat_Driver's seat,seat_Front passenger seat,seat_No passenger,seat_bike passenger,position_Driver,position_Passenger,position_Pedestrian,nationality_Arab States,nationality_Asian States,nationality_GCC,nationality_Other,nationality_UAE
-1.2399050774775384,0.3035430138980958,"5151.                  After examining and inspecting the accident site, the following was noted: While the vehicle causing the accident was coming from the west towards the east and taking the left lane, and the damaged vehicle was coming from the north towards the south and taking the left lane, and due to bypassing the red-light signal by the driver that caused the accident, the front side of the vehicle causing the accident hit the front right side of the damaged vehicle. The accident resulted in bodily injuries and material damage to both vehicles. According to the chart, the accident occurred",-0.19746179160121255,-0.4015453331379524,-0.3676863281700941,0,1,0,1,0,0,0,-0.4244537999564262,0,0,1,0,0,0,0,0,0,0,0,0,0,0,0,0,0,0,0,0,0,0,0,0,0,0,0,1,0,0,1,0,0,1,0,0,0,0,0,0,0,0,0,0,0,0,0,0,0,0,0,0,0,0,1,0,0,0,0,0,0,0,0,0,1,0,0,0,1,0,0,0,0,0,0,0,0,0,0,0,0,0,0,1,0,0,0,0,0,0,1,1,0,0,0,0,0,1,0,0,1,0,0,0
-0.761042654835281,1.195249893687047,"5152.                  After examining and inspecting the accident site, the following was noted: While the first vehicle causing the accident was coming on the far left lane from the east, and was turning to the south in the intersection, and the second causing vehicle was coming from the west towards the east and taking the third lane from the left, and because of bypassing the red traffic light by one of the two vehicles, the front side of the first causing vehicle collided with the left front side of the second causing vehicle. As a result of this collision, the first causing vehicle rotated to the south side and its base collided with the pavement and its rear with iron barriers. The accident resulted in injury to the driver of the second causing vehicle, as well as material damage to vehicles and damage to state property. According to the chart, the accident occurred",-0.19746179160121255,-0.4015453331379524,0.6331117943832852,0,1,0,1,0,0,0,-0.4287768573076341,0,0,1,0,0,0,0,0,0,0,0,0,0,0,0,0,0,0,0,0,0,0,0,0,0,0,0,1,0,0,1,0,0,0,0,0,0,0,0,0,0,0,1,0,0,0,0,0,0,0,0,0,0,0,1,0,0,0,0,0,0,0,0,0,1,0,0,0,0,0,0,0,1,0,0,0,0,0,0,0,0,0,0,1,0,0,0,0,0,0,1,0,1,0,0,0,1,0,0,0,0,0,0,1
-0.33538716804216334,-0.9860023199505414,"5153.                  After examining and inspecting the accident site, the following was noted: The bike was coming from the west towards the east, and due to overspeed without taking road conditions into account, plus negligence and inobservance, and the right lane being slippery due to vehicle oil, which led to the motorcycle overturning and the Driver being moderately injured. The motorcycle was also damaged. According to the chart, the accident occurred",-0.19746179160121255,-0.4015453331379524,0.6331117943832852,0,1,0,1,0,0,0,-0.44864103222520973,0,0,0,0,0,0,0,0,0,0,0,0,0,0,0,0,0,0,0,0,0,1,0,0,0,0,0,0,1,0,1,0,0,0,0,0,0,0,0,0,0,0,0,0,1,0,0,0,0,0,0,0,0,1,0,0,0,0,0,0,0,0,0,0,1,0,0,0,0,0,1,0,0,0,0,0,0,0,0,0,0,0,0,0,0,0,0,0,1,1,0,0,1,0,0,0,1,0,0,0,1,0,0,0
0.8883723564880501,-0.8625352135182252,"5154.                  After examining and inspecting the accident site, the following was noted: The vehicle was coming from the west to the east, and the person who was hit was coming from the south towards the north. The person crossed from a place not designated for the crossing of the Pedestrian. The accident occurred and accordingly the accident was planned as shown in the chart",-0.19746179160121255,2.490378837640347,-0.3676863281700941,0,1,0,1,0,0,0,-0.43266213669922604,0,0,0,0,0,0,0,0,0,0,0,0,0,1,0,0,0,0,0,0,0,0,0,0,0,0,0,1,0,0,1,0,0,0,0,1,0,0,0,0,0,0,0,0,0,0,0,0,0,0,0,0,0,0,0,0,0,1,0,0,0,0,0,1,0,0,0,0,0,0,0,0,0,1,0,0,0,0,0,0,0,0,0,0,1,0,0,0,0,1,0,0,0,0,1,0,0,0,1,0,0,0,1,0
-0.06935248879646476,1.195249893687047,"5155.                  After examining and inspecting the accident site, the following was noted: The vehicle causing the accident was coming from the east towards the south taking the far left lane and the first damaged vehicle was coming from the west towards the east and was taking the middle lane and the second damaged vehicle was coming from the south towards the north and was taking the middle lane And due to bypassing the red traffic light by the causing vehicle, the front of the vehicle causing the accident collided with the front left side of the first damaged vehicle, causing it to drift to the right and its front colliding with the left side of the second damaged vehicle. The accident resulted in the driver's injury to the vehicle causing the accident with a minor injury and material damage to the vehicles. According to the chart, the accident occurred.",-0.19746179160121255,-0.4015453331379524,-0.3676863281700941,0,1,0,1,0,0,0,-0.4270257454691701,0,0,1,0,0,0,0,0,0,0,0,0,0,0,0,0,0,0,0,0,0,0,0,0,0,0,0,1,0,0,1,0,0,0,0,0,0,0,0,0,0,0,1,0,0,0,0,0,0,0,0,0,0,0,1,0,0,0,0,0,0,0,0,0,1,0,0,0,0,0,0,0,1,0,0,0,0,0,0,0,0,0,0,1,0,0,0,0,0,0,1,0,1,0,0,0,1,0,0,0,1,0,0,0
0.6755446130914913,1.1266570567802046,"5156.                  After examining and inspecting the accident site, the following was noted: The causing vehicle was traveling from the south towards the north on Hazza bin Zayed Street and taking the middle lane while the vehicle was coming from the east towards the west and taking the middle lane, while they were traveling and upon entering the intersection, and because the vehicle causing the accident bypassed the red light signal, which led to the occurrence of this accident, as the front of the damaged vehicle collided on the right side of the causing vehicle, and then the vehicle that caused the accident drifted forward and swept to the left and collided with its front side with the left side in the pavement separating the two directions, and then the driver lost control, which led to the vehicle turning over on the right side, the accident resulted in an injury to the driver causing the accident, damage to state property and material damage to both vehicles, according to the plan, the accident occurred.",-0.19746179160121255,-0.4015453331379524,0.6331117943832852,0,1,0,1,0,0,0,-0.44207436283096985,0,0,1,0,0,0,0,0,0,0,0,0,0,0,0,0,0,0,0,0,0,0,0,0,0,0,0,1,0,0,1,0,0,0,1,0,0,0,0,0,0,0,0,0,0,0,0,0,0,0,0,0,0,0,1,0,0,0,0,0,0,0,0,1,0,0,0,0,0,0,0,0,1,0,0,0,0,0,0,0,0,0,0,1,0,0,0,0,0,0,1,0,1,0,0,0,1,0,0,0,1,0,0,0
0.8883723564880501,-0.8213795113741197,"5157.                  After examining and inspecting the accident site, the following was noted: The vehicle causing the accident was coming from a north-south direction, and while the vehicle was traveling, the Driver was surprised by the presence of water on the road and due to the overspeed without taking road conditions into account by the Driver, the vehicle's balance was lost. The vehicle overturned on the right side and accordingly, the accident was drawn as shown in the chart",-0.19746179160121255,-0.4015453331379524,-0.3676863281700941,0,1,0,1,0,0,0,-0.4399949175227939,0,0,0,0,0,0,0,0,0,0,0,0,0,0,0,0,0,0,0,0,0,1,0,0,0,0,1,0,0,0,1,0,0,1,0,0,0,0,0,0,0,0,0,0,0,0,0,0,0,0,0,0,1,0,0,0,0,0,0,0,0,0,0,1,0,0,0,0,0,0,1,0,0,0,0,0,0,0,0,0,0,0,0,0,0,0,0,0,1,1,0,0,1,0,0,0,1,0,0,0,1,0,0,0
-0.4950079755895825,0.9894713829665198,"5158.                  After examining and inspecting the accident site, the following was noted: The vehicle causing the accident was coming from west towards east and traveling on the far left, and the damaged vehicle was coming from east towards west and taking the right lane. Because of the driver bypassing the red-light signal, the front of the damaged vehicle collided with the right side of the vehicle that caused the accident, and the accident resulted in injury to the driver causing the accident and material damage to the vehicles. The accident was inspected and necessary action was taken",-0.19746179160121255,-0.4015453331379524,0.6331117943832852,1,0,0,1,0,0,0,-0.43238852547446605,0,0,1,0,0,0,0,0,0,0,0,0,0,0,0,0,0,0,0,0,0,0,0,0,0,0,0,1,0,0,1,0,0,0,0,0,0,0,0,0,0,0,0,0,1,0,0,0,0,0,0,0,0,0,1,0,0,0,0,0,0,0,0,1,0,0,0,0,0,0,0,0,1,0,0,0,0,0,0,0,0,0,0,1,0,0,0,0,0,1,0,1,0,0,0,0,0,1,0,0,0,0,0,1
0.8351654206389104,0.9894713829665198,"5159.                  After examining and inspecting the accident site, the following was noted: The vehicle causing the accident was coming from west towards east and traveling on the far left, and the damaged vehicle was coming from east towards west and taking the right lane. Because of the driver bypassing the red-light signal, the front of the damaged vehicle collided with the right side of the vehicle that caused the accident, and the accident resulted in injury to the driver causing the accident and material damage to the vehicles. The accident was inspected and necessary action was taken",-0.19746179160121255,-0.4015453331379524,0.6331117943832852,0,1,0,1,0,0,0,-0.43238852547446605,0,0,1,0,0,0,0,0,0,0,0,0,0,0,0,0,0,0,0,0,0,0,0,0,0,0,0,1,0,0,1,0,0,0,0,0,0,0,0,0,0,0,0,0,1,0,0,0,0,0,0,0,0,0,1,0,0,0,0,0,0,0,0,1,0,0,0,0,0,0,0,0,1,0,0,0,0,0,0,0,0,0,0,1,0,0,0,0,0,0,1,0,1,0,0,0,1,0,0,0,1,0,0,0
-1.0802842699301194,0.9894713829665198,"5160.                  After examining and inspecting the accident site, the following was noted: The vehicle causing the accident was coming from west towards east and traveling on the far left, and the damaged vehicle was coming from east towards west and taking the right lane. Because of the driver bypassing the red-light signal, the front of the damaged vehicle collided with the right side of the vehicle that caused the accident, and the accident resulted in injury to the driver causing the accident and material damage to the vehicles. The accident was inspected and necessary action was taken",-0.19746179160121255,-0.4015453331379524,0.6331117943832852,0,1,0,1,0,0,0,-0.43238852547446605,0,0,1,0,0,0,0,0,0,0,0,0,0,0,0,0,0,0,0,0,0,0,0,0,0,0,0,1,0,0,1,0,0,0,0,0,0,0,0,0,0,0,0,0,1,0,0,0,0,0,0,0,0,0,1,0,0,0,0,0,0,0,0,1,0,0,0,0,0,0,0,0,1,0,0,0,0,0,0,0,0,0,0,1,0,0,0,0,0,1,0,1,0,0,0,0,0,1,0,0,0,0,0,1
1.2076139715828884,-0.8213795113741197,"5161.                  After examining and inspecting the accident site, the following was noted: The vehicle causing the accident was coming from west towards east and traveling on the far left, and the damaged vehicle was coming from east towards west and taking the right lane. Because of the driver bypassing the red-light signal, the front of the damaged vehicle collided with the right side of the vehicle that caused the accident, and the accident resulted in injury to the driver causing the accident and material damage to the vehicles. The accident was inspected and necessary action was taken",-0.19746179160121255,2.490378837640347,-0.3676863281700941,1,0,0,1,0,0,0,-0.4398854730328899,0,0,0,0,0,0,0,0,0,0,0,0,0,1,0,0,0,0,0,0,0,0,0,0,0,0,0,1,0,0,1,0,0,1,0,0,0,0,0,0,0,0,0,0,0,0,0,0,0,0,0,0,0,1,0,0,0,0,0,0,0,0,0,1,0,0,0,0,0,1,0,0,0,0,0,0,0,0,0,0,0,0,0,0,1,0,0,0,0,1,0,0,0,0,1,0,0,0,1,0,1,0,0,0
0.19668219044923382,0.7562557374832557,"5162.                  After examining and inspecting the accident site, the following was noted: The vehicle causing the accident was coming from west towards east and traveling on the far left, and the damaged vehicle was coming from east towards west and taking the right lane. Because of the driver bypassing the red-light signal, the front of the damaged vehicle collided with the right side of the vehicle that caused the accident, and the accident resulted in injury to the driver causing the accident and material damage to the vehicles. The accident was inspected and necessary action was taken",2.2427620534705888,2.490378837640347,1.6339099169366647,0,1,0,1,0,0,0,-0.43922880609346593,0,0,0,0,0,0,0,0,0,0,0,0,0,1,0,0,0,0,0,0,0,0,0,0,0,0,0,0,1,0,1,0,0,0,0,1,0,0,0,0,0,0,0,0,0,0,0,0,0,0,0,0,0,1,0,0,0,0,0,0,0,0,0,1,0,0,0,0,0,0,1,0,0,0,0,0,0,0,0,0,0,0,0,0,1,0,0,0,0,1,0,0,0,0,1,0,0,0,1,0,1,0,0,0
0.24988912629837354,0.09776450317756856,"5163.                  After examining and inspecting the accident site, the following was noted: The vehicle causing the accident was coming from west towards east and traveling on the far left, and the damaged vehicle was coming from east towards west and taking the right lane. Because of the driver bypassing the red-light signal, the front of the damaged vehicle collided with the right side of the vehicle that caused the accident, and the accident resulted in injury to the driver causing the accident and material damage to the vehicles. The accident was inspected and necessary action was taken",-0.19746179160121255,-0.4015453331379524,0.6331117943832852,1,0,0,1,0,0,0,-0.43030908016629005,0,0,0,0,0,0,0,0,0,0,0,0,0,0,0,0,0,0,1,0,0,0,0,0,0,0,0,1,0,0,1,0,0,0,0,1,0,0,0,0,0,0,0,0,0,0,0,0,0,0,0,0,0,0,1,0,0,0,0,0,0,0,0,0,1,0,0,0,0,0,0,0,1,0,0,0,0,0,0,0,0,0,0,0,0,1,0,0,0,0,1,0,0,1,0,0,0,1,0,0,0,0,1,0
-0.17576636049474417,0.11148307055893704,"5164.                  After examining and inspecting the accident site, the following was noted: The vehicle causing the accident was coming from west towards east and traveling on the far left, and the damaged vehicle was coming from east towards west and taking the right lane. Because of the driver bypassing the red-light signal, the front of the damaged vehicle collided with the right side of the vehicle that caused the accident, and the accident resulted in injury to the driver causing the accident and material damage to the vehicles. The accident was inspected and necessary action was taken",-0.19746179160121255,-0.4015453331379524,0.6331117943832852,1,0,0,1,0,0,0,-0.43435852629273797,0,0,0,0,0,0,0,0,0,0,0,0,0,0,0,0,0,0,1,0,0,0,0,0,0,0,0,1,0,0,1,0,0,1,0,0,0,0,0,0,0,0,0,0,0,0,0,0,0,0,0,0,0,1,0,0,0,0,0,0,0,0,0,1,0,0,0,0,0,1,0,0,0,0,0,0,0,0,0,0,0,0,0,0,0,1,0,0,0,0,1,0,1,0,0,0,1,0,0,0,0,0,0,1
-0.9206634623827001,0.31726158127946424,"5165.                  After examining and inspecting the accident site, the following was noted: The vehicle causing the accident was coming from west towards east and traveling on the far left, and the damaged vehicle was coming from east towards west and taking the right lane. Because of the driver bypassing the red-light signal, the front of the damaged vehicle collided with the right side of the vehicle that caused the accident, and the accident resulted in injury to the driver causing the accident and material damage to the vehicles. The accident was inspected and necessary action was taken",-0.19746179160121255,2.490378837640347,0.6331117943832852,0,1,0,1,0,0,0,-0.4290504685323941,0,0,0,0,0,0,0,0,0,0,0,0,0,1,0,0,0,0,0,0,0,0,0,0,0,0,0,1,0,0,1,0,0,1,0,0,0,0,0,0,0,0,0,0,0,0,0,0,0,0,0,0,0,0,1,0,0,0,0,0,0,0,0,0,1,0,0,0,0,0,0,0,1,0,0,0,0,0,0,0,0,0,0,0,1,0,0,0,0,1,0,0,0,0,1,0,0,0,1,0,0,0,0,1
1.101200099884609,0.18007590746577945,"5166.                  After examining and inspecting the accident site, the following was noted: While the vehicle causing the accident was coming from the east, turning to the south and taking (the arrow's lane) and the damaged vehicle was coming from the west towards the east and taking the middle lane, and because of bypassing the red light signal by the vehicle causing the accident, The front side of the causing vehicle collided with the front right side of the damaged vehicle, and then the two vehicles drifted and the vehicle causing the accident collided with its rear right side and the rear left side of the damaged vehicle and then drifted and hit the front side with the Pedestrian barrier, according to chart, the accident occurred",-0.19746179160121255,-0.4015453331379524,-0.3676863281700941,0,1,0,1,0,0,0,-0.43025435792133804,0,0,1,0,0,0,0,0,0,0,0,0,0,0,0,0,0,0,0,0,0,0,0,0,0,0,0,0,1,0,1,0,0,1,0,0,0,0,0,0,0,0,0,0,0,0,0,0,0,0,0,0,0,0,1,0,0,0,0,0,0,0,0,0,1,0,0,0,0,0,0,0,1,0,0,0,0,0,0,0,0,0,0,1,0,0,0,0,0,1,0,1,0,0,0,0,0,1,0,0,1,0,0,0
0.5159238055440721,0.18007590746577945,"5167.                  After examining and inspecting the accident site, the following was noted: While the vehicle causing the accident was coming from the east, turning to the south and taking (the arrow's lane) and the damaged vehicle was coming from the west towards the east and taking the middle lane, and because of bypassing the red light signal by the vehicle causing the accident, The front side of the causing vehicle collided with the front right side of the damaged vehicle, and then the two vehicles drifted and the vehicle causing the accident collided with its rear right side and the rear left side of the damaged vehicle and then drifted and hit the front side with the Pedestrian barrier, according to chart, the accident occurred",-0.19746179160121255,-0.4015453331379524,-0.3676863281700941,0,1,0,1,0,0,0,-0.43025435792133804,0,0,1,0,0,0,0,0,0,0,0,0,0,0,0,0,0,0,0,0,0,0,0,0,0,0,0,0,1,0,1,0,0,1,0,0,0,0,0,0,0,0,0,0,0,0,0,0,0,0,0,0,0,0,1,0,0,0,0,0,0,0,0,0,1,0,0,0,0,0,0,0,1,0,0,0,0,0,0,0,0,0,0,1,0,0,0,0,0,1,0,0,0,1,0,0,0,1,0,0,1,0,0,0
1.3140278432811678,-0.9585651851878045,"5168.                  After examining and inspecting the accident site, the following was noted: While the vehicle causing the accident was coming inside towards the outside and the damaged vehicle in front of it and because of not leaving enough space and driving quickly above the speed limit, the front left side of the causing vehicle collided with the rear right of the damaged vehicle, which led to its drift and collision with the pavement in the middle of the road strip, and the rear right side collided with the lamp post, while the vehicle causing the vehicle collided with the pavement in the center of the road strip also and then hit its rear right door with another lamp post, and the two vehicles settled in the center of the road strip, according to the planning, the accident occurred.",-0.19746179160121255,-0.4015453331379524,-0.3676863281700941,0,1,0,1,0,0,0,-0.4301449134314341,0,0,0,0,0,0,0,0,0,0,0,0,0,0,0,0,0,0,1,0,0,0,0,0,0,0,0,1,0,0,1,0,0,0,0,0,0,0,0,0,0,0,1,0,0,0,0,0,0,0,0,0,1,0,0,0,0,0,0,0,0,0,0,0,1,0,0,0,0,1,0,0,0,0,0,0,0,0,0,0,0,0,0,0,0,1,0,0,0,1,0,0,1,0,0,0,1,0,0,1,0,0,0,0
-0.12255942464560447,-0.9585651851878045,"5169.                  After examining and inspecting the accident site, the following was noted: While the vehicle causing the accident was coming inside towards the outside and the damaged vehicle in front of it and because of not leaving enough space and driving quickly above the speed limit, the front left side of the causing vehicle collided with the rear right of the damaged vehicle, which led to its drift and collision with the pavement in the middle of the road strip, and the rear right side collided with the lamp post, while the vehicle causing the vehicle collided with the pavement in the center of the road strip also and then hit its rear right door with another lamp post, and the two vehicles settled in the center of the road strip, according to the planning, the accident occurred.",-0.19746179160121255,-0.4015453331379524,-0.3676863281700941,1,0,0,1,0,0,0,-0.4301449134314341,0,0,0,0,0,0,0,0,0,0,0,0,0,0,0,0,0,0,1,0,0,0,0,0,0,0,0,1,0,0,1,0,0,0,0,0,0,0,0,0,0,0,1,0,0,0,0,0,0,0,0,0,1,0,0,0,0,0,0,0,0,0,0,0,1,0,0,0,0,1,0,0,0,0,0,0,0,0,0,0,0,0,0,0,0,1,0,0,0,1,0,1,0,0,0,0,0,1,0,0,1,0,0,0
-1.505939756723237,-0.9585651851878045,"5170.                  After examining and inspecting the accident site, the following was noted: While the vehicle causing the accident was coming inside towards the outside and the damaged vehicle in front of it and because of not leaving enough space and driving quickly above the speed limit, the front left side of the causing vehicle collided with the rear right of the damaged vehicle, which led to its drift and collision with the pavement in the middle of the road strip, and the rear right side collided with the lamp post, while the vehicle causing the vehicle collided with the pavement in the center of the road strip also and then hit its rear right door with another lamp post, and the two vehicles settled in the center of the road strip, according to the planning, the accident occurred.",-0.19746179160121255,-0.4015453331379524,-0.3676863281700941,1,0,0,1,0,0,0,-0.4301449134314341,0,0,0,0,0,0,0,0,0,0,0,0,0,0,0,0,0,0,1,0,0,0,0,0,0,0,0,1,0,0,1,0,0,0,0,0,0,0,0,0,0,0,1,0,0,0,0,0,0,0,0,0,1,0,0,0,0,0,0,0,0,0,0,0,1,0,0,0,0,1,0,0,0,0,0,0,0,0,0,0,0,0,0,0,0,1,0,0,0,1,0,1,0,0,0,0,0,1,0,1,0,0,0,0
0.5691307413932118,-0.9585651851878045,"5171.                  After examining and inspecting the accident site, the following was noted: While the vehicle causing the accident was coming inside towards the outside and the damaged vehicle in front of it and because of not leaving enough space and driving quickly above the speed limit, the front left side of the causing vehicle collided with the rear right of the damaged vehicle, which led to its drift and collision with the pavement in the middle of the road strip, and the rear right side collided with the lamp post, while the vehicle causing the vehicle collided with the pavement in the center of the road strip also and then hit its rear right door with another lamp post, and the two vehicles settled in the center of the road strip, according to the planning, the accident occurred.",-0.19746179160121255,-0.4015453331379524,-0.3676863281700941,0,1,0,1,0,0,0,-0.4301449134314341,0,0,0,0,0,0,0,0,0,0,0,0,0,0,0,0,0,0,1,0,0,0,0,0,0,0,0,1,0,0,1,0,0,0,0,0,0,0,0,0,0,0,1,0,0,0,0,0,0,0,0,0,1,0,0,0,0,0,0,0,0,0,0,0,1,0,0,0,0,1,0,0,0,0,0,0,0,0,0,0,0,0,0,0,0,1,0,0,0,1,0,0,1,0,0,0,1,0,0,0,0,0,1,0
-1.6123536284215165,-0.9585651851878045,"5172.                  After examining and inspecting the accident site, the following was noted: While the vehicle causing the accident was coming inside towards the outside and the damaged vehicle in front of it and because of not leaving enough space and driving quickly above the speed limit, the front left side of the causing vehicle collided with the rear right of the damaged vehicle, which led to its drift and collision with the pavement in the middle of the road strip, and the rear right side collided with the lamp post, while the vehicle causing the vehicle collided with the pavement in the center of the road strip also and then hit its rear right door with another lamp post, and the two vehicles settled in the center of the road strip, according to the planning, the accident occurred.",-0.19746179160121255,-0.4015453331379524,-0.3676863281700941,1,0,0,1,0,0,0,-0.4301449134314341,0,0,0,0,0,0,0,0,0,0,0,0,0,0,0,0,0,0,1,0,0,0,0,0,0,0,0,1,0,0,1,0,0,0,0,0,0,0,0,0,0,0,1,0,0,0,0,0,0,0,0,0,1,0,0,0,0,0,0,0,0,0,0,0,1,0,0,0,0,1,0,0,0,0,0,0,0,0,0,0,0,0,0,0,0,1,0,0,0,1,0,1,0,0,0,0,0,1,0,1,0,0,0,0
-1.1866981416283988,-0.9585651851878045,"5173.                  After examining and inspecting the accident site, the following was noted: While the vehicle causing the accident was coming inside towards the outside and the damaged vehicle in front of it and because of not leaving enough space and driving quickly above the speed limit, the front left side of the causing vehicle collided with the rear right of the damaged vehicle, which led to its drift and collision with the pavement in the middle of the road strip, and the rear right side collided with the lamp post, while the vehicle causing the vehicle collided with the pavement in the center of the road strip also and then hit its rear right door with another lamp post, and the two vehicles settled in the center of the road strip, according to the planning, the accident occurred.",-0.19746179160121255,-0.4015453331379524,-0.3676863281700941,1,0,0,1,0,0,0,-0.4301449134314341,0,0,0,0,0,0,0,0,0,0,0,0,0,0,0,0,0,0,1,0,0,0,0,0,0,0,0,1,0,0,1,0,0,0,0,0,0,0,0,0,0,0,1,0,0,0,0,0,0,0,0,0,1,0,0,0,0,0,0,0,0,0,0,0,1,0,0,0,0,1,0,0,0,0,0,0,0,0,0,0,0,0,0,0,0,1,0,0,0,1,0,1,0,0,0,0,0,1,0,1,0,0,0,0
-0.5482149114387221,-0.8899723482809621,"5174.                  After examining and inspecting the accident site, the following was noted: While the vehicle causing the accident was coming inside towards the outside and the damaged vehicle in front of it and because of not leaving enough space and driving quickly above the speed limit, the front left side of the causing vehicle collided with the rear right of the damaged vehicle, which led to its drift and collision with the pavement in the middle of the road strip, and the rear right side collided with the lamp post, while the vehicle causing the vehicle collided with the pavement in the center of the road strip also and then hit its rear right door with another lamp post, and the two vehicles settled in the center of the road strip, according to the planning, the accident occurred.",-1.4175737141371132,2.490378837640347,-2.3692825732768528,1,0,0,1,0,0,0,-0.4412206958097187,0,0,0,0,0,0,0,0,0,0,0,0,0,0,0,0,1,0,0,0,0,0,0,0,0,0,0,0,1,0,1,0,0,1,0,0,0,0,0,0,0,0,0,0,0,0,0,0,0,0,0,0,0,0,0,0,0,0,0,1,0,0,0,0,1,0,0,0,0,0,1,0,0,0,0,0,0,0,0,0,0,0,0,0,1,0,0,0,0,1,0,0,0,0,1,0,0,0,1,1,0,0,0,0
0.09026831875095438,-0.9860023199505414,"5175.                  After examining and inspecting the accident site, the following was noted: While the vehicle causing the accident was coming inside towards the outside and the damaged vehicle in front of it and because of not leaving enough space and driving quickly above the speed limit, the front left side of the causing vehicle collided with the rear right of the damaged vehicle, which led to its drift and collision with the pavement in the middle of the road strip, and the rear right side collided with the lamp post, while the vehicle causing the vehicle collided with the pavement in the center of the road strip also and then hit its rear right door with another lamp post, and the two vehicles settled in the center of the road strip, according to the planning, the accident occurred.",-0.19746179160121255,2.490378837640347,0.6331117943832852,0,1,0,1,0,0,0,-0.4403232509925059,0,0,0,0,0,0,0,0,0,0,0,0,0,1,0,0,0,0,0,0,0,0,0,0,0,0,0,0,1,0,1,0,0,1,0,0,0,0,0,0,0,0,0,0,0,0,0,0,0,0,0,0,1,0,0,0,0,0,0,0,0,0,0,1,0,0,0,0,0,0,1,0,0,0,0,0,0,0,0,0,0,0,0,0,1,0,0,0,0,1,0,0,0,0,1,0,0,0,1,0,1,0,0,0