Age of the injured,Str Code,Accident Description,Road speed limit,Pedestrian action,Number of Lanes,Gender_F,Gender_M,Week_Fifth week,Week_First week,Week_Fourth week,Week_Second week,Week_Third week,Date_time,Reasons__??? ????? ?????? ?????? ???? ????? ??? ???? ???????,Reasons__???? ?? ??????? (???),Reasons__Bypassing the red traffic light,Reasons__Driving back without attention,Reasons__Driving back without traffic clearance,Reasons__Driving in the opposite direction,Reasons__Entering main road without traffic clearance,Reasons__Exceeding speed limit,Reasons__Fatigue and drowsiness,Reasons__Faults in the road,Reasons__Ignoring road lane,Reasons__Ignoring traffic lights,Reasons__Lack of driving awareness,Reasons__Misuse of traffic,Reasons__Negligence and inobservance,Reasons__Negligent driving,Reasons__Not giving priority to pedestrian crossing,Reasons__Not giving way / not giving priority,Reasons__Not leaving enough space,Reasons__Not observing the stop sign,Reasons__Not securing vehicle stability while stopping,Reasons__Speedy without taking road conditions into account,Reasons__Sudden deviation,Reasons__Sudden stop,Reasons__Tyre burst,Reasons__under influence of intoxicant or narcotic drug,__Al Madina Police Station,__Khaldiya Police Station,__Shaabiya Police Station,Streetname_Intersection,Streetname_Street,place__Bridge / Tunnel,place__Coastal area,place__Commercial area,place__Fuel Station,place__Govt. authority,place__Hospital,place__Island,place__Mosque,place__One level intersection,place__Other,place__Park,place__Residential area,place__Sand area,place__School,place__Work area,place__external road,place__unknown,location__ ,location__Bridge,location__Bridge /  Tunnel,location__Car parking,location__Double road,location__Highway,location__Intersection,location__Off the road,location__Other(specify),location__Roundabout,location__Side parking,location__Single road,location__Tunnel,location__Two-way road,location__Unknown,lighting__day,lighting__night - enough lights,lighting__night - weak lights,intersection__Deviated intersection,intersection__Half Perpendicular Intersection,intersection__Multiple leg Intersection,intersection__Not on Intersection,intersection__Not on or around 20 meters,intersection__Other,intersection__Perpendicular Intersection,intersection__Roundabout,intersection__Turn ,accidentype__Collision while turning,accidentype__Fall,accidentype__Hitting a moving object off the road,accidentype__Hitting a moving object on the road,accidentype__Hitting a stationary object off the road,accidentype__Hitting a stationary object on the road,accidentype__Multiple collision,accidentype__Other (specify),accidentype__Perpendicular collision,accidentype__Person run over,accidentype__Rear collision,accidentype__Reciprocal collision,accidentype__Side collision,accidentype__deterioration,seat belt_N,seat belt_Y,seat_Back passenger seat,seat_Driver's seat,seat_Front passenger seat,seat_No passenger,seat_bike passenger,position_Driver,position_Passenger,position_Pedestrian,nationality_Arab States,nationality_Asian States,nationality_GCC,nationality_Other,nationality_UAE
0.09026831875095438,-0.9997208873319099,"5176.                  After examining and inspecting the accident site, the following was noted: While the vehicle causing the accident was coming inside towards the outside and the damaged vehicle in front of it and because of not leaving enough space and driving quickly above the speed limit, the front left side of the causing vehicle collided with the rear right of the damaged vehicle, which led to its drift and collision with the pavement in the middle of the road strip, and the rear right side collided with the lamp post, while the vehicle causing the vehicle collided with the pavement in the center of the road strip also and then hit its rear right door with another lamp post, and the two vehicles settled in the center of the road strip, according to the planning, the accident occurred.",-1.4175737141371132,2.490378837640347,-2.3692825732768528,0,1,0,1,0,0,0,-0.44218380732087387,0,0,0,0,0,0,0,0,0,0,0,0,0,1,0,0,0,0,0,0,0,0,0,0,0,0,1,0,0,0,1,0,0,1,0,0,0,0,0,0,0,0,0,0,0,0,0,0,0,0,0,0,0,0,0,0,0,0,0,1,0,0,0,1,0,0,0,0,0,1,0,0,0,0,0,0,0,0,0,0,0,0,0,0,1,0,0,0,0,1,0,0,0,0,1,0,0,0,1,0,1,0,0,0
0.46271686969493236,1.1266570567802046,"5177.                  After examining and inspecting the accident site, the following was noted: While the vehicle causing the accident was coming from the west, turning towards the north, and the damaged vehicle was coming from the east towards the west, and due to bypassing the red traffic light by the vehicle causing the accident (the arrow signal) it hit the front side of the causing vehicle with the right side of the damaged vehicle and as planned, the accident occurred",1.0226501309346883,-0.4015453331379524,0.6331117943832852,0,1,0,1,0,0,0,-0.10941783576776741,0,0,1,0,0,0,0,0,0,0,0,0,0,0,0,0,0,0,0,0,0,0,0,0,0,0,0,1,0,0,1,0,0,0,0,1,0,0,0,0,0,0,0,0,0,0,0,0,0,0,0,0,0,0,1,0,0,0,0,0,0,0,0,1,0,0,0,0,0,0,0,0,1,0,0,0,0,0,0,0,0,0,0,1,0,0,0,0,0,0,1,0,1,0,0,0,1,0,0,0,0,1,0,0
1.0479931640354692,1.1266570567802046,"5178.                  After examining and inspecting the accident site, the following was noted: While the vehicle causing the accident was coming from the west, turning towards the north, and the damaged vehicle was coming from the east towards the west, and due to bypassing the red traffic light by the vehicle causing the accident (the arrow signal) it hit the front side of the causing vehicle with the right side of the damaged vehicle and as planned, the accident occurred",1.0226501309346883,-0.4015453331379524,0.6331117943832852,0,1,0,1,0,0,0,-0.10941783576776741,0,0,1,0,0,0,0,0,0,0,0,0,0,0,0,0,0,0,0,0,0,0,0,0,0,0,0,1,0,0,1,0,0,0,0,1,0,0,0,0,0,0,0,0,0,0,0,0,0,0,0,0,0,0,1,0,0,0,0,0,0,0,0,1,0,0,0,0,0,0,0,0,1,0,0,0,0,0,0,0,0,0,0,1,0,0,0,0,0,0,1,0,1,0,0,0,1,0,0,0,1,0,0,0
-0.016145552947325045,1.0717827872547308,"5179.                  After examining and inspecting the accident site, the following was noted: While the vehicle causing the accident was coming from the west, turning towards the north, and the damaged vehicle was coming from the east towards the west, and due to bypassing the red traffic light by the vehicle causing the accident (the arrow signal) it hit the front side of the causing vehicle with the right side of the damaged vehicle and as planned, the accident occurred",-0.19746179160121255,2.490378837640347,0.6331117943832852,0,1,0,1,0,0,0,-0.10307005535333552,0,0,0,0,0,0,0,0,0,0,0,0,0,0,0,0,0,0,0,0,0,1,0,0,0,0,0,0,1,0,1,0,0,1,0,0,0,0,0,0,0,0,0,0,0,0,0,0,0,0,0,0,1,0,0,0,0,0,0,0,0,0,0,1,0,0,0,0,0,1,0,0,0,0,0,0,0,0,0,0,0,0,0,0,1,0,0,0,0,1,0,0,0,0,1,0,0,0,1,1,0,0,0,0
-1.5591466925723767,1.4147469717889427,"5180.                  After examining and inspecting the accident site, the following was noted: While the vehicle causing the accident was coming from the east towards the west and taking the far-left lane, and the damaged vehicle was coming from the west towards the east and taking the middle lane, and because of bypassing the red traffic light by the vehicle causing the accident while entering to cross and turn left, the front side of the damaged vehicle hit the right side of the vehicle causing the accident. The accident resulted in the injury of two children, along with the driver who caused the accident. Material damage to the two vehicles also resulted, and according to the plan, the accident occurred",1.0226501309346883,-0.4015453331379524,0.6331117943832852,1,0,0,1,0,0,0,-0.10162538808660274,0,0,1,0,0,0,0,0,0,0,0,0,0,0,0,0,0,0,0,0,0,0,0,0,0,0,0,1,0,1,0,0,0,0,0,1,0,0,0,0,0,0,0,0,0,0,0,0,0,0,0,0,0,0,1,0,0,0,0,0,0,0,0,0,1,0,0,0,0,0,0,0,1,0,0,0,0,0,0,0,0,0,0,1,0,0,0,0,0,1,0,1,0,0,0,0,0,1,0,0,0,0,0,1
-1.718767500119796,1.4147469717889427,"5181.                  After examining and inspecting the accident site, the following was noted: While the vehicle causing the accident was coming from the east towards the west and taking the far-left lane, and the damaged vehicle was coming from the west towards the east and taking the middle lane, and because of bypassing the red traffic light by the vehicle causing the accident while entering to cross and turn left, the front side of the damaged vehicle hit the right side of the vehicle causing the accident. The accident resulted in the injury of two children, along with the driver who caused the accident. Material damage to the two vehicles also resulted, and according to the plan, the accident occurred",1.0226501309346883,-0.4015453331379524,0.6331117943832852,0,1,0,1,0,0,0,-0.10162538808660274,0,0,1,0,0,0,0,0,0,0,0,0,0,0,0,0,0,0,0,0,0,0,0,0,0,0,0,1,0,1,0,0,0,0,0,1,0,0,0,0,0,0,0,0,0,0,0,0,0,0,0,0,0,0,1,0,0,0,0,0,0,0,0,0,1,0,0,0,0,0,0,0,1,0,0,0,0,0,0,0,0,0,0,1,0,0,0,0,0,1,0,1,0,0,0,0,0,1,0,0,0,0,0,1
1.7928902659234252,0.07032736841483159,"5182.                  After examining and inspecting the accident site, the following was noted: While the vehicle causing the accident was coming from the south and turning from left to west in the lane, and the damaged vehicle was coming from the north towards the south and was taking the middle lane. And due to bypassing the red traffic light by the vehicle causing the accident, the front side of the vehicle causing the accident hit the rear left side of the damaged vehicle and according to chart, the accident occurred.",-0.19746179160121255,-0.4015453331379524,-0.3676863281700941,1,0,0,1,0,0,0,-0.0033114028058411774,0,0,1,0,0,0,0,0,0,0,0,0,0,0,0,0,0,0,0,0,0,0,0,0,0,0,0,1,0,0,1,0,0,1,0,0,0,0,0,0,0,0,0,0,0,0,0,0,0,0,0,0,0,0,1,0,0,0,0,0,0,0,0,1,0,0,0,1,0,0,0,0,0,0,0,0,0,0,0,0,0,0,0,1,0,0,0,0,0,1,0,1,0,0,0,0,0,1,0,0,1,0,0,0
-1.6655605642706561,0.07032736841483159,"5183.                  After examining and inspecting the accident site, the following was noted: While the vehicle causing the accident was coming from the south and turning from left to west in the lane, and the damaged vehicle was coming from the north towards the south and was taking the middle lane. And due to bypassing the red traffic light by the vehicle causing the accident, the front side of the vehicle causing the accident hit the rear left side of the damaged vehicle and according to chart, the accident occurred.",-0.19746179160121255,-0.4015453331379524,-0.3676863281700941,1,0,0,1,0,0,0,-0.0033114028058411774,0,0,1,0,0,0,0,0,0,0,0,0,0,0,0,0,0,0,0,0,0,0,0,0,0,0,0,1,0,0,1,0,0,1,0,0,0,0,0,0,0,0,0,0,0,0,0,0,0,0,0,0,0,0,1,0,0,0,0,0,0,0,0,1,0,0,0,1,0,0,0,0,0,0,0,0,0,0,0,0,0,0,0,1,0,0,0,0,0,1,0,1,0,0,0,0,0,1,0,0,1,0,0,0
-1.3463189491758178,0.07032736841483159,"5184.                  After examining and inspecting the accident site, the following was noted: While the vehicle causing the accident was coming from the south and turning from left to west in the lane, and the damaged vehicle was coming from the north towards the south and was taking the middle lane. And due to bypassing the red traffic light by the vehicle causing the accident, the front side of the vehicle causing the accident hit the rear left side of the damaged vehicle and according to chart, the accident occurred.",-0.19746179160121255,-0.4015453331379524,-0.3676863281700941,1,0,0,1,0,0,0,-0.0033114028058411774,0,0,1,0,0,0,0,0,0,0,0,0,0,0,0,0,0,0,0,0,0,0,0,0,0,0,0,1,0,0,1,0,0,1,0,0,0,0,0,0,0,0,0,0,0,0,0,0,0,0,0,0,0,0,1,0,0,0,0,0,0,0,0,1,0,0,0,1,0,0,0,0,0,0,0,0,0,0,0,0,0,0,0,1,0,0,0,0,0,1,0,1,0,0,0,0,0,1,0,0,1,0,0,0
-1.5591466925723767,0.07032736841483159,"5185.                  After examining and inspecting the accident site, the following was noted: While the vehicle causing the accident was coming from the south and turning from left to west in the lane, and the damaged vehicle was coming from the north towards the south and was taking the middle lane. And due to bypassing the red traffic light by the vehicle causing the accident, the front side of the vehicle causing the accident hit the rear left side of the damaged vehicle and according to chart, the accident occurred.",-0.19746179160121255,-0.4015453331379524,-0.3676863281700941,1,0,0,1,0,0,0,-0.0033114028058411774,0,0,1,0,0,0,0,0,0,0,0,0,0,0,0,0,0,0,0,0,0,0,0,0,0,0,0,1,0,0,1,0,0,1,0,0,0,0,0,0,0,0,0,0,0,0,0,0,0,0,0,0,0,0,1,0,0,0,0,0,0,0,0,1,0,0,0,1,0,0,0,0,0,0,0,0,0,0,0,0,0,0,0,1,0,0,0,0,0,1,0,1,0,0,0,0,0,1,0,0,1,0,0,0
-0.12255942464560447,0.07032736841483159,"5186.                  After examining and inspecting the accident site, the following was noted: While the vehicle causing the accident was coming from the south and turning from left to west in the lane, and the damaged vehicle was coming from the north towards the south and was taking the middle lane. And due to bypassing the red traffic light by the vehicle causing the accident, the front side of the vehicle causing the accident hit the rear left side of the damaged vehicle and according to chart, the accident occurred.",-0.19746179160121255,-0.4015453331379524,-0.3676863281700941,1,0,0,1,0,0,0,-0.0033114028058411774,0,0,1,0,0,0,0,0,0,0,0,0,0,0,0,0,0,0,0,0,0,0,0,0,0,0,0,1,0,0,1,0,0,1,0,0,0,0,0,0,0,0,0,0,0,0,0,0,0,0,0,0,0,0,1,0,0,0,0,0,0,0,0,1,0,0,0,1,0,0,0,0,0,0,0,0,0,0,0,0,0,0,0,1,0,0,0,0,0,1,0,1,0,0,0,0,0,1,0,0,1,0,0,0
-0.44180103974044277,0.6876629005764132,"5187.                  After examining and inspecting the accident site, the following was noted: While the vehicle causing the accident was coming from the west, turning towards the north, and the damaged vehicle was coming from the east towards the west, and due to bypassing the red traffic light by the vehicle causing the accident (the arrow signal) it hit the front side of the causing vehicle with the right side of the damaged vehicle and as planned, the accident occurred",-0.19746179160121255,-0.4015453331379524,0.6331117943832852,1,0,0,1,0,0,0,0.11609253567942084,0,0,1,0,0,0,0,0,0,0,0,0,0,0,0,0,0,0,0,0,0,0,0,0,0,0,0,1,0,0,1,0,0,0,0,0,0,0,0,0,0,0,1,0,0,0,0,0,0,0,0,0,0,0,1,0,0,0,0,0,0,0,0,1,0,0,0,0,0,0,0,0,1,0,0,0,0,0,0,0,0,0,0,1,0,0,0,0,0,0,1,0,1,0,0,0,1,0,0,0,0,0,0,1
0.9947862281863296,-0.972283752569173,"5188.                  After examining and inspecting the accident site, the following was noted: While the vehicle causing the accident was coming from the west, turning towards the north, and the damaged vehicle was coming from the east towards the west, and due to bypassing the red traffic light by the vehicle causing the accident (the arrow signal) it hit the front side of the causing vehicle with the right side of the damaged vehicle and as planned, the accident occurred",-0.19746179160121255,2.490378837640347,0.6331117943832852,0,1,0,1,0,0,0,0.3337776260984732,0,0,0,0,0,0,0,0,0,0,0,0,0,0,1,0,0,0,0,0,0,0,0,0,0,0,0,0,1,0,1,0,0,1,0,0,0,0,0,0,0,0,0,0,0,0,0,0,0,0,0,1,0,0,0,0,0,0,0,0,0,0,0,1,0,0,0,0,0,1,0,0,0,0,0,0,0,0,0,0,0,0,0,0,1,0,0,0,0,1,0,0,0,0,1,0,0,0,1,0,1,0,0,0
-1.2399050774775384,-0.972283752569173,"5189.                  After examining and inspecting the accident site, the following was noted: While the vehicle causing the accident was coming from the west, turning towards the north, and the damaged vehicle was coming from the east towards the west, and due to bypassing the red traffic light by the vehicle causing the accident (the arrow signal) it hit the front side of the causing vehicle with the right side of the damaged vehicle and as planned, the accident occurred",1.0226501309346883,-0.4015453331379524,-0.3676863281700941,0,1,0,1,0,0,0,0.5526666059064695,0,0,0,0,0,0,0,0,0,0,0,0,0,1,0,0,0,0,0,0,0,0,0,0,0,0,0,1,0,0,1,0,0,1,0,0,0,0,0,0,0,0,0,0,0,0,0,0,0,0,0,0,0,0,1,0,0,0,0,0,0,0,0,1,0,0,0,0,0,0,0,0,1,0,0,0,0,0,0,0,0,0,0,0,1,0,0,0,0,1,0,0,0,0,1,0,0,0,1,0,0,0,1,0
-0.8142495906844207,0.4956029572372545,"5190.                  After examining and inspecting the accident site, the following was noted: While the vehicle causing the accident was coming from the west, turning towards the north, and the damaged vehicle was coming from the east towards the west, and due to bypassing the red traffic light by the vehicle causing the accident (the arrow signal) it hit the front side of the causing vehicle with the right side of the damaged vehicle and as planned, the accident occurred",-0.19746179160121255,-0.4015453331379524,-2.3692825732768528,0,1,0,1,0,0,0,0.5370707660951498,0,0,0,0,0,0,0,0,0,0,0,0,0,0,0,0,0,0,0,0,0,1,0,0,0,0,1,0,0,0,1,0,0,1,0,0,0,0,0,0,0,0,0,0,0,0,0,0,0,0,0,1,0,0,0,0,0,0,0,0,0,0,0,1,0,0,0,0,0,1,0,0,0,0,0,0,0,0,0,0,0,0,0,0,0,0,1,0,0,0,1,0,1,0,0,0,1,0,0,1,0,0,0,0
-0.5482149114387221,-0.601882433272224,"5191.                  After examining and inspecting the accident site, the following was noted: The vehicle causing the accident was coming from an east-west direction with the right line, and while the vehicle was in motion, the Driver lost control in the vehicle and due to overspeed without taking road conditions into account by the driver causing the accident, the vehicle collided with the sidewalk, it exited the street and crashed with a tree, and the vehicle settled down as shown in the chart",-0.19746179160121255,-0.4015453331379524,-0.3676863281700941,0,1,0,1,0,0,0,0.5572413855844567,0,0,0,0,0,0,0,0,0,0,0,0,0,0,0,0,0,0,0,0,0,1,0,0,0,0,0,1,0,0,1,0,0,0,0,0,0,0,0,0,0,0,1,0,0,0,0,0,0,0,0,0,1,0,0,0,0,0,0,0,0,0,0,0,1,0,0,0,0,0,1,0,0,0,0,0,0,0,0,0,1,0,0,0,0,0,0,0,0,0,1,0,0,1,0,0,0,1,0,0,0,0,0,1
-0.5482149114387221,-0.601882433272224,"5192.                  After examining and inspecting the accident site, the following was noted: The vehicle causing the accident was coming from an east-west direction with the right line, and while the vehicle was in motion, the Driver lost control in the vehicle and due to overspeed without taking road conditions into account by the driver causing the accident, the vehicle collided with the sidewalk, it exited the street and crashed with a tree, and the vehicle settled down as shown in the chart",-0.19746179160121255,-0.4015453331379524,-0.3676863281700941,0,1,0,1,0,0,0,0.5572413855844567,0,0,0,0,0,0,0,0,0,0,0,0,0,0,0,0,0,0,0,0,0,1,0,0,0,0,0,1,0,0,1,0,0,0,0,0,0,0,0,0,0,0,1,0,0,0,0,0,0,0,0,0,1,0,0,0,0,0,0,0,0,0,0,0,1,0,0,0,0,0,1,0,0,0,0,0,0,0,0,0,1,0,0,0,0,0,0,0,0,1,0,0,1,0,0,0,1,0,0,0,0,0,0,1
-0.2289732963438839,1.4147469717889427,"5193.                  After examining and inspecting the accident site, the following was noted: The vehicle causing the accident was coming from the east to the left and turning left towards the south, and the damaged vehicles were coming from the west to the east, and as the vehicles arrived at the intersection and because of bypassing the red traffic light by the Driver of the vehicle causing the accident, the front side of the causing vehicle hit the front of the first damaged vehicle, and then the front side of the second damaged vehicle hit the rear side of the first damaged vehicle, and the causing vehicle rotated to hit the front side of the second damaged vehicle on the right side of the causing vehicle and the vehicles settled accordingly",1.0226501309346883,-0.4015453331379524,0.6331117943832852,1,0,0,1,0,0,0,0.6500722019210279,0,0,1,0,0,0,0,0,0,0,0,0,0,0,0,0,0,0,0,0,0,0,0,0,0,0,0,1,0,1,0,0,0,0,0,0,0,0,0,0,0,0,1,0,0,0,0,0,0,0,0,0,0,0,1,0,0,0,0,0,0,0,0,1,0,0,0,0,0,0,0,0,1,0,0,0,0,0,0,0,0,0,0,1,0,0,0,0,0,1,0,1,0,0,0,0,0,1,0,0,1,0,0,0
0.24988912629837354,1.4147469717889427,"5194.                  After examining and inspecting the accident site, the following was noted: The vehicle causing the accident was coming from the east to the left and turning left towards the south, and the damaged vehicles were coming from the west to the east, and as the vehicles arrived at the intersection and because of bypassing the red traffic light by the Driver of the vehicle causing the accident, the front side of the causing vehicle hit the front of the first damaged vehicle, and then the front side of the second damaged vehicle hit the rear side of the first damaged vehicle, and the causing vehicle rotated to hit the front side of the second damaged vehicle on the right side of the causing vehicle and the vehicles settled accordingly",1.0226501309346883,-0.4015453331379524,0.6331117943832852,1,0,0,1,0,0,0,0.6500722019210279,0,0,1,0,0,0,0,0,0,0,0,0,0,0,0,0,0,0,0,0,0,0,0,0,0,0,0,1,0,1,0,0,0,0,0,0,0,0,0,0,0,0,1,0,0,0,0,0,0,0,0,0,0,0,1,0,0,0,0,0,0,0,0,1,0,0,0,0,0,0,0,0,1,0,0,0,0,0,0,0,0,0,0,1,0,0,0,0,0,1,0,1,0,0,0,0,0,1,0,0,1,0,0,0
-0.44180103974044277,1.4147469717889427,"5195.                  After examining and inspecting the accident site, the following was noted: The vehicle causing the accident was coming from the east to the left and turning left towards the south, and the damaged vehicles were coming from the west to the east, and as the vehicles arrived at the intersection and because of bypassing the red traffic light by the Driver of the vehicle causing the accident, the front side of the causing vehicle hit the front of the first damaged vehicle, and then the front side of the second damaged vehicle hit the rear side of the first damaged vehicle, and the causing vehicle rotated to hit the front side of the second damaged vehicle on the right side of the causing vehicle and the vehicles settled accordingly",1.0226501309346883,-0.4015453331379524,0.6331117943832852,1,0,0,1,0,0,0,0.6500722019210279,0,0,1,0,0,0,0,0,0,0,0,0,0,0,0,0,0,0,0,0,0,0,0,0,0,0,0,1,0,1,0,0,0,0,0,0,0,0,0,0,0,0,1,0,0,0,0,0,0,0,0,0,0,0,1,0,0,0,0,0,0,0,0,1,0,0,0,0,0,0,0,0,1,0,0,0,0,0,0,0,0,0,0,1,0,0,0,0,0,1,0,1,0,0,0,0,0,1,0,0,0,0,1,0
-0.38859410389130306,1.4147469717889427,"5196.                  After examining and inspecting the accident site, the following was noted: The vehicle causing the accident was coming from the east to the left and turning left towards the south, and the damaged vehicles were coming from the west to the east, and as the vehicles arrived at the intersection and because of bypassing the red traffic light by the Driver of the vehicle causing the accident, the front side of the causing vehicle hit the front of the first damaged vehicle, and then the front side of the second damaged vehicle hit the rear side of the first damaged vehicle, and the causing vehicle rotated to hit the front side of the second damaged vehicle on the right side of the causing vehicle and the vehicles settled accordingly",1.0226501309346883,-0.4015453331379524,0.6331117943832852,0,1,0,1,0,0,0,0.6500722019210279,0,0,1,0,0,0,0,0,0,0,0,0,0,0,0,0,0,0,0,0,0,0,0,0,0,0,0,1,0,1,0,0,0,0,0,0,0,0,0,0,0,0,1,0,0,0,0,0,0,0,0,0,0,0,1,0,0,0,0,0,0,0,0,1,0,0,0,0,0,0,0,0,1,0,0,0,0,0,0,0,0,0,0,1,0,0,0,0,0,1,0,1,0,0,0,0,0,1,0,0,0,0,1,0
-0.016145552947325045,1.4147469717889427,"5197.                  After examining and inspecting the accident site, the following was noted: The vehicle causing the accident was coming from the east to the left and turning left towards the south, and the damaged vehicles were coming from the west to the east, and as the vehicles arrived at the intersection and because of bypassing the red traffic light by the Driver of the vehicle causing the accident, the front side of the causing vehicle hit the front of the first damaged vehicle, and then the front side of the second damaged vehicle hit the rear side of the first damaged vehicle, and the causing vehicle rotated to hit the front side of the second damaged vehicle on the right side of the causing vehicle and the vehicles settled accordingly",1.0226501309346883,-0.4015453331379524,0.6331117943832852,0,1,0,1,0,0,0,0.6500722019210279,0,0,1,0,0,0,0,0,0,0,0,0,0,0,0,0,0,0,0,0,0,0,0,0,0,0,0,1,0,1,0,0,0,0,0,0,0,0,0,0,0,0,1,0,0,0,0,0,0,0,0,0,0,0,1,0,0,0,0,0,0,0,0,1,0,0,0,0,0,0,0,0,1,0,0,0,0,0,0,0,0,0,0,1,0,0,0,0,0,1,0,1,0,0,0,0,0,1,0,0,0,0,1,0
-0.12255942464560447,1.4147469717889427,"5198.                  After examining and inspecting the accident site, the following was noted: The vehicle causing the accident was coming from the east to the left and turning left towards the south, and the damaged vehicles were coming from the west to the east, and as the vehicles arrived at the intersection and because of bypassing the red traffic light by the Driver of the vehicle causing the accident, the front side of the causing vehicle hit the front of the first damaged vehicle, and then the front side of the second damaged vehicle hit the rear side of the first damaged vehicle, and the causing vehicle rotated to hit the front side of the second damaged vehicle on the right side of the causing vehicle and the vehicles settled accordingly",1.0226501309346883,-0.4015453331379524,0.6331117943832852,1,0,0,1,0,0,0,0.6500722019210279,0,0,1,0,0,0,0,0,0,0,0,0,0,0,0,0,0,0,0,0,0,0,0,0,0,0,0,1,0,1,0,0,0,0,0,0,0,0,0,0,0,0,1,0,0,0,0,0,0,0,0,0,0,0,1,0,0,0,0,0,0,0,0,1,0,0,0,0,0,0,0,0,1,0,0,0,0,0,0,0,0,0,0,1,0,0,0,0,0,1,0,1,0,0,0,0,0,1,0,0,1,0,0,0
1.846097201772565,0.19379447484714793,"5199.                  After examining and inspecting the accident site, the following was noted: While the Driver causing the accident was coming from the west towards the east and taking the middle lane and the Driver of the damaged vehicle was coming from the south towards the north and taking the far-right lane, and due to bypassing the red traffic light by the Driver that caused the accident, the front side of the causing vehicle hit the front left side of the damaged vehicle. The accident resulted in the driver being injured, and the two vehicles were also damaged. The accident was drawn",-0.19746179160121255,-0.4015453331379524,0.6331117943832852,0,1,0,1,0,0,0,0.6535853700469463,0,0,1,0,0,0,0,0,0,0,0,0,0,0,0,0,0,0,0,0,0,0,0,0,0,0,1,0,0,0,1,0,0,1,0,0,0,0,0,0,0,0,0,0,0,0,0,0,0,0,0,0,0,0,1,0,0,0,0,0,0,0,0,1,0,0,0,0,0,0,0,0,1,0,0,0,0,0,0,0,0,0,0,1,0,0,0,0,0,0,1,0,1,0,0,0,1,0,0,0,1,0,0,0
-0.016145552947325045,1.0717827872547308,"5200.                  After examining and inspecting the accident site, the following was noted: The vehicle causing the accident was coming from the west towards the east and taking the middle lane, and the motorcycle was coming from the north towards the south and taking the second lane from the right and due to bypassing the red traffic light by the vehicle causing the accident, its left front side collided with the right side of the motorcycle. The accident resulted in an injury to the driver, he received the necessary treatment and left the hospital in a minor general condition, as well as material damage to the vehicles. The accident site was inspected",-0.19746179160121255,-0.4015453331379524,0.6331117943832852,0,1,0,1,0,0,0,0.7790525332728898,0,0,1,0,0,0,0,0,0,0,0,0,0,0,0,0,0,0,0,0,0,0,0,0,0,0,0,0,1,0,1,0,0,1,0,0,0,0,0,0,0,0,0,0,0,0,0,0,0,0,0,0,0,0,1,0,0,0,0,0,0,0,0,0,1,0,0,0,0,0,0,0,1,0,0,0,0,0,0,0,0,0,0,1,0,0,0,0,0,0,1,0,1,0,0,0,1,0,0,0,1,0,0,0
0.46271686969493236,-0.8762537808995936,"5201.                  After examining and inspecting the accident site, the following was noted: The vehicle causing the accident was coming from the north towards the south and taking the left lane, as well as the damaged vehicle coming from the same direction and taking the same lane and the damaged vehicle was in front and the causing vehicle was directly behind it and because not leaving enough distance by the vehicle causing the accident, the front of the vehicle causing the accident hit the rear of the damaged vehicle. The accident resulted in injuries to the causing driver and the damaged driver, with moderate to minor injuries. They received the necessary treatment and left the hospital. Vehicles were also damaged. The necessary measures were taken, and according to the plan, the accident occurred.",-0.19746179160121255,-0.4015453331379524,-0.3676863281700941,0,1,0,1,0,0,0,0.7638616380742148,0,0,0,0,0,0,0,0,0,0,0,0,0,0,0,0,0,0,1,0,0,0,0,0,0,0,0,1,0,0,1,0,0,0,0,1,0,0,0,0,0,0,0,0,0,0,0,0,0,0,0,0,1,0,0,0,0,0,0,0,0,0,0,1,0,0,0,0,0,0,1,0,0,0,0,0,0,0,0,0,0,0,0,0,0,1,0,0,0,0,1,0,1,0,0,0,1,0,0,0,0,1,0,0
0.728751548940631,-0.8762537808995936,"5202.                  After examining and inspecting the accident site, the following was noted: The vehicle causing the accident was coming from the north towards the south and taking the left lane, as well as the damaged vehicle coming from the same direction and taking the same lane and the damaged vehicle was in front and the causing vehicle was directly behind it and because not leaving enough distance by the vehicle causing the accident, the front of the vehicle causing the accident hit the rear of the damaged vehicle. The accident resulted in injuries to the causing driver and the damaged driver, with moderate to minor injuries. They received the necessary treatment and left the hospital. Vehicles were also damaged. The necessary measures were taken, and according to the plan, the accident occurred.",-0.19746179160121255,-0.4015453331379524,-0.3676863281700941,0,1,0,1,0,0,0,0.7638616380742148,0,0,0,0,0,0,0,0,0,0,0,0,0,0,0,0,0,0,1,0,0,0,0,0,0,0,0,1,0,0,1,0,0,0,0,1,0,0,0,0,0,0,0,0,0,0,0,0,0,0,0,0,1,0,0,0,0,0,0,0,0,0,0,1,0,0,0,0,0,0,1,0,0,0,0,0,0,0,0,0,0,0,0,0,0,1,0,0,0,0,1,0,1,0,0,0,1,0,0,1,0,0,0,0