Age of the injured,Str Code,Accident Description,Road speed limit,Pedestrian action,Number of Lanes,Gender_F,Gender_M,Week_Fifth week,Week_First week,Week_Fourth week,Week_Second week,Week_Third week,Date_time,Reasons__??? ????? ?????? ?????? ???? ????? ??? ???? ???????,Reasons__???? ?? ??????? (???),Reasons__Bypassing the red traffic light,Reasons__Driving back without attention,Reasons__Driving back without traffic clearance,Reasons__Driving in the opposite direction,Reasons__Entering main road without traffic clearance,Reasons__Exceeding speed limit,Reasons__Fatigue and drowsiness,Reasons__Faults in the road,Reasons__Ignoring road lane,Reasons__Ignoring traffic lights,Reasons__Lack of driving awareness,Reasons__Misuse of traffic,Reasons__Negligence and inobservance,Reasons__Negligent driving,Reasons__Not giving priority to pedestrian crossing,Reasons__Not giving way / not giving priority,Reasons__Not leaving enough space,Reasons__Not observing the stop sign,Reasons__Not securing vehicle stability while stopping,Reasons__Speedy without taking road conditions into account,Reasons__Sudden deviation,Reasons__Sudden stop,Reasons__Tyre burst,Reasons__under influence of intoxicant or narcotic drug,__Al Madina Police Station,__Khaldiya Police Station,__Shaabiya Police Station,Streetname_Intersection,Streetname_Street,place__Bridge / Tunnel,place__Coastal area,place__Commercial area,place__Fuel Station,place__Govt. authority,place__Hospital,place__Island,place__Mosque,place__One level intersection,place__Other,place__Park,place__Residential area,place__Sand area,place__School,place__Work area,place__external road,place__unknown,location__ ,location__Bridge,location__Bridge /  Tunnel,location__Car parking,location__Double road,location__Highway,location__Intersection,location__Off the road,location__Other(specify),location__Roundabout,location__Side parking,location__Single road,location__Tunnel,location__Two-way road,location__Unknown,lighting__day,lighting__night - enough lights,lighting__night - weak lights,intersection__Deviated intersection,intersection__Half Perpendicular Intersection,intersection__Multiple leg Intersection,intersection__Not on Intersection,intersection__Not on or around 20 meters,intersection__Other,intersection__Perpendicular Intersection,intersection__Roundabout,intersection__Turn ,accidentype__Collision while turning,accidentype__Fall,accidentype__Hitting a moving object off the road,accidentype__Hitting a moving object on the road,accidentype__Hitting a stationary object off the road,accidentype__Hitting a stationary object on the road,accidentype__Multiple collision,accidentype__Other (specify),accidentype__Perpendicular collision,accidentype__Person run over,accidentype__Rear collision,accidentype__Reciprocal collision,accidentype__Side collision,accidentype__deterioration,seat belt_N,seat belt_Y,seat_Back passenger seat,seat_Driver's seat,seat_Front passenger seat,seat_No passenger,seat_bike passenger,position_Driver,position_Passenger,position_Pedestrian,nationality_Arab States,nationality_Asian States,nationality_GCC,nationality_Other,nationality_UAE
-1.133491205779259,-0.8762537808995936,"5203.                  After examining and inspecting the accident site, the following was noted: While the vehicle causing the accident was traveling from the west towards the east on a side street, and the run over child was crossing the road from the south to the north from a place not designated for the Pedestrian, due to traffic misuse by the driver causing the accident and not taking into account the road conditions, the front side of his vehicle ran over the child as he entered the road and fell on the street after being run over, according to the picture in the chart. The accident resulted in the driver's injury and material damage to the vehicle. The accident was planned.",-1.4175737141371132,2.490378837640347,-1.3684844507234735,0,1,0,1,0,0,0,0.767396695098114,0,0,0,0,0,0,0,0,0,0,0,0,0,1,0,0,0,0,0,0,0,0,0,0,0,0,0,1,0,0,1,0,0,0,0,0,0,0,0,0,0,0,0,0,1,0,0,0,0,0,0,0,0,0,0,0,0,0,0,1,0,0,0,1,0,0,0,0,0,1,0,0,0,0,0,0,0,0,0,0,0,0,0,0,1,0,0,0,0,1,0,0,0,0,1,0,0,0,1,0,0,0,1,0
1.5268555866777267,-0.8762537808995936,"5204.                  After examining and inspecting the accident site, the following was noted: While the vehicle was traveling on a side street from the west towards the east, turning to the right through the opening of the triangle, and upon entering the main street to the south, as the person being run over was crossing the road from east to west on the Pedestrian crossing lines And due to the driver not giving priority to crossing the Pedestrian by the causing vehicle, the left front side of his vehicle ran over the person while entering the road and the person fell in the middle of the street at a distance of 9.5 meters from the accident point according to the picture in the chart. The accident resulted in a serious injury to the person who was hit, and no damage was caused to the vehicle that caused the accident.",-0.19746179160121255,2.490378837640347,-0.3676863281700941,0,1,0,1,0,0,0,0.8831342431715921,0,0,0,0,0,0,0,0,0,0,0,0,0,0,0,0,1,0,0,0,0,0,0,0,0,0,0,0,1,0,1,0,0,0,0,0,0,0,0,0,0,0,0,0,1,0,0,0,0,0,0,0,0,1,0,0,0,0,0,0,0,0,0,0,1,0,0,0,0,1,0,0,0,0,0,0,0,0,0,0,0,0,0,0,1,0,0,0,0,1,0,0,0,0,1,0,0,0,1,0,1,0,0,0
-0.12255942464560447,0.19379447484714793,"5205.                  After examining and inspecting the accident site, the following was noted: The vehicle causing the accident was coming from the south towards the north and was taking the middle lane and the damaged vehicle was coming from the west towards the east and was taking the middle lane, and due to Bypassing the red traffic light by the vehicle causing the accident, the front side of the vehicle causing the accident collided with the right side of the damaged vehicle. The accident resulted in the driver's minor injury and material damage to the vehicles. According to the chart, the accident was planned",-0.19746179160121255,-0.4015453331379524,0.6331117943832852,1,0,0,1,0,0,0,0.9815357840442768,0,0,1,0,0,0,0,0,0,0,0,0,0,0,0,0,0,0,0,0,0,0,0,0,0,0,0,0,1,0,1,0,0,1,0,0,0,0,0,0,0,0,0,0,0,0,0,0,0,0,0,0,0,0,1,0,0,0,0,0,0,0,0,1,0,0,0,1,0,0,0,0,0,0,0,0,0,0,0,0,0,0,0,1,0,0,0,0,0,0,1,0,1,0,0,0,1,0,0,1,0,0,0,0
-0.761042654835281,-0.9860023199505414,"5206.                  After examining and inspecting the accident site, the following was noted: While the runover person was walking in a parking lot coming from Madinat Zayed Shopping Center, and at the same time the vehicle causing entered to the parking lot and ran over the person with the front side of her vehicle and according to the chart, the accident occurred",-2.637685636673014,2.490378837640347,-1.3684844507234735,0,1,0,1,0,0,0,1.0966057207293405,0,0,0,0,0,0,0,0,0,0,0,0,0,1,0,0,0,0,0,0,0,0,0,0,0,0,0,0,1,0,1,0,0,1,0,0,0,0,0,0,0,0,0,0,0,0,0,0,0,0,0,1,0,0,0,0,0,0,0,0,0,0,0,1,0,0,0,0,0,0,1,0,0,0,0,0,0,0,0,0,0,0,0,0,1,0,0,0,0,1,0,0,0,0,1,0,0,0,1,0,0,0,0,1
0.09026831875095438,1.140375624161573,"5207.                  After examining and inspecting the accident site, the following was noted: The vehicle causing the accident was coming from the west towards the east on Baynunah Street while the damaged vehicle was traveling from the south towards the north on Hazaa Street and while they were driving and due to bypassing the red traffic light by the driver of the vehicle causing the accident, this led to the accident, where the front side of the causing vehicle collided with the right side of the damaged vehicle, which led to its drift towards the east. The accident resulted in bodily injuries and material damage to both vehicles, as planned, the accident occurred.",-0.19746179160121255,-0.4015453331379524,-0.3676863281700941,0,1,0,1,0,0,0,1.1061821135959404,0,0,1,0,0,0,0,0,0,0,0,0,0,0,0,0,0,0,0,0,0,0,0,0,0,0,0,1,0,0,1,0,0,0,0,0,0,0,0,0,0,0,1,0,0,0,0,0,0,0,0,0,0,0,1,0,0,0,0,0,0,0,0,0,1,0,0,0,1,0,0,0,0,0,0,0,0,0,0,0,0,0,0,1,0,0,0,0,0,0,1,0,1,0,0,0,1,0,0,0,1,0,0,0
-0.38859410389130306,1.140375624161573,"5208.                  After examining and inspecting the accident site, the following was noted: The vehicle causing the accident was coming from the west towards the east on Baynunah Street while the damaged vehicle was traveling from the south towards the north on Hazaa Street and while they were driving and due to bypassing the red traffic light by the driver of the vehicle causing the accident, this led to the accident, where the front side of the causing vehicle collided with the right side of the damaged vehicle, which led to its drift towards the east. The accident resulted in bodily injuries and material damage to both vehicles, as planned, the accident occurred.",-0.19746179160121255,-0.4015453331379524,-0.3676863281700941,1,0,0,1,0,0,0,1.1061821135959404,0,0,1,0,0,0,0,0,0,0,0,0,0,0,0,0,0,0,0,0,0,0,0,0,0,0,0,1,0,0,1,0,0,0,0,0,0,0,0,0,0,0,1,0,0,0,0,0,0,0,0,0,0,0,1,0,0,0,0,0,0,0,0,0,1,0,0,0,1,0,0,0,0,0,0,0,0,0,0,0,0,0,0,1,0,0,0,0,0,1,0,0,0,1,0,0,0,1,0,0,0,0,0,1
-0.016145552947325045,1.140375624161573,"5209.                  After examining and inspecting the accident site, the following was noted: The vehicle causing the accident was coming from the west towards the east on Baynunah Street while the damaged vehicle was traveling from the south towards the north on Hazaa Street and while they were driving and due to bypassing the red traffic light by the driver of the vehicle causing the accident, this led to the accident, where the front side of the causing vehicle collided with the right side of the damaged vehicle, which led to its drift towards the east. The accident resulted in bodily injuries and material damage to both vehicles, as planned, the accident occurred.",-0.19746179160121255,-0.4015453331379524,-0.3676863281700941,1,0,0,1,0,0,0,1.1061821135959404,0,0,1,0,0,0,0,0,0,0,0,0,0,0,0,0,0,0,0,0,0,0,0,0,0,0,0,1,0,0,1,0,0,0,0,0,0,0,0,0,0,0,1,0,0,0,0,0,0,0,0,0,0,0,1,0,0,0,0,0,0,0,0,0,1,0,0,0,1,0,0,0,0,0,0,0,0,0,0,0,0,0,0,1,0,0,0,0,0,1,0,1,0,0,0,0,0,1,0,0,0,0,0,1
-0.4950079755895825,1.140375624161573,"5210.                  After examining and inspecting the accident site, the following was noted: The vehicle causing the accident was coming from the west towards the east on Baynunah Street while the damaged vehicle was traveling from the south towards the north on Hazaa Street and while they were driving and due to bypassing the red traffic light by the driver of the vehicle causing the accident, this led to the accident, where the front side of the causing vehicle collided with the right side of the damaged vehicle, which led to its drift towards the east. The accident resulted in bodily injuries and material damage to both vehicles, as planned, the accident occurred.",-0.19746179160121255,-0.4015453331379524,-0.3676863281700941,1,0,0,1,0,0,0,1.1061821135959404,0,0,1,0,0,0,0,0,0,0,0,0,0,0,0,0,0,0,0,0,0,0,0,0,0,0,0,1,0,0,1,0,0,0,0,0,0,0,0,0,0,0,1,0,0,0,0,0,0,0,0,0,0,0,1,0,0,0,0,0,0,0,0,0,1,0,0,0,1,0,0,0,0,0,0,0,0,0,0,0,0,0,0,1,0,0,0,0,0,0,1,0,1,0,0,0,1,0,0,0,0,0,0,1
0.09026831875095438,1.140375624161573,"5211.                  After examining and inspecting the accident site, the following was noted: The vehicle causing the accident was coming from the west towards the east on Baynunah Street while the damaged vehicle was traveling from the south towards the north on Hazaa Street and while they were driving and due to bypassing the red traffic light by the driver of the vehicle causing the accident, this led to the accident, where the front side of the causing vehicle collided with the right side of the damaged vehicle, which led to its drift towards the east. The accident resulted in bodily injuries and material damage to both vehicles, as planned, the accident occurred.",-0.19746179160121255,-0.4015453331379524,-0.3676863281700941,1,0,0,1,0,0,0,1.1061821135959404,0,0,1,0,0,0,0,0,0,0,0,0,0,0,0,0,0,0,0,0,0,0,0,0,0,0,0,1,0,0,1,0,0,0,0,0,0,0,0,0,0,0,1,0,0,0,0,0,0,0,0,0,0,0,1,0,0,0,0,0,0,0,0,0,1,0,0,0,1,0,0,0,0,0,0,0,0,0,0,0,0,0,0,1,0,0,0,0,0,1,0,1,0,0,0,0,0,1,0,0,0,0,0,1
1.2076139715828884,0.3035430138980958,"5212.                  After examining and inspecting the accident site, the following was noted: The vehicle causing the accident was coming from the west towards the east on Baynunah Street while the damaged vehicle was traveling from the south towards the north on Hazaa Street and while they were driving and due to bypassing the red traffic light by the driver of the vehicle causing the accident, this led to the accident, where the front side of the causing vehicle collided with the right side of the damaged vehicle, which led to its drift towards the east. The accident resulted in bodily injuries and material damage to both vehicles, as planned, the accident occurred.",-0.19746179160121255,-0.4015453331379524,0.6331117943832852,1,0,0,1,0,0,0,1.2124964910886842,0,0,1,0,0,0,0,0,0,0,0,0,0,0,0,0,0,0,0,0,0,0,0,0,0,0,0,1,0,0,1,0,0,1,0,0,0,0,0,0,0,0,0,0,0,0,0,0,0,0,0,0,0,0,1,0,0,0,0,0,0,0,0,0,1,0,0,0,0,0,0,0,1,0,0,0,0,0,0,0,0,0,0,1,0,0,0,0,0,0,1,0,1,0,0,0,1,0,0,0,0,0,1,0
1.2076139715828884,0.08404593579620008,"5213.                  After examining and inspecting the accident site, the following was noted: The vehicle causing the accident was coming from the north towards the west and the south and was taking the right lane, and the damaged vehicle was coming from the south towards the west and was traveling on the far left. The vehicle causing the accident was on the right side of the damaged vehicle, the accident resulted in an injury to the passenger accompanying the driver of the damaged vehicle, and the passenger was transferred to the hospital. Vehicles were also damaged.",-0.19746179160121255,-0.4015453331379524,0.6331117943832852,0,1,0,1,0,0,0,1.2170493818686905,0,0,1,0,0,0,0,0,0,0,0,0,0,0,0,0,0,0,0,0,0,0,0,0,0,0,0,1,0,0,1,0,0,1,0,0,0,0,0,0,0,0,0,0,0,0,0,0,0,0,0,0,0,0,1,0,0,0,0,0,0,0,0,0,1,0,0,0,0,0,0,0,1,0,0,0,0,0,0,0,0,0,0,1,0,0,0,0,0,1,0,1,0,0,0,0,0,1,0,0,0,0,1,0
0.5691307413932118,0.08404593579620008,"5214.                  After examining and inspecting the accident site, the following was noted: The vehicle causing the accident was coming from the north towards the west and the south and was taking the right lane, and the damaged vehicle was coming from the south towards the west and was traveling on the far left. The vehicle causing the accident was on the right side of the damaged vehicle, the accident resulted in an injury to the passenger accompanying the driver of the damaged vehicle, and the passenger was transferred to the hospital. Vehicles were also damaged.",-0.19746179160121255,-0.4015453331379524,0.6331117943832852,1,0,0,1,0,0,0,1.2170493818686905,0,0,1,0,0,0,0,0,0,0,0,0,0,0,0,0,0,0,0,0,0,0,0,0,0,0,0,1,0,0,1,0,0,1,0,0,0,0,0,0,0,0,0,0,0,0,0,0,0,0,0,0,0,0,1,0,0,0,0,0,0,0,0,0,1,0,0,0,0,0,0,0,1,0,0,0,0,0,0,0,0,0,0,1,0,0,0,0,0,1,0,1,0,0,0,0,0,1,0,1,0,0,0,0
0.40950993384579265,-0.9860023199505414,"5215.                  After examining and inspecting the accident site, the following was noted: The vehicle causing the accident was coming from the north towards the west and the south and was taking the right lane, and the damaged vehicle was coming from the south towards the west and was traveling on the far left. The vehicle causing the accident was on the right side of the damaged vehicle, the accident resulted in an injury to the passenger accompanying the driver of the damaged vehicle, and the passenger was transferred to the hospital. Vehicles were also damaged.",-0.19746179160121255,-0.4015453331379524,0.6331117943832852,0,1,0,1,0,0,0,1.3100224760421368,0,0,0,0,0,0,0,0,0,0,0,0,0,0,0,0,0,0,0,0,0,1,0,0,0,0,0,0,1,0,1,0,0,1,0,0,0,0,0,0,0,0,0,0,0,0,0,0,0,0,0,0,1,0,0,0,0,0,0,0,0,0,0,1,0,0,0,0,0,0,1,0,0,0,0,0,0,0,0,0,0,0,0,0,0,1,0,0,0,0,1,0,1,0,0,0,1,0,0,0,1,0,0,0
-0.17576636049474417,-0.6704752701790664,"5216.                  After examining and inspecting the accident site, the following was noted: The vehicle causing the accident was coming from the north towards the west and the south and was taking the right lane, and the damaged vehicle was coming from the south towards the west and was traveling on the far left. The vehicle causing the accident was on the right side of the damaged vehicle, the accident resulted in an injury to the passenger accompanying the driver of the damaged vehicle, and the passenger was transferred to the hospital. Vehicles were also damaged.",-0.19746179160121255,-0.4015453331379524,-0.3676863281700941,0,1,0,1,0,0,0,1.5255186766631093,0,0,0,0,0,0,0,0,0,0,0,0,0,0,0,0,0,0,0,0,0,0,0,0,0,1,0,1,0,0,1,0,0,0,0,0,0,0,0,0,0,0,1,0,0,0,0,0,0,0,0,0,1,0,0,0,0,0,0,0,0,0,0,0,1,0,0,0,0,1,0,0,0,0,0,0,0,0,0,0,1,0,0,0,0,0,0,0,0,0,1,0,1,0,0,0,1,0,0,0,0,0,0,1
-0.6014218472878619,1.3735912696448374,"5217.                  After examining and inspecting the accident site, the following was noted: The vehicle causing the accident was coming from the north towards the west and the south and was taking the right lane, and the damaged vehicle was coming from the south towards the west and was traveling on the far left. The vehicle causing the accident was on the right side of the damaged vehicle, the accident resulted in an injury to the passenger accompanying the driver of the damaged vehicle, and the passenger was transferred to the hospital. Vehicles were also damaged.",-0.19746179160121255,-0.4015453331379524,-0.3676863281700941,0,1,0,1,0,0,0,1.539965349330437,0,0,0,0,0,1,0,0,0,0,0,0,0,0,0,0,0,0,0,0,0,0,0,0,0,0,0,0,1,0,1,0,0,0,0,0,0,0,0,0,0,0,1,0,0,0,0,0,0,0,0,0,1,0,0,0,0,0,0,0,0,0,0,0,1,0,0,0,0,1,0,0,0,0,0,0,0,0,0,0,0,0,0,0,0,0,1,0,0,1,0,0,1,0,0,0,1,0,0,0,0,0,0,1
-0.4950079755895825,0.4407286877117806,"5218.                  After examining and inspecting the accident site, the following was noted: The vehicle causing the accident was coming from the east to the west, and the two damaged vehicles were coming from the direction south to the north, while the vehicles were traveling and due to entering the public road without traffic clearance by the driver causing the accident, he entered the public road and the front side of the first damaged vehicle collided with the left rear side of the vehicle causing the accident, and due to the force of the collision, the first damaged vehicle drifted to the left to hit the front side of the second damaged vehicle, and accordingly the accident was planned as shown in the drawing",-0.19746179160121255,-0.4015453331379524,-0.3676863281700941,0,1,0,1,0,0,0,1.544397851171549,0,0,0,0,0,0,1,0,0,0,0,0,0,0,0,0,0,0,0,0,0,0,0,0,0,0,1,0,0,0,1,0,0,1,0,0,0,0,0,0,0,0,0,0,0,0,0,0,0,0,0,0,1,0,0,0,0,0,0,0,0,0,0,0,1,0,0,0,0,0,1,0,0,0,0,0,0,0,0,0,0,0,0,0,0,1,0,0,0,0,1,0,0,1,0,0,0,1,0,1,0,0,0,0
-0.4950079755895825,0.4407286877117806,"5219.                  After examining and inspecting the accident site, the following was noted: The vehicle causing the accident was coming from the east to the west, and the two damaged vehicles were coming from the direction south to the north, while the vehicles were traveling and due to entering the public road without traffic clearance by the driver causing the accident, he entered the public road and the front side of the first damaged vehicle collided with the left rear side of the vehicle causing the accident, and due to the force of the collision, the first damaged vehicle drifted to the left to hit the front side of the second damaged vehicle, and accordingly the accident was planned as shown in the drawing",-0.19746179160121255,-0.4015453331379524,-0.3676863281700941,0,1,0,1,0,0,0,1.544397851171549,0,0,0,0,0,0,1,0,0,0,0,0,0,0,0,0,0,0,0,0,0,0,0,0,0,0,1,0,0,0,1,0,0,1,0,0,0,0,0,0,0,0,0,0,0,0,0,0,0,0,0,0,1,0,0,0,0,0,0,0,0,0,0,0,1,0,0,0,0,0,1,0,0,0,0,0,0,0,0,0,0,0,0,0,0,1,0,0,0,0,1,0,1,0,0,0,1,0,0,1,0,0,0,0
-0.4950079755895825,0.4407286877117806,"5220.                  After examining and inspecting the accident site, the following was noted: The vehicle causing the accident was coming from the east to the west, and the two damaged vehicles were coming from the direction south to the north, while the vehicles were traveling and due to entering the public road without traffic clearance by the driver causing the accident, he entered the public road and the front side of the first damaged vehicle collided with the left rear side of the vehicle causing the accident, and due to the force of the collision, the first damaged vehicle drifted to the left to hit the front side of the second damaged vehicle, and accordingly the accident was planned as shown in the drawing",-0.19746179160121255,-0.4015453331379524,-0.3676863281700941,0,1,0,1,0,0,0,1.544397851171549,0,0,0,0,0,0,1,0,0,0,0,0,0,0,0,0,0,0,0,0,0,0,0,0,0,0,1,0,0,0,1,0,0,1,0,0,0,0,0,0,0,0,0,0,0,0,0,0,0,0,0,0,1,0,0,0,0,0,0,0,0,0,0,0,1,0,0,0,0,0,1,0,0,0,0,0,0,0,0,0,0,0,0,0,0,1,0,0,0,1,0,1,0,0,0,0,0,1,0,1,0,0,0,0
-0.5482149114387221,0.7013814679577817,"5221.                  After examining and inspecting the accident site, the following was noted: The vehicle causing the accident was coming from the north towards the south and the damaged vehicle was coming from the west towards the east. Due to driving under the influence of alcoholic drinks and bypassing the red traffic light, the front of the vehicle causing the accident collided with the left side of the damaged vehicle. The accident resulted in bodily injuries and material damage to the two vehicles. According to the plan, the accident occurred.",-0.19746179160121255,-0.4015453331379524,0.6331117943832852,0,1,0,1,0,0,0,1.6315703873800835,0,0,0,0,0,0,0,0,0,0,0,0,0,0,0,0,0,0,0,0,0,0,0,0,0,1,0,1,0,0,1,0,0,0,0,0,0,0,0,0,0,0,1,0,0,0,0,0,0,0,0,0,1,0,0,0,0,0,0,0,0,0,0,0,1,0,0,0,0,0,0,0,1,0,0,0,0,0,0,0,0,0,0,1,0,0,0,0,0,1,0,1,0,0,0,0,0,1,0,0,0,0,0,1
-0.44180103974044277,0.7013814679577817,"5222.                  After examining and inspecting the accident site, the following was noted: The vehicle causing the accident was coming from the north towards the south and the damaged vehicle was coming from the west towards the east. Due to driving under the influence of alcoholic drinks and bypassing the red traffic light, the front of the vehicle causing the accident collided with the left side of the damaged vehicle. The accident resulted in bodily injuries and material damage to the two vehicles. According to the plan, the accident occurred.",-0.19746179160121255,-0.4015453331379524,0.6331117943832852,1,0,0,1,0,0,0,1.6315703873800835,0,0,0,0,0,0,0,0,0,0,0,0,0,0,0,0,0,0,0,0,0,0,0,0,0,1,0,1,0,0,1,0,0,0,0,0,0,0,0,0,0,0,1,0,0,0,0,0,0,0,0,0,1,0,0,0,0,0,0,0,0,0,0,0,1,0,0,0,0,0,0,0,1,0,0,0,0,0,0,0,0,0,0,1,0,0,0,0,0,0,1,0,1,0,0,0,1,0,0,0,0,0,1,0
-0.6014218472878619,0.7013814679577817,"5223.                  After examining and inspecting the accident site, the following was noted: The vehicle causing the accident was coming from the north towards the south and the damaged vehicle was coming from the west towards the east. Due to driving under the influence of alcoholic drinks and bypassing the red traffic light, the front of the vehicle causing the accident collided with the left side of the damaged vehicle. The accident resulted in bodily injuries and material damage to the two vehicles. According to the plan, the accident occurred.",-0.19746179160121255,-0.4015453331379524,0.6331117943832852,0,1,0,1,0,0,0,1.6315703873800835,0,0,0,0,0,0,0,0,0,0,0,0,0,0,0,0,0,0,0,0,0,0,0,0,0,1,0,1,0,0,1,0,0,0,0,0,0,0,0,0,0,0,1,0,0,0,0,0,0,0,0,0,1,0,0,0,0,0,0,0,0,0,0,0,1,0,0,0,0,0,0,0,1,0,0,0,0,0,0,0,0,0,0,1,0,0,0,0,0,1,0,1,0,0,0,0,0,1,0,0,0,0,0,1
1.9525110734708444,0.18007590746577945,"5224.                  After examining and inspecting the accident site, the following was noted: The vehicle causing the accident was coming from the east to west direction and was turning left towards the south on the far left line, and the damaged vehicle was coming from the west direction towards the east with the right line, and when the two vehicles arrived at the intersection, and because of bypassing the red light by the Driver of the vehicle causing the accident, the front of the vehicle causing the accident hit the front of the damaged vehicle, and accordingly the accident was planned as shown in the drawing",-0.19746179160121255,-0.4015453331379524,0.6331117943832852,1,0,0,1,0,0,0,1.6495740059692914,0,0,1,0,0,0,0,0,0,0,0,0,0,0,0,0,0,0,0,0,0,0,0,0,0,0,0,0,1,0,1,0,0,1,0,0,0,0,0,0,0,0,0,0,0,0,0,0,0,0,0,0,0,0,1,0,0,0,0,0,0,0,0,0,1,0,0,0,0,0,0,0,1,0,0,0,0,0,0,0,0,0,0,1,0,0,0,0,0,1,0,1,0,0,0,0,0,1,0,1,0,0,0,0
1.101200099884609,0.3035430138980958,"5225.                  After examining and inspecting the accident site, the following was noted: While the vehicle causing the accident was traveling from the north towards the south and taking the right lane, the run over person was standing at the intersection on the pedestrian crossing lines waiting for the pedestrian traffic light and the second casualty was standing in the same triangle is near the run over person, and due to overspeed without taking road conditions into account, and misuse of traffic by the Driver of the vehicle causing the accident, the vehicle deviated from its lane, and hit the intersection pavement, then the front of the vehicle ran over the woman and the vehicle rushed forward and the front of the vehicle collided with the Pedestrian signal pole, then the signal fell on the man who was standing next to the ran over person. The accident resulted in the death of the ran over person, the injury of the second person as a result of the fall of the signal on him, material damage to the state property, i.e., the sidewalk, the pedestrian traffic light, and damage to the vehicle that caused the accident.",-0.19746179160121255,-0.4015453331379524,0.6331117943832852,1,0,0,1,0,0,0,-0.32962014945461177,0,0,0,0,0,0,0,0,0,0,0,0,0,0,0,0,0,0,0,0,0,1,0,0,0,0,0,1,0,0,1,0,0,1,0,0,0,0,0,0,0,0,0,0,0,0,0,0,0,0,0,0,0,0,1,0,0,0,0,0,0,0,0,1,0,0,0,0,0,0,0,0,1,0,0,0,0,0,0,0,0,0,0,0,1,0,0,0,0,1,0,0,0,0,1,0,0,0,1,0,1,0,0,0
0.9947862281863296,0.3035430138980958,"5226.                  After examining and inspecting the accident site, the following was noted: While the vehicle causing the accident was traveling from the north towards the south and taking the right lane, the run over person was standing at the intersection on the pedestrian crossing lines waiting for the pedestrian traffic light and the second casualty was standing in the same triangle is near the run over person, and due to overspeed without taking road conditions into account, and misuse of traffic by the Driver of the vehicle causing the accident, the vehicle deviated from its lane, and hit the intersection pavement, then the front of the vehicle ran over the woman and the vehicle rushed forward and the front of the vehicle collided with the Pedestrian signal pole, then the signal fell on the man who was standing next to the ran over person. The accident resulted in the death of the ran over person, the injury of the second person as a result of the fall of the signal on him, material damage to the state property, i.e., the sidewalk, the pedestrian traffic light, and damage to the vehicle that caused the accident.",-0.19746179160121255,-0.4015453331379524,0.6331117943832852,0,1,0,1,0,0,0,-0.32962014945461177,0,0,0,0,0,0,0,0,0,0,0,0,0,0,0,0,0,0,0,0,0,1,0,0,0,0,0,1,0,0,1,0,0,1,0,0,0,0,0,0,0,0,0,0,0,0,0,0,0,0,0,0,0,0,1,0,0,0,0,0,0,0,0,1,0,0,0,0,0,0,0,0,1,0,0,0,0,0,0,0,0,0,0,0,1,0,0,0,0,1,0,0,0,0,1,0,0,0,1,0,0,0,1,0
-0.6546287831370016,-0.7665052418486458,"5227.                  After examining and inspecting the accident site, the following was noted: The vehicle causing the accident was coming from the north towards the south and the damaged vehicle was coming from the west towards the east. Due to driving under the influence of alcoholic drinks and bypassing the red traffic light, the front of the vehicle causing the accident collided with the left side of the damaged vehicle. The accident resulted in bodily injuries and material damage to the two vehicles. According to the plan, the accident occurred.",-0.19746179160121255,2.490378837640347,-0.3676863281700941,0,1,0,1,0,0,0,-0.32962014945461177,0,0,0,1,0,0,0,0,0,0,0,0,0,0,0,0,0,0,0,0,0,0,0,0,0,0,1,0,0,0,1,0,0,1,0,0,0,0,0,0,0,0,0,0,0,0,0,0,0,0,0,0,0,0,1,0,0,0,0,0,0,0,0,0,1,0,0,0,0,1,0,0,0,0,0,0,0,0,0,0,0,0,0,0,1,0,0,0,0,1,0,0,0,0,1,0,0,0,1,1,0,0,0,0
-1.2931120133266782,-0.9860023199505414,"5228.                  After examining and inspecting the accident site, the following was noted: The vehicle causing the accident was coming from the north towards the south and the damaged vehicle was coming from the west towards the east. Due to driving under the influence of alcoholic drinks and bypassing the red traffic light, the front of the vehicle causing the accident collided with the left side of the damaged vehicle. The accident resulted in bodily injuries and material damage to the two vehicles. According to the plan, the accident occurred.",-1.4175737141371132,2.490378837640347,-2.3692825732768528,0,1,0,1,0,0,0,-0.32376486924474784,0,0,0,0,0,0,0,0,0,0,0,0,0,0,0,0,0,0,0,0,0,1,0,0,0,0,0,0,1,0,1,0,0,0,0,0,0,0,0,0,0,0,1,0,0,0,0,0,0,0,0,0,0,0,0,0,0,0,0,1,0,0,0,1,0,0,0,0,0,1,0,0,0,0,0,0,0,0,0,0,0,0,0,0,1,0,0,0,0,1,0,0,0,0,1,0,0,0,1,0,1,0,0,0