Age of the injured,Str Code,Accident Description,Road speed limit,Pedestrian action,Number of Lanes,Gender_F,Gender_M,Week_Fifth week,Week_First week,Week_Fourth week,Week_Second week,Week_Third week,Date_time,Reasons__??? ????? ?????? ?????? ???? ????? ??? ???? ???????,Reasons__???? ?? ??????? (???),Reasons__Bypassing the red traffic light,Reasons__Driving back without attention,Reasons__Driving back without traffic clearance,Reasons__Driving in the opposite direction,Reasons__Entering main road without traffic clearance,Reasons__Exceeding speed limit,Reasons__Fatigue and drowsiness,Reasons__Faults in the road,Reasons__Ignoring road lane,Reasons__Ignoring traffic lights,Reasons__Lack of driving awareness,Reasons__Misuse of traffic,Reasons__Negligence and inobservance,Reasons__Negligent driving,Reasons__Not giving priority to pedestrian crossing,Reasons__Not giving way / not giving priority,Reasons__Not leaving enough space,Reasons__Not observing the stop sign,Reasons__Not securing vehicle stability while stopping,Reasons__Speedy without taking road conditions into account,Reasons__Sudden deviation,Reasons__Sudden stop,Reasons__Tyre burst,Reasons__under influence of intoxicant or narcotic drug,__Al Madina Police Station,__Khaldiya Police Station,__Shaabiya Police Station,Streetname_Intersection,Streetname_Street,place__Bridge / Tunnel,place__Coastal area,place__Commercial area,place__Fuel Station,place__Govt. authority,place__Hospital,place__Island,place__Mosque,place__One level intersection,place__Other,place__Park,place__Residential area,place__Sand area,place__School,place__Work area,place__external road,place__unknown,location__ ,location__Bridge,location__Bridge /  Tunnel,location__Car parking,location__Double road,location__Highway,location__Intersection,location__Off the road,location__Other(specify),location__Roundabout,location__Side parking,location__Single road,location__Tunnel,location__Two-way road,location__Unknown,lighting__day,lighting__night - enough lights,lighting__night - weak lights,intersection__Deviated intersection,intersection__Half Perpendicular Intersection,intersection__Multiple leg Intersection,intersection__Not on Intersection,intersection__Not on or around 20 meters,intersection__Other,intersection__Perpendicular Intersection,intersection__Roundabout,intersection__Turn ,accidentype__Collision while turning,accidentype__Fall,accidentype__Hitting a moving object off the road,accidentype__Hitting a moving object on the road,accidentype__Hitting a stationary object off the road,accidentype__Hitting a stationary object on the road,accidentype__Multiple collision,accidentype__Other (specify),accidentype__Perpendicular collision,accidentype__Person run over,accidentype__Rear collision,accidentype__Reciprocal collision,accidentype__Side collision,accidentype__deterioration,seat belt_N,seat belt_Y,seat_Back passenger seat,seat_Driver's seat,seat_Front passenger seat,seat_No passenger,seat_bike passenger,position_Driver,position_Passenger,position_Pedestrian,nationality_Arab States,nationality_Asian States,nationality_GCC,nationality_Other,nationality_UAE
-0.17576636049474417,0.18007590746577945,"5229.                  After examining and inspecting the accident site, the following was noted: The vehicle causing the accident was coming from the north towards the south and the damaged vehicle was coming from the west towards the east. Due to driving under the influence of alcoholic drinks and bypassing the red traffic light, the front of the vehicle causing the accident collided with the left side of the damaged vehicle. The accident resulted in bodily injuries and material damage to the two vehicles. According to the plan, the accident occurred.",-1.4175737141371132,-0.4015453331379524,0.6331117943832852,0,1,0,1,0,0,0,-0.32152125720171587,0,0,1,0,0,0,0,0,0,0,0,0,0,0,0,0,0,0,0,0,0,0,0,0,0,0,0,0,1,0,1,0,0,1,0,0,0,0,0,0,0,0,0,0,0,0,0,0,0,0,0,0,0,0,1,0,0,0,0,0,0,0,0,0,1,0,0,0,0,0,0,0,1,0,0,0,0,0,0,0,0,0,0,1,0,0,0,0,0,1,0,0,1,0,0,0,1,0,0,0,1,0,0,0
-0.2289732963438839,-0.944846617806436,"5230.                  After examining and inspecting the accident site, the following was noted: The vehicle causing the accident was coming from the north towards the south and the damaged vehicle was coming from the west towards the east. Due to driving under the influence of alcoholic drinks and bypassing the red traffic light, the front of the vehicle causing the accident collided with the left side of the damaged vehicle. The accident resulted in bodily injuries and material damage to the two vehicles. According to the plan, the accident occurred.",-0.19746179160121255,-0.4015453331379524,-0.0073990040508776864,0,1,0,1,0,0,0,-0.3186757004642119,0,0,1,0,0,0,0,0,0,0,0,0,0,0,0,0,0,0,0,0,0,0,0,0,0,0,0,1,0,0,1,0,0,1,0,0,0,0,0,0,0,0,0,0,0,0,0,0,0,0,0,0,0,0,1,0,0,0,0,0,0,0,0,0,1,0,0,0,1,0,0,0,0,0,0,0,0,0,0,0,0,0,0,1,0,0,0,0,0,0,1,0,0,1,0,0,0,1,0,0,0,0,0,1
-0.17576636049474417,0.879722843915572,"5231.                  After examining and inspecting the accident site, the following was noted: The vehicle causing the accident was coming from the north towards the south and the damaged vehicle was coming from the west towards the east. Due to driving under the influence of alcoholic drinks and bypassing the red traffic light, the front of the vehicle causing the accident collided with the left side of the damaged vehicle. The accident resulted in bodily injuries and material damage to the two vehicles. According to the plan, the accident occurred.",-0.19746179160121255,2.490378837640347,0.6331117943832852,1,0,0,1,0,0,0,-0.3316448725178357,0,0,0,0,0,0,0,0,0,0,0,0,0,1,0,0,0,0,0,0,0,0,0,0,0,0,0,0,1,0,1,0,0,1,0,0,0,0,0,0,0,0,0,0,0,0,0,0,0,0,0,0,0,0,1,0,0,0,0,0,0,0,0,1,0,0,0,0,0,0,1,0,0,0,0,0,0,0,0,0,0,0,0,0,1,0,0,0,0,1,0,0,0,0,1,0,0,0,1,0,0,0,1,0
-0.4950079755895825,0.11148307055893704,"5232.                  After examining and inspecting the accident site, the following was noted: While the vehicle causing the accident was coming from the west towards the east and was heading towards the north and taking the lane on the far right, and when the damaged vehicle was coming from the east towards the west and taking the second lane from the left, and because bypassing the red traffic light by the Driver of the vehicle causing the accident. The front side of the damaged vehicle hit the right side of the causing vehicle. According to the chart, the accident occurred.",-0.19746179160121255,-0.4015453331379524,0.6331117943832852,1,0,0,1,0,0,0,-0.31648681066613193,0,0,1,0,0,0,0,0,0,0,0,0,0,0,0,0,0,0,0,0,0,0,0,0,0,0,0,1,0,0,1,0,0,0,1,0,0,0,0,0,0,0,0,0,0,0,0,0,0,0,0,0,0,0,1,0,0,0,0,0,0,0,0,0,1,0,0,0,0,0,0,0,1,0,0,0,0,0,0,0,0,0,0,1,0,0,0,0,0,1,0,0,0,1,0,0,0,1,0,0,0,0,0,1
-0.9738703982318399,0.11148307055893704,"5233.                  After examining and inspecting the accident site, the following was noted: While the vehicle causing the accident was coming from the west towards the east and was heading towards the north and taking the lane on the far right, and when the damaged vehicle was coming from the east towards the west and taking the second lane from the left, and because bypassing the red traffic light by the Driver of the vehicle causing the accident. The front side of the damaged vehicle hit the right side of the causing vehicle. According to the chart, the accident occurred.",-0.19746179160121255,-0.4015453331379524,0.6331117943832852,1,0,0,1,0,0,0,-0.31648681066613193,0,0,1,0,0,0,0,0,0,0,0,0,0,0,0,0,0,0,0,0,0,0,0,0,0,0,0,1,0,0,1,0,0,0,1,0,0,0,0,0,0,0,0,0,0,0,0,0,0,0,0,0,0,0,1,0,0,0,0,0,0,0,0,0,1,0,0,0,0,0,0,0,1,0,0,0,0,0,0,0,0,0,0,1,0,0,0,0,0,0,1,1,0,0,0,0,0,1,0,1,0,0,0,0
-1.3463189491758178,0.11148307055893704,"5234.                  After examining and inspecting the accident site, the following was noted: While the vehicle causing the accident was coming from the west towards the east and was heading towards the north and taking the lane on the far right, and when the damaged vehicle was coming from the east towards the west and taking the second lane from the left, and because bypassing the red traffic light by the Driver of the vehicle causing the accident. The front side of the damaged vehicle hit the right side of the causing vehicle. According to the chart, the accident occurred.",-0.19746179160121255,-0.4015453331379524,0.6331117943832852,0,1,0,1,0,0,0,-0.31648681066613193,0,0,1,0,0,0,0,0,0,0,0,0,0,0,0,0,0,0,0,0,0,0,0,0,0,0,0,1,0,0,1,0,0,0,1,0,0,0,0,0,0,0,0,0,0,0,0,0,0,0,0,0,0,0,1,0,0,0,0,0,0,0,0,0,1,0,0,0,0,0,0,0,1,0,0,0,0,0,0,0,0,0,0,1,0,0,0,0,0,0,1,1,0,0,0,0,0,1,0,1,0,0,0,0
-1.133491205779259,0.11148307055893704,"5235.                  After examining and inspecting the accident site, the following was noted: While the vehicle causing the accident was coming from the west towards the east and was heading towards the north and taking the lane on the far right, and when the damaged vehicle was coming from the east towards the west and taking the second lane from the left, and because bypassing the red traffic light by the Driver of the vehicle causing the accident. The front side of the damaged vehicle hit the right side of the causing vehicle. According to the chart, the accident occurred.",-0.19746179160121255,-0.4015453331379524,0.6331117943832852,1,0,0,1,0,0,0,-0.31648681066613193,0,0,1,0,0,0,0,0,0,0,0,0,0,0,0,0,0,0,0,0,0,0,0,0,0,0,0,1,0,0,1,0,0,0,1,0,0,0,0,0,0,0,0,0,0,0,0,0,0,0,0,0,0,0,1,0,0,0,0,0,0,0,0,0,1,0,0,0,0,0,0,0,1,0,0,0,0,0,0,0,0,0,0,1,0,0,0,0,0,0,1,1,0,0,0,0,0,1,0,1,0,0,0,0
-1.1866981416283988,0.11148307055893704,"5236.                  After examining and inspecting the accident site, the following was noted: While the vehicle causing the accident was coming from the west towards the east and was heading towards the north and taking the lane on the far right, and when the damaged vehicle was coming from the east towards the west and taking the second lane from the left, and because bypassing the red traffic light by the Driver of the vehicle causing the accident. The front side of the damaged vehicle hit the right side of the causing vehicle. According to the chart, the accident occurred.",-0.19746179160121255,-0.4015453331379524,0.6331117943832852,0,1,0,1,0,0,0,-0.31648681066613193,0,0,1,0,0,0,0,0,0,0,0,0,0,0,0,0,0,0,0,0,0,0,0,0,0,0,0,1,0,0,1,0,0,0,1,0,0,0,0,0,0,0,0,0,0,0,0,0,0,0,0,0,0,0,1,0,0,0,0,0,0,0,0,0,1,0,0,0,0,0,0,0,1,0,0,0,0,0,0,0,0,0,0,1,0,0,0,0,0,0,1,1,0,0,0,0,0,1,0,0,0,0,0,1
-0.38859410389130306,0.11148307055893704,"5237.                  After examining and inspecting the accident site, the following was noted: While the vehicle causing the accident was coming from the west towards the east and was heading towards the north and taking the lane on the far right, and when the damaged vehicle was coming from the east towards the west and taking the second lane from the left, and because bypassing the red traffic light by the Driver of the vehicle causing the accident. The front side of the damaged vehicle hit the right side of the causing vehicle. According to the chart, the accident occurred.",-0.19746179160121255,-0.4015453331379524,0.6331117943832852,0,1,0,1,0,0,0,-0.31648681066613193,0,0,1,0,0,0,0,0,0,0,0,0,0,0,0,0,0,0,0,0,0,0,0,0,0,0,0,1,0,0,1,0,0,0,1,0,0,0,0,0,0,0,0,0,0,0,0,0,0,0,0,0,0,0,1,0,0,0,0,0,0,0,0,0,1,0,0,0,0,0,0,0,1,0,0,0,0,0,0,0,0,0,0,1,0,0,0,0,0,0,1,0,1,0,0,0,1,0,0,0,0,0,0,1
-0.8674565265335604,0.11148307055893704,"5238.                  After examining and inspecting the accident site, the following was noted: While the vehicle causing the accident was coming from the west towards the east and was heading towards the north and taking the lane on the far right, and when the damaged vehicle was coming from the east towards the west and taking the second lane from the left, and because bypassing the red traffic light by the Driver of the vehicle causing the accident. The front side of the damaged vehicle hit the right side of the causing vehicle. According to the chart, the accident occurred.",-0.19746179160121255,-0.4015453331379524,0.6331117943832852,1,0,0,1,0,0,0,-0.31648681066613193,0,0,1,0,0,0,0,0,0,0,0,0,0,0,0,0,0,0,0,0,0,0,0,0,0,0,0,1,0,0,1,0,0,0,1,0,0,0,0,0,0,0,0,0,0,0,0,0,0,0,0,0,0,0,1,0,0,0,0,0,0,0,0,0,1,0,0,0,0,0,0,0,1,0,0,0,0,0,0,0,0,0,0,1,0,0,0,0,0,0,1,1,0,0,0,0,0,1,0,0,0,0,0,1
-1.4527328208740973,-0.9311280504250675,"5239.                  After examining and inspecting the accident site, the following was noted: While the vehicle causing the accident was coming from the west towards the east and was heading towards the north and taking the lane on the far right, and when the damaged vehicle was coming from the east towards the west and taking the second lane from the left, and because bypassing the red traffic light by the Driver of the vehicle causing the accident. The front side of the damaged vehicle hit the right side of the causing vehicle. According to the chart, the accident occurred.",-0.19746179160121255,2.490378837640347,-0.3676863281700941,0,1,0,1,0,0,0,-0.32418075830638304,0,0,0,0,0,0,0,0,0,0,0,0,0,1,0,0,0,0,0,0,0,0,0,0,0,0,0,0,1,0,1,0,0,0,0,0,1,0,0,0,0,0,0,0,0,0,0,0,0,0,0,0,0,0,0,0,0,0,0,1,0,0,0,1,0,0,0,0,0,0,1,0,0,0,0,0,0,0,0,0,0,0,0,0,1,0,0,0,0,1,0,0,0,0,1,0,0,0,1,1,0,0,0,0
0.46271686969493236,0.4956029572372545,"5240.                  After examining and inspecting the accident site, the following was noted: All vehicles were coming from the north towards the south and taking the far-left lane, and because of not leaving enough distance by the vehicle causing the accident, the front side of the vehicle collided with the rear side of the first damaged vehicle, which led the first damaged vehicle to drift and the front of the vehicle collided with the rear of the second damaged vehicle, and the first damaged vehicle settled in the middle lane, and the causing vehicle continued to drift until the front right side collided with the left rear side of the second damaged vehicle, after which the two vehicles settled, and according to the scheme, the accident occurred.",-0.19746179160121255,-0.4015453331379524,-0.3676863281700941,0,1,0,1,0,0,0,-0.31533764352214,0,0,0,0,0,0,0,0,0,0,0,0,0,0,0,0,0,0,1,0,0,0,0,0,0,0,1,0,0,0,1,0,0,1,0,0,0,0,0,0,0,0,0,0,0,0,0,0,0,0,0,0,1,0,0,0,0,0,0,0,0,0,0,0,1,0,0,0,0,0,0,0,1,0,0,0,0,0,0,0,0,0,0,0,0,1,0,0,0,0,1,0,1,0,0,0,1,0,0,0,1,0,0,0
0.19668219044923382,0.4956029572372545,"5241.                  After examining and inspecting the accident site, the following was noted: All vehicles were coming from the north towards the south and taking the far-left lane, and because of not leaving enough distance by the vehicle causing the accident, the front side of the vehicle collided with the rear side of the first damaged vehicle, which led the first damaged vehicle to drift and the front of the vehicle collided with the rear of the second damaged vehicle, and the first damaged vehicle settled in the middle lane, and the causing vehicle continued to drift until the front right side collided with the left rear side of the second damaged vehicle, after which the two vehicles settled, and according to the scheme, the accident occurred.",-0.19746179160121255,-0.4015453331379524,-0.3676863281700941,0,1,0,1,0,0,0,-0.31533764352214,0,0,0,0,0,0,0,0,0,0,0,0,0,0,0,0,0,0,1,0,0,0,0,0,0,0,1,0,0,0,1,0,0,1,0,0,0,0,0,0,0,0,0,0,0,0,0,0,0,0,0,0,1,0,0,0,0,0,0,0,0,0,0,0,1,0,0,0,0,0,0,0,1,0,0,0,0,0,0,0,0,0,0,0,0,1,0,0,0,0,1,0,1,0,0,0,1,0,0,0,0,1,0,0
-0.2289732963438839,-0.8350980787554881,"5242.                  After examining and inspecting the accident site, the following was noted: All vehicles were coming from the north towards the south and taking the far-left lane, and because of not leaving enough distance by the vehicle causing the accident, the front side of the vehicle collided with the rear side of the first damaged vehicle, which led the first damaged vehicle to drift and the front of the vehicle collided with the rear of the second damaged vehicle, and the first damaged vehicle settled in the middle lane, and the causing vehicle continued to drift until the front right side collided with the left rear side of the second damaged vehicle, after which the two vehicles settled, and according to the scheme, the accident occurred.",-0.19746179160121255,-0.4015453331379524,-0.3676863281700941,0,1,0,1,0,0,0,-0.34057554289400194,0,0,0,0,0,0,0,0,0,0,0,0,0,0,0,0,0,0,1,0,0,0,0,0,0,0,0,0,1,0,1,0,0,0,0,1,0,0,0,0,0,0,0,0,0,0,0,0,0,0,0,0,1,0,0,0,0,0,0,0,0,0,0,1,0,0,0,0,0,0,0,0,0,0,1,0,0,0,0,0,0,0,0,0,0,0,0,1,0,0,1,0,1,0,0,0,1,0,0,0,1,0,0,0
0.03706138290181467,0.7013814679577817,"5243.                  After examining and inspecting the accident site, the following was noted: The vehicle causing the accident was taking the second lane from the right and heading from west to east, and the damaged vehicle was taking the far-right lane and heading from the north to the south. The front side of the damaged vehicle was on the left side of the vehicle that caused the accident, and this is how the accident occurred.",-0.19746179160121255,-0.4015453331379524,-0.0073990040508776864,0,1,0,1,0,0,0,-0.34072876517986755,0,0,1,0,0,0,0,0,0,0,0,0,0,0,0,0,0,0,0,0,0,0,0,0,0,0,0,1,0,0,1,0,0,0,0,0,0,0,0,0,0,0,1,0,0,0,0,0,0,0,0,0,0,0,1,0,0,0,0,0,0,0,0,0,1,0,0,0,0,0,0,0,1,0,0,0,0,0,0,0,0,0,0,1,0,0,0,0,0,0,1,0,1,0,0,0,1,0,0,1,0,0,0,0
-0.33538716804216334,0.7013814679577817,"5244.                  After examining and inspecting the accident site, the following was noted: The vehicle causing the accident was taking the second lane from the right and heading from west to east, and the damaged vehicle was taking the far-right lane and heading from the north to the south. The front side of the damaged vehicle was on the left side of the vehicle that caused the accident, and this is how the accident occurred.",-0.19746179160121255,-0.4015453331379524,-0.0073990040508776864,1,0,0,1,0,0,0,-0.34072876517986755,0,0,1,0,0,0,0,0,0,0,0,0,0,0,0,0,0,0,0,0,0,0,0,0,0,0,0,1,0,0,1,0,0,0,0,0,0,0,0,0,0,0,1,0,0,0,0,0,0,0,0,0,0,0,1,0,0,0,0,0,0,0,0,0,1,0,0,0,0,0,0,0,1,0,0,0,0,0,0,0,0,0,0,1,0,0,0,0,0,0,1,1,0,0,0,0,0,1,0,0,0,0,1,0
-0.2289732963438839,0.7013814679577817,"5245.                  After examining and inspecting the accident site, the following was noted: The vehicle causing the accident was taking the second lane from the right and heading from west to east, and the damaged vehicle was taking the far-right lane and heading from the north to the south. The front side of the damaged vehicle was on the left side of the vehicle that caused the accident, and this is how the accident occurred.",-0.19746179160121255,-0.4015453331379524,-0.0073990040508776864,1,0,0,1,0,0,0,-0.34072876517986755,0,0,1,0,0,0,0,0,0,0,0,0,0,0,0,0,0,0,0,0,0,0,0,0,0,0,0,1,0,0,1,0,0,0,0,0,0,0,0,0,0,0,1,0,0,0,0,0,0,0,0,0,0,0,1,0,0,0,0,0,0,0,0,0,1,0,0,0,0,0,0,0,1,0,0,0,0,0,0,0,0,0,0,1,0,0,0,0,0,0,1,0,1,0,0,0,1,0,0,0,0,0,0,1
-0.33538716804216334,0.7013814679577817,"5246.                  After examining and inspecting the accident site, the following was noted: The vehicle causing the accident was taking the second lane from the right and heading from west to east, and the damaged vehicle was taking the far-right lane and heading from the north to the south. The front side of the damaged vehicle was on the left side of the vehicle that caused the accident, and this is how the accident occurred.",-0.19746179160121255,-0.4015453331379524,-0.0073990040508776864,1,0,0,1,0,0,0,-0.34072876517986755,0,0,1,0,0,0,0,0,0,0,0,0,0,0,0,0,0,0,0,0,0,0,0,0,0,0,0,1,0,0,1,0,0,0,0,0,0,0,0,0,0,0,1,0,0,0,0,0,0,0,0,0,0,0,1,0,0,0,0,0,0,0,0,0,1,0,0,0,0,0,0,0,1,0,0,0,0,0,0,0,0,0,0,1,0,0,0,0,0,0,1,0,1,0,0,0,1,0,0,0,0,0,0,1
-0.4950079755895825,-0.944846617806436,"5247.                  After examining and inspecting the accident site, the following was noted: The vehicle causing the accident was taking the right lane and was coming from the east towards the west, and the damaged vehicle was parked in the middle lane and in the same direction as it had a previous accident. Due to the driver causer of the accident drifting suddenly, the front of his car collided with the rear of the damaged car, and the accident resulted in bodily injuries and material damage to both vehicles. According to the plan, the accident occurred.",2.2427620534705888,-0.4015453331379524,0.6331117943832852,0,1,0,1,0,0,0,-0.33410737354067566,0,0,0,0,0,0,0,0,0,0,0,0,0,0,0,0,0,0,0,0,0,0,1,0,0,0,0,1,0,0,1,0,0,0,0,1,0,0,0,0,0,0,0,0,0,0,0,0,0,0,0,0,1,0,0,0,0,0,0,0,0,0,0,1,0,0,0,0,0,0,1,0,0,0,0,0,0,0,0,0,0,0,0,0,0,1,0,0,0,0,1,0,1,0,0,0,1,0,0,0,1,0,0,0
0.35630299799665294,-0.944846617806436,"5248.                  After examining and inspecting the accident site, the following was noted: The vehicle causing the accident was taking the right lane and was coming from the east towards the west, and the damaged vehicle was parked in the middle lane and in the same direction as it had a previous accident. Due to the driver causer of the accident drifting suddenly, the front of his car collided with the rear of the damaged car, and the accident resulted in bodily injuries and material damage to both vehicles. According to the plan, the accident occurred.",2.2427620534705888,-0.4015453331379524,0.6331117943832852,0,1,0,1,0,0,0,-0.33410737354067566,0,0,0,0,0,0,0,0,0,0,0,0,0,0,0,0,0,0,0,0,0,0,1,0,0,0,0,1,0,0,1,0,0,0,0,1,0,0,0,0,0,0,0,0,0,0,0,0,0,0,0,0,1,0,0,0,0,0,0,0,0,0,0,1,0,0,0,0,0,0,1,0,0,0,0,0,0,0,0,0,0,0,0,0,0,1,0,0,0,1,0,0,0,1,0,0,0,1,0,0,1,0,0,0
0.46271686969493236,-0.944846617806436,"5249.                  After examining and inspecting the accident site, the following was noted: The vehicle causing the accident was taking the right lane and was coming from the east towards the west, and the damaged vehicle was parked in the middle lane and in the same direction as it had a previous accident. Due to the driver causer of the accident drifting suddenly, the front of his car collided with the rear of the damaged car, and the accident resulted in bodily injuries and material damage to both vehicles. According to the plan, the accident occurred.",2.2427620534705888,-0.4015453331379524,0.6331117943832852,0,1,0,1,0,0,0,-0.33410737354067566,0,0,0,0,0,0,0,0,0,0,0,0,0,0,0,0,0,0,0,0,0,0,1,0,0,0,0,1,0,0,1,0,0,0,0,1,0,0,0,0,0,0,0,0,0,0,0,0,0,0,0,0,1,0,0,0,0,0,0,0,0,0,0,1,0,0,0,0,0,0,1,0,0,0,0,0,0,0,0,0,0,0,0,0,0,1,0,0,0,1,0,1,0,0,0,0,0,1,0,0,1,0,0,0
-1.2399050774775384,0.33098014866083275,"5250.                  After examining and inspecting the accident site, the following was noted: The vehicle causing the accident was taking the second lane from the right and heading from west to east, and the damaged vehicle was taking the far-right lane and heading from the north to the south. The front side of the damaged vehicle was on the left side of the vehicle that caused the accident, and this is how the accident occurred.",-1.4175737141371132,2.490378837640347,-2.3692825732768528,1,0,0,1,0,0,0,-0.3272670929216758,0,0,0,0,0,0,0,0,0,0,0,0,0,0,0,0,1,0,0,0,0,0,0,0,0,0,0,1,0,0,1,0,0,1,0,0,0,0,0,0,0,0,0,0,0,0,0,0,0,0,0,1,0,0,0,0,0,0,0,0,0,0,0,1,0,0,0,0,0,1,0,0,0,0,0,0,0,0,0,0,0,0,0,0,1,0,0,0,0,1,0,0,0,0,1,0,0,0,1,0,0,0,1,0
1.3672347791303074,-0.8350980787554881,"5251.                  After examining and inspecting the accident site, the following was noted: The vehicle causing the accident was taking the second lane from the right and heading from west to east, and the damaged vehicle was taking the far-right lane and heading from the north to the south. The front side of the damaged vehicle was on the left side of the vehicle that caused the accident, and this is how the accident occurred.",-0.19746179160121255,-0.4015453331379524,-0.3676863281700941,0,1,0,1,0,0,0,-0.3240603693674886,0,0,1,0,0,0,0,0,0,0,0,0,0,0,0,0,0,0,0,0,0,0,0,0,0,0,0,0,1,0,1,0,0,1,0,0,0,0,0,0,0,0,0,0,0,0,0,0,0,0,0,0,0,0,1,0,0,0,0,0,0,0,0,1,0,0,0,1,0,0,0,0,0,0,0,0,0,0,0,0,0,0,0,1,0,0,0,0,0,0,1,0,1,0,0,0,1,0,0,1,0,0,0,0
0.6223376772423516,-0.8350980787554881,"5252.                  After examining and inspecting the accident site, the following was noted: The vehicle causing the accident was taking the right lane and was coming from the east towards the west, and the damaged vehicle was parked in the middle lane and in the same direction as it had a previous accident. Due to the driver causer of the accident drifting suddenly, the front of his car collided with the rear of the damaged car, and the accident resulted in bodily injuries and material damage to both vehicles. According to the plan, the accident occurred.",-0.19746179160121255,-0.4015453331379524,-0.3676863281700941,1,0,0,1,0,0,0,-0.3240603693674886,0,0,1,0,0,0,0,0,0,0,0,0,0,0,0,0,0,0,0,0,0,0,0,0,0,0,0,0,1,0,1,0,0,1,0,0,0,0,0,0,0,0,0,0,0,0,0,0,0,0,0,0,0,0,1,0,0,0,0,0,0,0,0,1,0,0,0,1,0,0,0,0,0,0,0,0,0,0,0,0,0,0,0,1,0,0,0,0,0,0,1,0,1,0,0,0,1,0,0,0,1,0,0,0
0.35630299799665294,-0.9174094830436991,"5253.                  After examining and inspecting the accident site, the following was noted: The vehicle causing the accident was coming from the west towards the east, and it was taking the second lane from the left, and the first damaged vehicle was coming from the west towards the east and taking the far-left lane and the second damaged vehicle was stopping at the intersection towards the west direction, due to failure to adhere to the driving line by the vehicle causing the accident, the front left side of the vehicle causing the accident collided with the right side of the first damaged vehicle. The first damaged vehicle swerved to the left, and the front of the vehicle causing the accident collided with the front of the second damaged vehicle, and the vehicle causing the accident veered and collided with the concrete base of the traffic light column, which led to its turnover upside down. The accident resulted in bodily injuries, damage to state property and material damage to vehicles, as planned, the accident occurred.",-0.19746179160121255,-0.4015453331379524,0.6331117943832852,1,0,0,1,0,0,0,-0.33295820639668366,0,0,0,0,0,0,0,0,0,0,1,0,0,0,0,0,0,0,0,0,0,0,0,0,0,0,0,1,0,0,1,0,0,0,0,0,0,0,0,0,0,0,0,0,1,0,0,0,0,0,0,0,0,0,1,0,0,0,0,0,0,0,0,1,0,0,0,0,0,0,0,0,1,0,0,0,0,0,0,0,0,0,0,1,0,0,0,0,0,0,1,0,1,0,0,0,1,0,0,1,0,0,0,0
0.3030960621475132,-0.9174094830436991,"5254.                  After examining and inspecting the accident site, the following was noted: The vehicle causing the accident was coming from the west towards the east, and it was taking the second lane from the left, and the first damaged vehicle was coming from the west towards the east and taking the far-left lane and the second damaged vehicle was stopping at the intersection towards the west direction, due to failure to adhere to the driving line by the vehicle causing the accident, the front left side of the vehicle causing the accident collided with the right side of the first damaged vehicle. The first damaged vehicle swerved to the left, and the front of the vehicle causing the accident collided with the front of the second damaged vehicle, and the vehicle causing the accident veered and collided with the concrete base of the traffic light column, which led to its turnover upside down. The accident resulted in bodily injuries, damage to state property and material damage to vehicles, as planned, the accident occurred.",-0.19746179160121255,-0.4015453331379524,0.6331117943832852,0,1,0,1,0,0,0,-0.33295820639668366,0,0,0,0,0,0,0,0,0,0,1,0,0,0,0,0,0,0,0,0,0,0,0,0,0,0,0,1,0,0,1,0,0,0,0,0,0,0,0,0,0,0,0,0,1,0,0,0,0,0,0,0,0,0,1,0,0,0,0,0,0,0,0,1,0,0,0,0,0,0,0,0,1,0,0,0,0,0,0,0,0,0,0,1,0,0,0,0,0,0,1,0,1,0,0,0,1,0,0,0,0,0,0,1
-0.17576636049474417,-0.8488166461368566,"5255.                  After examining and inspecting the accident site, the following was noted: The vehicle causing the accident was taking the second lane from the right and heading from west to east, and the damaged vehicle was taking the far-right lane and heading from the north to the south. The front side of the damaged vehicle was on the left side of the vehicle that caused the accident, and this is how the accident occurred.",-1.4175737141371132,-0.4015453331379524,-2.3692825732768528,0,1,0,1,0,0,0,-0.3282520933308118,0,0,0,0,0,0,0,0,0,0,0,0,0,0,0,0,0,0,0,0,0,0,1,0,0,0,0,0,1,0,1,0,0,1,0,0,0,0,0,0,0,0,0,0,0,0,0,0,0,0,0,0,0,0,0,0,0,0,0,1,0,0,0,1,0,0,0,0,0,1,0,0,0,0,0,0,0,0,0,0,0,0,0,0,0,0,1,0,0,1,0,0,1,0,0,0,1,0,0,0,1,0,0,0