Age of the injured,Str Code,Accident Description,Road speed limit,Pedestrian action,Number of Lanes,Gender_F,Gender_M,Week_Fifth week,Week_First week,Week_Fourth week,Week_Second week,Week_Third week,Date_time,Reasons__??? ????? ?????? ?????? ???? ????? ??? ???? ???????,Reasons__???? ?? ??????? (???),Reasons__Bypassing the red traffic light,Reasons__Driving back without attention,Reasons__Driving back without traffic clearance,Reasons__Driving in the opposite direction,Reasons__Entering main road without traffic clearance,Reasons__Exceeding speed limit,Reasons__Fatigue and drowsiness,Reasons__Faults in the road,Reasons__Ignoring road lane,Reasons__Ignoring traffic lights,Reasons__Lack of driving awareness,Reasons__Misuse of traffic,Reasons__Negligence and inobservance,Reasons__Negligent driving,Reasons__Not giving priority to pedestrian crossing,Reasons__Not giving way / not giving priority,Reasons__Not leaving enough space,Reasons__Not observing the stop sign,Reasons__Not securing vehicle stability while stopping,Reasons__Speedy without taking road conditions into account,Reasons__Sudden deviation,Reasons__Sudden stop,Reasons__Tyre burst,Reasons__under influence of intoxicant or narcotic drug,__Al Madina Police Station,__Khaldiya Police Station,__Shaabiya Police Station,Streetname_Intersection,Streetname_Street,place__Bridge / Tunnel,place__Coastal area,place__Commercial area,place__Fuel Station,place__Govt. authority,place__Hospital,place__Island,place__Mosque,place__One level intersection,place__Other,place__Park,place__Residential area,place__Sand area,place__School,place__Work area,place__external road,place__unknown,location__ ,location__Bridge,location__Bridge /  Tunnel,location__Car parking,location__Double road,location__Highway,location__Intersection,location__Off the road,location__Other(specify),location__Roundabout,location__Side parking,location__Single road,location__Tunnel,location__Two-way road,location__Unknown,lighting__day,lighting__night - enough lights,lighting__night - weak lights,intersection__Deviated intersection,intersection__Half Perpendicular Intersection,intersection__Multiple leg Intersection,intersection__Not on Intersection,intersection__Not on or around 20 meters,intersection__Other,intersection__Perpendicular Intersection,intersection__Roundabout,intersection__Turn ,accidentype__Collision while turning,accidentype__Fall,accidentype__Hitting a moving object off the road,accidentype__Hitting a moving object on the road,accidentype__Hitting a stationary object off the road,accidentype__Hitting a stationary object on the road,accidentype__Multiple collision,accidentype__Other (specify),accidentype__Perpendicular collision,accidentype__Person run over,accidentype__Rear collision,accidentype__Reciprocal collision,accidentype__Side collision,accidentype__deterioration,seat belt_N,seat belt_Y,seat_Back passenger seat,seat_Driver's seat,seat_Front passenger seat,seat_No passenger,seat_bike passenger,position_Driver,position_Passenger,position_Pedestrian,nationality_Arab States,nationality_Asian States,nationality_GCC,nationality_Other,nationality_UAE
-0.33538716804216334,-0.601882433272224,"5256.                  After examining and inspecting the accident site, the following was noted: The vehicle causing the accident was taking the second lane from the right and heading from west to east, and the damaged vehicle was taking the far-right lane and heading from the north to the south. The front side of the damaged vehicle was on the left side of the vehicle that caused the accident, and this is how the accident occurred.",-1.4175737141371132,-0.4015453331379524,-2.3692825732768528,0,1,0,1,0,0,0,-0.3374454304827476,0,0,0,0,0,0,0,0,0,0,0,0,0,0,0,0,0,0,0,0,0,1,0,0,0,0,0,1,0,0,1,0,0,0,0,0,0,0,0,0,0,0,1,0,0,0,0,0,0,0,0,0,0,0,0,0,0,0,0,1,0,0,0,0,1,0,0,1,0,0,0,0,0,0,0,0,0,0,0,0,1,0,0,0,0,0,0,0,0,1,0,0,1,0,0,0,1,0,0,0,1,0,0,0
0.728751548940631,0.6739443331950448,"5257.                  After examining and inspecting the accident site, the following was noted: The vehicle causing the accident was taking the second lane from the right and heading from west to east, and the damaged vehicle was taking the far-right lane and heading from the north to the south. The front side of the damaged vehicle was on the left side of the vehicle that caused the accident, and this is how the accident occurred.",1.0226501309346883,-0.4015453331379524,0.6331117943832852,0,1,0,1,0,0,0,-0.1212378406773992,0,0,1,0,0,0,0,0,0,0,0,0,0,0,0,0,0,0,0,0,0,0,0,0,0,0,0,1,0,0,1,0,0,0,0,0,0,0,0,0,0,0,1,0,0,0,0,0,0,0,0,0,0,0,1,0,0,0,0,0,0,0,0,0,1,0,0,0,0,0,0,0,1,0,0,0,0,0,0,0,0,0,0,1,0,0,0,0,0,0,1,0,1,0,0,0,1,0,0,0,1,0,0,0
0.728751548940631,0.6739443331950448,"5258.                  After examining and inspecting the accident site, the following was noted: The vehicle causing the accident was taking the second lane from the right and heading from west to east, and the damaged vehicle was taking the far-right lane and heading from the north to the south. The front side of the damaged vehicle was on the left side of the vehicle that caused the accident, and this is how the accident occurred.",1.0226501309346883,-0.4015453331379524,0.6331117943832852,1,0,0,1,0,0,0,-0.1212378406773992,0,0,1,0,0,0,0,0,0,0,0,0,0,0,0,0,0,0,0,0,0,0,0,0,0,0,0,1,0,0,1,0,0,0,0,0,0,0,0,0,0,0,1,0,0,0,0,0,0,0,0,0,0,0,1,0,0,0,0,0,0,0,0,0,1,0,0,0,0,0,0,0,1,0,0,0,0,0,0,0,0,0,0,1,0,0,0,0,0,0,1,0,0,1,0,0,0,1,0,0,1,0,0,0
0.1434752546000941,-0.972283752569173,"5259.                  After examining and inspecting the accident site, the following was noted: The vehicle causing the accident was taking the second lane from the right and heading from west to east, and the damaged vehicle was taking the far-right lane and heading from the north to the south. The front side of the damaged vehicle was on the left side of the vehicle that caused the accident, and this is how the accident occurred.",1.0226501309346883,-0.4015453331379524,-0.0073990040508776864,0,1,0,1,0,0,0,-0.10616733441761866,0,0,1,0,0,0,0,0,0,0,0,0,0,0,0,0,0,0,0,0,0,0,0,0,0,0,0,0,1,0,1,0,0,0,0,0,0,0,0,0,0,0,1,0,0,0,0,0,0,0,0,0,0,0,1,0,0,0,0,0,0,0,0,1,0,0,0,0,0,0,0,0,1,0,0,0,0,0,0,0,0,0,0,1,0,0,0,0,0,1,0,0,1,0,0,0,1,0,0,0,1,0,0,0
-1.0802842699301194,-0.7939423766113827,"5260.                  After examining and inspecting the accident site, the following was noted: The vehicle causing the accident was taking the second lane from the right and heading from west to east, and the damaged vehicle was taking the far-right lane and heading from the north to the south. The front side of the damaged vehicle was on the left side of the vehicle that caused the accident, and this is how the accident occurred.",-0.19746179160121255,2.490378837640347,-0.3676863281700941,0,1,0,1,0,0,0,0.008399157613886628,0,0,0,0,0,0,0,0,0,0,0,0,0,1,0,0,0,0,0,0,0,0,0,0,0,0,0,1,0,0,1,0,0,0,0,0,0,0,1,0,0,0,0,0,0,0,0,0,0,0,0,0,1,0,0,0,0,0,0,0,0,0,0,1,0,0,0,0,0,1,0,0,0,0,0,0,0,0,0,0,0,0,0,0,1,0,0,0,0,1,0,0,0,0,1,0,0,0,1,0,0,0,0,1
0.728751548940631,-0.9860023199505414,"5261.                  After examining and inspecting the accident site, the following was noted: The vehicle causing the accident was taking the second lane from the right and heading from west to east, and the damaged vehicle was taking the far-right lane and heading from the north to the south. The front side of the damaged vehicle was on the left side of the vehicle that caused the accident, and this is how the accident occurred.",-1.4175737141371132,-0.4015453331379524,-0.0073990040508776864,0,1,0,1,0,0,0,0.22301980231562704,0,0,0,0,0,0,0,0,0,0,0,0,0,1,0,0,0,0,0,0,0,0,0,0,0,0,0,0,1,0,1,0,0,0,0,0,0,0,0,0,0,0,1,0,0,0,0,0,0,0,0,1,0,0,0,0,0,0,0,0,0,0,0,1,0,0,0,0,0,1,0,0,0,0,0,0,0,0,0,0,0,0,0,0,1,0,0,0,0,1,0,0,0,0,1,0,0,0,1,0,1,0,0,0
-0.7078357189861413,-0.7665052418486458,"5262.                  After examining and inspecting the accident site, the following was noted: The vehicle causing the accident was taking the second lane from the right and heading from west to east, and the damaged vehicle was taking the far-right lane and heading from the north to the south. The front side of the damaged vehicle was on the left side of the vehicle that caused the accident, and this is how the accident occurred.",-0.19746179160121255,-0.4015453331379524,-0.3676863281700941,1,0,0,1,0,0,0,0.2200648010882191,0,0,0,0,0,0,0,0,0,0,0,0,0,0,0,0,0,0,0,0,0,1,0,0,0,0,0,1,0,0,1,0,0,0,1,0,0,0,0,0,0,0,0,0,0,0,0,0,0,0,0,0,0,1,0,0,0,0,0,0,0,0,0,1,0,0,0,0,0,1,0,0,0,0,0,0,0,0,0,0,1,0,0,0,0,0,0,0,0,0,1,0,1,0,0,0,1,0,0,0,0,0,0,1
-0.6546287831370016,-0.7665052418486458,"5263.                  After examining and inspecting the accident site, the following was noted: The vehicle causing the accident was taking the second lane from the right and heading from west to east, and the damaged vehicle was taking the far-right lane and heading from the north to the south. The front side of the damaged vehicle was on the left side of the vehicle that caused the accident, and this is how the accident occurred.",-0.19746179160121255,-0.4015453331379524,-0.3676863281700941,1,0,0,1,0,0,0,0.2200648010882191,0,0,0,0,0,0,0,0,0,0,0,0,0,0,0,0,0,0,0,0,0,1,0,0,0,0,0,1,0,0,1,0,0,0,1,0,0,0,0,0,0,0,0,0,0,0,0,0,0,0,0,0,0,1,0,0,0,0,0,0,0,0,0,1,0,0,0,0,0,1,0,0,0,0,0,0,0,0,0,0,1,0,0,0,0,0,0,0,0,0,1,0,0,1,0,0,0,1,0,0,0,0,0,1
-1.2931120133266782,-0.944846617806436,"5264.                  After examining and inspecting the accident site, the following was noted: The vehicle causing the accident was taking the second lane from the right and heading from west to east, and the damaged vehicle was taking the far-right lane and heading from the north to the south. The front side of the damaged vehicle was on the left side of the vehicle that caused the accident, and this is how the accident occurred.",-0.19746179160121255,2.490378837640347,-0.3676863281700941,0,1,0,1,0,0,0,0.22739758191178697,0,0,0,0,0,0,0,0,0,0,0,0,0,0,0,0,1,0,0,0,0,0,0,0,0,0,0,1,0,0,1,0,0,1,0,0,0,0,0,0,0,0,0,0,0,0,0,0,0,0,0,0,1,0,0,0,0,0,0,0,0,0,0,0,1,0,0,0,0,0,1,0,0,0,0,0,0,0,0,0,0,0,0,0,1,0,0,0,0,1,0,0,0,0,1,0,0,0,1,1,0,0,0,0
1.1544070357337486,1.277561297975258,"5265.                  After examining and inspecting the accident site, the following was noted: The vehicle causing the accident was taking the right lane and was coming from the east towards the west, and the damaged vehicle was parked in the middle lane and in the same direction as it had a previous accident. Due to the driver causer of the accident drifting suddenly, the front of his car collided with the rear of the damaged car, and the accident resulted in bodily injuries and material damage to both vehicles. According to the plan, the accident occurred.",-0.19746179160121255,-0.4015453331379524,-0.3676863281700941,0,1,0,1,0,0,0,0.22885319362751017,0,0,0,0,0,0,0,0,0,0,0,0,0,1,0,0,0,0,0,0,0,0,0,0,0,0,0,1,0,0,1,0,0,0,0,0,0,0,0,0,0,0,1,0,0,0,0,0,0,0,0,0,0,0,1,0,0,0,0,0,0,0,0,0,1,0,0,0,0,0,0,0,1,0,0,0,0,0,0,0,0,0,0,0,1,0,0,0,0,1,0,0,0,0,1,0,0,0,1,0,0,0,0,1
-0.28218023219302363,0.8934414112969404,"5266.                  After examining and inspecting the accident site, the following was noted: The vehicle causing the accident was taking the right lane and was coming from the east towards the west, and the damaged vehicle was parked in the middle lane and in the same direction as it had a previous accident. Due to the driver causer of the accident drifting suddenly, the front of his car collided with the rear of the damaged car, and the accident resulted in bodily injuries and material damage to both vehicles. According to the plan, the accident occurred.",-0.19746179160121255,-0.4015453331379524,0.6331117943832852,0,1,0,1,0,0,0,0.22892980477044295,0,0,0,0,0,0,0,0,0,0,0,0,0,0,0,0,0,0,0,0,0,0,0,0,0,1,0,0,1,0,1,0,0,1,0,0,0,0,0,0,0,0,0,0,0,0,0,0,0,0,0,0,0,0,1,0,0,0,0,0,0,0,0,0,1,0,0,0,0,0,0,0,1,0,0,0,0,0,0,0,0,0,0,0,0,1,0,0,0,0,1,0,1,0,0,0,1,0,0,0,0,0,0,1
-0.5482149114387221,1.0306270851106252,"5267.                  After examining and inspecting the accident site, the following was noted: The vehicle causing the accident was coming from the north towards the west and was taking the first lane from the right, and the damaged vehicle was coming from the east towards the west and was taking the second lane from the left. Because of the failure to clear the way for the coming driver from the left side of the driver causing the accident and drifting in front of the damaged vehicle, the front side of the damaged vehicle collided with the left side of the vehicle causing the accident, which led to the vehicle that caused the accident to deviate to the last lane and collide with the pavement. And so the accident happened",-0.19746179160121255,-0.4015453331379524,-0.0073990040508776864,0,1,0,1,0,0,0,0.31745945265378706,0,0,0,0,0,0,0,0,0,0,0,0,0,0,0,0,0,1,0,0,0,0,0,0,0,0,0,0,1,0,1,0,0,0,0,0,0,0,0,0,0,0,1,0,0,0,0,0,0,0,1,0,0,0,0,0,0,0,0,0,0,0,0,0,1,0,0,0,1,0,0,0,0,0,0,0,0,0,0,0,0,0,0,0,0,0,0,1,0,0,1,0,1,0,0,0,1,0,0,1,0,0,0,0
-0.28218023219302363,1.0306270851106252,"5268.                  After examining and inspecting the accident site, the following was noted: The vehicle causing the accident was coming from the north towards the west and was taking the first lane from the right, and the damaged vehicle was coming from the east towards the west and was taking the second lane from the left. Because of the failure to clear the way for the coming driver from the left side of the driver causing the accident and drifting in front of the damaged vehicle, the front side of the damaged vehicle collided with the left side of the vehicle causing the accident, which led to the vehicle that caused the accident to deviate to the last lane and collide with the pavement. And so the accident happened",-0.19746179160121255,-0.4015453331379524,-0.0073990040508776864,0,1,0,1,0,0,0,0.31745945265378706,0,0,0,0,0,0,0,0,0,0,0,0,0,0,0,0,0,1,0,0,0,0,0,0,0,0,0,0,1,0,1,0,0,0,0,0,0,0,0,0,0,0,1,0,0,0,0,0,0,0,1,0,0,0,0,0,0,0,0,0,0,0,0,0,1,0,0,0,1,0,0,0,0,0,0,0,0,0,0,0,0,0,0,0,0,0,0,1,0,1,0,0,0,1,0,0,0,1,0,1,0,0,0,0
0.24988912629837354,1.0306270851106252,"5269.                  After examining and inspecting the accident site, the following was noted: The vehicle causing the accident was coming from the north towards the west and was taking the first lane from the right, and the damaged vehicle was coming from the east towards the west and was taking the second lane from the left. Because of the failure to clear the way for the coming driver from the left side of the driver causing the accident and drifting in front of the damaged vehicle, the front side of the damaged vehicle collided with the left side of the vehicle causing the accident, which led to the vehicle that caused the accident to deviate to the last lane and collide with the pavement. And so the accident happened",-0.19746179160121255,-0.4015453331379524,-0.0073990040508776864,0,1,0,1,0,0,0,0.31745945265378706,0,0,0,0,0,0,0,0,0,0,0,0,0,0,0,0,0,1,0,0,0,0,0,0,0,0,0,0,1,0,1,0,0,0,0,0,0,0,0,0,0,0,1,0,0,0,0,0,0,0,1,0,0,0,0,0,0,0,0,0,0,0,0,0,1,0,0,0,1,0,0,0,0,0,0,0,0,0,0,0,0,0,0,0,0,0,0,1,0,0,1,0,1,0,0,0,1,0,0,0,0,0,1,0
-1.505939756723237,-0.7802238092300142,"5270.                  After examining and inspecting the accident site, the following was noted: The vehicle causing the accident was taking the far-left lane and was heading from the east and turning to the south side, and the damaged vehicle was taking the third lane from the right and heading from the west toward the east. Because of Bypassing the red traffic light By the vehicle causing the accident, the left front side of the causing vehicle collided with the left side of the damaged vehicle, causing the damaged vehicle to collide with the pavement and settle to the south. The accident resulted in material damage to the vehicles, injury to 5 people.",-0.19746179160121255,-0.4015453331379524,-0.0073990040508776864,0,1,0,1,0,0,0,0.5441189912449673,0,0,1,0,0,0,0,0,0,0,0,0,0,0,0,0,0,0,0,0,0,0,0,0,0,0,1,0,0,0,1,0,0,1,0,0,0,0,0,0,0,0,0,0,0,0,0,0,0,0,0,0,0,0,1,0,0,0,0,0,0,0,0,1,0,0,0,1,0,0,0,0,0,0,0,0,0,0,0,0,0,0,0,1,0,0,0,0,0,1,0,1,0,0,0,0,0,1,0,1,0,0,0,0
0.1434752546000941,-0.7802238092300142,"5271.                  After examining and inspecting the accident site, the following was noted: The vehicle causing the accident was taking the far-left lane and was heading from the east and turning to the south side, and the damaged vehicle was taking the third lane from the right and heading from the west toward the east. Because of Bypassing the red traffic light By the vehicle causing the accident, the left front side of the causing vehicle collided with the left side of the damaged vehicle, causing the damaged vehicle to collide with the pavement and settle to the south. The accident resulted in material damage to the vehicles, injury to 5 people.",-0.19746179160121255,-0.4015453331379524,-0.0073990040508776864,1,0,0,1,0,0,0,0.5441189912449673,0,0,1,0,0,0,0,0,0,0,0,0,0,0,0,0,0,0,0,0,0,0,0,0,0,0,1,0,0,0,1,0,0,1,0,0,0,0,0,0,0,0,0,0,0,0,0,0,0,0,0,0,0,0,1,0,0,0,0,0,0,0,0,1,0,0,0,1,0,0,0,0,0,0,0,0,0,0,0,0,0,0,0,1,0,0,0,0,0,1,0,0,0,1,0,0,0,1,0,1,0,0,0,0
0.5691307413932118,-0.7802238092300142,"5272.                  After examining and inspecting the accident site, the following was noted: The vehicle causing the accident was taking the far-left lane and was heading from the east and turning to the south side, and the damaged vehicle was taking the third lane from the right and heading from the west toward the east. Because of Bypassing the red traffic light By the vehicle causing the accident, the left front side of the causing vehicle collided with the left side of the damaged vehicle, causing the damaged vehicle to collide with the pavement and settle to the south. The accident resulted in material damage to the vehicles, injury to 5 people.",-0.19746179160121255,-0.4015453331379524,-0.0073990040508776864,0,1,0,1,0,0,0,0.5441189912449673,0,0,1,0,0,0,0,0,0,0,0,0,0,0,0,0,0,0,0,0,0,0,0,0,0,0,1,0,0,0,1,0,0,1,0,0,0,0,0,0,0,0,0,0,0,0,0,0,0,0,0,0,0,0,1,0,0,0,0,0,0,0,0,1,0,0,0,1,0,0,0,0,0,0,0,0,0,0,0,0,0,0,0,1,0,0,0,0,0,0,1,0,1,0,0,0,1,0,0,1,0,0,0,0
-1.2931120133266782,-0.7802238092300142,"5273.                  After examining and inspecting the accident site, the following was noted: The vehicle causing the accident was taking the far-left lane and was heading from the east and turning to the south side, and the damaged vehicle was taking the third lane from the right and heading from the west toward the east. Because of Bypassing the red traffic light By the vehicle causing the accident, the left front side of the causing vehicle collided with the left side of the damaged vehicle, causing the damaged vehicle to collide with the pavement and settle to the south. The accident resulted in material damage to the vehicles, injury to 5 people.",-0.19746179160121255,-0.4015453331379524,-0.0073990040508776864,1,0,0,1,0,0,0,0.5441189912449673,0,0,1,0,0,0,0,0,0,0,0,0,0,0,0,0,0,0,0,0,0,0,0,0,0,0,1,0,0,0,1,0,0,1,0,0,0,0,0,0,0,0,0,0,0,0,0,0,0,0,0,0,0,0,1,0,0,0,0,0,0,0,0,1,0,0,0,1,0,0,0,0,0,0,0,0,0,0,0,0,0,0,0,1,0,0,0,0,0,1,0,1,0,0,0,0,0,1,0,1,0,0,0,0
-1.6655605642706561,-0.7802238092300142,"5274.                  After examining and inspecting the accident site, the following was noted: The vehicle causing the accident was taking the far-left lane and was heading from the east and turning to the south side, and the damaged vehicle was taking the third lane from the right and heading from the west toward the east. Because of Bypassing the red traffic light By the vehicle causing the accident, the left front side of the causing vehicle collided with the left side of the damaged vehicle, causing the damaged vehicle to collide with the pavement and settle to the south. The accident resulted in material damage to the vehicles, injury to 5 people.",-0.19746179160121255,-0.4015453331379524,-0.0073990040508776864,0,1,0,1,0,0,0,0.5441189912449673,0,0,1,0,0,0,0,0,0,0,0,0,0,0,0,0,0,0,0,0,0,0,0,0,0,0,1,0,0,0,1,0,0,1,0,0,0,0,0,0,0,0,0,0,0,0,0,0,0,0,0,0,0,0,1,0,0,0,0,0,0,0,0,1,0,0,0,1,0,0,0,0,0,0,0,0,0,0,0,0,0,0,0,1,0,0,0,0,0,1,0,1,0,0,0,0,0,1,0,1,0,0,0,0
1.2076139715828884,-0.9997208873319099,"5275.                  After examining and inspecting the accident site, the following was noted: The vehicle causing the accident was coming from the north towards the west and was taking the first lane from the right, and the damaged vehicle was coming from the east towards the west and was taking the second lane from the left. Because of the failure to clear the way for the coming driver from the left side of the driver causing the accident and drifting in front of the damaged vehicle, the front side of the damaged vehicle collided with the left side of the vehicle causing the accident, which led to the vehicle that caused the accident to deviate to the last lane and collide with the pavement. And so the accident happened",-0.19746179160121255,-0.4015453331379524,0.6331117943832852,0,1,0,1,0,0,0,0.5417221569160697,0,0,0,0,0,0,1,0,0,0,0,0,0,0,0,0,0,0,0,0,0,0,0,0,0,0,1,0,0,0,1,0,0,1,0,0,0,0,0,0,0,0,0,0,0,0,0,0,0,0,0,0,1,0,0,0,0,0,0,0,0,0,0,1,0,0,0,1,0,0,0,0,0,0,0,0,0,0,0,0,0,0,0,0,0,0,0,1,0,1,0,0,1,0,0,0,1,0,0,0,1,0,0,0
-0.44180103974044277,-0.9860023199505414,"5276.                  After examining and inspecting the accident site, the following was noted: The vehicle causing the accident was coming from the north towards the west and was taking the first lane from the right, and the damaged vehicle was coming from the east towards the west and was taking the second lane from the left. Because of the failure to clear the way for the coming driver from the left side of the driver causing the accident and drifting in front of the damaged vehicle, the front side of the damaged vehicle collided with the left side of the vehicle causing the accident, which led to the vehicle that caused the accident to deviate to the last lane and collide with the pavement. And so the accident happened",-1.4175737141371132,-0.4015453331379524,-1.3684844507234735,1,0,0,1,0,0,0,0.5505324383533416,0,0,0,0,0,0,0,0,0,0,0,0,0,0,0,0,0,0,0,1,0,0,0,0,0,0,0,0,1,0,1,0,0,0,0,0,0,0,0,0,0,0,1,0,0,0,0,0,0,0,0,0,0,0,1,0,0,0,0,0,0,0,0,1,0,0,0,0,0,0,0,0,1,0,0,0,0,0,0,0,0,0,0,0,0,0,1,0,0,0,1,0,1,0,0,0,1,0,0,1,0,0,0,0
-0.17576636049474417,1.1266570567802046,"5277.                  After examining and inspecting the accident site, the following was noted: While the vehicle causing the accident was coming from the west and turning at the same road (U-Turn) and the lane was on the far left and the first damaged vehicle was coming from the east and heading towards the west and taking the second lane from the left side and the second damaged vehicle was coming from the east to the west and taking the second lane from the right, and due to bypassing the red traffic light by the driver of the vehicle causing the accident, the front side of the first damaged vehicle hit the right side of the causing vehicle, and then the front side of the second damaged vehicle hit the rear of the first damaged vehicle. The accident resulted in material damage to the vehicles. The accident was drawn",-0.19746179160121255,-0.4015453331379524,-0.3676863281700941,1,0,0,1,0,0,0,0.6698816545936516,0,0,1,0,0,0,0,0,0,0,0,0,0,0,0,0,0,0,0,0,0,0,0,0,0,0,0,1,0,0,1,0,0,0,1,0,0,0,0,0,0,0,0,0,0,0,0,0,0,0,0,0,0,0,1,0,0,0,0,0,0,0,0,0,1,0,0,0,0,0,0,0,1,0,0,0,0,0,0,0,0,0,0,1,0,0,0,0,0,0,1,0,0,1,0,0,0,1,0,0,0,0,1,0
-0.17576636049474417,1.1266570567802046,"5278.                  After examining and inspecting the accident site, the following was noted: While the vehicle causing the accident was coming from the west and turning at the same road (U-Turn) and the lane was on the far left and the first damaged vehicle was coming from the east and heading towards the west and taking the second lane from the left side and the second damaged vehicle was coming from the east to the west and taking the second lane from the right, and due to bypassing the red traffic light by the driver of the vehicle causing the accident, the front side of the first damaged vehicle hit the right side of the causing vehicle, and then the front side of the second damaged vehicle hit the rear of the first damaged vehicle. The accident resulted in material damage to the vehicles. The accident was drawn",-0.19746179160121255,-0.4015453331379524,-0.3676863281700941,1,0,0,1,0,0,0,0.6698816545936516,0,0,1,0,0,0,0,0,0,0,0,0,0,0,0,0,0,0,0,0,0,0,0,0,0,0,0,1,0,0,1,0,0,0,1,0,0,0,0,0,0,0,0,0,0,0,0,0,0,0,0,0,0,0,1,0,0,0,0,0,0,0,0,0,1,0,0,0,0,0,0,0,1,0,0,0,0,0,0,0,0,0,0,1,0,0,0,0,0,0,1,0,0,1,0,0,0,1,0,1,0,0,0,0
-1.6655605642706561,1.1266570567802046,"5279.                  After examining and inspecting the accident site, the following was noted: While the vehicle causing the accident was coming from the west and turning at the same road (U-Turn) and the lane was on the far left and the first damaged vehicle was coming from the east and heading towards the west and taking the second lane from the left side and the second damaged vehicle was coming from the east to the west and taking the second lane from the right, and due to bypassing the red traffic light by the driver of the vehicle causing the accident, the front side of the first damaged vehicle hit the right side of the causing vehicle, and then the front side of the second damaged vehicle hit the rear of the first damaged vehicle. The accident resulted in material damage to the vehicles. The accident was drawn",-0.19746179160121255,-0.4015453331379524,-0.3676863281700941,0,1,0,1,0,0,0,0.6698816545936516,0,0,1,0,0,0,0,0,0,0,0,0,0,0,0,0,0,0,0,0,0,0,0,0,0,0,0,1,0,0,1,0,0,0,1,0,0,0,0,0,0,0,0,0,0,0,0,0,0,0,0,0,0,0,1,0,0,0,0,0,0,0,0,0,1,0,0,0,0,0,0,0,1,0,0,0,0,0,0,0,0,0,0,1,0,0,0,0,0,0,1,1,0,0,0,0,0,1,0,0,0,0,1,0
-0.5482149114387221,1.1266570567802046,"5280.                  After examining and inspecting the accident site, the following was noted: The vehicle causing the accident was coming from the north towards the west and was taking the first lane from the right, and the damaged vehicle was coming from the east towards the west and was taking the second lane from the left. Because of the failure to clear the way for the coming driver from the left side of the driver causing the accident and drifting in front of the damaged vehicle, the front side of the damaged vehicle collided with the left side of the vehicle causing the accident, which led to the vehicle that caused the accident to deviate to the last lane and collide with the pavement. And so the accident happened",-0.19746179160121255,-0.4015453331379524,0.6331117943832852,0,1,0,1,0,0,0,0.7792276444567362,0,0,1,0,0,0,0,0,0,0,0,0,0,0,0,0,0,0,0,0,0,0,0,0,0,0,0,1,0,0,1,0,0,0,1,0,0,0,0,0,0,0,0,0,0,0,0,0,0,0,0,0,0,0,1,0,0,0,0,0,0,0,0,0,1,0,0,0,0,0,0,0,1,0,0,0,0,0,0,0,0,0,0,1,0,0,0,0,0,0,1,0,1,0,0,0,1,0,0,0,0,0,0,1
-0.06935248879646476,1.195249893687047,"5281.                  After examining and inspecting the accident site, the following was noted: The vehicle causing the accident was taking the far-left lane and was heading from the east and turning to the south side, and the damaged vehicle was taking the third lane from the right and heading from the west toward the east. Because of Bypassing the red traffic light By the vehicle causing the accident, the left front side of the causing vehicle collided with the left side of the damaged vehicle, causing the damaged vehicle to collide with the pavement and settle to the south. The accident resulted in material damage to the vehicles, injury to 5 people.",-0.19746179160121255,-0.4015453331379524,0.6331117943832852,0,1,0,1,0,0,0,0.9804851169411984,0,0,0,0,0,0,0,0,0,0,0,0,0,0,0,0,0,0,1,0,0,0,0,0,0,0,0,1,0,0,1,0,0,0,0,0,0,0,0,0,0,0,1,0,0,0,0,0,0,0,0,0,0,0,1,0,0,0,0,0,0,0,0,1,0,0,0,0,0,0,0,0,1,0,0,0,0,0,0,0,0,0,0,0,0,1,0,0,0,0,1,0,1,0,0,0,1,0,0,1,0,0,0,0
0.1434752546000941,-0.9860023199505414,"5282.                  After examining and inspecting the accident site, the following was noted: The vehicle causing the accident was coming from the north towards the west and was taking the first lane from the right, and the damaged vehicle was coming from the east towards the west and was taking the second lane from the left. Because of the failure to clear the way for the coming driver from the left side of the driver causing the accident and drifting in front of the damaged vehicle, the front side of the damaged vehicle collided with the left side of the vehicle causing the accident, which led to the vehicle that caused the accident to deviate to the last lane and collide with the pavement. And so the accident happened",-2.637685636673014,-0.4015453331379524,-1.3684844507234735,1,0,0,1,0,0,0,0.9937279002195822,0,0,0,0,0,0,0,0,0,0,0,0,0,0,0,0,0,0,0,0,0,0,1,0,0,0,0,0,1,0,1,0,0,1,0,0,0,0,0,0,0,0,0,0,0,0,0,0,0,0,0,1,0,0,0,0,0,0,0,0,0,0,0,0,1,0,0,0,0,1,0,0,0,0,0,0,0,0,0,0,1,0,0,0,0,0,0,0,0,0,1,0,1,0,0,0,1,0,0,1,0,0,0,0