Age of the injured,Str Code,Accident Description,Road speed limit,Pedestrian action,Number of Lanes,Gender_F,Gender_M,Week_Fifth week,Week_First week,Week_Fourth week,Week_Second week,Week_Third week,Date_time,Reasons__??? ????? ?????? ?????? ???? ????? ??? ???? ???????,Reasons__???? ?? ??????? (???),Reasons__Bypassing the red traffic light,Reasons__Driving back without attention,Reasons__Driving back without traffic clearance,Reasons__Driving in the opposite direction,Reasons__Entering main road without traffic clearance,Reasons__Exceeding speed limit,Reasons__Fatigue and drowsiness,Reasons__Faults in the road,Reasons__Ignoring road lane,Reasons__Ignoring traffic lights,Reasons__Lack of driving awareness,Reasons__Misuse of traffic,Reasons__Negligence and inobservance,Reasons__Negligent driving,Reasons__Not giving priority to pedestrian crossing,Reasons__Not giving way / not giving priority,Reasons__Not leaving enough space,Reasons__Not observing the stop sign,Reasons__Not securing vehicle stability while stopping,Reasons__Speedy without taking road conditions into account,Reasons__Sudden deviation,Reasons__Sudden stop,Reasons__Tyre burst,Reasons__under influence of intoxicant or narcotic drug,__Al Madina Police Station,__Khaldiya Police Station,__Shaabiya Police Station,Streetname_Intersection,Streetname_Street,place__Bridge / Tunnel,place__Coastal area,place__Commercial area,place__Fuel Station,place__Govt. authority,place__Hospital,place__Island,place__Mosque,place__One level intersection,place__Other,place__Park,place__Residential area,place__Sand area,place__School,place__Work area,place__external road,place__unknown,location__ ,location__Bridge,location__Bridge /  Tunnel,location__Car parking,location__Double road,location__Highway,location__Intersection,location__Off the road,location__Other(specify),location__Roundabout,location__Side parking,location__Single road,location__Tunnel,location__Two-way road,location__Unknown,lighting__day,lighting__night - enough lights,lighting__night - weak lights,intersection__Deviated intersection,intersection__Half Perpendicular Intersection,intersection__Multiple leg Intersection,intersection__Not on Intersection,intersection__Not on or around 20 meters,intersection__Other,intersection__Perpendicular Intersection,intersection__Roundabout,intersection__Turn ,accidentype__Collision while turning,accidentype__Fall,accidentype__Hitting a moving object off the road,accidentype__Hitting a moving object on the road,accidentype__Hitting a stationary object off the road,accidentype__Hitting a stationary object on the road,accidentype__Multiple collision,accidentype__Other (specify),accidentype__Perpendicular collision,accidentype__Person run over,accidentype__Rear collision,accidentype__Reciprocal collision,accidentype__Side collision,accidentype__deterioration,seat belt_N,seat belt_Y,seat_Back passenger seat,seat_Driver's seat,seat_Front passenger seat,seat_No passenger,seat_bike passenger,position_Driver,position_Passenger,position_Pedestrian,nationality_Arab States,nationality_Asian States,nationality_GCC,nationality_Other,nationality_UAE
0.728751548940631,0.879722843915572,"5283.                  After examining and inspecting the accident site, the following was noted: The vehicle causing the accident was taking the far-left lane and was heading from the east and turning to the south side, and the damaged vehicle was taking the third lane from the right and heading from the west toward the east. Because of Bypassing the red traffic light By the vehicle causing the accident, the left front side of the causing vehicle collided with the left side of the damaged vehicle, causing the damaged vehicle to collide with the pavement and settle to the south. The accident resulted in material damage to the vehicles, injury to 5 people.",-0.19746179160121255,-0.4015453331379524,0.6331117943832852,0,1,0,1,0,0,0,0.9805945614311025,0,0,0,0,0,0,0,0,0,0,1,0,0,0,0,0,0,0,0,0,0,0,0,0,0,0,1,0,0,0,1,0,0,0,0,0,0,0,0,0,0,0,1,0,0,0,0,0,0,0,0,0,1,0,0,0,0,0,0,0,0,0,0,1,0,0,0,0,0,1,0,0,0,0,0,0,0,0,0,0,0,0,0,0,0,0,0,1,0,1,0,0,1,0,0,0,1,0,0,0,1,0,0,0
0.1434752546000941,-0.574445298509487,"5284.                  After examining and inspecting the accident site, the following was noted: The vehicle causing the accident was coming from the north towards the west and was taking the first lane from the right, and the damaged vehicle was coming from the east towards the west and was taking the second lane from the left. Because of the failure to clear the way for the coming driver from the left side of the driver causing the accident and drifting in front of the damaged vehicle, the front side of the damaged vehicle collided with the left side of the vehicle causing the accident, which led to the vehicle that caused the accident to deviate to the last lane and collide with the pavement. And so the accident happened",-0.19746179160121255,-0.4015453331379524,-0.3676863281700941,0,1,0,1,0,0,0,0.9817984508200464,0,0,0,0,0,0,0,0,0,0,0,0,0,1,0,0,0,0,0,0,0,0,0,0,0,0,1,0,0,0,1,0,0,1,0,0,0,0,0,0,0,0,0,0,0,0,0,0,0,0,0,0,0,1,0,0,0,0,0,0,0,0,0,1,0,0,0,0,0,1,0,0,0,0,0,0,0,0,0,0,0,0,0,0,1,0,0,0,0,1,0,0,0,0,1,0,0,0,1,0,0,0,1,0
-0.28218023219302363,1.1266570567802046,"5285.                  After examining and inspecting the accident site, the following was noted: The vehicle causing the accident was taking the far-left lane and was heading from the east and turning to the south side, and the damaged vehicle was taking the third lane from the right and heading from the west toward the east. Because of Bypassing the red traffic light By the vehicle causing the accident, the left front side of the causing vehicle collided with the left side of the damaged vehicle, causing the damaged vehicle to collide with the pavement and settle to the south. The accident resulted in material damage to the vehicles, injury to 5 people.",-0.19746179160121255,-0.4015453331379524,-0.3676863281700941,1,0,0,1,0,0,0,1.0821043258170608,0,0,1,0,0,0,0,0,0,0,0,0,0,0,0,0,0,0,0,0,0,0,0,0,0,0,0,1,0,0,1,0,0,0,0,0,0,0,0,0,0,0,1,0,0,0,0,0,0,0,0,0,0,0,1,0,0,0,0,0,0,0,0,0,1,0,0,0,0,0,0,0,1,0,0,0,0,0,0,0,0,0,0,1,0,0,0,0,0,0,1,0,1,0,0,0,1,0,0,0,0,0,0,1
-0.016145552947325045,-0.6567567027976979,"5286.                  After examining and inspecting the accident site, the following was noted: While the vehicle causing the accident was coming from the north towards the south and taking the second lane from the right, and the damaged vehicle was coming from the south and in a U- turn and taking the far-left lane, and because of bypassing the red traffic light by the Driver of the vehicle causing the accident. The front side of the vehicle causing the accident collided with the right side of the damaged vehicle and the accident in material damage to the vehicles, and the accident was planned as shown in the chart",-0.19746179160121255,-0.4015453331379524,-0.3676863281700941,1,0,0,1,0,0,0,1.1031176678786283,0,0,1,0,0,0,0,0,0,0,0,0,0,0,0,0,0,0,0,0,0,0,0,0,0,0,0,0,1,0,1,0,0,0,0,0,0,0,0,0,0,0,1,0,0,0,0,0,0,0,0,0,0,0,1,0,0,0,0,0,0,0,0,0,1,0,0,0,0,0,0,0,1,0,0,0,0,0,0,0,0,0,0,1,0,0,0,0,0,1,0,1,0,0,0,0,0,1,0,0,1,0,0,0
-1.4527328208740973,-0.6567567027976979,"5287.                  After examining and inspecting the accident site, the following was noted: While the vehicle causing the accident was coming from the north towards the south and taking the second lane from the right, and the damaged vehicle was coming from the south and in a U- turn and taking the far-left lane, and because of bypassing the red traffic light by the Driver of the vehicle causing the accident. The front side of the vehicle causing the accident collided with the right side of the damaged vehicle and the accident in material damage to the vehicles, and the accident was planned as shown in the chart",-0.19746179160121255,-0.4015453331379524,-0.3676863281700941,0,1,0,1,0,0,0,1.1031176678786283,0,0,1,0,0,0,0,0,0,0,0,0,0,0,0,0,0,0,0,0,0,0,0,0,0,0,0,0,1,0,1,0,0,0,0,0,0,0,0,0,0,0,1,0,0,0,0,0,0,0,0,0,0,0,1,0,0,0,0,0,0,0,0,0,1,0,0,0,0,0,0,0,1,0,0,0,0,0,0,0,0,0,0,1,0,0,0,0,0,1,0,1,0,0,0,0,0,1,0,0,0,0,0,1
-0.2289732963438839,-0.6567567027976979,"5288.                  After examining and inspecting the accident site, the following was noted: While the vehicle causing the accident was coming from the north towards the south and taking the second lane from the right, and the damaged vehicle was coming from the south and in a U- turn and taking the far-left lane, and because of bypassing the red traffic light by the Driver of the vehicle causing the accident. The front side of the vehicle causing the accident collided with the right side of the damaged vehicle and the accident in material damage to the vehicles, and the accident was planned as shown in the chart",-0.19746179160121255,-0.4015453331379524,-0.3676863281700941,1,0,0,1,0,0,0,1.1031176678786283,0,0,1,0,0,0,0,0,0,0,0,0,0,0,0,0,0,0,0,0,0,0,0,0,0,0,0,0,1,0,1,0,0,0,0,0,0,0,0,0,0,0,1,0,0,0,0,0,0,0,0,0,0,0,1,0,0,0,0,0,0,0,0,0,1,0,0,0,0,0,0,0,1,0,0,0,0,0,0,0,0,0,0,1,0,0,0,0,0,0,1,0,1,0,0,0,1,0,0,0,0,0,0,1
-1.6123536284215165,-0.6567567027976979,"5289.                  After examining and inspecting the accident site, the following was noted: While the vehicle causing the accident was coming from the north towards the south and taking the second lane from the right, and the damaged vehicle was coming from the south and in a U- turn and taking the far-left lane, and because of bypassing the red traffic light by the Driver of the vehicle causing the accident. The front side of the vehicle causing the accident collided with the right side of the damaged vehicle and the accident in material damage to the vehicles, and the accident was planned as shown in the chart",-0.19746179160121255,-0.4015453331379524,-0.3676863281700941,0,1,0,1,0,0,0,1.1031176678786283,0,0,1,0,0,0,0,0,0,0,0,0,0,0,0,0,0,0,0,0,0,0,0,0,0,0,0,0,1,0,1,0,0,0,0,0,0,0,0,0,0,0,1,0,0,0,0,0,0,0,0,0,0,0,1,0,0,0,0,0,0,0,0,0,1,0,0,0,0,0,0,0,1,0,0,0,0,0,0,0,0,0,0,1,0,0,0,0,0,1,0,1,0,0,0,0,0,1,0,0,0,0,0,1
-0.5482149114387221,-0.9997208873319099,"5290.                  After examining and inspecting the accident site, the following was noted: The vehicle causing the accident was taking the far-left lane and was heading from the east and turning to the south side, and the damaged vehicle was taking the third lane from the right and heading from the west toward the east. Because of bypassing the red traffic light by the vehicle causing the accident, the left front side of the causing vehicle collided with the left side of the damaged vehicle, causing the damaged vehicle to collide with the pavement and settle to the south. The accident resulted in material damage to the vehicles, injury to 5 people.",-0.19746179160121255,-0.4015453331379524,0.6331117943832852,1,0,0,1,0,0,0,1.2113035461487305,0,0,0,0,0,0,0,0,0,0,1,0,0,0,0,0,0,0,0,0,0,0,0,0,0,0,0,1,0,0,1,0,0,0,1,0,0,0,0,0,0,0,0,0,0,0,0,0,0,0,0,0,0,1,0,0,0,0,0,0,0,0,0,0,1,0,0,0,0,1,0,0,0,0,0,0,0,0,0,0,0,0,0,0,0,0,0,1,0,1,0,1,0,0,0,0,0,1,0,0,1,0,0,0
-0.2289732963438839,-0.7665052418486458,"5291.                  After examining and inspecting the accident site, the following was noted: While the two vehicles were coming from the south towards the north and taking the second lane from the left, and because of not leaving enough space and driving under the influence of alcoholic drinks by the driver of the vehicle causing the accident, the front side of the vehicle causing the accident hit the rear side of the damaged vehicle. And the accident resulted in material damage to the vehicles. The accident was drawn as shown in the chart",-0.19746179160121255,-0.4015453331379524,-0.3676863281700941,1,0,0,1,0,0,0,1.1953903173166893,0,0,0,0,0,0,0,0,0,0,0,0,0,0,0,0,0,0,0,0,0,0,0,0,0,1,0,1,0,0,1,0,0,1,0,0,0,0,0,0,0,0,0,0,0,0,0,0,0,0,0,0,0,0,1,0,0,0,0,0,0,0,0,0,1,0,0,0,0,0,0,0,1,0,0,0,0,0,0,0,0,0,0,0,0,1,0,0,0,0,1,1,0,0,0,0,0,1,0,1,0,0,0,0
0.3030960621475132,-0.7665052418486458,"5292.                  After examining and inspecting the accident site, the following was noted: While the two vehicles were coming from the south towards the north and taking the second lane from the left, and because of not leaving enough space and driving under the influence of alcoholic drinks by the driver of the vehicle causing the accident, the front side of the vehicle causing the accident hit the rear side of the damaged vehicle. And the accident resulted in material damage to the vehicles. The accident was drawn as shown in the chart",-0.19746179160121255,-0.4015453331379524,-0.3676863281700941,0,1,0,1,0,0,0,1.1953903173166893,0,0,0,0,0,0,0,0,0,0,0,0,0,0,0,0,0,0,0,0,0,0,0,0,0,1,0,1,0,0,1,0,0,1,0,0,0,0,0,0,0,0,0,0,0,0,0,0,0,0,0,0,0,0,1,0,0,0,0,0,0,0,0,0,1,0,0,0,0,0,0,0,1,0,0,0,0,0,0,0,0,0,0,0,0,1,0,0,0,0,1,1,0,0,0,0,0,1,0,0,0,0,0,1
-0.2289732963438839,-0.7665052418486458,"5293.                  After examining and inspecting the accident site, the following was noted: While the two vehicles were coming from the south towards the north and taking the second lane from the left, and because of not leaving enough space and driving under the influence of alcoholic drinks by the driver of the vehicle causing the accident, the front side of the vehicle causing the accident hit the rear side of the damaged vehicle. And the accident resulted in material damage to the vehicles. The accident was drawn as shown in the chart",-0.19746179160121255,-0.4015453331379524,-0.3676863281700941,0,1,0,1,0,0,0,1.1953903173166893,0,0,0,0,0,0,0,0,0,0,0,0,0,0,0,0,0,0,0,0,0,0,0,0,0,1,0,1,0,0,1,0,0,1,0,0,0,0,0,0,0,0,0,0,0,0,0,0,0,0,0,0,0,0,1,0,0,0,0,0,0,0,0,0,1,0,0,0,0,0,0,0,1,0,0,0,0,0,0,0,0,0,0,0,0,1,0,0,0,0,1,0,1,0,0,0,1,0,0,1,0,0,0,0
1.0479931640354692,-0.9860023199505414,"5294.                  After examining and inspecting the accident site, the following was noted: While the vehicle causing the accident was coming from the east and heading across the intersection towards the south and taking the far left lane, and the two damaged vehicles were coming from the west towards the east and were taking the second lane from the left, and the first damaged vehicle was driving in front of the second damaged vehicle in the same lane and due to bypassing the red traffic light (arrow signal) by the causing vehicle, the front side of the vehicle causing the accident collided with the front left side of the first damaged vehicle and then the first damaged vehicle drifted to the right side and the front left side of the second damaged vehicle collided with the front of the vehicle causing the accident. According to the chart, the accident occurred.",-0.19746179160121255,-0.4015453331379524,-0.3676863281700941,0,1,0,1,0,0,0,1.2018365977720347,0,0,1,0,0,0,0,0,0,0,0,0,0,0,0,0,0,0,0,0,0,0,0,0,0,0,0,0,1,0,1,0,0,0,0,1,0,0,0,0,0,0,0,0,0,0,0,0,0,0,0,0,0,0,1,0,0,0,0,0,0,0,0,1,0,0,0,0,0,0,0,0,1,0,0,0,0,0,0,0,0,0,0,1,0,0,0,0,0,0,1,0,0,1,0,0,0,1,0,1,0,0,0,0
-0.016145552947325045,-0.9860023199505414,"5295.                  After examining and inspecting the accident site, the following was noted: While the vehicle causing the accident was coming from the east and heading across the intersection towards the south and taking the far left lane, and the two damaged vehicles were coming from the west towards the east and were taking the second lane from the left, and the first damaged vehicle was driving in front of the second damaged vehicle in the same lane and due to bypassing the red traffic light (arrow signal) by the causing vehicle, the front side of the vehicle causing the accident collided with the front left side of the first damaged vehicle and then the first damaged vehicle drifted to the right side and the front left side of the second damaged vehicle collided with the front of the vehicle causing the accident. According to the chart, the accident occurred.",-0.19746179160121255,-0.4015453331379524,-0.3676863281700941,0,1,0,1,0,0,0,1.2018365977720347,0,0,1,0,0,0,0,0,0,0,0,0,0,0,0,0,0,0,0,0,0,0,0,0,0,0,0,0,1,0,1,0,0,0,0,1,0,0,0,0,0,0,0,0,0,0,0,0,0,0,0,0,0,0,1,0,0,0,0,0,0,0,0,1,0,0,0,0,0,0,0,0,1,0,0,0,0,0,0,0,0,0,0,1,0,0,0,0,0,0,1,0,1,0,0,0,1,0,0,1,0,0,0,0
1.260820907432028,-0.8350980787554881,"5296.                  After examining and inspecting the accident site, the following was noted: While the two vehicles were coming from the south towards the north and taking the second lane from the left, and because of not leaving enough space and driving under the influence of alcoholic drinks by the driver of the vehicle causing the accident, the front side of the vehicle causing the accident hit the rear side of the damaged vehicle. And the accident resulted in material damage to the vehicles. The accident was drawn as shown in the chart",-0.19746179160121255,-0.4015453331379524,-1.3684844507234735,1,0,0,1,0,0,0,1.2115443240265193,0,0,0,0,0,0,1,0,0,0,0,0,0,0,0,0,0,0,0,0,0,0,0,0,0,0,0,1,0,0,1,0,0,0,0,0,0,0,1,0,0,0,0,0,0,0,0,0,0,0,0,0,1,0,0,0,0,0,0,0,0,0,0,0,1,0,0,1,0,0,0,0,0,0,0,0,0,0,0,0,0,0,0,1,0,0,0,0,0,1,0,0,1,0,0,0,1,0,0,0,1,0,0,0
-0.28218023219302363,-0.9997208873319099,"5297.                  After examining and inspecting the accident site, the following was noted: While the two vehicles were coming from the south towards the north and taking the second lane from the left, and because of not leaving enough space and driving under the influence of alcoholic drinks by the driver of the vehicle causing the accident, the front side of the vehicle causing the accident hit the rear side of the damaged vehicle. And the accident resulted in material damage to the vehicles. The accident was drawn as shown in the chart",-0.19746179160121255,-0.4015453331379524,-1.3684844507234735,0,1,0,1,0,0,0,1.32324337042254,0,0,0,0,0,0,0,0,0,0,0,0,0,0,0,0,0,0,1,0,0,0,0,0,0,0,0,0,1,0,1,0,0,0,0,1,0,0,0,0,0,0,0,0,0,0,0,0,0,0,0,0,1,0,0,0,0,0,0,0,0,0,0,0,1,0,0,0,0,0,1,0,0,0,0,0,0,0,0,0,0,0,0,0,0,1,0,0,0,1,0,0,1,0,0,0,1,0,0,1,0,0,0,0
-0.44180103974044277,0.6739443331950448,"5298.                  After examining and inspecting the accident site, the following was noted: The vehicle causing the accident was traveling from the south towards the north and taking the second lane from the left, while the damaged vehicle was traveling from the east to the west and taking the middle lane and due to Bypassing the red traffic light by the driver of the vehicle causing the accident, the front of his vehicle hit the left side of the damaged vehicle. According to the chart, the accident resulted in the injury of the driver and the passenger, along with the damaged driver, and material damage to the two vehicles. The accident was planned",2.2427620534705888,-0.4015453331379524,0.6331117943832852,0,1,0,1,0,0,0,1.4117401849589128,0,0,1,0,0,0,0,0,0,0,0,0,0,0,0,0,0,0,0,0,0,0,0,0,0,0,0,1,0,0,1,0,0,0,0,0,0,0,0,0,0,0,1,0,0,0,0,0,0,0,0,0,0,0,1,0,0,0,0,0,0,0,0,0,1,0,0,0,0,0,0,0,1,0,0,0,0,0,0,0,0,0,0,1,0,0,0,0,0,0,1,0,1,0,0,0,1,0,0,1,0,0,0,0
0.24988912629837354,0.6739443331950448,"5299.                  After examining and inspecting the accident site, the following was noted: The vehicle causing the accident was traveling from the south towards the north and taking the second lane from the left, while the damaged vehicle was traveling from the east to the west and taking the middle lane and due to Bypassing the red traffic light by the driver of the vehicle causing the accident, the front of his vehicle hit the left side of the damaged vehicle. According to the chart, the accident resulted in the injury of the driver and the passenger, along with the damaged driver, and material damage to the two vehicles. The accident was planned",2.2427620534705888,-0.4015453331379524,0.6331117943832852,0,1,0,1,0,0,0,1.4117401849589128,0,0,1,0,0,0,0,0,0,0,0,0,0,0,0,0,0,0,0,0,0,0,0,0,0,0,0,1,0,0,1,0,0,0,0,0,0,0,0,0,0,0,1,0,0,0,0,0,0,0,0,0,0,0,1,0,0,0,0,0,0,0,0,0,1,0,0,0,0,0,0,0,1,0,0,0,0,0,0,0,0,0,0,1,0,0,0,0,0,0,1,0,1,0,0,0,1,0,0,0,0,0,0,1
-1.2931120133266782,0.6739443331950448,"After examining and inspecting the accident's site, the following was revealed:-

The vehicle that caused the accident was travelling from the south to the north taking the second lane from the left side, while the afflicted vehicle was traveling from the East to the west taking the middle lane, which lead the former to crash the left front side of the afflicted vehicle after running the red light as shown in the diagram. as a result, both drivers and the passenger of the afflicted vehicle were injured. Adding to that, material damages were caused to both vehicles. The Accident was diagrammed.",2.2427620534705888,-0.4015453331379524,0.6331117943832852,1,0,0,1,0,0,0,1.4117401849589128,0,0,1,0,0,0,0,0,0,0,0,0,0,0,0,0,0,0,0,0,0,0,0,0,0,0,0,1,0,0,1,0,0,0,0,0,0,0,0,0,0,0,1,0,0,0,0,0,0,0,0,0,0,0,1,0,0,0,0,0,0,0,0,0,1,0,0,0,0,0,0,0,1,0,0,0,0,0,0,0,0,0,0,1,0,0,0,0,0,1,0,1,0,0,0,0,0,1,0,0,0,0,0,1
-1.4527328208740973,-0.7802238092300142,"After examining and inspecting the accident's site, the following was revealed:-

the vehicle that caused the accident was travelling in a side street (one-way) from the north to the south, while the accident victim was crossing the road from east to west, leading the former to hit the victim with the front side of his vehicle because of his violation to pedestrian rules, causing injuries to the victim as shown in the diagram.",-2.637685636673014,2.490378837640347,-2.3692825732768528,1,0,0,1,0,0,0,1.424884468196383,0,0,0,0,0,0,0,0,0,0,0,0,0,1,0,0,0,0,0,0,0,0,0,0,0,0,1,0,0,0,1,0,0,1,0,0,0,0,0,0,0,0,0,0,0,0,0,0,0,0,0,0,0,0,0,0,0,0,0,1,0,0,0,1,0,0,0,0,0,0,1,0,0,0,0,0,0,0,0,0,0,0,0,0,1,0,0,0,0,1,0,0,0,0,1,0,0,0,1,1,0,0,0,0
-1.5591466925723767,1.222687028449784,"After examining and inspecting the accident's site, the following was revealed:- The vehicle that caused the accident was travelling from the west to the east, driving to the middle lane and running the red light . while taking a left turn to the cross-road, the right front side of the vehicle collided with the front side of the first afflicted vehicle, which was travelling from the east to the west taking the right lane, Causing the former vehicle to to spin to the left side and collide from the front side with the second afflicted vehicle which was waiting for the green light on the right lane. resulting in the death of the passenger in the vehicle that caused the accident, severe and moderate injuries and material damages in all the vehicles. The Accident was diagrammed.",-0.19746179160121255,-0.4015453331379524,0.6331117943832852,0,1,0,1,0,0,0,1.4270624135454726,0,0,1,0,0,0,0,0,0,0,0,0,0,0,0,0,0,0,0,0,0,0,0,0,0,0,0,0,1,1,0,0,0,1,0,0,0,0,0,0,0,0,0,0,0,0,0,0,0,0,0,0,0,0,1,0,0,0,0,0,0,0,0,1,0,0,0,0,0,0,0,0,1,0,0,0,0,0,0,0,0,0,0,1,0,0,0,0,0,0,1,1,0,0,0,0,0,1,0,0,1,0,0,0
-1.4527328208740973,1.222687028449784,"After examining and inspecting the accident's site, the following was revealed:- The vehicle that caused the accident was travelling from the west to the east, driving to the middle lane and running the red light . while taking a left turn to the cross-road, the right front side of the vehicle collided with the front side of the first afflicted vehicle, which was travelling from the east to the west taking the right lane, Causing the former vehicle to to spin to the left side and collide from the front side with the second afflicted vehicle which was waiting for the green light on the right lane. resulting in the death of the passenger in the vehicle that caused the accident, severe and moderate injuries and material damages in all the vehicles. The Accident was diagrammed.",-0.19746179160121255,-0.4015453331379524,0.6331117943832852,1,0,0,1,0,0,0,1.4270624135454726,0,0,1,0,0,0,0,0,0,0,0,0,0,0,0,0,0,0,0,0,0,0,0,0,0,0,0,0,1,1,0,0,0,1,0,0,0,0,0,0,0,0,0,0,0,0,0,0,0,0,0,0,0,0,1,0,0,0,0,0,0,0,0,1,0,0,0,0,0,0,0,0,1,0,0,0,0,0,0,0,0,0,0,1,0,0,0,0,0,0,1,1,0,0,0,0,0,1,0,0,1,0,0,0
1.7928902659234252,1.222687028449784,"After examining and inspecting the accident's site, the following was revealed:- The vehicle that caused the accident was travelling from the west to the east, driving to the middle lane and running the red light . while taking a left turn to the cross-road, the right front side of the vehicle collided with the front side of the first afflicted vehicle, which was travelling from the east to the west taking the right lane, Causing the former vehicle to to spin to the left side and collide from the front side with the second afflicted vehicle which was waiting for the green light on the right lane. resulting in the death of the passenger in the vehicle that caused the accident, severe and moderate injuries and material damages in all the vehicles. The Accident was diagrammed.",-0.19746179160121255,-0.4015453331379524,0.6331117943832852,0,1,0,1,0,0,0,1.4270624135454726,0,0,1,0,0,0,0,0,0,0,0,0,0,0,0,0,0,0,0,0,0,0,0,0,0,0,0,0,1,1,0,0,0,1,0,0,0,0,0,0,0,0,0,0,0,0,0,0,0,0,0,0,0,0,1,0,0,0,0,0,0,0,0,1,0,0,0,0,0,0,0,0,1,0,0,0,0,0,0,0,0,0,0,1,0,0,0,0,0,0,1,0,0,1,0,0,0,1,0,0,1,0,0,0
1.3140278432811678,1.222687028449784,"After examining and inspecting the accident's site, the following was revealed:- The vehicle that caused the accident was travelling from the west to the east, driving to the middle lane and running the red light . while taking a left turn to the cross-road, the right front side of the vehicle collided with the front side of the first afflicted vehicle, which was travelling from the east to the west taking the right lane, Causing the former vehicle to to spin to the left side and collide from the front side with the second afflicted vehicle which was waiting for the green light on the right lane. resulting in the death of the passenger in the vehicle that caused the accident, severe and moderate injuries and material damages in all the vehicles. The Accident was diagrammed.",-0.19746179160121255,-0.4015453331379524,0.6331117943832852,0,1,0,1,0,0,0,1.4270624135454726,0,0,1,0,0,0,0,0,0,0,0,0,0,0,0,0,0,0,0,0,0,0,0,0,0,0,0,0,1,1,0,0,0,1,0,0,0,0,0,0,0,0,0,0,0,0,0,0,0,0,0,0,0,0,1,0,0,0,0,0,0,0,0,1,0,0,0,0,0,0,0,0,1,0,0,0,0,0,0,0,0,0,0,1,0,0,0,0,0,0,1,0,1,0,0,0,1,0,0,0,1,0,0,0
-0.33538716804216334,1.222687028449784,"After examining and inspecting the accident's site, the following was revealed:- The vehicle that caused the accident was travelling from the west to the east, driving to the middle lane and running the red light . while taking a left turn to the cross-road, the right front side of the vehicle collided with the front side of the first afflicted vehicle, which was travelling from the east to the west taking the right lane, Causing the former vehicle to to spin to the left side and collide from the front side with the second afflicted vehicle which was waiting for the green light on the right lane. resulting in the death of the passenger in the vehicle that caused the accident, severe and moderate injuries and material damages in all the vehicles. The Accident was diagrammed.",-0.19746179160121255,-0.4015453331379524,0.6331117943832852,0,1,0,1,0,0,0,1.4270624135454726,0,0,1,0,0,0,0,0,0,0,0,0,0,0,0,0,0,0,0,0,0,0,0,0,0,0,0,0,1,1,0,0,0,1,0,0,0,0,0,0,0,0,0,0,0,0,0,0,0,0,0,0,0,0,1,0,0,0,0,0,0,0,0,1,0,0,0,0,0,0,0,0,1,0,0,0,0,0,0,0,0,0,0,1,0,0,0,0,0,0,1,1,0,0,0,0,0,1,0,1,0,0,0,0
-1.2931120133266782,1.222687028449784,"After examining and inspecting the accident's site, the following was revealed:- The vehicle that caused the accident was travelling from the west to the east, driving to the middle lane and running the red light . while taking a left turn to the cross-road, the right front side of the vehicle collided with the front side of the first afflicted vehicle, which was travelling from the east to the west taking the right lane, Causing the former vehicle to to spin to the left side and collide from the front side with the second afflicted vehicle which was waiting for the green light on the right lane. resulting in the death of the passenger in the vehicle that caused the accident, severe and moderate injuries and material damages in all the vehicles. The Accident was diagrammed.",-0.19746179160121255,-0.4015453331379524,0.6331117943832852,0,1,0,1,0,0,0,1.4270624135454726,0,0,1,0,0,0,0,0,0,0,0,0,0,0,0,0,0,0,0,0,0,0,0,0,0,0,0,0,1,1,0,0,0,1,0,0,0,0,0,0,0,0,0,0,0,0,0,0,0,0,0,0,0,0,1,0,0,0,0,0,0,0,0,1,0,0,0,0,0,0,0,0,1,0,0,0,0,0,0,0,0,0,0,1,0,0,0,0,0,0,1,1,0,0,0,0,0,1,0,0,1,0,0,0
0.5159238055440721,1.222687028449784,"After examining and inspecting the accident's site, the following was revealed:- The vehicle that caused the accident was travelling from the west to the east, driving to the middle lane and running the red light . while taking a left turn to the cross-road, the right front side of the vehicle collided with the front side of the first afflicted vehicle, which was travelling from the east to the west taking the right lane, Causing the former vehicle to to spin to the left side and collide from the front side with the second afflicted vehicle which was waiting for the green light on the right lane. resulting in the death of the passenger in the vehicle that caused the accident, severe and moderate injuries and material damages in all the vehicles. The Accident was diagrammed.",-0.19746179160121255,-0.4015453331379524,0.6331117943832852,1,0,0,1,0,0,0,1.4270624135454726,0,0,1,0,0,0,0,0,0,0,0,0,0,0,0,0,0,0,0,0,0,0,0,0,0,0,0,0,1,1,0,0,0,1,0,0,0,0,0,0,0,0,0,0,0,0,0,0,0,0,0,0,0,0,1,0,0,0,0,0,0,0,0,1,0,0,0,0,0,0,0,0,1,0,0,0,0,0,0,0,0,0,0,1,0,0,0,0,0,0,1,1,0,0,0,0,0,1,0,0,1,0,0,0