Age of the injured,Str Code,Accident Description,Road speed limit,Pedestrian action,Number of Lanes,Gender_F,Gender_M,Week_Fifth week,Week_First week,Week_Fourth week,Week_Second week,Week_Third week,Date_time,Reasons__??? ????? ?????? ?????? ???? ????? ??? ???? ???????,Reasons__???? ?? ??????? (???),Reasons__Bypassing the red traffic light,Reasons__Driving back without attention,Reasons__Driving back without traffic clearance,Reasons__Driving in the opposite direction,Reasons__Entering main road without traffic clearance,Reasons__Exceeding speed limit,Reasons__Fatigue and drowsiness,Reasons__Faults in the road,Reasons__Ignoring road lane,Reasons__Ignoring traffic lights,Reasons__Lack of driving awareness,Reasons__Misuse of traffic,Reasons__Negligence and inobservance,Reasons__Negligent driving,Reasons__Not giving priority to pedestrian crossing,Reasons__Not giving way / not giving priority,Reasons__Not leaving enough space,Reasons__Not observing the stop sign,Reasons__Not securing vehicle stability while stopping,Reasons__Speedy without taking road conditions into account,Reasons__Sudden deviation,Reasons__Sudden stop,Reasons__Tyre burst,Reasons__under influence of intoxicant or narcotic drug,__Al Madina Police Station,__Khaldiya Police Station,__Shaabiya Police Station,Streetname_Intersection,Streetname_Street,place__Bridge / Tunnel,place__Coastal area,place__Commercial area,place__Fuel Station,place__Govt. authority,place__Hospital,place__Island,place__Mosque,place__One level intersection,place__Other,place__Park,place__Residential area,place__Sand area,place__School,place__Work area,place__external road,place__unknown,location__ ,location__Bridge,location__Bridge /  Tunnel,location__Car parking,location__Double road,location__Highway,location__Intersection,location__Off the road,location__Other(specify),location__Roundabout,location__Side parking,location__Single road,location__Tunnel,location__Two-way road,location__Unknown,lighting__day,lighting__night - enough lights,lighting__night - weak lights,intersection__Deviated intersection,intersection__Half Perpendicular Intersection,intersection__Multiple leg Intersection,intersection__Not on Intersection,intersection__Not on or around 20 meters,intersection__Other,intersection__Perpendicular Intersection,intersection__Roundabout,intersection__Turn ,accidentype__Collision while turning,accidentype__Fall,accidentype__Hitting a moving object off the road,accidentype__Hitting a moving object on the road,accidentype__Hitting a stationary object off the road,accidentype__Hitting a stationary object on the road,accidentype__Multiple collision,accidentype__Other (specify),accidentype__Perpendicular collision,accidentype__Person run over,accidentype__Rear collision,accidentype__Reciprocal collision,accidentype__Side collision,accidentype__deterioration,seat belt_N,seat belt_Y,seat_Back passenger seat,seat_Driver's seat,seat_Front passenger seat,seat_No passenger,seat_bike passenger,position_Driver,position_Passenger,position_Pedestrian,nationality_Arab States,nationality_Asian States,nationality_GCC,nationality_Other,nationality_UAE
1.7396833300742855,1.222687028449784,"After examining and inspecting the accident's site, the following was revealed:- The vehicle that caused the accident was travelling from the west to the east, driving to the middle lane and running the red light . while taking a left turn to the cross-road, the right front side of the vehicle collided with the front side of the first afflicted vehicle, which was travelling from the east to the west taking the right lane, Causing the former vehicle to to spin to the left side and collide from the front side with the second afflicted vehicle which was waiting for the green light on the right lane. resulting in the death of the passenger in the vehicle that caused the accident, severe and moderate injuries and material damages in all the vehicles. The Accident was diagrammed.",-0.19746179160121255,-0.4015453331379524,0.6331117943832852,1,0,0,1,0,0,0,1.4270624135454726,0,0,1,0,0,0,0,0,0,0,0,0,0,0,0,0,0,0,0,0,0,0,0,0,0,0,0,0,1,1,0,0,0,1,0,0,0,0,0,0,0,0,0,0,0,0,0,0,0,0,0,0,0,0,1,0,0,0,0,0,0,0,0,1,0,0,0,0,0,0,0,0,1,0,0,0,0,0,0,0,0,0,0,1,0,0,0,0,0,0,1,1,0,0,0,0,0,1,0,0,1,0,0,0
-0.6546287831370016,1.1266570567802046,"After examining and inspecting the accident's site, the following was revealed:-
The vehicle that caused the accident was travelling from the west to the east, taking the far left lane to make a left turn to the north. the driver ran a red light. The two afflicted vehicles were travelling from the east to the west, the first one was in the middle lane and the second one was in the left lane. and while all vehicles were reaching the cross-road, the front of the former vehicle collided with the front of the first afflicted vehicle, and front of the second afflicted vehicle collided with the back left side of the first afflicted vehicle then they all stopped. as was shown in the diagram.",1.0226501309346883,-0.4015453331379524,0.6331117943832852,0,1,0,1,0,0,0,1.6448131706584674,0,0,1,0,0,0,0,0,0,0,0,0,0,0,0,0,0,0,0,0,0,0,0,0,0,0,0,1,0,0,1,0,0,0,0,0,0,0,0,0,0,0,1,0,0,0,0,0,0,0,0,0,0,0,1,0,0,0,0,0,0,0,0,1,0,0,0,0,0,0,1,0,0,0,0,0,0,0,0,0,0,0,0,1,0,0,0,0,0,0,1,0,1,0,0,0,1,0,0,0,0,0,0,1
-0.761042654835281,1.1266570567802046,"After examining and inspecting the accident's site, the following was revealed:-
The vehicle that caused the accident was travelling from the west to the east, taking the far left lane to make a left turn to the north. the driver ran a red light. The two afflicted vehicles were travelling from the east to the west, the first one was in the middle lane and the second one was in the left lane. and while all vehicles were reaching the cross-road, the front of the former vehicle collided with the front of the first afflicted vehicle, and front of the second afflicted vehicle collided with the back left side of the first afflicted vehicle then they all stopped. as was shown in the diagram.",1.0226501309346883,-0.4015453331379524,0.6331117943832852,0,1,0,1,0,0,0,1.6448131706584674,0,0,1,0,0,0,0,0,0,0,0,0,0,0,0,0,0,0,0,0,0,0,0,0,0,0,0,1,0,0,1,0,0,0,0,0,0,0,0,0,0,0,1,0,0,0,0,0,0,0,0,0,0,0,1,0,0,0,0,0,0,0,0,1,0,0,0,0,0,0,1,0,0,0,0,0,0,0,0,0,0,0,0,1,0,0,0,0,0,0,1,0,0,1,0,0,0,1,0,0,0,0,0,1
-0.4950079755895825,-0.972283752569173,"After examining and inspecting the accident's site, the following was revealed:- the vehicle that caused the accident was travelling from the south to the north in sub- street, off Sheikh Rashid Bin Saied. When it reached the main road, the driver went against the traffic and parked beside two people that were fighting in the middle of the main road and got into a fight with them while talking, then the driver committed a hit and run against the victim/ Younis Ahmed deliberately and fled the accident scene. as was shown in the diagram.",-0.19746179160121255,-0.4015453331379524,-0.3676863281700941,0,1,0,1,0,0,0,1.7423938778568722,0,0,0,0,0,1,0,0,0,0,0,0,0,0,0,0,0,0,0,0,0,0,0,0,0,0,0,1,0,0,1,0,0,1,0,0,0,0,0,0,0,0,0,0,0,0,0,0,0,0,0,0,1,0,0,0,0,0,0,0,0,0,0,0,1,0,0,0,0,0,1,0,0,0,0,0,0,0,0,0,0,0,0,0,1,0,0,0,0,1,0,0,0,0,1,0,0,0,1,0,0,0,1,0
-0.06935248879646476,1.1266570567802046," After examining and inspecting the accident's site, the following was revealed:-
The vehicle that caused the accident was travelling from the west to the east taking the left lane to the cross-road to make a left turn , while the afflicted vehicle was travelling from the east to the west taking the middle lane, which lead the right side of the former collide with the front side of the afflicted vehicle after running the red light. Both of the vehicles crashed into the plastic roadblocks due to the force of the impact, as shown in the diagram. as a result, both drivers and the passenger of vehicle that caused the accident were injured. Adding to that, the damage of the plastic roadblocks and the material damages that were caused to both vehicles. The Accident was diagrammed.",1.0226501309346883,-0.4015453331379524,0.6331117943832852,0,1,0,1,0,0,0,-1.5421009308560556,0,0,1,0,0,0,0,0,0,0,0,0,0,0,0,0,0,0,0,0,0,0,0,0,0,0,0,1,0,0,1,0,0,0,0,0,0,0,0,0,0,0,1,0,0,0,0,0,0,0,0,0,0,0,1,0,0,0,0,0,0,0,0,0,1,0,0,0,0,0,0,0,1,0,0,0,0,0,0,0,0,0,0,1,0,0,0,0,0,0,1,0,1,0,0,0,1,0,0,1,0,0,0,0
-0.44180103974044277,1.1266570567802046," After examining and inspecting the accident's site, the following was revealed:-
The vehicle that caused the accident was travelling from the west to the east taking the left lane to the cross-road to make a left turn , while the afflicted vehicle was travelling from the east to the west taking the middle lane, which lead the right side of the former collide with the front side of the afflicted vehicle after running the red light. Both of the vehicles crashed into the plastic roadblocks due to the force of the impact, as shown in the diagram. as a result, both drivers and the passenger of vehicle that caused the accident were injured. Adding to that, the damage of the plastic roadblocks and the material damages that were caused to both vehicles. The Accident was diagrammed.",1.0226501309346883,-0.4015453331379524,0.6331117943832852,0,1,0,1,0,0,0,-1.5421009308560556,0,0,1,0,0,0,0,0,0,0,0,0,0,0,0,0,0,0,0,0,0,0,0,0,0,0,0,1,0,0,1,0,0,0,0,0,0,0,0,0,0,0,1,0,0,0,0,0,0,0,0,0,0,0,1,0,0,0,0,0,0,0,0,0,1,0,0,0,0,0,0,0,1,0,0,0,0,0,0,0,0,0,0,1,0,0,0,0,0,0,1,0,1,0,0,0,1,0,0,0,0,0,0,1
-0.44180103974044277,1.1266570567802046," After examining and inspecting the accident's site, the following was revealed:-
The vehicle that caused the accident was travelling from the west to the east taking the left lane to the cross-road to make a left turn , while the afflicted vehicle was travelling from the east to the west taking the middle lane, which lead the right side of the former collide with the front side of the afflicted vehicle after running the red light. Both of the vehicles crashed into the plastic roadblocks due to the force of the impact, as shown in the diagram. as a result, both drivers and the passenger of vehicle that caused the accident were injured. Adding to that, the damage of the plastic roadblocks and the material damages that were caused to both vehicles. The Accident was diagrammed.",1.0226501309346883,-0.4015453331379524,0.6331117943832852,0,1,0,1,0,0,0,-1.5421009308560556,0,0,1,0,0,0,0,0,0,0,0,0,0,0,0,0,0,0,0,0,0,0,0,0,0,0,0,1,0,0,1,0,0,0,0,0,0,0,0,0,0,0,1,0,0,0,0,0,0,0,0,0,0,0,1,0,0,0,0,0,0,0,0,0,1,0,0,0,0,0,0,0,1,0,0,0,0,0,0,0,0,0,0,1,0,0,0,0,0,1,0,0,0,1,0,0,0,1,0,1,0,0,0,0
-0.28218023219302363,1.0580642198733623,"After examining and inspecting the accident's site, the following was revealed:-
the vehicle that caused the accident was travelling from the west to the east in the far right lane, while the accident victim was crossing the pedestrian cross-walk from north to south and running the pedestrian red light, leading the former to hit the victim with the front side of his motorcycle because of his violation to pedestrian rules, as shown in the diagram.",-0.19746179160121255,-0.4015453331379524,0.6331117943832852,0,1,0,1,0,0,0,-1.5300620369666158,0,0,0,0,0,0,0,0,0,0,0,0,0,0,0,0,0,0,0,0,0,1,0,0,0,0,0,0,1,0,1,0,0,1,0,0,0,0,0,0,0,0,0,0,0,0,0,0,0,0,0,0,0,0,1,0,0,0,0,0,0,0,0,1,0,0,0,0,0,0,0,0,1,0,0,0,0,0,0,0,0,0,0,0,1,0,0,0,0,1,0,0,0,0,1,0,0,0,1,0,1,0,0,0
0.5159238055440721,0.23495017699125337,"After examining and inspecting the accident's site, the following was revealed:- The vehicle that caused the accident was travelling from the west to the east taking the second lane from the right side, while the afflicted vehicle was travelling from the north to the south taking the middle lane, which lead the front left side of the former to collide with the front side of the afflicted vehicle after running the red light. as a result, the passenger of the vehicle that caused the accident was injured and a material damages were caused to both vehicles. The Accident was diagrammed.",-0.19746179160121255,-0.4015453331379524,0.6331117943832852,1,0,0,1,0,0,0,-1.5441256539192796,0,0,1,0,0,0,0,0,0,0,0,0,0,0,0,0,0,0,0,0,0,0,0,0,0,0,0,0,1,0,1,0,0,1,0,0,0,0,0,0,0,0,0,0,0,0,0,0,0,0,0,0,0,0,1,0,0,0,0,0,0,0,0,0,1,0,0,0,0,0,0,0,1,0,0,0,0,0,0,0,0,0,0,1,0,0,0,0,0,1,0,1,0,0,0,0,0,1,0,0,1,0,0,0
-1.2931120133266782,-0.8213795113741197,"After examining and inspecting the accident's site, the following was revealed:-
the Unknown vehicle that caused the accident was travelling from the west to the east in a two-ways sub road, while the accident victim was crossing from north to south, leading the former to hit the victim with the front right side of his vehicle because of his violation to pedestrian rules. as a result, the victim was moderately injured.",-2.637685636673014,2.490378837640347,-2.3692825732768528,0,1,0,1,0,0,0,-1.5378873179947516,0,0,0,0,0,0,0,0,0,0,0,0,0,1,0,0,0,0,0,0,0,0,0,0,0,0,0,1,0,0,1,0,0,0,0,1,0,0,0,0,0,0,0,0,0,0,0,0,0,0,0,0,0,0,0,0,0,0,0,1,0,0,0,0,1,0,0,0,0,0,1,0,0,0,0,0,0,0,0,0,0,0,0,0,1,0,0,0,0,1,0,0,0,0,1,0,0,0,1,1,0,0,0,0
0.24988912629837354,1.1266570567802046,"After examining and inspecting the accident's site, the following was revealed:-
The vehicle that caused the accident was travelling from the west to the east following the arrow sign to the left, while the afflicted vehicle was travelling from the north to the south taking the second left lane, which lead the front side of former collided with the left front side of the afflicted vehicle after running the red light. as a result, both drivers and the passenger of the afflicted vehicle were injured. they left the hospital with injuries ranged in severity from moderate to slight after they were provided with corresponding treatment.  Adding to that, material damages were caused to both vehicles. The Accident was diagrammed.",-0.19746179160121255,-0.4015453331379524,0.6331117943832852,0,1,0,1,0,0,0,-1.5204746996510254,0,0,1,0,0,0,0,0,0,0,0,0,0,0,0,0,0,0,0,0,0,0,0,0,0,0,0,1,0,0,1,0,0,0,0,0,0,0,0,0,0,0,1,0,0,0,0,0,0,0,0,0,0,0,1,0,0,0,0,0,0,0,0,0,1,0,0,0,0,0,0,0,1,0,0,0,0,0,0,0,0,0,0,1,0,0,0,0,0,0,1,0,1,0,0,0,1,0,0,0,1,0,0,0
0.728751548940631,1.1266570567802046,"After examining and inspecting the accident's site, the following was revealed:-
The vehicle that caused the accident was travelling from the west to the east following the arrow sign to the left, while the afflicted vehicle was travelling from the north to the south taking the second left lane, which lead the front side of former collided with the left front side of the afflicted vehicle after running the red light. as a result, both drivers and the passenger of the afflicted vehicle were injured. they left the hospital with injuries ranged in severity from moderate to slight after they were provided with corresponding treatment.  Adding to that, material damages were caused to both vehicles. The Accident was diagrammed.",-0.19746179160121255,-0.4015453331379524,0.6331117943832852,0,1,0,1,0,0,0,-1.5204746996510254,0,0,1,0,0,0,0,0,0,0,0,0,0,0,0,0,0,0,0,0,0,0,0,0,0,0,0,1,0,0,1,0,0,0,0,0,0,0,0,0,0,0,1,0,0,0,0,0,0,0,0,0,0,0,1,0,0,0,0,0,0,0,0,0,1,0,0,0,0,0,0,0,1,0,0,0,0,0,0,0,0,0,0,1,0,0,0,0,0,0,1,0,0,1,0,0,0,1,0,0,0,0,0,1
-0.17576636049474417,1.1266570567802046,"After examining and inspecting the accident's site, the following was revealed:-
The vehicle that caused the accident was travelling from the west to the east following the arrow sign to the left, while the afflicted vehicle was travelling from the north to the south taking the second left lane, which lead the front side of former collided with the left front side of the afflicted vehicle after running the red light. as a result, both drivers and the passenger of the afflicted vehicle were injured. they left the hospital with injuries ranged in severity from moderate to slight after they were provided with corresponding treatment.  Adding to that, material damages were caused to both vehicles. The Accident was diagrammed.",-0.19746179160121255,-0.4015453331379524,0.6331117943832852,0,1,0,1,0,0,0,-1.5204746996510254,0,0,1,0,0,0,0,0,0,0,0,0,0,0,0,0,0,0,0,0,0,0,0,0,0,0,0,1,0,0,1,0,0,0,0,0,0,0,0,0,0,0,1,0,0,0,0,0,0,0,0,0,0,0,1,0,0,0,0,0,0,0,0,0,1,0,0,0,0,0,0,0,1,0,0,0,0,0,0,0,0,0,0,1,0,0,0,0,0,0,1,0,1,0,0,0,1,0,0,0,1,0,0,0
-1.3995258850249577,-0.972283752569173,"After examining and inspecting the accident's site, the following was revealed:-
The vehicle that caused the accident was travelling from the south to the north, taking the right lane. The first afflicted vehicle was travelling from east to the west taking the the left lane. the second afflicted vehicle was travelling from the east to the west taking the right lane. and because the former vehicle was running the red light, the front side of it collided with the left front side of the first afflicted vehicle which in returns, drifted colliding with right front side of the  the second afflicted vehicle (motorcycle). and they both drifted and collided with left front side of third afflicted vehicle. All the vehicles stopped in the middle of the crossroad. As a result, the driver of the vehicle that caused the accident, and the two passengers were injured. The passengers of the first afflicted vehicle and the driver of the second afflicted vehicle, also were injured. Adding to that, material damages were caused to both vehicles. everything was settled ",-0.19746179160121255,-0.4015453331379524,-0.3676863281700941,1,0,0,1,0,0,0,-1.5288362586796909,0,0,1,0,0,0,0,0,0,0,0,0,0,0,0,0,0,0,0,0,0,0,0,0,0,0,0,1,0,0,1,0,0,1,0,0,0,0,0,0,0,0,0,0,0,0,0,0,0,0,0,0,0,0,1,0,0,0,0,0,0,0,0,1,0,0,0,1,0,0,0,0,0,0,0,0,0,0,0,0,0,0,0,1,0,0,0,0,0,1,0,1,0,0,0,0,0,1,0,1,0,0,0,0
-1.5591466925723767,-0.972283752569173,"After examining and inspecting the accident's site, the following was revealed:-
The vehicle that caused the accident was travelling from the south to the north, taking the right lane. The first afflicted vehicle was travelling from east to the west taking the the left lane. the second afflicted vehicle was travelling from the east to the west taking the right lane. and because the former vehicle was running the red light, the front side of it collided with the left front side of the first afflicted vehicle which in returns, drifted colliding with right front side of the  the second afflicted vehicle (motorcycle). and they both drifted and collided with left front side of third afflicted vehicle. All the vehicles stopped in the middle of the crossroad. As a result, the driver of the vehicle that caused the accident, and the two passengers were injured. The passengers of the first afflicted vehicle and the driver of the second afflicted vehicle, also were injured. Adding to that, material damages were caused to both vehicles. everything was settled",-0.19746179160121255,-0.4015453331379524,-0.3676863281700941,0,1,0,1,0,0,0,-1.5288362586796909,0,0,1,0,0,0,0,0,0,0,0,0,0,0,0,0,0,0,0,0,0,0,0,0,0,0,0,1,0,0,1,0,0,1,0,0,0,0,0,0,0,0,0,0,0,0,0,0,0,0,0,0,0,0,1,0,0,0,0,0,0,0,0,1,0,0,0,1,0,0,0,0,0,0,0,0,0,0,0,0,0,0,0,1,0,0,0,0,0,1,0,1,0,0,0,0,0,1,0,1,0,0,0,0
-0.06935248879646476,-0.972283752569173,"After examining and inspecting the accident's site, the following was revealed:-
The vehicle that caused the accident was travelling from the south to the north, taking the right lane. The first afflicted vehicle was travelling from east to the west taking the the left lane. the second afflicted vehicle was travelling from the east to the west taking the right lane. and because the former vehicle was running the red light, the front side of it collided with the left front side of the first afflicted vehicle which in returns, drifted colliding with right front side of the  the second afflicted vehicle (motorcycle). and they both drifted and collided with left front side of third afflicted vehicle. All the vehicles stopped in the middle of the crossroad. As a result, the driver of the vehicle that caused the accident, and the two passengers were injured. The passengers of the first afflicted vehicle and the driver of the second afflicted vehicle, also were injured. Adding to that, material damages were caused to both vehicles. everything was settled",-0.19746179160121255,-0.4015453331379524,-0.3676863281700941,1,0,0,1,0,0,0,-1.5288362586796909,0,0,1,0,0,0,0,0,0,0,0,0,0,0,0,0,0,0,0,0,0,0,0,0,0,0,0,1,0,0,1,0,0,1,0,0,0,0,0,0,0,0,0,0,0,0,0,0,0,0,0,0,0,0,1,0,0,0,0,0,0,0,0,1,0,0,0,1,0,0,0,0,0,0,0,0,0,0,0,0,0,0,0,1,0,0,0,0,0,0,1,0,0,1,0,0,0,1,0,1,0,0,0,0
0.1434752546000941,-0.972283752569173,"After examining and inspecting the accident's site, the following was revealed:-
The vehicle that caused the accident was travelling from the south to the north, taking the right lane. The first afflicted vehicle was travelling from east to the west taking the the left lane. the second afflicted vehicle was travelling from the east to the west taking the right lane. and because the former vehicle was running the red light, the front side of it collided with the left front side of the first afflicted vehicle which in returns, drifted colliding with right front side of the  the second afflicted vehicle (motorcycle). and they both drifted and collided with left front side of third afflicted vehicle. All the vehicles stopped in the middle of the crossroad. As a result, the driver of the vehicle that caused the accident, and the two passengers were injured. The passengers of the first afflicted vehicle and the driver of the second afflicted vehicle, also were injured. Adding to that, material damages were caused to both vehicles. everything was settled",-0.19746179160121255,-0.4015453331379524,-0.3676863281700941,1,0,0,1,0,0,0,-1.5288362586796909,0,0,1,0,0,0,0,0,0,0,0,0,0,0,0,0,0,0,0,0,0,0,0,0,0,0,0,1,0,0,1,0,0,1,0,0,0,0,0,0,0,0,0,0,0,0,0,0,0,0,0,0,0,0,1,0,0,0,0,0,0,0,0,1,0,0,0,1,0,0,0,0,0,0,0,0,0,0,0,0,0,0,0,1,0,0,0,0,0,0,1,0,1,0,0,0,1,0,0,1,0,0,0,0
0.40950993384579265,-0.972283752569173,"After examining and inspecting the accident's site, the following was revealed:-
The vehicle that caused the accident was travelling from the south to the north, taking the right lane. The first afflicted vehicle was travelling from east to the west taking the the left lane. the second afflicted vehicle was travelling from the east to the west taking the right lane. and because the former vehicle was running the red light, the front side of it collided with the left front side of the first afflicted vehicle which in returns, drifted colliding with right front side of the  the second afflicted vehicle (motorcycle). and they both drifted and collided with left front side of third afflicted vehicle. All the vehicles stopped in the middle of the crossroads. As a result, the driver of the vehicle that caused the accident, and the two passengers were injured. The passengers of the first afflicted vehicle and the driver of the second afflicted vehicle, also were injured. Adding to that, material damages were caused to both vehicles. everything was settled",-0.19746179160121255,-0.4015453331379524,-0.3676863281700941,0,1,0,1,0,0,0,-1.5288362586796909,0,0,1,0,0,0,0,0,0,0,0,0,0,0,0,0,0,0,0,0,0,0,0,0,0,0,0,1,0,0,1,0,0,1,0,0,0,0,0,0,0,0,0,0,0,0,0,0,0,0,0,0,0,0,1,0,0,0,0,0,0,0,0,1,0,0,0,1,0,0,0,0,0,0,0,0,0,0,0,0,0,0,0,1,0,0,0,0,0,0,1,0,1,0,0,0,1,0,0,1,0,0,0,0
-0.33538716804216334,-0.972283752569173,"After examining and inspecting the accident's site, the following was revealed:-
The vehicle that caused the accident was travelling from the south to the north, taking the right lane. The first afflicted vehicle was travelling from east to the west taking the the left lane. the second afflicted vehicle was travelling from the east to the west taking the right lane. and because the former vehicle was running the red light, the front side of it collided with the left front side of the first afflicted vehicle which in returns, drifted colliding with right front side of the  the second afflicted vehicle (motorcycle). and they both drifted and collided with left front side of third afflicted vehicle. All the vehicles stopped in the middle of the crossroad. As a result, the driver of the vehicle that caused the accident, and the two passengers were injured. The passengers of the first afflicted vehicle and the driver of the second afflicted vehicle, also were injured. Adding to that, material damages were caused to both vehicles. everything was settled",-0.19746179160121255,-0.4015453331379524,-0.3676863281700941,0,1,0,1,0,0,0,-1.5288362586796909,0,0,1,0,0,0,0,0,0,0,0,0,0,0,0,0,0,0,0,0,0,0,0,0,0,0,0,1,0,0,1,0,0,1,0,0,0,0,0,0,0,0,0,0,0,0,0,0,0,0,0,0,0,0,1,0,0,0,0,0,0,0,0,1,0,0,0,1,0,0,0,0,0,0,0,0,0,0,0,0,0,0,0,1,0,0,0,0,0,0,1,0,1,0,0,0,1,0,0,0,1,0,0,0
0.1434752546000941,-0.9585651851878045,"After examining and inspecting the accident's site, the following was revealed:- After examining and inspecting the accident's site, the following was revealed:-
The vehicle that caused the accident was travelling from the west to the east, taking the middle lane, while the afflicted vehicle was travelling from west to the east, taking the middle lane. The front side of former collided with the back side of the afflicted vehicle because he did not keep his distance. As a result, the driver of the afflicted vehicle was injured and material damages were caused to both vehicles, as shown in the diagram.",-0.19746179160121255,-0.4015453331379524,-0.3676863281700941,0,1,0,1,0,0,0,-1.5311783707636366,0,0,0,0,0,0,0,0,0,0,0,0,0,0,0,0,0,0,1,0,0,0,0,0,0,0,0,1,0,0,1,0,0,0,0,1,0,0,0,0,0,0,0,0,0,0,0,0,0,0,0,0,0,0,0,0,0,0,0,1,0,0,0,1,0,0,0,0,0,1,0,0,0,0,0,0,0,0,0,0,0,0,0,0,0,1,0,0,0,0,1,0,1,0,0,0,1,0,0,0,0,0,0,1
-1.3995258850249577,-0.972283752569173,"After examining and inspecting the accident's site, the following was revealed:- The vehicle that caused the accident was travelling from the north to the south, taking the right lane on a side-street. And while the accident victim was crossing the street, the former committed a hit and run causing injuries to the victim. no damage was caused to the vehicle and everything was settled.",-2.637685636673014,-0.4015453331379524,-1.3684844507234735,0,1,0,1,0,0,0,-1.5278731471685358,0,0,0,0,0,0,0,0,0,0,0,0,0,0,0,0,0,0,0,0,0,1,0,0,0,0,0,0,1,0,1,0,0,1,0,0,0,0,0,0,0,0,0,0,0,0,0,0,0,0,0,0,0,0,0,0,0,0,0,0,0,1,0,1,0,0,0,1,0,0,0,0,0,0,0,0,0,0,0,0,0,0,0,0,1,0,0,0,0,1,0,0,0,0,1,0,0,0,1,1,0,0,0,0
0.6223376772423516,-0.7802238092300142,"After examining and inspecting the accident's site, the following was revealed:-
The vehicle that caused the accident was travelling from the south to the north inside a parking lot. The two afflicted vehicles were parked inside. And because the former wasn't cautious, the front left side of his vehicle collided with back side of the first afflicted vehicle, then it drifted and the front side of it collided with the back left side of the second afflicted vehicle. As a result, the driver of the vehicle that caused the accident was injured and material damages were caused to all the vehicles, as shown in the diagram.",-2.637685636673014,-0.4015453331379524,-2.3692825732768528,0,1,0,0,0,1,0,-1.52442564573656,0,0,0,0,0,0,0,0,0,0,0,0,1,0,0,0,0,0,0,0,0,0,0,0,0,0,1,0,0,0,1,0,0,1,0,0,0,0,0,0,0,0,0,0,0,0,0,0,0,0,0,1,0,0,0,0,0,0,0,0,0,0,0,1,0,0,0,0,0,1,0,0,0,0,0,0,0,0,0,0,0,0,0,0,0,0,0,1,0,0,1,0,1,0,0,0,1,0,0,1,0,0,0,0
0.3030960621475132,-0.9174094830436991,"After examining and inspecting the accident's site, the following was revealed:- The vehicle that caused the accident and the afflicted vehicle were both travelling from the east to the west to take a left turn. And when they both reached the edge of the traffic road, the front side of the former vehicle collided with the back side of the latter. and all of that because the driver of the former vehicle wasn't paying attention and thought that the afflicted vehicle was moving. As a result, the driver of the afflicted vehicle was injured and material damages were caused to both vehicles. everything was settled as shown in the diagram.",-0.19746179160121255,-0.4015453331379524,-2.3692825732768528,1,0,0,0,0,1,0,-1.5336737051334477,0,0,0,0,0,0,0,0,0,0,0,0,0,0,1,0,0,0,0,0,0,0,0,0,0,0,0,0,1,0,1,0,0,0,0,0,0,0,0,0,0,0,1,0,0,0,0,0,0,0,0,0,0,0,1,0,0,0,0,0,0,0,0,1,0,0,0,0,0,0,0,0,1,0,0,0,0,0,0,0,0,0,0,0,0,1,0,0,0,0,1,0,1,0,0,0,1,0,0,0,0,0,0,1