Age of the injured,Str Code,Accident Description,Road speed limit,Pedestrian action,Number of Lanes,Gender_F,Gender_M,Week_Fifth week,Week_First week,Week_Fourth week,Week_Second week,Week_Third week,Date_time,Reasons__??? ????? ?????? ?????? ???? ????? ??? ???? ???????,Reasons__???? ?? ??????? (???),Reasons__Bypassing the red traffic light,Reasons__Driving back without attention,Reasons__Driving back without traffic clearance,Reasons__Driving in the opposite direction,Reasons__Entering main road without traffic clearance,Reasons__Exceeding speed limit,Reasons__Fatigue and drowsiness,Reasons__Faults in the road,Reasons__Ignoring road lane,Reasons__Ignoring traffic lights,Reasons__Lack of driving awareness,Reasons__Misuse of traffic,Reasons__Negligence and inobservance,Reasons__Negligent driving,Reasons__Not giving priority to pedestrian crossing,Reasons__Not giving way / not giving priority,Reasons__Not leaving enough space,Reasons__Not observing the stop sign,Reasons__Not securing vehicle stability while stopping,Reasons__Speedy without taking road conditions into account,Reasons__Sudden deviation,Reasons__Sudden stop,Reasons__Tyre burst,Reasons__under influence of intoxicant or narcotic drug,__Al Madina Police Station,__Khaldiya Police Station,__Shaabiya Police Station,Streetname_Intersection,Streetname_Street,place__Bridge / Tunnel,place__Coastal area,place__Commercial area,place__Fuel Station,place__Govt. authority,place__Hospital,place__Island,place__Mosque,place__One level intersection,place__Other,place__Park,place__Residential area,place__Sand area,place__School,place__Work area,place__external road,place__unknown,location__ ,location__Bridge,location__Bridge /  Tunnel,location__Car parking,location__Double road,location__Highway,location__Intersection,location__Off the road,location__Other(specify),location__Roundabout,location__Side parking,location__Single road,location__Tunnel,location__Two-way road,location__Unknown,lighting__day,lighting__night - enough lights,lighting__night - weak lights,intersection__Deviated intersection,intersection__Half Perpendicular Intersection,intersection__Multiple leg Intersection,intersection__Not on Intersection,intersection__Not on or around 20 meters,intersection__Other,intersection__Perpendicular Intersection,intersection__Roundabout,intersection__Turn ,accidentype__Collision while turning,accidentype__Fall,accidentype__Hitting a moving object off the road,accidentype__Hitting a moving object on the road,accidentype__Hitting a stationary object off the road,accidentype__Hitting a stationary object on the road,accidentype__Multiple collision,accidentype__Other (specify),accidentype__Perpendicular collision,accidentype__Person run over,accidentype__Rear collision,accidentype__Reciprocal collision,accidentype__Side collision,accidentype__deterioration,seat belt_N,seat belt_Y,seat_Back passenger seat,seat_Driver's seat,seat_Front passenger seat,seat_No passenger,seat_bike passenger,position_Driver,position_Passenger,position_Pedestrian,nationality_Arab States,nationality_Asian States,nationality_GCC,nationality_Other,nationality_UAE
-0.7078357189861413,-0.944846617806436,"After examining and inspecting the accident's site, the following was revealed:- The vehicle that caused the accident and the afflicted vehicle were both travelling from the east to the west. the former was taking the second lane from the left while the latter was taking the second lane from the right. the former drifted out of it's lane and into the lane of the afflicted vehicle leading the latter to also drift to the right side and crash it's front right side into the iron fence which was on side of the road. then the afflicted vehicle made a half spin and crashed it's back left side into the iron fence for a second time. As a result, physical injuries and material damages were caused to driver and the afflicted vehicle. and damages were caused to the state's properties as shown in the diagram.",2.2427620534705888,-0.4015453331379524,0.6331117943832852,1,0,0,0,0,1,0,-1.5267787022694959,0,0,0,0,0,0,0,0,0,0,0,0,0,0,0,0,0,0,0,0,0,0,1,0,0,0,0,1,0,0,1,0,0,0,0,1,0,0,0,0,0,0,0,0,0,0,0,0,0,0,0,0,0,1,0,0,0,0,0,0,0,0,0,1,0,0,0,0,0,1,0,0,0,0,0,0,0,0,0,0,1,0,0,0,0,0,0,0,0,1,0,0,0,1,0,0,0,1,0,0,0,0,0,1
-0.6014218472878619,-0.944846617806436,"After examining and inspecting the accident's site, the following was revealed:- The vehicle that caused the accident and the afflicted vehicle were both travelling from the east to the west. the former was taking the second lane from the left while the latter was taking the second lane from the right. the former drifted out of it's lane and into the lane of the afflicted vehicle leading the latter to also drift to the right side and crash it's front right side into the iron fence which was on side of the road. then the afflicted vehicle made a half spin and crashed it's back left side into the iron fence for a second time. As a result, physical injuries and material damages were caused to driver and the afflicted vehicle. and damages were caused to the state's properties as shown in the diagram.",2.2427620534705888,-0.4015453331379524,0.6331117943832852,1,0,0,0,0,1,0,-1.5267787022694959,0,0,0,0,0,0,0,0,0,0,0,0,0,0,0,0,0,0,0,0,0,0,1,0,0,0,0,1,0,0,1,0,0,0,0,1,0,0,0,0,0,0,0,0,0,0,0,0,0,0,0,0,0,1,0,0,0,0,0,0,0,0,0,1,0,0,0,0,0,1,0,0,0,0,0,0,0,0,0,0,1,0,0,0,0,0,0,0,0,0,1,0,1,0,0,0,1,0,0,0,0,0,0,1
-0.38859410389130306,-0.9997208873319099,"After examining and inspecting the accident's site, the following was revealed:-
The vehicle that caused the accident and the first afflicted vehicle were both travelling from west to the east taking the second left lane, while the second afflicted vehicle was travelling from west to the east taking the third lane from the left. the front side of the former collided with the with the back side of the first afflicted vehicle and drifted to collide again with left side of the second afflicted vehicle and all of that was because of it's high speed and violation of the traffic rules.  As a result, physical injuries and material damages were caused to driver and vehicles. as shown in the diagram.",1.0226501309346883,-0.4015453331379524,0.6331117943832852,0,1,0,0,0,1,0,-1.5269975912493037,0,0,0,0,0,0,0,0,0,0,0,0,0,0,0,0,0,0,0,0,0,1,0,0,0,0,0,0,1,0,1,0,0,1,0,0,0,0,0,0,0,0,0,0,0,0,0,0,0,0,1,0,0,0,0,0,0,0,0,0,0,0,0,1,0,0,0,0,0,1,0,0,0,0,0,0,0,0,0,0,0,0,0,0,0,1,0,0,0,0,1,0,1,0,0,0,1,0,0,0,0,0,0,1
1.7396833300742855,-0.9997208873319099,"After examining and inspecting the accident's site, the following was revealed:-
The vehicle that caused the accident and the first afflicted vehicle were both travelling from west to the east taking the second left lane, while the second afflicted vehicle was travelling from west to the east taking the third lane from the left. the front side of the former collided with the with the back side of the first afflicted vehicle and drifted to collide again with left side of the second afflicted vehicle and all of that was because of it's high speed and violation of the traffic rules.  As a result, physical injuries and material damages were caused to driver and vehicles. as shown in the diagram.",1.0226501309346883,-0.4015453331379524,0.6331117943832852,0,1,0,0,0,1,0,-1.5269975912493037,0,0,0,0,0,0,0,0,0,0,0,0,0,0,0,0,0,0,0,0,0,1,0,0,0,0,0,0,1,0,1,0,0,1,0,0,0,0,0,0,0,0,0,0,0,0,0,0,0,0,1,0,0,0,0,0,0,0,0,0,0,0,0,1,0,0,0,0,0,1,0,0,0,0,0,0,0,0,0,0,0,0,0,0,0,1,0,0,0,0,1,0,1,0,0,0,1,0,0,0,0,1,0,0
-0.38859410389130306,0.18007590746577945,"After examining and inspecting the accident's site, the following was revealed:-
the vehicle that caused the accident was travelling from the east to the west taking a left turn to the south and running the red light. The first afflicted vehicle was travelling from the west to the east going straight. The second afflicted vehicle was travelling from from the south to the north and taking a right turn to the east. When they all reached the crossroads, the front of the former vehicle collided with back left side of the first afflicted vehicle leading it to drift because of the powerful impact and collide from the back with the left side of the second afflicted vehicle. Then they all stopped. The accident was diagrammed. ",-0.19746179160121255,-0.4015453331379524,0.6331117943832852,1,0,0,0,0,1,0,-1.5357531504416237,0,0,1,0,0,0,0,0,0,0,0,0,0,0,0,0,0,0,0,0,0,0,0,0,0,0,0,0,1,0,1,0,0,1,0,0,0,0,0,0,0,0,0,0,0,0,0,0,0,0,0,0,0,0,1,0,0,0,0,0,0,0,0,1,0,0,0,0,0,0,0,0,1,0,0,0,0,0,0,0,0,0,0,1,0,0,0,0,0,0,1,0,0,1,0,0,0,1,0,1,0,0,0,0
1.0479931640354692,0.18007590746577945,"After examining and inspecting the accident's site, the following was revealed:-
the vehicle that caused the accident was travelling from the east to the west taking a left turn to the south and running the red light. The first afflicted vehicle was travelling from the west to the east going straight. The second afflicted vehicle was travelling from from the south to the north and taking a right turn to the east. When they all reached the crossroads, the front of the former vehicle collided with back left side of the first afflicted vehicle leading it to drift because of the powerful impact and collide from the back with the left side of the second afflicted vehicle. Then they all stopped. The accident was diagrammed.",-0.19746179160121255,-0.4015453331379524,0.6331117943832852,1,0,0,0,0,1,0,-1.5357531504416237,0,0,1,0,0,0,0,0,0,0,0,0,0,0,0,0,0,0,0,0,0,0,0,0,0,0,0,0,1,0,1,0,0,1,0,0,0,0,0,0,0,0,0,0,0,0,0,0,0,0,0,0,0,0,1,0,0,0,0,0,0,0,0,1,0,0,0,0,0,0,0,0,1,0,0,0,0,0,0,0,0,0,0,1,0,0,0,0,0,0,1,0,1,0,0,0,1,0,0,1,0,0,0,0
0.35630299799665294,0.3995729855676751,"After examining and inspecting the accident's site, the following was revealed:- the vehicle that caused the accident was travelling from the north to the south taking the left lane. The victim was running from the west to the east to cross the street from between the cars and was met by the the former vehicle after he appeared suddenly coming out from between the cars that was waiting for the green light and hit him from the right side. As as a result, the victim was moderately injured and material damages were caused to the vehicle. ",-0.19746179160121255,2.490378837640347,0.6331117943832852,0,1,0,0,0,1,0,-1.5226417005511246,0,0,0,0,0,0,0,0,0,0,0,0,0,1,0,0,0,0,0,0,0,0,0,0,0,0,1,0,0,0,1,0,0,1,0,0,0,0,0,0,0,0,0,0,0,0,0,0,0,0,0,0,0,1,0,0,0,0,0,0,0,0,0,0,1,0,0,0,0,0,0,0,1,0,0,0,0,0,0,0,0,0,0,0,1,0,0,0,0,1,0,0,0,0,1,0,0,0,1,0,1,0,0,0
0.03706138290181467,0.18007590746577945,"After examining and inspecting the accident's site, the following was revealed:- The vehicle that caused the accident was travelling from the east to the south and running the red light. The afflicted vehicle was travelling from the west to the east. The two vehicles met in the crossroads and the former collided from the frond side with the front right side of the afflicted vehicle. As a result, the driver of the former vehicle was injured and material damages were caused to the vehicles. As shown in the diagram.",-0.19746179160121255,-0.4015453331379524,0.6331117943832852,1,0,0,0,0,1,0,-0.22033982628546955,0,0,1,0,0,0,0,0,0,0,0,0,0,0,0,0,0,0,0,0,0,0,0,0,0,0,0,0,1,0,1,0,0,1,0,0,0,0,0,0,0,0,0,0,0,0,0,0,0,0,0,0,0,0,1,0,0,0,0,0,0,0,0,0,1,0,0,0,0,0,0,0,1,0,0,0,0,0,0,0,0,0,0,1,0,0,0,0,0,0,1,0,1,0,0,0,1,0,0,0,1,0,0,0
-1.5591466925723767,0.18007590746577945,"After examining and inspecting the accident's site, the following was revealed:- The vehicle that caused the accident was travelling from the east to the south and running the red light. The afflicted vehicle was travelling from the west to the east. The two vehicles met in the crossroads and the former collided from the frond side with the front right side of the afflicted vehicle. As a result, the driver of the former vehicle was injured and material damages were caused to the vehicles. As shown in the diagram.",-0.19746179160121255,-0.4015453331379524,0.6331117943832852,1,0,0,0,0,1,0,-0.22033982628546955,0,0,1,0,0,0,0,0,0,0,0,0,0,0,0,0,0,0,0,0,0,0,0,0,0,0,0,0,1,0,1,0,0,1,0,0,0,0,0,0,0,0,0,0,0,0,0,0,0,0,0,0,0,0,1,0,0,0,0,0,0,0,0,0,1,0,0,0,0,0,0,0,1,0,0,0,0,0,0,0,0,0,0,1,0,0,0,0,0,1,0,1,0,0,0,0,0,1,0,0,1,0,0,0
0.46271686969493236,-0.972283752569173,"After examining and inspecting the accident's site, the following was revealed:- The vehicle that caused the accident (motorcycle) was travelling from the east to the west taking the far right lane. And because he suddenly swerved, and crashed. As a result, a material damages were caused to the vehicle, the driver was moderately injured and was admitted to Khalifa Hospital.",-0.19746179160121255,-0.4015453331379524,-0.3676863281700941,0,1,0,0,0,1,0,-0.21046793329612892,0,0,0,0,0,0,0,0,0,0,0,0,0,0,0,0,0,0,0,0,0,0,1,0,0,0,0,1,0,0,1,0,0,0,0,1,0,0,0,0,0,0,0,0,0,0,0,0,0,0,0,0,1,0,0,0,0,0,0,0,0,0,0,0,1,0,0,0,0,1,0,0,0,0,0,0,0,0,0,0,0,0,0,0,0,0,0,0,1,1,0,0,1,0,0,0,1,0,0,0,0,0,0,1
-0.2289732963438839,-0.8076609439927512,"After examining and inspecting the accident's site, the following was revealed:-
the vehicle that caused the accident was travelling from the north to the south taking the middle lane. While, the victim was crossing the street from the middle, the former hit him with the side of his car sending him flying 4 meters across the street and he passed out. The driver violated the pedestrian rules.  As a result, the victim was severely injured. The accident was diagrammed and everything was settled.",-0.19746179160121255,2.490378837640347,-0.3676863281700941,0,1,0,0,0,1,0,-0.10102344339213075,0,0,0,0,0,0,0,0,0,0,0,0,0,1,0,0,0,0,0,0,0,0,0,0,0,0,0,0,1,0,1,0,0,1,0,0,0,0,0,0,0,0,0,0,0,0,0,0,0,0,0,0,0,1,0,0,0,0,0,0,0,0,0,0,1,0,0,0,0,0,1,0,0,0,0,0,0,0,0,0,0,0,0,0,1,0,0,0,0,1,0,0,0,0,1,0,0,0,1,0,1,0,0,0
-0.06935248879646476,-0.8350980787554881,"After examining and inspecting the accident's site, the following was revealed:- The vehicle that caused the accident was travelling from south to the north taking the right lane. The other afflicted vehicles were travelling to the same direction while taking different lanes. When the afflicted vehicles reach the crossroads they stopped waiting in the traffic. The former violated the traffic rules and was speeding when he crashed into the side-walk and the wall then drifted and collided with the back side of the first afflicted vehicle and as response it crashed with the back side of the second afflicted then sequentially from the sides and the front colliding with the next vehicle then the one after. as a result, ten people were injured from amongst drivers and passengers. They all received medical treatment and two of them were severely injured and were to admitted to the hospital. Material damages were caused to the vehicles and the state's properties. As shown in the diagram. 
",-0.19746179160121255,-0.4015453331379524,0.6331117943832852,0,1,0,0,0,1,0,-0.10542311188627147,0,0,0,0,0,0,0,0,0,0,0,0,0,0,0,0,0,0,0,0,0,1,0,0,0,0,0,1,0,0,1,0,0,0,0,1,0,0,0,0,0,0,0,0,0,0,0,0,0,0,0,0,1,0,0,0,0,0,0,0,0,0,0,1,0,0,0,0,0,0,1,0,0,0,0,0,0,0,0,0,0,0,0,0,0,1,0,0,0,0,1,0,1,0,0,0,1,0,0,1,0,0,0,0
-1.505939756723237,-0.8350980787554881,"After examining and inspecting the accident's site, the following was revealed:- The vehicle that caused the accident was travelling from south to the north taking the right lane. The other afflicted vehicles were travelling to the same direction while taking different lanes. When the afflicted vehicles reach the crossroads they stopped waiting in the traffic. The former violated the traffic rules and was speeding when he crashed into the side-walk and the wall then drifted and collided with the back side of the first afflicted vehicle and as response it crashed with the back side of the second afflicted then sequentially from the sides and the front colliding with the next vehicle then the one after. as a result, ten people were injured from amongst drivers and passengers. They all received medical treatment and two of them were severely injured and were to admitted to the hospital. Material damages were caused to the vehicles and the state's properties. As shown in the diagram. 
",-0.19746179160121255,-0.4015453331379524,0.6331117943832852,0,1,0,0,0,1,0,-0.10542311188627147,0,0,0,0,0,0,0,0,0,0,0,0,0,0,0,0,0,0,0,0,0,1,0,0,0,0,0,1,0,0,1,0,0,0,0,1,0,0,0,0,0,0,0,0,0,0,0,0,0,0,0,0,1,0,0,0,0,0,0,0,0,0,0,1,0,0,0,0,0,0,1,0,0,0,0,0,0,0,0,0,0,0,0,0,0,1,0,0,0,1,0,1,0,0,0,0,0,1,0,1,0,0,0,0
-0.06935248879646476,-0.8350980787554881,"After examining and inspecting the accident's site, the following was revealed:- The vehicle that caused the accident was travelling from south to the north taking the right lane. The other afflicted vehicles were travelling to the same direction while taking different lanes. When the afflicted vehicles reach the crossroads they stopped waiting in the traffic. The former violated the traffic rules and was speeding when he crashed into the side-walk and the wall then drifted and collided with the back side of the first afflicted vehicle and as response it crashed with the back side of the second afflicted then sequentially from the sides and the front colliding with the next vehicle then the one after. as a result, ten people were injured from amongst drivers and passengers. They all received medical treatment and two of them were severely injured and were to admitted to the hospital. Material damages were caused to the vehicles and the state's properties. As shown in the diagram. 
",-0.19746179160121255,-0.4015453331379524,0.6331117943832852,0,1,0,0,0,1,0,-0.10542311188627147,0,0,0,0,0,0,0,0,0,0,0,0,0,0,0,0,0,0,0,0,0,1,0,0,0,0,0,1,0,0,1,0,0,0,0,1,0,0,0,0,0,0,0,0,0,0,0,0,0,0,0,0,1,0,0,0,0,0,0,0,0,0,0,1,0,0,0,0,0,0,1,0,0,0,0,0,0,0,0,0,0,0,0,0,0,1,0,0,0,0,1,0,1,0,0,0,1,0,0,1,0,0,0,0
0.9415792923371898,-0.8350980787554881,"After examining and inspecting the accident's site, the following was revealed:- The vehicle that caused the accident was travelling from south to the north taking the right lane. The other afflicted vehicles were travelling to the same direction while taking different lanes. When the afflicted vehicles reach the crossroads they stopped waiting in the traffic. The former violated the traffic rules and was speeding when he crashed into the side-walk and the wall then drifted and collided with the back side of the first afflicted vehicle and as response it crashed with the back side of the second afflicted then sequentially from the sides and the front colliding with the next vehicle then the one after. as a result, ten people were injured from amongst drivers and passengers. They all received medical treatment and two of them were severely injured and were to admitted to the hospital. Material damages were caused to the vehicles and the state's properties. As shown in the diagram. 
",-0.19746179160121255,-0.4015453331379524,0.6331117943832852,1,0,0,0,0,1,0,-0.10542311188627147,0,0,0,0,0,0,0,0,0,0,0,0,0,0,0,0,0,0,0,0,0,1,0,0,0,0,0,1,0,0,1,0,0,0,0,1,0,0,0,0,0,0,0,0,0,0,0,0,0,0,0,0,1,0,0,0,0,0,0,0,0,0,0,1,0,0,0,0,0,0,1,0,0,0,0,0,0,0,0,0,0,0,0,0,0,1,0,0,0,0,1,1,0,0,0,0,0,1,0,0,1,0,0,0
0.7819584847897707,-0.8350980787554881,"After examining and inspecting the accident's site, the following was revealed:- The vehicle that caused the accident was travelling from south to the north taking the right lane. The other afflicted vehicles were travelling to the same direction while taking different lanes. When the afflicted vehicles reach the crossroads they stopped waiting in the traffic. The former violated the traffic rules and was speeding when he crashed into the side-walk and the wall then drifted and collided with the back side of the first afflicted vehicle and as response it crashed with the back side of the second afflicted then sequentially from the sides and the front colliding with the next vehicle then the one after. as a result, ten people were injured from amongst drivers and passengers. They all received medical treatment and two of them were severely injured and were to admitted to the hospital. Material damages were caused to the vehicles and the state's properties. As shown in the diagram. 
",-0.19746179160121255,-0.4015453331379524,0.6331117943832852,1,0,0,0,0,1,0,-0.10542311188627147,0,0,0,0,0,0,0,0,0,0,0,0,0,0,0,0,0,0,0,0,0,1,0,0,0,0,0,1,0,0,1,0,0,0,0,1,0,0,0,0,0,0,0,0,0,0,0,0,0,0,0,0,1,0,0,0,0,0,0,0,0,0,0,1,0,0,0,0,0,0,1,0,0,0,0,0,0,0,0,0,0,0,0,0,0,1,0,0,0,0,1,1,0,0,0,0,0,1,0,0,1,0,0,0
0.46271686969493236,-0.8350980787554881,"After examining and inspecting the accident's site, the following was revealed:- The vehicle that caused the accident was travelling from south to the north taking the right lane. The other afflicted vehicles were travelling to the same direction while taking different lanes. When the afflicted vehicles reach the crossroads they stopped waiting in the traffic. The former violated the traffic rules and was speeding when he crashed into the side-walk and the wall then drifted and collided with the back side of the first afflicted vehicle and as response it crashed with the back side of the second afflicted then sequentially from the sides and the front colliding with the next vehicle then the one after. as a result, ten people were injured from amongst drivers and passengers. They all received medical treatment and two of them were severely injured and were to admitted to the hospital. Material damages were caused to the vehicles and the state's properties. As shown in the diagram. 
",-0.19746179160121255,-0.4015453331379524,0.6331117943832852,1,0,0,0,0,1,0,-0.10542311188627147,0,0,0,0,0,0,0,0,0,0,0,0,0,0,0,0,0,0,0,0,0,1,0,0,0,0,0,1,0,0,1,0,0,0,0,1,0,0,0,0,0,0,0,0,0,0,0,0,0,0,0,0,1,0,0,0,0,0,0,0,0,0,0,1,0,0,0,0,0,0,1,0,0,0,0,0,0,0,0,0,0,0,0,0,0,1,0,0,0,1,0,1,0,0,0,0,0,1,0,0,1,0,0,0
-1.1866981416283988,-0.8350980787554881,"After examining and inspecting the accident's site, the following was revealed:- The vehicle that caused the accident was travelling from south to the north taking the right lane. The other afflicted vehicles were travelling to the same direction while taking different lanes. When the afflicted vehicles reach the crossroads they stopped waiting in the traffic. The former violated the traffic rules and was speeding when he crashed into the side-walk and the wall then drifted and collided with the back side of the first afflicted vehicle and as response it crashed with the back side of the second afflicted then sequentially from the sides and the front colliding with the next vehicle then the one after. as a result, ten people were injured from amongst drivers and passengers. They all received medical treatment and two of them were severely injured and were to admitted to the hospital. Material damages were caused to the vehicles and the state's properties. As shown in the diagram. 
",-0.19746179160121255,-0.4015453331379524,0.6331117943832852,1,0,0,0,0,1,0,-0.10542311188627147,0,0,0,0,0,0,0,0,0,0,0,0,0,0,0,0,0,0,0,0,0,1,0,0,0,0,0,1,0,0,1,0,0,0,0,1,0,0,0,0,0,0,0,0,0,0,0,0,0,0,0,0,1,0,0,0,0,0,0,0,0,0,0,1,0,0,0,0,0,0,1,0,0,0,0,0,0,0,0,0,0,0,0,0,0,1,0,0,0,1,0,1,0,0,0,0,0,1,0,1,0,0,0,0
-0.8674565265335604,-0.8350980787554881,"After examining and inspecting the accident's site, the following was revealed:- The vehicle that caused the accident was travelling from south to the north taking the right lane. The other afflicted vehicles were travelling to the same direction while taking different lanes. When the afflicted vehicles reach the crossroads they stopped waiting in the traffic. The former violated the traffic rules and was speeding when he crashed into the side-walk and the wall then drifted and collided with the back side of the first afflicted vehicle and as response it crashed with the back side of the second afflicted then sequentially from the sides and the front colliding with the next vehicle then the one after. as a result, ten people were injured from amongst drivers and passengers. They all received medical treatment and two of them were severely injured and were to admitted to the hospital. Material damages were caused to the vehicles and the state's properties. As shown in the diagram. 
",-0.19746179160121255,-0.4015453331379524,0.6331117943832852,0,1,0,0,0,1,0,-0.10542311188627147,0,0,0,0,0,0,0,0,0,0,0,0,0,0,0,0,0,0,0,0,0,1,0,0,0,0,0,1,0,0,1,0,0,0,0,1,0,0,0,0,0,0,0,0,0,0,0,0,0,0,0,0,1,0,0,0,0,0,0,0,0,0,0,1,0,0,0,0,0,0,1,0,0,0,0,0,0,0,0,0,0,0,0,0,0,1,0,0,0,1,0,0,0,1,0,0,0,1,0,1,0,0,0,0
-0.8142495906844207,-0.8350980787554881,"After examining and inspecting the accident's site, the following was revealed:- The vehicle that caused the accident was travelling from south to the north taking the right lane. The other afflicted vehicles were travelling to the same direction while taking different lanes. When the afflicted vehicles reach the crossroads they stopped waiting in the traffic. The former violated the traffic rules and was speeding when he crashed into the side-walk and the wall then drifted and collided with the back side of the first afflicted vehicle and as response it crashed with the back side of the second afflicted then sequentially from the sides and the front colliding with the next vehicle then the one after. as a result, ten people were injured from amongst drivers and passengers. They all received medical treatment and two of them were severely injured and were to admitted to the hospital. Material damages were caused to the vehicles and the state's properties. As shown in the diagram. 
",-0.19746179160121255,-0.4015453331379524,0.6331117943832852,1,0,0,0,0,1,0,-0.10542311188627147,0,0,0,0,0,0,0,0,0,0,0,0,0,0,0,0,0,0,0,0,0,1,0,0,0,0,0,1,0,0,1,0,0,0,0,1,0,0,0,0,0,0,0,0,0,0,0,0,0,0,0,0,1,0,0,0,0,0,0,0,0,0,0,1,0,0,0,0,0,0,1,0,0,0,0,0,0,0,0,0,0,0,0,0,0,1,0,0,0,1,0,1,0,0,0,0,0,1,0,1,0,0,0,0
0.9415792923371898,-0.8350980787554881,"After examining and inspecting the accident's site, the following was revealed:- The vehicle that caused the accident was travelling from south to the north taking the right lane. The other afflicted vehicles were travelling to the same direction while taking different lanes. When the afflicted vehicles reach the crossroads they stopped waiting in the traffic. The former violated the traffic rules and was speeding when he crashed into the side-walk and the wall then drifted and collided with the back side of the first afflicted vehicle and as response it crashed with the back side of the second afflicted then sequentially from the sides and the front colliding with the next vehicle then the one after. as a result, ten people were injured from amongst drivers and passengers. They all received medical treatment and two of them were severely injured and were to admitted to the hospital. Material damages were caused to the vehicles and the state's properties. As shown in the diagram. 
",-0.19746179160121255,-0.4015453331379524,0.6331117943832852,1,0,0,0,0,0,1,-0.10542311188627147,0,0,0,0,0,0,0,0,0,0,0,0,0,0,0,0,0,0,0,0,0,1,0,0,0,0,0,1,0,0,1,0,0,0,0,1,0,0,0,0,0,0,0,0,0,0,0,0,0,0,0,0,1,0,0,0,0,0,0,0,0,0,0,1,0,0,0,0,0,0,1,0,0,0,0,0,0,0,0,0,0,0,0,0,0,1,0,0,0,1,0,1,0,0,0,0,0,1,0,1,0,0,0,0
-0.06935248879646476,0.19379447484714793,"After examining and inspecting the accident's site, the following was revealed:-
the vehicle that caused the accident was travelling from the west to the north taking the second lane from left. The first afflicted vehicle was travelling from the east to the to the west taking the middle lane. The second and the third afflicted vehicles were standing on the left north side of the cross-road. The former ran the red light and the right side of his vehicle collided with right from side of the second afflicted vehicle. Which lead that the former to drift to the north and collide with the second afflicted vehicle which in returns collided from the back side with front side of the third afflicted vehicle. As shown in the diagram. ",-0.19746179160121255,-0.4015453331379524,0.6331117943832852,0,1,0,0,0,0,1,-0.0022169579068011956,0,0,1,0,0,0,0,0,0,0,0,0,0,0,0,0,0,0,0,0,0,0,0,0,0,0,1,0,0,0,1,0,0,1,0,0,0,0,0,0,0,0,0,0,0,0,0,0,0,0,0,0,0,0,1,0,0,0,0,0,0,0,0,0,0,1,0,0,0,0,0,0,1,0,0,0,0,0,0,0,0,0,0,1,0,0,0,0,0,1,0,0,0,1,0,0,0,1,0,0,0,0,0,1
-0.38859410389130306,-0.9860023199505414,"the vehicle that caused the accident was travelling from the west to the east and drifted out it’s lane and out of the road them crashed into the side-walk and all of that was because the driver was distracted. as a result, the driver was moderately injured as shown in the diagram.",1.0226501309346883,-0.4015453331379524,0.6331117943832852,0,1,0,0,0,0,1,0.09973058443877311,0,0,0,0,0,0,0,0,0,0,0,0,0,0,1,0,0,0,0,0,0,0,0,0,0,0,0,0,1,0,1,0,0,0,0,1,0,0,0,0,0,0,0,0,0,0,0,0,0,0,0,0,0,1,0,0,0,0,0,0,0,0,0,0,1,0,0,0,0,1,0,0,0,0,0,0,0,0,0,0,0,0,0,0,0,0,0,0,1,0,1,0,1,0,0,0,1,0,0,0,1,0,0,0
0.7819584847897707,1.3873098370262058,"after examining and inspecting the accident's site, the following was revealed:-
the vehicle that caused the accident was travelling from the .. And taking a turn to the east. The afflicted vehicle was travelling from the south to the north taking the right lane. The former ran the red light and it’s the front right side collided with the front side of the afflicted vehicle. As a result, both drivers were injured and received medical treatment Sheikh Khalifa Hospital. As shown in the diagram.",1.0226501309346883,-0.4015453331379524,0.6331117943832852,1,0,0,0,0,0,1,0.10704147636436018,0,0,1,0,0,0,0,0,0,0,0,0,0,0,0,0,0,0,0,0,0,0,0,0,0,0,0,0,1,0,1,0,0,1,0,0,0,0,0,0,0,0,0,0,0,0,0,0,0,0,0,0,0,0,1,0,0,0,0,0,0,0,0,1,0,0,0,0,0,0,0,0,1,0,0,0,0,0,0,0,0,0,0,0,0,0,0,1,0,1,0,0,1,0,0,0,1,0,0,1,0,0,0,0