Age of the injured,Str Code,Accident Description,Road speed limit,Pedestrian action,Number of Lanes,Gender_F,Gender_M,Week_Fifth week,Week_First week,Week_Fourth week,Week_Second week,Week_Third week,Date_time,Reasons__??? ????? ?????? ?????? ???? ????? ??? ???? ???????,Reasons__???? ?? ??????? (???),Reasons__Bypassing the red traffic light,Reasons__Driving back without attention,Reasons__Driving back without traffic clearance,Reasons__Driving in the opposite direction,Reasons__Entering main road without traffic clearance,Reasons__Exceeding speed limit,Reasons__Fatigue and drowsiness,Reasons__Faults in the road,Reasons__Ignoring road lane,Reasons__Ignoring traffic lights,Reasons__Lack of driving awareness,Reasons__Misuse of traffic,Reasons__Negligence and inobservance,Reasons__Negligent driving,Reasons__Not giving priority to pedestrian crossing,Reasons__Not giving way / not giving priority,Reasons__Not leaving enough space,Reasons__Not observing the stop sign,Reasons__Not securing vehicle stability while stopping,Reasons__Speedy without taking road conditions into account,Reasons__Sudden deviation,Reasons__Sudden stop,Reasons__Tyre burst,Reasons__under influence of intoxicant or narcotic drug,__Al Madina Police Station,__Khaldiya Police Station,__Shaabiya Police Station,Streetname_Intersection,Streetname_Street,place__Bridge / Tunnel,place__Coastal area,place__Commercial area,place__Fuel Station,place__Govt. authority,place__Hospital,place__Island,place__Mosque,place__One level intersection,place__Other,place__Park,place__Residential area,place__Sand area,place__School,place__Work area,place__external road,place__unknown,location__ ,location__Bridge,location__Bridge /  Tunnel,location__Car parking,location__Double road,location__Highway,location__Intersection,location__Off the road,location__Other(specify),location__Roundabout,location__Side parking,location__Single road,location__Tunnel,location__Two-way road,location__Unknown,lighting__day,lighting__night - enough lights,lighting__night - weak lights,intersection__Deviated intersection,intersection__Half Perpendicular Intersection,intersection__Multiple leg Intersection,intersection__Not on Intersection,intersection__Not on or around 20 meters,intersection__Other,intersection__Perpendicular Intersection,intersection__Roundabout,intersection__Turn ,accidentype__Collision while turning,accidentype__Fall,accidentype__Hitting a moving object off the road,accidentype__Hitting a moving object on the road,accidentype__Hitting a stationary object off the road,accidentype__Hitting a stationary object on the road,accidentype__Multiple collision,accidentype__Other (specify),accidentype__Perpendicular collision,accidentype__Person run over,accidentype__Rear collision,accidentype__Reciprocal collision,accidentype__Side collision,accidentype__deterioration,seat belt_N,seat belt_Y,seat_Back passenger seat,seat_Driver's seat,seat_Front passenger seat,seat_No passenger,seat_bike passenger,position_Driver,position_Passenger,position_Pedestrian,nationality_Arab States,nationality_Asian States,nationality_GCC,nationality_Other,nationality_UAE
1.101200099884609,1.3873098370262058,"after examining and inspecting the accident's site, the following was revealed:-
the vehicle that caused the accident was travelling from the .. And taking a turn to the east. The afflicted vehicle was travelling from the south to the north taking the right lane. The former ran the red light and it’s the front right side collided with the front side of the afflicted vehicle. As a result, both drivers were injured and received medical treatment Sheikh Khalifa Hospital. As shown in the diagram.",1.0226501309346883,-0.4015453331379524,0.6331117943832852,0,1,0,0,0,0,1,0.10704147636436018,0,0,1,0,0,0,0,0,0,0,0,0,0,0,0,0,0,0,0,0,0,0,0,0,0,0,0,0,1,0,1,0,0,1,0,0,0,0,0,0,0,0,0,0,0,0,0,0,0,0,0,0,0,0,1,0,0,0,0,0,0,0,0,1,0,0,0,0,0,0,0,0,1,0,0,0,0,0,0,0,0,0,0,0,0,0,0,1,0,1,0,0,1,0,0,0,1,0,0,0,1,0,0,0
-1.6123536284215165,0.18007590746577945,"after examining and inspecting the accident's site, the following was revealed:-
the vehicle that caused the accident was travelling from west to the east taking the second lane from the left. The afflicted vehicle was driving slowly. The former didn’t keep to his lane and drifted to the left side to collide from it’s left side with the front side of the afflicted vehicle. Which in returns made the afflicted vehicle drift and crash into the light pole that was on the side-walk. As shown in the diagram.",-0.19746179160121255,-0.4015453331379524,0.6331117943832852,1,0,0,0,0,0,1,0.12121453780692795,0,0,0,0,0,0,0,0,0,0,1,0,0,0,0,0,0,0,0,0,0,0,0,0,0,0,0,0,1,0,1,0,0,1,0,0,0,0,0,0,0,0,0,0,0,0,0,0,0,0,0,0,0,0,1,0,0,0,0,0,0,0,0,0,1,0,0,0,0,0,0,0,1,0,0,0,0,0,0,0,0,0,0,1,0,0,0,0,0,1,0,0,0,1,0,0,0,1,0,1,0,0,0,0
-0.44180103974044277,0.18007590746577945,"after examining and inspecting the accident's site, the following was revealed:-
the vehicle that caused the accident was travelling from west to the east taking the second lane from the left. The afflicted vehicle was driving slowly. The former didn’t keep to his lane and drifted to the left side to collide from it’s left side with the front side of the afflicted vehicle. Which in returns made the afflicted vehicle drift and crash into the light pole that was on the side-walk. As shown in the diagram.",-0.19746179160121255,-0.4015453331379524,0.6331117943832852,1,0,0,0,0,0,1,0.12121453780692795,0,0,0,0,0,0,0,0,0,0,1,0,0,0,0,0,0,0,0,0,0,0,0,0,0,0,0,0,1,0,1,0,0,1,0,0,0,0,0,0,0,0,0,0,0,0,0,0,0,0,0,0,0,0,1,0,0,0,0,0,0,0,0,0,1,0,0,0,0,0,0,0,1,0,0,0,0,0,0,0,0,0,0,1,0,0,0,0,0,0,1,0,0,1,0,0,0,1,0,1,0,0,0,0
-0.33538716804216334,0.18007590746577945,"after examining and inspecting the accident's site, the following was revealed:-
the vehicle that caused the accident was travelling from west to the east taking the second lane from the left. The afflicted vehicle was driving slowly. The former didn’t keep to his lane and drifted to the left side to collide from it’s left side with the front side of the afflicted vehicle. Which in returns made the afflicted vehicle drift and crash into the light pole that was on the side-walk. As shown in the diagram.",-0.19746179160121255,-0.4015453331379524,0.6331117943832852,0,1,0,0,0,0,1,0.12121453780692795,0,0,0,0,0,0,0,0,0,0,1,0,0,0,0,0,0,0,0,0,0,0,0,0,0,0,0,0,1,0,1,0,0,1,0,0,0,0,0,0,0,0,0,0,0,0,0,0,0,0,0,0,0,0,1,0,0,0,0,0,0,0,0,0,1,0,0,0,0,0,0,0,1,0,0,0,0,0,0,0,0,0,0,1,0,0,0,0,0,0,1,0,1,0,0,0,1,0,0,1,0,0,0,0
-0.28218023219302363,0.9620342482037828,"After examining and inspecting the accident's site, the following was revealed:- 
the vehicle that caused the accident was travelling from the south to the south taking the second lane from the right. The afflicted vehicle was travelling from the south to the north and turning to the west. The former ran the red light and collided from its left side with the front side of the afflicted vehicle. The powerful impact made the former drift and crash into the traffic light pole. As a result, one of the passengers from the vehicle that caused the accident was injured were caused to the vehicles and  state's properties. The accident was diagrammed and everything was settled.  ",-0.19746179160121255,-0.4015453331379524,0.6331117943832852,0,1,0,0,0,0,1,0.22854674905577896,0,0,1,0,0,0,0,0,0,0,0,0,0,0,0,0,0,0,0,0,0,0,0,0,0,0,0,1,0,0,1,0,0,0,0,0,0,0,1,0,0,0,0,0,0,0,0,0,0,0,0,0,0,0,1,0,0,0,0,0,0,0,0,0,1,0,0,0,0,0,0,0,1,0,0,0,0,0,0,0,0,0,0,1,0,0,0,0,0,1,0,1,0,0,0,0,0,1,0,1,0,0,0,0
-0.9738703982318399,-0.8076609439927512,"After examining and inspecting the accident's site, the following was revealed:-
the vehicle that caused the accident was travelling from the south to the north and hit the victim with the front right  side of his vehicle when he was crossing the street from east to the west because the former violated the pedestrian's rules. As a result, the victim was injured as shown in the diagram.",-0.19746179160121255,2.490378837640347,-0.3676863281700941,0,1,0,0,0,0,1,0.22316208015250225,0,0,0,0,0,0,0,0,0,0,0,0,0,0,0,0,1,0,0,0,0,0,0,0,0,0,0,0,1,0,1,0,0,1,0,0,0,0,0,0,0,0,0,0,0,0,0,0,0,0,0,0,0,0,0,0,0,0,0,1,0,0,0,1,0,0,0,0,0,1,0,0,0,0,0,0,0,0,0,0,0,0,0,0,1,0,0,0,0,1,0,0,0,0,1,0,0,0,1,1,0,0,0,0
0.09026831875095438,0.9894713829665198,"After examining and inspecting the accident's site, the following was revealed:- 
the vehicle that caused the accident was travelling from the west to the east taking the second lane from the left. The afflicted vehicle was travelling from the east to west talking the second lane from the left. The former reach the crossroads to take a left turn and ran the red light then collide from the right back side of his vehicle with the front side of the afflicted vehicle. as a result, the driver of the former vehicle was injured and material damages were caused to both vehicles. As shown in the diagram.",-0.19746179160121255,-0.4015453331379524,0.6331117943832852,1,0,0,0,0,0,1,0.2251649143177454,0,0,1,0,0,0,0,0,0,0,0,0,0,0,0,0,0,0,0,0,0,0,0,0,0,0,0,1,0,0,1,0,0,0,0,0,0,0,0,0,0,0,1,0,0,0,0,0,0,0,0,0,0,0,1,0,0,0,0,0,0,0,0,1,0,0,0,0,0,0,0,0,1,0,0,0,0,0,0,0,0,0,0,1,0,0,0,0,0,0,1,0,1,0,0,0,1,0,0,1,0,0,0,0
0.24988912629837354,1.0306270851106252,"After examining and inspecting the accident's site, the following was revealed:-
the vehicle that caused the accident was travelling from the north to the south taking left lane. The two afflicted vehicles were travelling from the east to the west, the first was taking the right lane then switched to the left lane, the second one was close behind. When they all reach the crossroads, the former vehicle ran the red light and collided from the left side with the front side of the first afflicted vehicle. The powerful impact lead the former to drift out of the crossroads and crash into the road’s triangle then the light pole causing a part of the car to detach and fall on the top of the second afflicted vehicle’s hood. And they all stopped. The accident was diagrammed.",-0.19746179160121255,-0.4015453331379524,-0.3676863281700941,0,1,0,0,0,0,1,0.44322211600247136,0,0,1,0,0,0,0,0,0,0,0,0,0,0,0,0,0,0,0,0,0,0,0,0,0,0,0,0,1,0,1,1,0,0,0,0,0,0,0,0,0,0,0,0,0,0,0,0,0,0,0,0,0,0,1,0,0,0,0,0,0,0,0,1,0,0,0,0,1,0,0,0,0,0,0,0,0,0,0,0,0,0,0,1,0,0,0,0,0,0,1,0,1,0,0,0,1,0,0,0,0,0,1,0
-0.12255942464560447,1.0306270851106252,"After examining and inspecting the accident's site, the following was revealed:-
the vehicle that caused the accident was travelling from the north to the south taking left lane. The two afflicted vehicles were travelling from the east to the west, the first was taking the right lane then switched to the left lane, the second one was close behind. When they all reach the crossroads, the former vehicle ran the red light and collided from the left side with the front side of the first afflicted vehicle. The powerful impact lead the former to drift out of the crossroads and crash into the road’s triangle then the light pole causing a part of the car to detach and fall on the top of the second afflicted vehicle’s hood. And they all stopped. The accident was diagrammed.",-0.19746179160121255,-0.4015453331379524,-0.3676863281700941,0,1,0,0,0,0,1,0.44322211600247136,0,0,1,0,0,0,0,0,0,0,0,0,0,0,0,0,0,0,0,0,0,0,0,0,0,0,0,0,1,0,1,1,0,0,0,0,0,0,0,0,0,0,0,0,0,0,0,0,0,0,0,0,0,0,1,0,0,0,0,0,0,0,0,1,0,0,0,0,1,0,0,0,0,0,0,0,0,0,0,0,0,0,0,1,0,0,0,0,0,0,1,0,0,1,0,0,0,1,0,0,1,0,0,0
0.35630299799665294,1.2364055958311524,"After examining and inspecting the accident's site, the following was revealed:- The vehicle that caused the accident was travelling from the west to the east taking the middle lane. The driver was speeding and while trying to avoid a vehicle that stopped suddenly, the right side of his vehicle crashed into the side-walk. as a result, the driver was moderately injured and material damages were caused to his vehicle. The driver was admitted to Sheikh Khalifa Hospital and and the was transferred Al-Rahba Hospital with a moderate injury. As shown in the diagram. ",-0.19746179160121255,-0.4015453331379524,0.6331117943832852,0,1,0,0,0,0,1,0.5523820502327191,0,0,0,0,0,0,0,0,0,0,0,0,0,0,0,0,0,0,0,0,0,1,0,0,0,0,0,1,0,0,1,0,0,1,0,0,0,0,0,0,0,0,0,0,0,0,0,0,0,0,0,0,0,0,1,0,0,0,0,0,0,0,0,1,0,0,0,0,0,0,0,0,1,0,0,0,0,0,0,0,0,0,0,0,0,0,0,1,0,0,1,0,1,0,0,0,1,0,0,1,0,0,0,0
-0.761042654835281,1.3735912696448374,"After examining and inspecting the accident's site, the following was revealed:-
The vehicle that caused the accident was travelling from the west to the north in the crossroads taking the left lane. The afflicted vehicle was travelling from the east to the west taking the middle lane. The former ran the red light and collided from the right side with the front side of the afflicted vehicle. As shown in the diagram.",1.0226501309346883,-0.4015453331379524,0.6331117943832852,0,1,0,0,0,0,1,0.5485624375350696,0,0,1,0,0,0,0,0,0,0,0,0,0,0,0,0,0,0,0,0,0,0,0,0,0,0,0,0,1,0,1,0,0,1,0,0,0,0,0,0,0,0,0,0,0,0,0,0,0,0,0,0,0,0,1,0,0,0,0,0,0,0,0,1,0,0,0,0,0,0,0,0,1,0,0,0,0,0,0,0,0,0,0,1,0,0,0,0,0,0,1,0,1,0,0,0,1,0,0,0,0,0,0,1
-0.6546287831370016,1.3735912696448374,"After examining and inspecting the accident's site, the following was revealed:-
The vehicle that caused the accident was travelling from the west to the north in the crossroads taking the left lane. The afflicted vehicle was travelling from the east to the west taking the middle lane. The former ran the red light and collided from the right side with the front side of the afflicted vehicle. As shown in the diagram.",1.0226501309346883,-0.4015453331379524,0.6331117943832852,0,1,0,0,0,0,1,0.5485624375350696,0,0,1,0,0,0,0,0,0,0,0,0,0,0,0,0,0,0,0,0,0,0,0,0,0,0,0,0,1,0,1,0,0,1,0,0,0,0,0,0,0,0,0,0,0,0,0,0,0,0,0,0,0,0,1,0,0,0,0,0,0,0,0,1,0,0,0,0,0,0,0,0,1,0,0,0,0,0,0,0,0,0,0,1,0,0,0,0,0,0,1,0,0,1,0,0,0,1,0,0,0,0,0,1
-0.17576636049474417,0.5779143615254654,"the vehicle that caused the accident was travelling from the east to the west taking the second lane from the left. The afflicted vehicle was travelling from the east to the west taking the the second lane from the right. The former ran the red light and collided from the right side with the front side of the afflicted vehicle. As a result, the driver and the passengers of the former vehicle, the passengers of the afflicted vehicle were injured and material damages were caused to vehicles. As shown in the digram.",-0.19746179160121255,-0.4015453331379524,0.6331117943832852,0,1,0,0,0,0,1,0.5550743846843575,0,0,1,0,0,0,0,0,0,0,0,0,0,0,0,0,0,0,0,0,0,0,0,0,0,0,0,1,0,0,1,0,0,1,0,0,0,0,0,0,0,0,0,0,0,0,0,0,0,0,0,0,0,0,1,0,0,0,0,0,0,0,0,0,1,0,0,0,0,0,0,0,1,0,0,0,0,0,0,0,0,0,0,1,0,0,0,0,0,1,0,1,0,0,0,0,0,1,0,0,0,0,1,0
-0.2289732963438839,0.5779143615254654,"the vehicle that caused the accident was travelling from the east to the west taking the second lane from the left. The afflicted vehicle was travelling from the east to the west taking the the second lane from the right. The former ran the red light and collided from the right side with the front side of the afflicted vehicle. As a result, the driver and the passengers of the former vehicle, the passengers of the afflicted vehicle were injured and material damages were caused to vehicles. As shown in the digram.",-0.19746179160121255,-0.4015453331379524,0.6331117943832852,1,0,0,0,0,0,1,0.5550743846843575,0,0,1,0,0,0,0,0,0,0,0,0,0,0,0,0,0,0,0,0,0,0,0,0,0,0,0,1,0,0,1,0,0,1,0,0,0,0,0,0,0,0,0,0,0,0,0,0,0,0,0,0,0,0,1,0,0,0,0,0,0,0,0,0,1,0,0,0,0,0,0,0,1,0,0,0,0,0,0,0,0,0,0,1,0,0,0,0,0,1,0,1,0,0,0,0,0,1,0,0,0,0,1,0
-0.6014218472878619,0.5779143615254654,"the vehicle that caused the accident was travelling from the east to the west taking the second lane from the left. The afflicted vehicle was travelling from the east to the west taking the the second lane from the right. The former ran the red light and collided from the right side with the front side of the afflicted vehicle. As a result, the driver and the passengers of the former vehicle, the passengers of the afflicted vehicle were injured and material damages were caused to vehicles. As shown in the digram.",-0.19746179160121255,-0.4015453331379524,0.6331117943832852,1,0,0,0,0,0,1,0.5550743846843575,0,0,1,0,0,0,0,0,0,0,0,0,0,0,0,0,0,0,0,0,0,0,0,0,0,0,0,1,0,0,1,0,0,1,0,0,0,0,0,0,0,0,0,0,0,0,0,0,0,0,0,0,0,0,1,0,0,0,0,0,0,0,0,0,1,0,0,0,0,0,0,0,1,0,0,0,0,0,0,0,0,0,0,1,0,0,0,0,0,1,0,0,0,1,0,0,0,1,0,0,0,0,0,1
-0.33538716804216334,0.5779143615254654,"the vehicle that caused the accident was travelling from the east to the west taking the second lane from the left. The afflicted vehicle was travelling from the east to the west taking the the second lane from the right. The former ran the red light and collided from the right side with the front side of the afflicted vehicle. As a result, the driver and the passengers of the former vehicle, the passengers of the afflicted vehicle were injured and material damages were caused to vehicles. As shown in the digram.",-0.19746179160121255,-0.4015453331379524,0.6331117943832852,1,0,0,0,0,0,1,0.5550743846843575,0,0,1,0,0,0,0,0,0,0,0,0,0,0,0,0,0,0,0,0,0,0,0,0,0,0,0,1,0,0,1,0,0,1,0,0,0,0,0,0,0,0,0,0,0,0,0,0,0,0,0,0,0,0,1,0,0,0,0,0,0,0,0,0,1,0,0,0,0,0,0,0,1,0,0,0,0,0,0,0,0,0,0,1,0,0,0,0,0,0,1,0,1,0,0,0,1,0,0,0,0,0,0,1
-0.44180103974044277,0.5779143615254654,"the vehicle that caused the accident was travelling from the east to the west taking the second lane from the left. The afflicted vehicle was travelling from the east to the west taking the the second lane from the right. The former ran the red light and collided from the right side with the front side of the afflicted vehicle. As a result, the driver and the passengers of the former vehicle, the passengers of the afflicted vehicle were injured and material damages were caused to vehicles. As shown in the digram.",-0.19746179160121255,-0.4015453331379524,0.6331117943832852,0,1,0,0,0,0,1,0.5550743846843575,0,0,1,0,0,0,0,0,0,0,0,0,0,0,0,0,0,0,0,0,0,0,0,0,0,0,0,1,0,0,1,0,0,1,0,0,0,0,0,0,0,0,0,0,0,0,0,0,0,0,0,0,0,0,1,0,0,0,0,0,0,0,0,0,1,0,0,0,0,0,0,0,1,0,0,0,0,0,0,0,0,0,0,1,0,0,0,0,0,1,0,1,0,0,0,0,0,1,0,0,0,0,0,1
0.9947862281863296,0.8248485743900981,"After examining and inspecting the accident's site, the following was revealed:-
the vehicle that caused the accident was travelling from the east to the west making a left turn. The two afflicted vehicles were travelling from the east to the west. When they all reached the crossroads, the former collided from the front side with the left side of the first afflicted vehicle after running the red light. The powerful impact lead the first afflicted vehicle to spin and collide from the left side with the front side of the second afflicted vehicle. The accident was diagrammed as shown.",-0.19746179160121255,-0.4015453331379524,-0.3676863281700941,0,1,0,0,0,0,1,0.5556216071338775,0,0,1,0,0,0,0,0,0,0,0,0,0,0,0,0,0,0,0,0,0,0,0,0,0,0,0,0,1,0,1,0,0,0,0,1,0,0,0,0,0,0,0,0,0,0,0,0,0,0,0,0,0,0,1,0,0,0,0,0,0,0,0,0,1,0,0,0,0,0,0,0,1,0,0,0,0,0,0,0,0,0,0,1,0,0,0,0,0,0,1,0,1,0,0,0,1,0,0,1,0,0,0,0
0.46271686969493236,-0.9997208873319099,"After examining and inspecting the accident's site, the following was revealed:-
the vehicles were travelling from the east to the west. the vehicle that caused the accident was speeding and was surprised by the first afflicted vehicle sudden appearance. The former tried to avoid it but but end up colliding from the front side corner with the back left side of the first afflicted vehicle. The powerful impact lead the former to spin and collide from the front side with left side of the second afflicted vehicle then crash into the side-walk. Then they all stopped. As shown in the digram. ",1.0226501309346883,-0.4015453331379524,0.6331117943832852,0,1,0,0,1,0,0,0.5560593850934935,0,0,0,0,0,0,0,0,0,0,0,0,0,0,0,0,0,0,0,0,0,1,0,0,0,0,0,0,1,0,1,1,0,0,0,0,0,0,0,0,0,0,0,0,0,0,0,0,0,0,0,0,1,0,0,0,0,0,0,0,0,0,0,0,1,0,0,0,0,1,0,0,0,0,0,0,0,0,0,0,0,0,0,0,0,0,0,1,0,0,1,0,1,0,0,0,1,0,0,0,1,0,0,0
-0.28218023219302363,0.23495017699125337,"After examining and inspecting the accident's site, the following was revealed:-
the vehicle that caused the accident was travelling from the west to the east taking the second lane from the left. The afflicted vehicle was travelling from the north to the south taking the second lane from the right. The former vehicle ran the red light and collided from the left side with the front side of the afflicted vehicle. as a result, the driver of the afflicted vehicle was injured and material damages were caused to the vehicle. As shown in the diagram.",-0.19746179160121255,-0.4015453331379524,-0.3676863281700941,1,0,0,0,1,0,0,0.7789649776809666,0,0,1,0,0,0,0,0,0,0,0,0,0,0,0,0,0,0,0,0,0,0,0,0,0,0,1,0,0,0,1,0,0,0,0,0,1,0,0,0,0,0,0,0,0,0,0,0,1,0,0,0,0,0,0,0,0,0,0,0,0,0,0,0,1,0,0,0,0,0,0,0,1,0,0,0,0,0,0,0,0,0,0,1,0,0,0,0,0,0,1,0,1,0,0,0,1,0,0,1,0,0,0,0
1.101200099884609,-0.8076609439927512,"After examining and inspecting the accident's site, the following was revealed:- the vehicle that caused the accident was travelling from the south to the north taking the right lane. The afflicted vehicle was travelling from the east to the west taking the right lane. When they reached the crossroads, which was organized by traffic signs “stop”, the former vehicle didn’t follow the sign and collided from the front side with left side of the afflicted vehicle (motorcycle). as a result, the driver of the afflicted vehicle was injured and material damages were caused to the vehicles. As shown in the diagram. ",-1.4175737141371132,-0.4015453331379524,-1.3684844507234735,0,1,0,0,1,0,0,0.765207805300034,0,0,0,0,0,0,0,0,0,0,0,0,0,0,0,0,0,0,0,1,0,0,0,0,0,0,1,0,0,0,1,0,0,1,0,0,0,0,0,0,0,0,0,0,0,0,0,0,0,0,0,0,0,0,1,0,0,0,0,0,0,0,0,1,0,0,0,0,0,0,0,0,1,0,0,0,0,0,0,0,0,0,0,1,0,0,0,0,0,0,1,0,1,0,0,0,1,0,0,0,1,0,0,0
0.46271686969493236,0.6739443331950448,"After examining and inspecting the accident's site, the following was revealed:-
the vehicle that caused the accident was travelling from the south to the north and the afflicted vehicle was travelling from the north and turning to the east. The former after running the red light collided from the front side with the front side of the afflicted vehicle. As shown in the digram.",1.0226501309346883,-0.4015453331379524,-0.0073990040508776864,0,1,0,0,1,0,0,0.7704611408154259,0,0,1,0,0,0,0,0,0,0,0,0,0,0,0,0,0,0,0,0,0,0,0,0,0,0,0,1,0,0,1,0,0,0,0,0,0,0,0,0,0,0,1,0,0,0,0,0,0,0,0,0,0,1,0,0,0,0,0,0,0,0,0,1,0,0,0,0,1,0,0,0,0,0,0,0,0,0,0,0,0,0,0,1,0,0,0,0,0,0,1,0,1,0,0,0,1,0,0,0,0,0,0,1
-0.4950079755895825,-0.9997208873319099,"After examining and inspecting the accident's site, the following was revealed:- 
the vehicle that caused the accident was travelling from the west to the east taking the right lane. The victim was crossing from the north to the south. The former was speeding and violated the pedestrian rules then he committed a hit and run with the front side of his vehicle. as a result the victim was injured and the driver ran away. As shown in the diagram. ",-1.4175737141371132,2.490378837640347,-1.3684844507234735,0,1,0,0,1,0,0,0.772321697143794,0,0,0,0,0,0,0,0,0,0,0,0,0,0,0,0,0,0,0,0,0,1,0,0,0,0,0,0,1,0,1,0,0,1,0,0,0,0,0,0,0,0,0,0,0,0,0,0,0,0,0,0,0,0,0,0,0,0,0,1,0,0,0,1,0,0,0,0,0,1,0,0,0,0,0,0,0,0,0,0,0,0,0,0,1,0,0,0,0,1,0,0,0,0,1,0,0,0,1,0,0,0,0,1
-0.2289732963438839,0.18007590746577945,"After examining and inspecting the accident's site, the following was revealed:- 
the vehicle that caused the accident was travelling from the west to the east taking the middle lane. The afflicted vehicle was travelling from the east to the west taking the second lane from the left while turning to the north. The former vehicle ran the read light and collided from the left side with the front side of the afflicted vehicle. The powerful impact lead the former to spin drifting 15 meters away to stop in the far left lane. as a result, the two parties were injured and material damages were caused to the vehicles. The accident was diagrammed and everything was settled. ",-0.19746179160121255,-0.4015453331379524,1.6339099169366647,0,1,0,0,1,0,0,0.9807040059210064,0,0,1,0,0,0,0,0,0,0,0,0,0,0,0,0,0,0,0,0,0,0,0,0,0,0,0,0,1,0,1,0,0,1,0,0,0,0,0,0,0,0,0,0,0,0,0,0,0,0,0,0,0,0,1,0,0,0,0,0,0,0,0,1,0,0,0,0,0,0,0,0,1,0,0,0,0,0,0,0,0,0,0,1,0,0,0,0,0,0,1,1,0,0,0,0,0,1,0,1,0,0,0,0
0.09026831875095438,0.18007590746577945,"After examining and inspecting the accident's site, the following was revealed:- 
the vehicle that caused the accident was travelling from the west to the east taking the middle lane. The afflicted vehicle was travelling from the east to the west taking the second lane from the left while turning to the north. The former vehicle ran the read light and collided from the left side with the front side of the afflicted vehicle. The powerful impact lead the former to spin drifting 15 meters away to stop in the far left lane. as a result, the two parties were injured and material damages were caused to the vehicles. The accident was diagrammed and everything was settled.",-0.19746179160121255,-0.4015453331379524,1.6339099169366647,1,0,0,0,1,0,0,0.9807040059210064,0,0,1,0,0,0,0,0,0,0,0,0,0,0,0,0,0,0,0,0,0,0,0,0,0,0,0,0,1,0,1,0,0,1,0,0,0,0,0,0,0,0,0,0,0,0,0,0,0,0,0,0,0,0,1,0,0,0,0,0,0,0,0,1,0,0,0,0,0,0,0,0,1,0,0,0,0,0,0,0,0,0,0,1,0,0,0,0,0,1,0,1,0,0,0,0,0,1,0,0,0,0,1,0
1.101200099884609,0.18007590746577945,"After examining and inspecting the accident's site, the following was revealed:- 
the vehicle that caused the accident was travelling from the west to the east taking the middle lane. The afflicted vehicle was travelling from the east to the west taking the second lane from the left while turning to the north. The former vehicle ran the read light and collided from the left side with the front side of the afflicted vehicle. The powerful impact lead the former to spin drifting 15 meters away to stop in the far left lane. as a result, the two parties were injured and material damages were caused to the vehicles. The accident was diagrammed and everything was settled.",-0.19746179160121255,-0.4015453331379524,1.6339099169366647,1,0,0,0,1,0,0,0.9807040059210064,0,0,1,0,0,0,0,0,0,0,0,0,0,0,0,0,0,0,0,0,0,0,0,0,0,0,0,0,1,0,1,0,0,1,0,0,0,0,0,0,0,0,0,0,0,0,0,0,0,0,0,0,0,0,1,0,0,0,0,0,0,0,0,1,0,0,0,0,0,0,0,0,1,0,0,0,0,0,0,0,0,0,0,1,0,0,0,0,0,0,1,0,0,1,0,0,0,1,0,1,0,0,0,0
0.19668219044923382,0.18007590746577945,"After examining and inspecting the accident's site, the following was revealed:- 
the vehicle that caused the accident was travelling from the west to the east taking the middle lane. The afflicted vehicle was travelling from the east to the west taking the second lane from the left while turning to the north. The former vehicle ran the read light and collided from the left side with the front side of the afflicted vehicle. The powerful impact lead the former to spin drifting 15 meters away to stop in the far left lane. as a result, the two parties were injured and material damages were caused to the vehicles. The accident was diagrammed and everything was settled.",-0.19746179160121255,-0.4015453331379524,1.6339099169366647,0,1,0,0,1,0,0,0.9807040059210064,0,0,1,0,0,0,0,0,0,0,0,0,0,0,0,0,0,0,0,0,0,0,0,0,0,0,0,0,1,0,1,0,0,1,0,0,0,0,0,0,0,0,0,0,0,0,0,0,0,0,0,0,0,0,1,0,0,0,0,0,0,0,0,1,0,0,0,0,0,0,0,0,1,0,0,0,0,0,0,0,0,0,0,1,0,0,0,0,0,0,1,0,1,0,0,0,1,0,0,1,0,0,0,0
-0.7078357189861413,0.18007590746577945,"After examining and inspecting the accident's site, the following was revealed:- 
the vehicle that caused the accident was travelling from the west to the east taking the middle lane. The afflicted vehicle was travelling from the east to the west taking the second lane from the left while turning to the north. The former vehicle ran the read light and collided from the left side with the front side of the afflicted vehicle. The powerful impact lead the former to spin drifting 15 meters away to stop in the far left lane. as a result, the two parties were injured and material damages were caused to the vehicles. The accident was diagrammed and everything was settled.",-0.19746179160121255,-0.4015453331379524,1.6339099169366647,1,0,0,0,1,0,0,0.9807040059210064,0,0,1,0,0,0,0,0,0,0,0,0,0,0,0,0,0,0,0,0,0,0,0,0,0,0,0,0,1,0,1,0,0,1,0,0,0,0,0,0,0,0,0,0,0,0,0,0,0,0,0,0,0,0,1,0,0,0,0,0,0,0,0,1,0,0,0,0,0,0,0,0,1,0,0,0,0,0,0,0,0,0,0,1,0,0,0,0,0,0,1,0,1,0,0,0,1,0,0,1,0,0,0,0