Age of the injured,Str Code,Accident Description,Road speed limit,Pedestrian action,Number of Lanes,Gender_F,Gender_M,Week_Fifth week,Week_First week,Week_Fourth week,Week_Second week,Week_Third week,Date_time,Reasons__??? ????? ?????? ?????? ???? ????? ??? ???? ???????,Reasons__???? ?? ??????? (???),Reasons__Bypassing the red traffic light,Reasons__Driving back without attention,Reasons__Driving back without traffic clearance,Reasons__Driving in the opposite direction,Reasons__Entering main road without traffic clearance,Reasons__Exceeding speed limit,Reasons__Fatigue and drowsiness,Reasons__Faults in the road,Reasons__Ignoring road lane,Reasons__Ignoring traffic lights,Reasons__Lack of driving awareness,Reasons__Misuse of traffic,Reasons__Negligence and inobservance,Reasons__Negligent driving,Reasons__Not giving priority to pedestrian crossing,Reasons__Not giving way / not giving priority,Reasons__Not leaving enough space,Reasons__Not observing the stop sign,Reasons__Not securing vehicle stability while stopping,Reasons__Speedy without taking road conditions into account,Reasons__Sudden deviation,Reasons__Sudden stop,Reasons__Tyre burst,Reasons__under influence of intoxicant or narcotic drug,__Al Madina Police Station,__Khaldiya Police Station,__Shaabiya Police Station,Streetname_Intersection,Streetname_Street,place__Bridge / Tunnel,place__Coastal area,place__Commercial area,place__Fuel Station,place__Govt. authority,place__Hospital,place__Island,place__Mosque,place__One level intersection,place__Other,place__Park,place__Residential area,place__Sand area,place__School,place__Work area,place__external road,place__unknown,location__ ,location__Bridge,location__Bridge /  Tunnel,location__Car parking,location__Double road,location__Highway,location__Intersection,location__Off the road,location__Other(specify),location__Roundabout,location__Side parking,location__Single road,location__Tunnel,location__Two-way road,location__Unknown,lighting__day,lighting__night - enough lights,lighting__night - weak lights,intersection__Deviated intersection,intersection__Half Perpendicular Intersection,intersection__Multiple leg Intersection,intersection__Not on Intersection,intersection__Not on or around 20 meters,intersection__Other,intersection__Perpendicular Intersection,intersection__Roundabout,intersection__Turn ,accidentype__Collision while turning,accidentype__Fall,accidentype__Hitting a moving object off the road,accidentype__Hitting a moving object on the road,accidentype__Hitting a stationary object off the road,accidentype__Hitting a stationary object on the road,accidentype__Multiple collision,accidentype__Other (specify),accidentype__Perpendicular collision,accidentype__Person run over,accidentype__Rear collision,accidentype__Reciprocal collision,accidentype__Side collision,accidentype__deterioration,seat belt_N,seat belt_Y,seat_Back passenger seat,seat_Driver's seat,seat_Front passenger seat,seat_No passenger,seat_bike passenger,position_Driver,position_Passenger,position_Pedestrian,nationality_Arab States,nationality_Asian States,nationality_GCC,nationality_Other,nationality_UAE
-0.06935248879646476,-0.8213795113741197,"After examining and inspecting the accident's site, the following was revealed:-
 The afflicted vehicle (motorcycle) was travelling from the north to the south taking the right lane. The vehicle that caused the accident was exiting ADNOC fuel station to the main road without checking if other vehicles were coming. The former was surprised by the sudden appearance of the vehicle that caused the accident and when he tried to avoid the vehicle his motorcycle crashed. as a result, the motorcycle driver was moderately injured and a material damage was caused to his vehicle. The accident was diagrammed and everything was settled.  ",-0.19746179160121255,-0.4015453331379524,0.6331117943832852,0,1,0,0,1,0,0,1.0820496035721088,0,0,0,0,0,0,1,0,0,0,0,0,0,0,0,0,0,0,0,0,0,0,0,0,0,0,0,1,0,0,1,0,0,1,0,0,0,0,0,0,0,0,0,0,0,0,0,0,0,0,0,0,1,0,0,0,0,0,0,0,0,0,0,0,1,0,0,0,0,0,1,0,0,0,0,0,0,0,0,0,0,0,0,0,0,0,0,0,1,1,0,0,1,0,0,0,1,0,0,1,0,0,0,0
-1.5591466925723767,-0.8076609439927512,"After examining and inspecting the accident's site, the following was revealed:-
the vehicle that caused the accident was travelling from the north to the south. The victim was crossing the road from the cross-walk. The former was surprised by the sudden appearance of the victim and because he didn't follow the pedestrian rules, he hit the victim with his car. The accident was diagrammed.                         ",-1.4175737141371132,-0.4015453331379524,-2.3692825732768528,0,1,0,0,1,0,0,1.1032271123685324,0,0,0,0,0,0,0,0,0,0,0,0,0,0,0,0,1,0,0,0,0,0,0,0,0,0,1,0,0,0,1,0,0,1,0,0,0,0,0,0,0,0,0,0,0,0,0,0,0,0,0,0,0,0,0,0,0,0,0,1,0,0,0,0,1,0,0,0,0,1,0,0,0,0,0,0,0,0,0,0,0,0,0,0,1,0,0,0,0,1,0,0,0,0,1,0,0,0,1,1,0,0,0,0
1.3140278432811678,-0.972283752569173,"After examining and inspecting the accident's site, the following was revealed:-
the vehicle that caused the accident was travelling from the west to the east in a side parking lot next to Al-Sheikh Rashed bin saied. the victim was crossing the street from the west to the east from the middle of the street. The driver wasn’t paying attention and because he violated the pedestrian rules, he hit the the victim with the frond right side of his vehicle. As a result, the victim was moderately injured. As shown in the diagram.",-2.637685636673014,2.490378837640347,-2.3692825732768528,0,1,0,0,1,0,0,1.2026027092013627,0,0,0,0,0,0,0,0,0,0,0,0,0,0,0,0,0,0,0,0,0,1,0,0,0,0,0,1,0,0,1,0,0,1,0,0,0,0,0,0,0,0,0,0,0,0,0,0,0,0,0,0,0,0,0,0,0,0,1,0,0,0,0,1,0,0,0,0,0,1,0,0,0,0,0,0,0,0,0,0,0,0,0,0,1,0,0,0,0,1,0,0,0,0,1,0,0,0,1,0,1,0,0,0
-0.28218023219302363,0.13892020532167398,"After examining and inspecting the accident's site, the following was revealed:-

The vehicle the vehicle that caused the accident was travelling from the south to the north taking a left turn. The afflicted vehicle was travelling from the north to the south. The former ran the red light and collided from right side with the front side of the afflicted vehicle, leading the former vehicle to drift to the front and crash into the traffic light pole. as a result, material damages we caused to the vehicles and the state’s  properties. The accident was diagrammed and everything is settled. ",-0.19746179160121255,-0.4015453331379524,0.6331117943832852,0,1,0,0,1,0,0,1.2160972148065257,0,0,1,0,0,0,0,0,0,0,0,0,0,0,0,0,0,0,0,0,0,0,0,0,0,0,0,1,0,0,1,0,0,1,0,0,0,0,0,0,0,0,0,0,0,0,0,0,0,0,0,0,0,0,1,0,0,0,0,0,0,0,0,0,1,0,0,0,0,0,0,0,1,0,0,0,0,0,0,0,0,0,0,1,0,0,0,0,0,1,0,0,0,1,0,0,0,1,0,1,0,0,0,0
-0.9206634623827001,1.1815313263056786,"After examining and inspecting the accident's site, the following was revealed:-
the vehicle that caused the accident (motorcycle) was travelling from the west to the east taking the right lane. The afflicted vehicle was travelling from the north to the south taking the the second lane from the left. The former vehicle ran the red light and collided from the front side with the left side of the afflicted vehicle. as a result, the driver of the former vehicle was injured and a material damages were caused to the vehicles and the state’s properties. As shown in the diagram.",-0.19746179160121255,-0.4015453331379524,-0.3676863281700941,0,1,0,0,1,0,0,1.3254541491186007,0,0,1,0,0,0,0,0,0,0,0,0,0,0,0,0,0,0,0,0,0,0,0,0,0,0,0,1,0,0,1,0,0,0,0,0,0,0,0,0,0,0,1,0,0,0,0,0,0,0,0,0,0,1,0,0,0,0,0,0,0,0,0,0,1,0,0,0,0,0,0,0,1,0,0,0,0,0,0,0,0,0,0,1,0,0,0,0,0,1,0,0,0,0,0,1,0,1,0,1,0,0,0,0
-0.9206634623827001,1.1815313263056786,"After examining and inspecting the accident's site, the following was revealed:-
the vehicle that caused the accident (motorcycle) was travelling from the west to the east taking the right lane. The afflicted vehicle was travelling from the north to the south taking the the second lane from the left. The former vehicle ran the red light and collided from the front side with the left side of the afflicted vehicle. as a result, the driver of the former vehicle was injured and a material damages were caused to the vehicles and the state’s properties. As shown in the diagram.",-0.19746179160121255,-0.4015453331379524,-0.3676863281700941,0,1,0,0,1,0,0,1.3254541491186007,0,0,1,0,0,0,0,0,0,0,0,0,0,0,0,0,0,0,0,0,0,0,0,0,0,0,0,1,0,0,1,0,0,0,0,0,0,0,0,0,0,0,1,0,0,0,0,0,0,0,0,0,0,1,0,0,0,0,0,0,0,0,0,0,1,0,0,0,0,0,0,0,1,0,0,0,0,0,0,0,0,0,0,1,0,0,0,0,0,0,1,0,1,0,0,0,1,0,0,1,0,0,0,0
-0.761042654835281,1.2638427305938895,"After examining and inspecting the accident's site, the following was revealed:-.
the vehicle that caused the accident was travelling from the east and turning to the south taking the second lane from the left. The two afflicted vehicles were both travelling from the west to the east. The former ran the red light and and collided from the right front side with the front side of both of the vehicles. as a result, parties were injured and material damages were caused to the vehicles. As shown in the diagram. ",-0.19746179160121255,-0.4015453331379524,-0.0073990040508776864,0,1,0,0,1,0,0,1.4184929099859895,0,0,1,0,0,0,0,0,0,0,0,0,0,0,0,0,0,0,0,0,0,0,0,0,0,0,0,1,0,0,1,0,0,0,0,0,0,0,0,0,0,0,1,0,0,0,0,0,0,0,0,0,0,0,1,0,0,0,0,0,0,0,0,0,1,0,0,1,0,0,0,0,0,0,0,0,0,0,0,0,0,0,0,1,0,0,0,0,0,0,1,0,1,0,0,0,1,0,0,0,0,0,0,1
0.24988912629837354,1.2638427305938895,"After examining and inspecting the accident's site, the following was revealed:-.
the vehicle that caused the accident was travelling from the east and turning to the south taking the second lane from the left. The two afflicted vehicles were both travelling from the west to the east. The former ran the red light and and collided from the right front side with the front side of both of the vehicles. as a result, parties were injured and material damages were caused to the vehicles. As shown in the diagram.",-0.19746179160121255,-0.4015453331379524,-0.0073990040508776864,0,1,0,0,1,0,0,1.4184929099859895,0,0,1,0,0,0,0,0,0,0,0,0,0,0,0,0,0,0,0,0,0,0,0,0,0,0,0,1,0,0,1,0,0,0,0,0,0,0,0,0,0,0,1,0,0,0,0,0,0,0,0,0,0,0,1,0,0,0,0,0,0,0,0,0,1,0,0,1,0,0,0,0,0,0,0,0,0,0,0,0,0,0,0,1,0,0,0,0,0,0,1,0,1,0,0,0,1,0,0,0,1,0,0,0
0.5159238055440721,1.2638427305938895,"After examining and inspecting the accident's site, the following was revealed:-.
the vehicle that caused the accident was travelling from the east and turning to the south taking the second lane from the left. The two afflicted vehicles were both travelling from the west to the east. The former ran the red light and and collided from the right front side with the front side of both of the vehicles. as a result, parties were injured and material damages were caused to the vehicles. As shown in the diagram.",-0.19746179160121255,-0.4015453331379524,-0.0073990040508776864,0,1,0,0,1,0,0,1.4184929099859895,0,0,1,0,0,0,0,0,0,0,0,0,0,0,0,0,0,0,0,0,0,0,0,0,0,0,0,1,0,0,1,0,0,0,0,0,0,0,0,0,0,0,1,0,0,0,0,0,0,0,0,0,0,0,1,0,0,0,0,0,0,0,0,0,1,0,0,1,0,0,0,0,0,0,0,0,0,0,0,0,0,0,0,1,0,0,0,0,0,0,1,1,0,0,0,0,0,1,0,0,1,0,0,0
-0.44180103974044277,-0.9174094830436991,"After examining and inspecting the accident's site, the following was revealed:- the vehicle that caused the accident was travelling from the west to the east taking the far left lane. The afflicted vehicle was travelling to the same direction while taking the the far right lane. The former suddenly switched lanes from the far left to the far right and collided from the right front side with the the left front side of the afflicted vehicle then the former drifted to the right and crashed into the road triangle and again into a traffic sign pole. as a result, the drivers were injured and material damages were caused to the vehicles. The accident was diagrammed. ",-0.19746179160121255,-0.4015453331379524,-0.3676863281700941,0,1,0,0,1,0,0,1.422695578398303,0,0,0,0,0,0,0,0,0,0,0,0,0,0,0,0,0,0,0,0,0,0,1,0,0,0,0,1,0,0,1,0,0,0,0,0,0,0,0,0,0,0,1,0,0,0,0,0,0,0,0,0,1,0,0,0,0,0,0,0,0,0,0,1,0,0,0,0,0,0,1,0,0,0,0,0,0,0,0,0,0,0,0,0,0,0,0,1,0,0,1,0,1,0,0,0,1,0,0,0,0,1,0,0
0.9947862281863296,-0.9174094830436991,"After examining and inspecting the accident's site, the following was revealed:- the vehicle that caused the accident was travelling from the west to the east taking the far left lane. The afflicted vehicle was travelling to the same direction while taking the the far right lane. The former suddenly switched lanes from the far left to the far right and collided from the right front side with the the left front side of the afflicted vehicle then the former drifted to the right and crashed into the road triangle and again into a traffic sign pole. as a result, the drivers were injured and material damages were caused to the vehicles. The accident was diagrammed.",-0.19746179160121255,-0.4015453331379524,-0.3676863281700941,1,0,0,0,1,0,0,1.422695578398303,0,0,0,0,0,0,0,0,0,0,0,0,0,0,0,0,0,0,0,0,0,0,1,0,0,0,0,1,0,0,1,0,0,0,0,0,0,0,0,0,0,0,1,0,0,0,0,0,0,0,0,0,1,0,0,0,0,0,0,0,0,0,0,1,0,0,0,0,0,0,1,0,0,0,0,0,0,0,0,0,0,0,0,0,0,0,0,1,0,0,1,0,1,0,0,0,1,0,0,0,0,0,1,0
-0.44180103974044277,0.6876629005764132,"After examining and inspecting the accident's site, the following was revealed:- 
the vehicle that caused the accident was travelling from the west to the east taking the middle lane and turning to the north. And while making a turn from Sheikh Sultan street to Al-Saada street, the driver lost control of his vehicle because he was speeding. Which made the vehicle roll-over 30 meters away then crash into the side-walk and landing on its right side. As a result, the driver was injured and material damages were  caused to the vehicle and the state’s properties. As shown in the diagram.  ",-0.19746179160121255,-0.4015453331379524,-0.3676863281700941,0,1,0,0,1,0,0,1.425048634931239,0,0,0,0,0,0,0,0,0,0,0,0,0,0,0,0,0,0,0,0,0,1,0,0,0,0,0,1,0,0,1,0,0,0,0,0,0,0,0,0,0,0,1,0,0,0,0,0,0,0,0,0,0,0,1,0,0,0,0,0,0,0,0,1,0,0,0,0,0,0,0,0,1,0,0,0,0,0,0,0,0,0,0,0,0,0,0,0,1,0,1,0,0,1,0,0,0,1,0,0,0,0,0,1
-0.38859410389130306,0.6876629005764132,"After examining and inspecting the accident's site, the following was revealed:- 
the vehicle that caused the accident was travelling from the west to the east taking the middle lane and turning to the north. And while making a turn from Sheikh Sultan street to Al-Saada street, the driver lost control of his vehicle because he was speeding. Which made the vehicle roll-over 30 meters away then crash into the side-walk and landing on its right side. As a result, the driver was injured and material damages were  caused to the vehicle and the state’s properties. As shown in the diagram. ",-0.19746179160121255,-0.4015453331379524,-0.3676863281700941,0,1,1,0,0,0,0,1.425048634931239,0,0,0,0,0,0,0,0,0,0,0,0,0,0,0,0,0,0,0,0,0,1,0,0,0,0,0,1,0,0,1,0,0,0,0,0,0,0,0,0,0,0,1,0,0,0,0,0,0,0,0,0,0,0,1,0,0,0,0,0,0,0,0,1,0,0,0,0,0,0,0,0,1,0,0,0,0,0,0,0,0,0,0,0,0,0,0,0,1,0,1,0,1,0,0,0,1,0,0,0,0,0,0,1
-0.6014218472878619,0.6465071984323078,"After examining and inspecting the accident's site, the following was revealed:- The two vehicles were travelling from the east to the west, coming from the (General Women's Union) side and reaching the edge of the crossroads. The  vehicle that caused the accident was in the middle lane and the afflicted vehicle was right in front of it. The former was speeding and when they all reached the crossroads, he didn’t leave a space between his vehicle and the afflicted vehicle and collided from the front side with back side of the afflicted vehicle. Which lead the latter to spin and drift crashing into the road triangle then the traffic light pole. as a result, the driver of the former was injured, and material damages were caused to the vehicles and the state’s properties. as shown in the diagram.",-0.19746179160121255,-0.4015453331379524,-0.3676863281700941,0,1,1,0,0,0,0,1.5340553468756213,0,0,0,0,0,0,0,1,0,0,0,0,0,0,0,0,0,0,0,0,0,0,0,0,0,0,0,1,0,0,1,0,0,0,0,1,0,0,0,0,0,0,0,0,0,0,0,0,0,0,0,0,1,0,0,0,0,0,0,0,0,0,0,1,0,0,0,0,0,0,1,0,0,0,0,0,0,0,0,0,0,0,0,0,0,1,0,0,0,0,1,0,1,0,0,0,1,0,0,0,0,0,0,1
-0.6014218472878619,-0.9585651851878045,"After examining and inspecting the accident's site, the following was revealed:-
the vehicle that caused the accident was parked in the parking lot.  And because of the negligence of the driver, the vehicle moved on it’s own, surprising the victim who was walking and hit him then continued moving to the front and crashing into the wall. The accident was diagrammed as shown.",-1.4175737141371132,2.490378837640347,-2.3692825732768528,1,0,1,0,0,0,0,1.5351497917746613,0,0,0,0,0,0,0,0,0,0,0,0,0,0,1,0,0,0,0,0,0,0,0,0,0,0,0,1,0,0,1,0,0,0,0,1,0,0,0,0,0,0,0,0,0,0,0,0,0,0,0,1,0,0,0,0,0,0,0,0,0,0,0,1,0,0,0,0,0,1,0,0,0,0,0,0,0,0,0,0,0,0,0,0,1,0,0,0,0,1,0,0,0,0,1,0,0,0,1,1,0,0,0,0
1.3140278432811678,-0.944846617806436,"After examining and inspecting the accident's site, the following was revealed:-
the vehicle that caused the accident was travelling from the west to the east entering Al-Meshrf gas station. The afflicted vehicle was parked in the south side. The former wasn’t paying attention and collided from the front side with the back side of the afflicted vehicle. as a result, the driver of the former was injured and a material damages were caused to the vehicles. As shown in the diagram.",-2.637685636673014,-0.4015453331379524,-0.0073990040508776864,0,1,1,0,0,0,0,1.5362442366737012,0,0,0,0,0,0,0,0,0,0,0,0,0,0,0,0,0,0,1,0,0,0,0,0,0,0,0,1,0,0,1,0,0,0,0,0,0,0,0,0,0,0,1,0,0,0,0,0,0,0,0,0,0,0,0,0,1,0,0,0,0,0,0,1,0,0,0,0,0,1,0,0,0,0,0,0,0,0,0,0,0,0,0,0,0,1,0,0,0,0,1,0,1,0,0,0,1,0,0,1,0,0,0,0
0.24988912629837354,-0.8762537808995936,"After examining and inspecting the accident's site, the following was revealed:- the vehicle that caused the accident was travelling from the east to the west taking the middle lane. The afflicted vehicle was travelling from the north to the south taking the middle lane. When the former reach the Roundabout, and because he didn't give the priority to the vehicles that come from the left, he collided from the front side with the right side of the afflicted vehicle. Which lead the latter to drift to the right side and crash into roundabout’s pavement then settle in the middle of the circle. as a result,  
",-0.19746179160121255,-0.4015453331379524,-0.3676863281700941,0,1,1,0,0,0,0,1.5388161821864452,0,0,0,0,0,0,0,0,0,0,0,0,0,0,0,0,0,1,0,0,0,0,0,0,0,0,0,1,0,0,1,0,0,0,0,0,0,0,0,0,0,0,1,0,0,0,0,0,0,0,0,0,0,0,0,0,0,1,0,0,0,0,0,1,0,0,0,0,0,0,0,0,0,1,0,0,0,0,0,0,0,0,0,1,0,0,0,0,0,0,1,0,1,0,0,0,1,0,0,1,0,0,0,0
-1.0270773340809796,0.46816582247451755,"After examining and inspecting the accident's site, the following was revealed:-
the vehicle that caused the accident was travelling from the south to the north. The afflicted vehicle was travelling from the east to the west. The former ran the red light and collided from the front right side with the front left side of the afflicted vehicle. The accident was diagrammed. ",-0.19746179160121255,-0.4015453331379524,-0.3676863281700941,1,0,1,0,0,0,0,1.6370973341202355,0,0,1,0,0,0,0,0,0,0,0,0,0,0,0,0,0,0,0,0,0,0,0,0,0,0,1,0,0,0,1,0,0,1,0,0,0,0,0,0,0,0,0,0,0,0,0,0,0,0,0,0,0,0,1,0,0,0,0,0,0,0,0,1,0,0,0,0,0,0,0,0,1,0,0,0,0,0,0,0,0,0,0,1,0,0,0,0,0,1,0,0,0,1,0,0,0,1,0,1,0,0,0,0
-0.28218023219302363,-0.944846617806436,"After examining and inspecting the accident's site, the following was revealed:- the vehicles were travelling from east to the west taking the right lane. the vehicle that caused the accident didn’t keep a distance between her and the first afflicted vehicle and collided from the front side with the back side of the latter. Then the latter collided from the front side with the back side of the second afflicted vehicle, leading it to colliding from the front side with the back side of the third afflicted vehicle. as a result, the driver of the first afflicted vehicle and the passengers of the former vehicle and the third afflicted vehicle were injured. As shown in the digram. ",-0.19746179160121255,-0.4015453331379524,0.6331117943832852,1,0,1,0,0,0,0,1.7540387715826575,0,0,0,0,0,0,0,0,0,0,0,0,0,0,0,0,0,0,1,0,0,0,0,0,0,0,0,1,0,0,1,0,0,0,0,0,0,0,0,0,0,0,1,0,0,0,0,0,0,0,0,0,1,0,0,0,0,0,0,0,0,0,0,1,0,0,0,0,0,0,1,0,0,0,0,0,0,0,0,0,0,1,0,0,0,0,0,0,0,1,0,0,1,0,0,0,1,0,0,0,0,0,0,1
-1.0802842699301194,-0.944846617806436,"After examining and inspecting the accident's site, the following was revealed:- the vehicles were travelling from east to the west taking the right lane. the vehicle that caused the accident didn’t keep a distance between her and the first afflicted vehicle and collided from the front side with the back side of the latter. Then the latter collided from the front side with the back side of the second afflicted vehicle, leading it to colliding from the front side with the back side of the third afflicted vehicle. as a result, the driver of the first afflicted vehicle and the passengers of the former vehicle and the third afflicted vehicle were injured. As shown in the digram.",-0.19746179160121255,-0.4015453331379524,0.6331117943832852,0,1,1,0,0,0,0,1.7540387715826575,0,0,0,0,0,0,0,0,0,0,0,0,0,0,0,0,0,0,1,0,0,0,0,0,0,0,0,1,0,0,1,0,0,0,0,0,0,0,0,0,0,0,1,0,0,0,0,0,0,0,0,0,1,0,0,0,0,0,0,0,0,0,0,1,0,0,0,0,0,0,1,0,0,0,0,0,0,0,0,0,0,1,0,0,0,0,0,0,0,1,0,1,0,0,0,0,0,1,0,1,0,0,0,0
-0.9738703982318399,-0.944846617806436,"After examining and inspecting the accident's site, the following was revealed:- the vehicles were travelling from east to the west taking the right lane. the vehicle that caused the accident didn’t keep a distance between her and the first afflicted vehicle and collided from the front side with the back side of the latter. Then the latter collided from the front side with the back side of the second afflicted vehicle, leading it to colliding from the front side with the back side of the third afflicted vehicle. as a result, the driver of the first afflicted vehicle and the passengers of the former vehicle and the third afflicted vehicle were injured. As shown in the digram.",-0.19746179160121255,-0.4015453331379524,0.6331117943832852,0,1,0,1,0,0,0,1.7540387715826575,0,0,0,0,0,0,0,0,0,0,0,0,0,0,0,0,0,0,1,0,0,0,0,0,0,0,0,1,0,0,1,0,0,0,0,0,0,0,0,0,0,0,1,0,0,0,0,0,0,0,0,0,1,0,0,0,0,0,0,0,0,0,0,1,0,0,0,0,0,0,1,0,0,0,0,0,0,0,0,0,0,1,0,0,0,0,0,0,0,1,0,1,0,0,0,0,0,1,0,1,0,0,0,0
-1.718767500119796,-0.9860023199505414,"After examining and inspecting the accident's site, the following was revealed:- the vehicle that caused the accident was travelling from the east to the west taking the second lane from the right. The afflicted vehicles were in the front, on the same lane. Because the former was speeding, his vehicle drifted to the right side and spin to collide from the front with the back right side of the first afflicted vehicle. The force of the impact lead the former to drift 9.3 meters away to collide again from front side with the back side of the second afflicted vehicle. Then again drift 11.7 meters away to crash into the right side-walk. as shown in the diagram.",-0.19746179160121255,-0.4015453331379524,0.6331117943832852,1,0,0,1,0,0,0,-1.4138319886885697,0,0,0,0,0,0,0,0,0,0,0,0,0,0,0,1,0,0,0,0,0,0,0,0,0,0,0,0,1,0,1,0,0,1,0,0,0,0,0,0,0,0,0,0,0,0,0,0,0,0,0,0,0,1,0,0,0,0,0,0,0,0,0,1,0,0,0,0,0,0,1,0,0,0,0,0,0,0,0,0,0,0,0,1,0,0,0,0,0,1,0,1,0,0,0,0,0,1,0,1,0,0,0,0
-0.28218023219302363,-0.9860023199505414,"After examining and inspecting the accident's site, the following was revealed:- the vehicle that caused the accident was travelling from the east to the west taking the second lane from the right. The afflicted vehicles were in the front, on the same lane. Because the former was speeding, his vehicle drifted to the right side and spin to collide from the front with the back right side of the first afflicted vehicle. The force of the impact lead the former to drift 9.3 meters away to collide again from front side with the back side of the second afflicted vehicle. Then again drift 11.7 meters away to crash into the right side-walk. as shown in the diagram.",-0.19746179160121255,-0.4015453331379524,0.6331117943832852,1,0,0,1,0,0,0,-1.4138319886885697,0,0,0,0,0,0,0,0,0,0,0,0,0,0,0,1,0,0,0,0,0,0,0,0,0,0,0,0,1,0,1,0,0,1,0,0,0,0,0,0,0,0,0,0,0,0,0,0,0,0,0,0,0,1,0,0,0,0,0,0,0,0,0,1,0,0,0,0,0,0,1,0,0,0,0,0,0,0,0,0,0,0,0,1,0,0,0,0,0,1,0,0,0,1,0,0,0,1,0,1,0,0,0,0
-0.016145552947325045,-0.9860023199505414,"After examining and inspecting the accident's site, the following was revealed:- the vehicle that caused the accident was travelling from the east to the west taking the second lane from the right. The afflicted vehicles were in the front, on the same lane. Because the former was speeding, his vehicle drifted to the right side and spin to collide from the front with the back right side of the first afflicted vehicle. The force of the impact lead the former to drift 9.3 meters away to collide again from front side with the back side of the second afflicted vehicle. Then again drift 11.7 meters away to crash into the right side-walk. as shown in the diagram.",-0.19746179160121255,-0.4015453331379524,0.6331117943832852,0,1,0,1,0,0,0,-1.4138319886885697,0,0,0,0,0,0,0,0,0,0,0,0,0,0,0,1,0,0,0,0,0,0,0,0,0,0,0,0,1,0,1,0,0,1,0,0,0,0,0,0,0,0,0,0,0,0,0,0,0,0,0,0,0,1,0,0,0,0,0,0,0,0,0,1,0,0,0,0,0,0,1,0,0,0,0,0,0,0,0,0,0,0,0,1,0,0,0,0,0,0,1,0,1,0,0,0,1,0,0,1,0,0,0,0
-0.38859410389130306,0.4956029572372545,"the vehicle that caused the accident was travelling from the south to the north taking the far right lane. The afflicted vehicles were travelling from the east to the west. The first afflicted vehicle was taking the second lane from the left and the second afflicted vehicle was taking the third lane from the left. The former vehicle ran the red light and collided from the front side with the front side of the first afflicted vehicle, then went on an collided from the front side with the front side of the second afflicted vehicle. As shown in the diagram.  ",-0.19746179160121255,-0.4015453331379524,0.6331117943832852,0,1,0,1,0,0,0,-1.4096730980722176,0,0,1,0,0,0,0,0,0,0,0,0,0,0,0,0,0,0,0,0,0,0,0,0,0,0,1,0,0,0,1,0,1,0,0,0,0,0,0,0,0,0,0,0,0,0,0,0,0,0,0,0,1,0,0,0,0,0,0,0,0,0,0,0,1,0,0,0,0,0,0,0,1,0,0,0,0,0,0,0,0,0,0,0,0,0,0,1,0,0,1,0,1,0,0,0,1,0,0,0,1,0,0,0
0.1434752546000941,-0.7665052418486458,"After examining and inspecting the accident's site, the following was revealed:- 

the vehicles were travelling from the west to the east taking the far left lane. The afflicted vehicle was moving slowly in the traffic jam. The former didn’t leave a space between him and the the afflicted vehicle and collided from the front right side with the left back side of the afflicted vehicle even when he tried to avoid it. as a result, the driver of the former was injured and material damages were caused to the vehicles. Everything was settled as shown in the diagram.",-0.19746179160121255,-0.4015453331379524,0.6331117943832852,1,0,0,1,0,0,0,-1.4326236076050862,0,0,0,0,0,0,0,0,0,0,0,0,0,0,0,0,0,0,1,0,0,0,0,0,0,0,0,1,0,0,1,0,0,1,0,0,0,0,0,0,0,0,0,0,0,0,0,0,0,0,0,0,1,0,0,0,0,0,0,0,0,0,0,1,0,0,0,0,0,0,1,0,0,0,0,0,0,0,0,0,0,0,0,0,0,1,0,0,0,0,1,0,1,0,0,0,1,0,0,0,0,0,1,0
-0.7078357189861413,0.9208785460596774,"After examining and inspecting the accident's site, the following was revealed:- 
the vehicle that caused the accident was travelling from the west to the east. The afflicted vehicle was travelling from the south to the north. The former didn’t follow the “STOP” sign and collided from the right front side with left front side of the afflicted vehicle. As a result, the driver of the afflicted vehicle was injured and material damages were caused to the vehicles. as shown in the diagram. ",-1.4175737141371132,-0.4015453331379524,-1.3684844507234735,0,1,0,1,0,0,0,-1.4129564327693376,0,0,0,0,0,0,0,0,0,0,0,0,0,0,0,0,0,0,0,1,0,0,0,0,0,0,0,0,1,0,1,0,0,1,0,0,0,0,0,0,0,0,0,0,0,0,0,0,0,0,0,0,0,0,1,0,0,0,0,0,0,0,0,0,1,0,0,0,0,0,0,0,1,0,0,0,0,0,0,0,0,0,0,1,0,0,0,0,0,0,1,0,1,0,0,0,1,0,0,0,0,0,0,1
0.3030960621475132,0.8934414112969404,"After examining and inspecting the accident's site, the following was revealed:- 

the vehicle that caused the accident was travelling from the west to the east in Al-Salam street taking the second lane from the right. The afflicted vehicle was travelling from the south to the north in Al-Falah street taking the far right lane. The second afflicted vehicle was travelling in the same direction as the first afflicted vehicle taking the second lane from the right. The former ran the red light and collided from the front with the left back side of the first afflicted vehicle and rolled-over landing on it’s left side. The second afflicted vehicle was surprised by the impact and collided from the front side with the right back side of the former leading it to drift and crash into the light pole. as a result, the driver of vehicle that caused the accident was injured and material damages were caused to the vehicles and the state’s properties. Everything was settled and the accident was diagrammed. ",-0.19746179160121255,-0.4015453331379524,0.6331117943832852,0,1,0,1,0,0,0,-1.4338165525450397,0,0,1,0,0,0,0,0,0,0,0,0,0,0,0,0,0,0,0,0,0,0,0,0,0,0,0,0,1,0,1,0,0,1,0,0,0,0,0,0,0,0,0,0,0,0,0,0,0,0,0,0,0,0,1,0,0,0,0,0,0,0,0,0,1,0,0,0,0,0,0,0,1,0,0,0,0,0,0,0,0,0,0,1,0,0,0,0,0,0,1,0,1,0,0,0,1,0,0,0,1,0,0,0