Age of the injured,Str Code,Accident Description,Road speed limit,Pedestrian action,Number of Lanes,Gender_F,Gender_M,Week_Fifth week,Week_First week,Week_Fourth week,Week_Second week,Week_Third week,Date_time,Reasons__??? ????? ?????? ?????? ???? ????? ??? ???? ???????,Reasons__???? ?? ??????? (???),Reasons__Bypassing the red traffic light,Reasons__Driving back without attention,Reasons__Driving back without traffic clearance,Reasons__Driving in the opposite direction,Reasons__Entering main road without traffic clearance,Reasons__Exceeding speed limit,Reasons__Fatigue and drowsiness,Reasons__Faults in the road,Reasons__Ignoring road lane,Reasons__Ignoring traffic lights,Reasons__Lack of driving awareness,Reasons__Misuse of traffic,Reasons__Negligence and inobservance,Reasons__Negligent driving,Reasons__Not giving priority to pedestrian crossing,Reasons__Not giving way / not giving priority,Reasons__Not leaving enough space,Reasons__Not observing the stop sign,Reasons__Not securing vehicle stability while stopping,Reasons__Speedy without taking road conditions into account,Reasons__Sudden deviation,Reasons__Sudden stop,Reasons__Tyre burst,Reasons__under influence of intoxicant or narcotic drug,__Al Madina Police Station,__Khaldiya Police Station,__Shaabiya Police Station,Streetname_Intersection,Streetname_Street,place__Bridge / Tunnel,place__Coastal area,place__Commercial area,place__Fuel Station,place__Govt. authority,place__Hospital,place__Island,place__Mosque,place__One level intersection,place__Other,place__Park,place__Residential area,place__Sand area,place__School,place__Work area,place__external road,place__unknown,location__ ,location__Bridge,location__Bridge /  Tunnel,location__Car parking,location__Double road,location__Highway,location__Intersection,location__Off the road,location__Other(specify),location__Roundabout,location__Side parking,location__Single road,location__Tunnel,location__Two-way road,location__Unknown,lighting__day,lighting__night - enough lights,lighting__night - weak lights,intersection__Deviated intersection,intersection__Half Perpendicular Intersection,intersection__Multiple leg Intersection,intersection__Not on Intersection,intersection__Not on or around 20 meters,intersection__Other,intersection__Perpendicular Intersection,intersection__Roundabout,intersection__Turn ,accidentype__Collision while turning,accidentype__Fall,accidentype__Hitting a moving object off the road,accidentype__Hitting a moving object on the road,accidentype__Hitting a stationary object off the road,accidentype__Hitting a stationary object on the road,accidentype__Multiple collision,accidentype__Other (specify),accidentype__Perpendicular collision,accidentype__Person run over,accidentype__Rear collision,accidentype__Reciprocal collision,accidentype__Side collision,accidentype__deterioration,seat belt_N,seat belt_Y,seat_Back passenger seat,seat_Driver's seat,seat_Front passenger seat,seat_No passenger,seat_bike passenger,position_Driver,position_Passenger,position_Pedestrian,nationality_Arab States,nationality_Asian States,nationality_GCC,nationality_Other,nationality_UAE
0.6755446130914913,0.38585441818630667,"After examining and inspecting the accident's site, the following was revealed:-
the vehicle that caused the accident was travelling from the west to the east. The victim was on the south side of the crossroads. The former was surprised by the sudden appearance of the victim and because he didn't follow the pedestrian rules, he hit the victim with his car. The accident was diagrammed.",-0.19746179160121255,-0.4015453331379524,-0.3676863281700941,0,1,0,1,0,0,0,-1.4252142156385854,0,0,0,0,0,0,0,0,0,0,0,0,0,1,0,0,0,0,0,0,0,0,0,0,0,0,1,0,0,0,1,0,0,1,0,0,0,0,0,0,0,0,0,0,0,0,0,0,0,0,0,0,0,0,1,0,0,0,0,0,0,0,0,1,0,0,0,1,0,0,0,0,0,0,0,0,0,0,0,0,0,0,0,0,1,0,0,0,0,1,0,0,0,0,1,0,0,0,1,0,1,0,0,0
-0.33538716804216334,-0.972283752569173,"After examining and inspecting the accident's site, the following was revealed:- 
the vehicle that caused the accident was travelling from west to north taking the second lane from the left. The afflicted vehicle was travelling from the west to the east taking the second lane from the left. The former ran the red light and collided from the right side with the front side of the afflicted vehicle. The powerful impact lead the former to drift and crash into the roundabout. As a result, the drivers were injured and material damages were caused to the vehicles. As shown in the diagram. ",1.0226501309346883,-0.4015453331379524,0.6331117943832852,1,0,0,1,0,0,0,-1.4173342123654975,0,0,1,0,0,0,0,0,0,0,0,0,0,0,0,0,0,0,0,0,0,0,0,0,0,0,0,1,0,0,1,0,0,0,0,1,0,0,0,0,0,0,0,0,0,0,0,0,0,0,0,0,0,0,1,0,0,0,0,0,0,0,0,1,0,0,0,0,0,0,0,0,1,0,0,0,0,0,0,0,0,0,0,1,0,0,0,0,0,0,1,0,1,0,0,0,1,0,0,0,0,0,0,1
0.5691307413932118,-0.972283752569173,"After examining and inspecting the accident's site, the following was revealed:- 
the vehicle that caused the accident was travelling from west to north taking the second lane from the left. The afflicted vehicle was travelling from the west to the east taking the second lane from the left. The former ran the red light and collided from the right side with the front side of the afflicted vehicle. The powerful impact lead the former to drift and crash into the roundabout. As a result, the drivers were injured and material damages were caused to the vehicles. As shown in the diagram.",1.0226501309346883,-0.4015453331379524,0.6331117943832852,0,1,0,1,0,0,0,-1.4173342123654975,0,0,1,0,0,0,0,0,0,0,0,0,0,0,0,0,0,0,0,0,0,0,0,0,0,0,0,1,0,0,1,0,0,0,0,1,0,0,0,0,0,0,0,0,0,0,0,0,0,0,0,0,0,0,1,0,0,0,0,0,0,0,0,1,0,0,0,0,0,0,0,0,1,0,0,0,0,0,0,0,0,0,0,1,0,0,0,0,0,0,1,0,1,0,0,0,1,0,0,0,1,0,0,0
1.4736486508285869,1.195249893687047,"After examining and inspecting the accident's site, the following was revealed:-
the vehicle that caused the accident was travelling from the west to the east making a turn to the north taking the first lane from the left. The first afflicted vehicle was travelling from the east to the west taking the third lane from the left. The second afflicted vehicle was travelling from the east to the west taking the second lane from the left. The third afflicted vehicle was travelling from the east to the south taking the second lane from the left. The forth afflicted vehicle was travelling from the east to the west taking the third lane from the left. The former ran the red light and collided from the front side with the left back side of the first afflicted vehicle. The third afflicted vehicle collided with the right side of the former vehicle. The forth afflicted vehicle collided from the front side with right side of the second afflicted vehicle leading ot to drift and stop in the far right. As shown in the diagram.",-0.19746179160121255,-0.4015453331379524,0.6331117943832852,0,1,0,1,0,0,0,-1.4151453225674175,0,0,1,0,0,0,0,0,0,0,0,0,0,0,0,0,0,0,0,0,0,0,0,0,0,0,0,1,0,0,1,0,0,0,0,0,0,0,0,0,0,0,1,0,0,0,0,0,0,0,0,0,0,1,0,0,0,0,0,0,0,0,0,0,1,0,0,0,0,0,0,0,1,0,0,0,0,0,0,0,0,0,0,1,0,0,0,0,0,0,1,0,1,0,0,0,1,0,0,1,0,0,0,0
0.19668219044923382,-0.9997208873319099,"After examining and inspecting the accident's site, the following was revealed:- the vehicle that caused the accident was travelling in the parking lot from the west to the east taking the right lane. The victim was walking from the south to the north. The former hit the victim with the right front side of his vehicle. as a result, the victim was moderately injured  and no metrical damages were caused to the vehicle. As shown in the diagram.",-1.4175737141371132,-0.4015453331379524,-2.3692825732768528,1,0,0,1,0,0,0,-1.4259803270679134,0,0,0,0,0,0,0,0,0,0,0,0,0,1,0,0,0,0,0,0,0,0,0,0,0,0,1,0,0,0,1,0,0,1,0,0,0,0,0,0,0,0,0,0,0,0,0,0,0,0,0,1,0,0,0,0,0,0,0,0,0,0,0,1,0,0,0,0,0,1,0,0,0,0,0,0,0,0,0,0,0,0,0,0,1,0,0,0,0,1,0,0,0,0,1,0,0,0,1,0,1,0,0,0
-0.06935248879646476,0.797411439627361,"After examining and inspecting the accident's site, the following was revealed:-

the vehicle that caused the accident was travelling from the west to the east taking the right lane. The afflicted vehicle was travelling from the south to the north taking the right lane. The former ran the red light and collided with the right front side of her vehicle with left front side of the afflicted vehicle. as a result, the drivers were moderately injured and and left the hospital after receiving medical treatments. Material damages were caused to vehicles. As shown in the diagram. ",-0.19746179160121255,-0.4015453331379524,0.6331117943832852,1,0,0,1,0,0,0,-1.4240650484945936,0,0,1,0,0,0,0,0,0,0,0,0,0,0,0,0,0,0,0,0,0,0,0,0,0,0,1,0,0,0,1,0,0,1,0,0,0,0,0,0,0,0,0,0,0,0,0,0,0,0,0,0,0,0,1,0,0,0,0,0,0,0,0,1,0,0,0,0,0,0,0,0,1,0,0,0,0,0,0,0,0,0,0,1,0,0,0,0,0,0,1,0,1,0,0,0,1,0,0,0,0,1,0,0
0.8351654206389104,0.797411439627361,"After examining and inspecting the accident's site, the following was revealed:-

the vehicle that caused the accident was travelling from the west to the east taking the right lane. The afflicted vehicle was travelling from the south to the north taking the right lane. The former ran the red light and collided with the right front side of her vehicle with left front side of the afflicted vehicle. as a result, the drivers were moderately injured and and left the hospital after receiving medical treatments. Material damages were caused to vehicles. As shown in the diagram.",-0.19746179160121255,-0.4015453331379524,0.6331117943832852,1,0,0,1,0,0,0,-1.4240650484945936,0,0,1,0,0,0,0,0,0,0,0,0,0,0,0,0,0,0,0,0,0,0,0,0,0,0,1,0,0,0,1,0,0,1,0,0,0,0,0,0,0,0,0,0,0,0,0,0,0,0,0,0,0,0,1,0,0,0,0,0,0,0,0,1,0,0,0,0,0,0,0,0,1,0,0,0,0,0,0,0,0,0,0,1,0,0,0,0,0,0,1,0,0,1,0,0,0,1,0,0,0,1,0,0
0.6223376772423516,0.797411439627361,"After examining and inspecting the accident's site, the following was revealed:-

the vehicle that caused the accident was travelling from the west to the east taking the right lane. The afflicted vehicle was travelling from the south to the north taking the right lane. The former ran the red light and collided with the right front side of her vehicle with left front side of the afflicted vehicle. as a result, the drivers were moderately injured and and left the hospital after receiving medical treatments. Material damages were caused to vehicles. As shown in the diagram.",-0.19746179160121255,-0.4015453331379524,0.6331117943832852,1,0,0,1,0,0,0,-1.4240650484945936,0,0,1,0,0,0,0,0,0,0,0,0,0,0,0,0,0,0,0,0,0,0,0,0,0,0,1,0,0,0,1,0,0,1,0,0,0,0,0,0,0,0,0,0,0,0,0,0,0,0,0,0,0,0,1,0,0,0,0,0,0,0,0,1,0,0,0,0,0,0,0,0,1,0,0,0,0,0,0,0,0,0,0,1,0,0,0,0,0,0,1,0,1,0,0,0,1,0,0,0,1,0,0,0
-0.06935248879646476,-0.7665052418486458,"After examining and inspecting the accident's site, the following was revealed:- 
the vehicle that caused the accident was travelling from east to the west taking the far left lane. The afflicted vehicle was travelling from the west to the east taking the the far right lane. The former reach the crossroads running the red light and collided from the front with the left front side of the afflicted vehicle. The powerful impact lead the afflicted vehicle to spin drifting to the far left lane. As a result, the driver of the afflicted vehicle was injured and material damages were caused to vehicles. As shown in the diagram.",-0.19746179160121255,-0.4015453331379524,0.6331117943832852,0,1,0,1,0,0,0,-1.4241197707395454,0,0,1,0,0,0,0,0,0,0,0,0,0,0,0,0,0,0,0,0,0,0,0,0,0,0,1,0,0,0,1,0,0,0,0,1,0,0,0,0,0,0,0,0,0,0,0,0,0,0,0,0,0,0,1,0,0,0,0,0,0,0,0,1,0,0,0,0,0,0,0,0,1,0,0,0,0,0,0,0,0,0,0,1,0,0,0,0,0,0,1,0,1,0,0,0,1,0,0,0,1,0,0,0
-0.33538716804216334,0.18007590746577945,"After examining and inspecting the accident's site, the following was revealed:-
the vehicle that caused the accident was travelling from the east to the west making a turn to the south while taking the first lane from the left. The afflicted vehicles were travelling from the west to the east. The first afflicted vehicle was taking the third lane from the left and the second afflicted vehicle was taking the second lane from the left. The former ran the red light and collided from the right front side with the front side of the first afflicted vehicle then the latter collided  from the front side with the right back side of the first afflicted vehicle. As shown in the diagram. ",-0.19746179160121255,-0.4015453331379524,0.6331117943832852,0,1,0,0,0,1,0,-1.4185928239993937,0,0,1,0,0,0,0,0,0,0,0,0,0,0,0,0,0,0,0,0,0,0,0,0,0,0,1,0,0,0,1,0,0,0,0,0,0,0,0,0,0,0,1,0,0,0,0,0,0,0,0,0,0,0,1,0,0,0,0,0,0,0,0,1,0,0,0,0,0,0,0,0,1,0,0,0,0,0,0,0,0,0,0,1,0,0,0,0,0,1,0,0,1,0,0,0,1,0,0,1,0,0,0,0
0.03706138290181467,1.2912798653566264,the vehicle that caused the accident was travelling from the north to the south taking the third lane from the right. The afflicted vehicle was travelling from the west to the east taking the second lane from the left. The former ran the red light and collided from the front side with the left front side of the afflicted vehicles. as a result the driver of the afflicted vehicle was injured and material damages were caused to the vehicles. As shown in the diagram.,1.0226501309346883,-0.4015453331379524,1.6339099169366647,0,1,0,0,0,1,0,-1.4264181050275295,0,0,1,0,0,0,0,0,0,0,0,0,0,0,0,0,0,0,0,0,0,0,0,0,0,0,0,1,0,0,1,0,0,1,0,0,0,0,0,0,0,0,0,0,0,0,0,0,0,0,0,0,0,0,1,0,0,0,0,0,0,0,0,1,0,0,0,0,0,0,0,0,1,0,0,0,0,0,0,0,0,0,0,1,0,0,0,0,0,1,0,0,1,0,0,0,1,0,0,0,0,0,1,0
-0.5482149114387221,1.4147469717889427,"After examining and inspecting the accident's site, the following was revealed:-
the vehicle that caused the accident was travelling from the east to the west taking the far right lane. The vehicle was speeding when it reached the edge of the road and drifted to the right side of the street to crashed into the side-wake and then went on and crashed from the front into the the pavement of the roundabout. Then again continued and crashed into the side-walk then the Safety Cones. After all of that he reached were the victims were standing and hit them with the front of his vehicle. As a result, the victims were injured and were admitted to the hospital. As shown in the diagram.",-0.19746179160121255,-0.4015453331379524,0.6331117943832852,0,1,0,0,0,1,0,-1.4228283257586782,0,0,0,0,0,0,0,0,0,0,0,0,0,0,0,0,0,0,0,0,0,1,0,0,0,0,0,0,1,1,0,0,0,1,0,0,0,0,0,0,0,0,0,0,0,0,0,0,0,0,0,0,0,0,1,0,0,0,0,0,0,0,0,1,0,0,0,0,0,0,0,0,1,0,0,0,0,0,0,0,0,0,0,0,1,0,0,0,0,1,0,0,0,0,1,0,0,0,1,0,1,0,0,0
0.24988912629837354,1.4147469717889427,"After examining and inspecting the accident's site, the following was revealed:-
the vehicle that caused the accident was travelling from the east to the west taking the far right lane. The vehicle was speeding when it reached the edge of the road and drifted to the right side of the street to crashed into the side-wake and then went on and crashed from the front into the the pavement of the roundabout. Then again continued and crashed into the side-walk then the Safety Cones. After all of that he reached were the victims were standing and hit them with the front of his vehicle. As a result, the victims were injured and were admitted to the hospital. As shown in the diagram.",-0.19746179160121255,-0.4015453331379524,0.6331117943832852,0,1,0,0,0,1,0,-1.4228283257586782,0,0,0,0,0,0,0,0,0,0,0,0,0,0,0,0,0,0,0,0,0,1,0,0,0,0,0,0,1,1,0,0,0,1,0,0,0,0,0,0,0,0,0,0,0,0,0,0,0,0,0,0,0,0,1,0,0,0,0,0,0,0,0,1,0,0,0,0,0,0,0,0,1,0,0,0,0,0,0,0,0,0,0,0,1,0,0,0,0,1,0,0,0,0,1,0,0,0,1,0,1,0,0,0
-0.12255942464560447,-0.944846617806436,"After examining and inspecting the accident's site, the following was revealed:-
the vehicles were travelling from the west to the east. the vehicle that caused the accident was taking the middle lane and the afflicted vehicle was taking the far left lane. The former suddenly switched lanes without paying attention to the road, which lead him to collide from the left front side with the right back side of the afflicted vehicle. Leading the former to drift and crash from the left front side into the the pavement of the island while the latter drifted and crashed into the right side-walk landing on the grass. As shown in the diagram.",-0.19746179160121255,-0.4015453331379524,-0.3676863281700941,0,1,0,0,0,1,0,-1.4182644905296815,0,0,0,0,0,0,0,0,0,0,0,0,0,0,0,0,0,0,0,0,0,0,1,0,0,0,0,1,0,0,1,0,0,0,0,0,1,0,0,0,0,0,0,0,0,0,0,0,0,0,0,0,1,0,0,0,0,0,0,0,0,0,0,1,0,0,0,0,0,1,0,0,0,0,0,0,0,0,0,0,0,0,0,0,0,0,0,1,0,1,0,0,0,1,0,0,0,1,0,0,0,0,0,1
0.03706138290181467,-0.944846617806436,"After examining and inspecting the accident's site, the following was revealed:-
the vehicles were travelling from the west to the east. the vehicle that caused the accident was taking the middle lane and the afflicted vehicle was taking the far left lane. The former suddenly switched lanes without paying attention to the road, which lead him to collide from the left front side with the right back side of the afflicted vehicle. Leading the former to drift and crash from the left front side into the the pavement of the island while the latter drifted and crashed into the right side-walk landing on the grass. As shown in the diagram.",-0.19746179160121255,-0.4015453331379524,-0.3676863281700941,0,1,0,0,0,1,0,-1.4182644905296815,0,0,0,0,0,0,0,0,0,0,0,0,0,0,0,0,0,0,0,0,0,0,1,0,0,0,0,1,0,0,1,0,0,0,0,0,1,0,0,0,0,0,0,0,0,0,0,0,0,0,0,0,1,0,0,0,0,0,0,0,0,0,0,1,0,0,0,0,0,1,0,0,0,0,0,0,0,0,0,0,0,0,0,0,0,0,0,1,0,0,1,0,1,0,0,0,1,0,0,0,0,0,0,1
-0.016145552947325045,0.9208785460596774,"After examining and inspecting the accident's site, the following was revealed:- the vehicle that caused the accident was travelling from the south to the north. The victim was crossing from the middle of the road from the west to the east. The former violated the pedestrian rule and hit the victim with the front of the vehicle. As a result, the victim was injured and was admitted to the hospital. As shown in the diagram.",-0.19746179160121255,2.490378837640347,0.6331117943832852,0,1,0,0,0,1,0,-1.4116540433394802,0,0,0,0,0,0,0,0,0,0,0,0,0,1,0,0,0,0,0,0,0,0,0,0,0,0,0,0,1,0,1,0,0,0,0,1,0,0,0,0,0,0,0,0,0,0,0,0,0,0,0,0,1,0,0,0,0,0,0,0,0,0,0,1,0,0,0,0,0,0,1,0,0,0,0,0,0,0,0,0,0,0,0,0,1,0,0,0,0,1,0,0,0,0,1,0,0,0,1,0,1,0,0,0
-0.761042654835281,-0.944846617806436,"After examining and inspecting the accident's site, the following was revealed:-
the vehicle that caused the accident was travelling from the north to the south making a turn to the west. The driver was driving in an unstable state (diabetic). He crashed into the pavement and over the grass. Then he kept on driving till he reach the main road and crossed it, after that, crashed again from the front into the pavement of the island leading the vehicle to roll-over and land there. As shown in the diagram.",2.2427620534705888,-0.4015453331379524,-1.3684844507234735,0,1,0,0,0,1,0,-1.4329847744217694,0,0,0,0,0,0,0,0,0,0,0,0,0,0,0,0,0,0,0,0,0,0,0,0,0,1,0,1,0,0,1,0,0,0,0,0,1,0,0,0,0,0,0,0,0,0,0,0,0,0,0,0,1,0,0,0,0,0,0,0,0,0,0,0,1,0,0,0,0,0,1,0,0,0,0,0,0,0,0,0,1,0,0,0,0,0,0,0,0,1,0,0,0,1,0,0,0,1,0,0,0,0,1,0
-0.761042654835281,-0.944846617806436,"After examining and inspecting the accident's site, the following was revealed:-
the vehicle that caused the accident was travelling from the north to the south making a turn to the west. The driver was driving in an unstable state (diabetic). He crashed into the pavement and over the grass. Then he kept on driving till he reach the main road and crossed it, after that, crashed again from the front into the pavement of the island leading the vehicle to roll-over and land there. As shown in the diagram.",2.2427620534705888,-0.4015453331379524,-1.3684844507234735,0,1,0,0,0,1,0,-1.4329847744217694,0,0,0,0,0,0,0,0,0,0,0,0,0,0,0,0,0,0,0,0,0,0,0,0,0,1,0,1,0,0,1,0,0,0,0,0,1,0,0,0,0,0,0,0,0,0,0,0,0,0,0,0,1,0,0,0,0,0,0,0,0,0,0,0,1,0,0,0,0,0,1,0,0,0,0,0,0,0,0,0,1,0,0,0,0,0,0,0,0,1,0,1,0,0,0,0,0,1,0,0,1,0,0,0
-0.761042654835281,-0.944846617806436,"After examining and inspecting the accident's site, the following was revealed:-
the vehicle that caused the accident was travelling from the north to the south making a turn to the west. The driver was driving in an unstable state (diabetic). He crashed into the pavement and over the grass. Then he kept on driving till he reach the main road and crossed it, after that, crashed again from the front into the pavement of the island leading the vehicle to roll-over and land there. As shown in the diagram.",2.2427620534705888,-0.4015453331379524,-1.3684844507234735,0,1,0,0,0,1,0,-1.4329847744217694,0,0,0,0,0,0,0,0,0,0,0,0,0,0,0,0,0,0,0,0,0,0,0,0,0,1,0,1,0,0,1,0,0,0,0,0,1,0,0,0,0,0,0,0,0,0,0,0,0,0,0,0,1,0,0,0,0,0,0,0,0,0,0,0,1,0,0,0,0,0,1,0,0,0,0,0,0,0,0,0,1,0,0,0,0,0,0,0,0,1,0,1,0,0,0,0,0,1,0,0,0,0,1,0
-0.761042654835281,-0.944846617806436,"After examining and inspecting the accident's site, the following was revealed:-
the vehicle that caused the accident was travelling from the north to the south making a turn to the west. The driver was driving in an unstable state (diabetic). He crashed into the pavement and over the grass. Then he kept on driving till he reach the main road and crossed it, after that, crashed again from the front into the pavement of the island leading the vehicle to roll-over and land there. As shown in the diagram.",2.2427620534705888,-0.4015453331379524,-1.3684844507234735,0,1,0,0,0,1,0,-1.4329847744217694,0,0,0,0,0,0,0,0,0,0,0,0,0,0,0,0,0,0,0,0,0,0,0,0,0,1,0,1,0,0,1,0,0,0,0,0,1,0,0,0,0,0,0,0,0,0,0,0,0,0,0,0,1,0,0,0,0,0,0,0,0,0,0,0,1,0,0,0,0,0,1,0,0,0,0,0,0,0,0,0,1,0,0,0,0,0,0,0,0,1,0,1,0,0,0,0,0,1,0,0,0,0,1,0
1.260820907432028,-0.972283752569173,"After examining and inspecting the accident's site, the following was revealed:- 
the vehicle that caused the accident was travelling from the east to the west taking the far right lane. The driver was exiting the street from the north side and was speeding and didn't keep to his lane, when he lost control of the vehicle (truck) and crashed from the left side of his vehicle into the light pole. The the vehicle rolled over. as a result, the driver and the passenger were injured and material damages were caused to the vehicle and state’s properties. As shown in the diagram.",-0.19746179160121255,-0.4015453331379524,-2.3692825732768528,0,1,0,0,0,1,0,-1.4230581591874767,0,0,0,0,0,0,0,0,0,0,0,0,0,0,0,0,0,0,0,0,0,1,0,0,0,0,0,0,1,0,1,0,0,0,0,0,0,0,1,0,0,0,0,0,0,0,0,0,0,0,0,0,0,1,0,0,0,0,0,0,0,0,0,1,0,0,0,0,0,1,0,0,0,0,0,0,0,0,0,0,0,0,0,0,0,0,0,0,1,1,0,0,0,1,0,0,0,1,0,0,0,0,0,1
-0.17576636049474417,-0.972283752569173,"After examining and inspecting the accident's site, the following was revealed:- 
the vehicle that caused the accident was travelling from the east to the west taking the far right lane. The driver was exiting the street from the north side and was speeding and didn't keep to his lane, when he lost control of the vehicle (truck) and crashed from the left side of his vehicle into the light pole. The the vehicle rolled over. as a result, the driver and the passenger were injured and material damages were caused to the vehicle and state’s properties. As shown in the diagram.",-0.19746179160121255,-0.4015453331379524,-2.3692825732768528,0,1,0,0,0,1,0,-1.4230581591874767,0,0,0,0,0,0,0,0,0,0,0,0,0,0,0,0,0,0,0,0,0,1,0,0,0,0,0,0,1,0,1,0,0,0,0,0,0,0,1,0,0,0,0,0,0,0,0,0,0,0,0,0,0,1,0,0,0,0,0,0,0,0,0,1,0,0,0,0,0,1,0,0,0,0,0,0,0,0,0,0,0,0,0,0,0,0,0,0,1,0,1,0,1,0,0,0,1,0,0,0,0,0,0,1
-0.38859410389130306,-0.972283752569173,"After examining and inspecting the accident's site, the following was revealed:- 
the vehicle that caused the accident was travelling from the east to the west taking the far right lane. The driver was exiting the street from the north side and was speeding and didn't keep to his lane, when he lost control of the vehicle (truck) and crashed from the left side of his vehicle into the light pole. The the vehicle rolled over. as a result, the driver and the passenger were injured and material damages were caused to the vehicle and state’s properties. As shown in the diagram.",-0.19746179160121255,-0.4015453331379524,-2.3692825732768528,0,1,0,0,0,1,0,-1.4230581591874767,0,0,0,0,0,0,0,0,0,0,0,0,0,0,0,0,0,0,0,0,0,1,0,0,0,0,0,0,1,0,1,0,0,0,0,0,0,0,1,0,0,0,0,0,0,0,0,0,0,0,0,0,0,1,0,0,0,0,0,0,0,0,0,1,0,0,0,0,0,1,0,0,0,0,0,0,0,0,0,0,0,0,0,0,0,0,0,0,1,1,0,1,0,0,0,0,0,1,0,0,0,0,0,1
-0.33538716804216334,-0.972283752569173,"After examining and inspecting the accident's site, the following was revealed:- 
the vehicle that caused the accident was travelling from the east to the west taking the far right lane. The driver was exiting the street from the north side and was speeding and didn't keep to his lane, when he lost control of the vehicle (truck) and crashed from the left side of his vehicle into the light pole. The the vehicle rolled over. as a result, the driver and the passenger were injured and material damages were caused to the vehicle and state’s properties. As shown in the diagram.",-0.19746179160121255,-0.4015453331379524,-2.3692825732768528,0,1,0,0,0,1,0,-1.4230581591874767,0,0,0,0,0,0,0,0,0,0,0,0,0,0,0,0,0,0,0,0,0,1,0,0,0,0,0,0,1,0,1,0,0,0,0,0,0,0,1,0,0,0,0,0,0,0,0,0,0,0,0,0,0,1,0,0,0,0,0,0,0,0,0,1,0,0,0,0,0,1,0,0,0,0,0,0,0,0,0,0,0,0,0,0,0,0,0,0,1,1,0,1,0,0,0,0,0,1,0,0,0,0,0,1
0.09026831875095438,0.6739443331950448,"After examining and inspecting the accident's site, the following was revealed:-
the vehicles were travelling from the east to the west taking the left lane. the vehicle that caused the accident was in the back and the two afflicted vehicles were on the front. The former didn’t keep a distance between the vehicles and collided from the front side with the back side of the first afflicted vehicle. The powerful impact lead the latter to collide from the front side with the back side of the second afflicted vehicle. And they all stopped. The accident was diagrammed as shown. ",2.2427620534705888,-0.4015453331379524,0.6331117943832852,0,1,0,0,0,1,0,-1.4253236601284895,0,0,0,0,0,0,0,0,0,0,0,0,0,0,0,0,0,0,1,0,0,0,0,0,0,0,0,1,0,0,1,0,0,0,0,0,0,0,0,0,0,0,1,0,0,0,0,0,0,0,0,0,1,0,0,0,0,0,0,0,0,0,0,1,0,0,0,0,0,0,1,0,0,0,0,0,0,0,0,0,0,0,0,0,0,1,0,0,0,0,1,0,1,0,0,0,1,0,0,1,0,0,0,0
0.09026831875095438,-0.7527866744672773,"After examining and inspecting the accident's site, the following was revealed:-
the vehicles were travelling from the west to the east. the vehicle that caused the accident was taking the middle lane, while the afflicted was taking the second lane from the left. The former didn’t keep to his lane and collided form the left back side with the right front side of the afflicted vehicle, leading the vehicle of the former to roll-over. as a result, the driver and the passenger of the former vehicle were injured and material damages were caused to the vehicles. As shown in the diagram. ",-0.19746179160121255,-0.4015453331379524,-0.3676863281700941,0,1,0,0,0,1,0,-1.4218214364515616,0,0,0,0,0,0,0,0,0,0,1,0,0,0,0,0,0,0,0,0,0,0,0,0,0,0,1,0,0,0,1,0,0,1,0,0,0,0,0,0,0,0,0,0,0,0,0,0,0,0,0,0,0,0,1,0,0,0,0,0,0,0,0,1,0,0,0,0,0,0,0,0,1,0,0,0,0,0,0,0,0,0,0,1,0,0,0,0,0,1,0,1,0,0,0,0,0,1,0,0,1,0,0,0
0.7819584847897707,-0.7527866744672773,"After examining and inspecting the accident's site, the following was revealed:-
the vehicles were travelling from the west to the east. the vehicle that caused the accident was taking the middle lane, while the afflicted was taking the second lane from the left. The former didn’t keep to his lane and collided form the left back side with the right front side of the afflicted vehicle, leading the vehicle of the former to roll-over. as a result, the driver and the passenger of the former vehicle were injured and material damages were caused to the vehicles. As shown in the diagram.",-0.19746179160121255,-0.4015453331379524,-0.3676863281700941,0,1,0,0,0,1,0,-1.4218214364515616,0,0,0,0,0,0,0,0,0,0,1,0,0,0,0,0,0,0,0,0,0,0,0,0,0,0,1,0,0,0,1,0,0,1,0,0,0,0,0,0,0,0,0,0,0,0,0,0,0,0,0,0,0,0,1,0,0,0,0,0,0,0,0,1,0,0,0,0,0,0,0,0,1,0,0,0,0,0,0,0,0,0,0,1,0,0,0,0,0,0,1,0,1,0,0,0,1,0,0,0,1,0,0,0
0.9415792923371898,-0.7527866744672773,"After examining and inspecting the accident's site, the following was revealed:-
the vehicles were travelling from the west to the east. the vehicle that caused the accident was taking the middle lane, while the afflicted was taking the second lane from the left. The former didn’t keep to his lane and collided form the left back side with the right front side of the afflicted vehicle, leading the vehicle of the former to roll-over. as a result, the driver and the passenger of the former vehicle were injured and material damages were caused to the vehicles. As shown in the diagram.",-0.19746179160121255,-0.4015453331379524,-0.3676863281700941,0,1,0,0,0,1,0,-1.4218214364515616,0,0,0,0,0,0,0,0,0,0,1,0,0,0,0,0,0,0,0,0,0,0,0,0,0,0,1,0,0,0,1,0,0,1,0,0,0,0,0,0,0,0,0,0,0,0,0,0,0,0,0,0,0,0,1,0,0,0,0,0,0,0,0,1,0,0,0,0,0,0,0,0,1,0,0,0,0,0,0,0,0,0,0,1,0,0,0,0,0,1,0,1,0,0,0,0,0,1,0,0,1,0,0,0