Age of the injured,Str Code,Accident Description,Road speed limit,Pedestrian action,Number of Lanes,Gender_F,Gender_M,Week_Fifth week,Week_First week,Week_Fourth week,Week_Second week,Week_Third week,Date_time,Reasons__??? ????? ?????? ?????? ???? ????? ??? ???? ???????,Reasons__???? ?? ??????? (???),Reasons__Bypassing the red traffic light,Reasons__Driving back without attention,Reasons__Driving back without traffic clearance,Reasons__Driving in the opposite direction,Reasons__Entering main road without traffic clearance,Reasons__Exceeding speed limit,Reasons__Fatigue and drowsiness,Reasons__Faults in the road,Reasons__Ignoring road lane,Reasons__Ignoring traffic lights,Reasons__Lack of driving awareness,Reasons__Misuse of traffic,Reasons__Negligence and inobservance,Reasons__Negligent driving,Reasons__Not giving priority to pedestrian crossing,Reasons__Not giving way / not giving priority,Reasons__Not leaving enough space,Reasons__Not observing the stop sign,Reasons__Not securing vehicle stability while stopping,Reasons__Speedy without taking road conditions into account,Reasons__Sudden deviation,Reasons__Sudden stop,Reasons__Tyre burst,Reasons__under influence of intoxicant or narcotic drug,__Al Madina Police Station,__Khaldiya Police Station,__Shaabiya Police Station,Streetname_Intersection,Streetname_Street,place__Bridge / Tunnel,place__Coastal area,place__Commercial area,place__Fuel Station,place__Govt. authority,place__Hospital,place__Island,place__Mosque,place__One level intersection,place__Other,place__Park,place__Residential area,place__Sand area,place__School,place__Work area,place__external road,place__unknown,location__ ,location__Bridge,location__Bridge /  Tunnel,location__Car parking,location__Double road,location__Highway,location__Intersection,location__Off the road,location__Other(specify),location__Roundabout,location__Side parking,location__Single road,location__Tunnel,location__Two-way road,location__Unknown,lighting__day,lighting__night - enough lights,lighting__night - weak lights,intersection__Deviated intersection,intersection__Half Perpendicular Intersection,intersection__Multiple leg Intersection,intersection__Not on Intersection,intersection__Not on or around 20 meters,intersection__Other,intersection__Perpendicular Intersection,intersection__Roundabout,intersection__Turn ,accidentype__Collision while turning,accidentype__Fall,accidentype__Hitting a moving object off the road,accidentype__Hitting a moving object on the road,accidentype__Hitting a stationary object off the road,accidentype__Hitting a stationary object on the road,accidentype__Multiple collision,accidentype__Other (specify),accidentype__Perpendicular collision,accidentype__Person run over,accidentype__Rear collision,accidentype__Reciprocal collision,accidentype__Side collision,accidentype__deterioration,seat belt_N,seat belt_Y,seat_Back passenger seat,seat_Driver's seat,seat_Front passenger seat,seat_No passenger,seat_bike passenger,position_Driver,position_Passenger,position_Pedestrian,nationality_Arab States,nationality_Asian States,nationality_GCC,nationality_Other,nationality_UAE
0.5691307413932118,-0.7527866744672773,"After examining and inspecting the accident's site, the following was revealed:-
the vehicles were travelling from the west to the east. the vehicle that caused the accident was taking the middle lane, while the afflicted was taking the second lane from the left. The former didn’t keep to his lane and collided form the left back side with the right front side of the afflicted vehicle, leading the vehicle of the former to roll-over. as a result, the driver and the passenger of the former vehicle were injured and material damages were caused to the vehicles. As shown in the diagram.",-0.19746179160121255,-0.4015453331379524,-0.3676863281700941,0,1,0,0,0,1,0,-1.4218214364515616,0,0,0,0,0,0,0,0,0,0,1,0,0,0,0,0,0,0,0,0,0,0,0,0,0,0,1,0,0,0,1,0,0,1,0,0,0,0,0,0,0,0,0,0,0,0,0,0,0,0,0,0,0,0,1,0,0,0,0,0,0,0,0,1,0,0,0,0,0,0,0,0,1,0,0,0,0,0,0,0,0,0,0,1,0,0,0,0,0,1,0,1,0,0,0,0,0,1,0,0,1,0,0,0
-0.06935248879646476,-0.7527866744672773,"After examining and inspecting the accident's site, the following was revealed:-
the vehicles were travelling from the west to the east. the vehicle that caused the accident was taking the middle lane, while the afflicted was taking the second lane from the left. The former didn’t keep to his lane and collided form the left back side with the right front side of the afflicted vehicle, leading the vehicle of the former to roll-over. as a result, the driver and the passenger of the former vehicle were injured and material damages were caused to the vehicles. As shown in the diagram.",-0.19746179160121255,-0.4015453331379524,-0.3676863281700941,0,1,0,0,0,1,0,-1.4218214364515616,0,0,0,0,0,0,0,0,0,0,1,0,0,0,0,0,0,0,0,0,0,0,0,0,0,0,1,0,0,0,1,0,0,1,0,0,0,0,0,0,0,0,0,0,0,0,0,0,0,0,0,0,0,0,1,0,0,0,0,0,0,0,0,1,0,0,0,0,0,0,0,0,1,0,0,0,0,0,0,0,0,0,0,1,0,0,0,0,0,1,0,1,0,0,0,0,0,1,0,0,1,0,0,0
-1.0270773340809796,-0.9997208873319099,"After examining and inspecting the accident's site, the following was revealed:-
the vehicle that caused the accident was travelling from the east to the west on a side road off Salem Khalaf street. The victim was crossing from the south to the north. The driver violated the pedestrian rule and committed a hit and run, hitting the victim with right front side of his vehicle. as a result, the victim was moderately injured and received medical treatment and left the hospital with a stable state. The accident was diagrammed as shown ",-1.4175737141371132,-0.4015453331379524,-2.3692825732768528,0,1,0,0,0,1,0,-0.10068416547342836,0,0,0,0,0,0,0,0,0,0,0,0,0,1,0,0,0,0,0,0,0,0,0,0,0,0,0,0,1,0,1,0,0,1,0,0,0,0,0,0,0,0,0,0,0,0,0,0,0,0,0,0,0,0,0,0,0,0,0,0,0,1,0,1,0,0,0,1,0,0,0,0,0,0,0,0,0,0,0,0,0,0,0,0,1,0,0,0,0,1,0,0,0,0,1,0,0,0,1,0,0,0,0,1
1.846097201772565,-0.8076609439927512,"After examining and inspecting the accident's site, the following was revealed:- 
the vehicle that caused the accident was travelling from the south to the north. The afflicted vehicle was travelling from the east to the west. The formed didn't follow the traffic sign (STOP)  and collided from the front side of his vehicle with left side of the afflicted vehicle. as a result, the driver of the afflicted vehicle was injured and was admitted to the hospital. As shown in the diagram.",-1.4175737141371132,-0.4015453331379524,-1.3684844507234735,0,1,0,0,0,1,0,-0.1157656161821993,0,0,0,0,0,0,0,0,0,0,0,0,0,0,0,0,0,0,0,1,0,0,0,0,0,0,1,0,0,0,1,0,0,1,0,0,0,0,0,0,0,0,0,0,0,0,0,0,0,0,0,0,0,0,1,0,0,0,0,0,0,0,0,0,1,0,0,0,0,0,0,0,1,0,0,0,0,0,0,0,0,0,0,1,0,0,0,0,0,0,1,0,1,0,0,0,1,0,0,1,0,0,0,0
0.3030960621475132,1.0855013546360992,"the vehicle that caused the accident was travelling from the south to the north taking the second lane from the right side. The first afflicted vehicle was travelling to the same direction taking the first lane from the right side. The former didn't keep to his lane and drifted to the right, leading the latter to drift to the right trying to avoid crashing, but he lost control of the vehicle and drift out of the lane and over the triangle of the road. Then the first afflicted vehicle drift again to the right to drive over the middle pavement reaching the other afflicted vehicles which were waiting in the traffic. The latter collided from the front side with the left side of the second afflicted vehicle, then collided again with the third afflicted vehicle and others vehicles. All the others vehicles stopped, however, the vehicle that caused the accident fled and didn’t stop. The accident was diagrammed as shown. 

as a result, the people were injured and material damages were caused to the vehicles and the state’s properties. ",-0.19746179160121255,-0.4015453331379524,0.6331117943832852,0,1,0,0,0,1,0,-0.11466022683416892,0,0,0,0,0,0,0,0,0,0,1,0,0,0,0,0,0,0,0,0,0,0,0,0,0,0,0,1,0,0,1,0,0,0,0,0,1,0,0,0,0,0,0,0,0,0,0,0,0,0,0,0,1,0,0,0,0,0,0,0,0,0,0,1,0,0,0,0,0,0,1,0,0,0,0,0,0,0,0,0,0,0,0,1,0,0,0,0,0,0,1,0,1,0,0,0,1,0,0,1,0,0,0,0
-0.016145552947325045,1.0855013546360992,"the vehicle that caused the accident was travelling from the south to the north taking the second lane from the right side. The first afflicted vehicle was travelling to the same direction taking the first lane from the right side. The former didn't keep to his lane and drifted to the right, leading the latter to drift to the right trying to avoid crashing, but he lost control of the vehicle and drift out of the lane and over the triangle of the road. Then the first afflicted vehicle drift again to the right to drive over the middle pavement reaching the other afflicted vehicles which were waiting in the traffic. The latter collided from the front side with the left side of the second afflicted vehicle, then collided again with the third afflicted vehicle and others vehicles. All the others vehicles stopped, however, the vehicle that caused the accident fled and didn’t stop. The accident was diagrammed as shown.

as a result, the people were injured and material damages were caused to the vehicles and the state’s properties.",-0.19746179160121255,-0.4015453331379524,0.6331117943832852,0,1,0,0,0,1,0,-0.11466022683416892,0,0,0,0,0,0,0,0,0,0,1,0,0,0,0,0,0,0,0,0,0,0,0,0,0,0,0,1,0,0,1,0,0,0,0,0,1,0,0,0,0,0,0,0,0,0,0,0,0,0,0,0,1,0,0,0,0,0,0,0,0,0,0,1,0,0,0,0,0,0,1,0,0,0,0,0,0,0,0,0,0,0,0,1,0,0,0,0,0,0,1,0,1,0,0,0,1,0,0,1,0,0,0,0
-0.6014218472878619,-0.972283752569173,"After examining and inspecting the accident's site, the following was revealed:- The vehicle that caused the accident was travelling from the east to the west taking the far left lane. The victim was trying to cross the road from south to north from the middle of the street then he reached the right side of the opposite road. The driver was going over the speed limit (80 km/h), violated the pedestrian rule and hit the victim with the front side of his vehicle leading the victim to crash into the wind-shield of the vehicle then fly back 34.4 meters landing on the third lane. The accident lead to the death of the victim. And material damages were caused to the vehicle. As shown in the digram. ",1.0226501309346883,2.490378837640347,0.6331117943832852,0,1,0,0,0,0,1,-0.10602505658074346,0,0,0,0,0,0,0,1,0,0,0,0,0,0,0,0,0,0,0,0,0,0,0,0,0,0,0,0,1,0,1,0,0,0,0,0,1,0,0,0,0,0,0,0,0,0,0,0,0,0,0,0,1,0,0,0,0,0,0,0,0,0,0,1,0,0,0,0,0,0,1,0,0,0,0,0,0,0,0,0,0,0,0,0,1,0,0,0,0,1,0,0,0,0,1,0,0,0,1,0,1,0,0,0
-0.016145552947325045,-0.9036909156623305,"After examining and inspecting the accident's site, the following was revealed:- 


The vehicle that caused the accident was travelling from the east to the west taking the middle lane. The driver was driving with unstable state and drifted to the left to crash into the light pole from the front side of the vehicle then stopped. As a result, the driver and the passenger were injured and admitted to hospital. Material damages were caused to the vehicle and the state’s properties. As shown in the digram.",-0.19746179160121255,-0.4015453331379524,0.6331117943832852,1,0,0,0,0,0,1,-0.008849293994983486,0,0,0,0,0,0,0,0,0,0,0,0,0,0,0,0,0,0,0,0,0,0,0,0,0,1,0,1,0,0,1,0,0,0,0,1,0,0,0,0,0,0,0,0,0,0,0,0,0,0,0,0,1,0,0,0,0,0,0,0,0,0,0,0,1,0,0,0,0,0,1,0,0,0,0,0,0,0,0,0,1,0,0,0,0,0,0,0,0,1,0,0,0,1,0,0,0,1,0,1,0,0,0,0
-0.06935248879646476,-0.9036909156623305,"After examining and inspecting the accident's site, the following was revealed:- 


The vehicle that caused the accident was travelling from the east to the west taking the middle lane. The driver was driving with unstable state and drifted to the left to crash into the light pole from the front side of the vehicle then stopped. As a result, the driver and the passenger were injured and admitted to hospital. Material damages were caused to the vehicle and the state’s properties. As shown in the digram.",-0.19746179160121255,-0.4015453331379524,0.6331117943832852,0,1,0,0,0,0,1,-0.008849293994983486,0,0,0,0,0,0,0,0,0,0,0,0,0,0,0,0,0,0,0,0,0,0,0,0,0,1,0,1,0,0,1,0,0,0,0,1,0,0,0,0,0,0,0,0,0,0,0,0,0,0,0,0,1,0,0,0,0,0,0,0,0,0,0,0,1,0,0,0,0,0,1,0,0,0,0,0,0,0,0,0,1,0,0,0,0,0,0,0,0,0,1,0,1,0,0,0,1,0,0,1,0,0,0,0
1.7396833300742855,-0.972283752569173,"After examining and inspecting the accident's site, the following was revealed:- 
the vehicle that caused the accident was waiting in the pick up station. The victim was trying to get into the car from the back seat. And because the driver didn’t pay attention and started to drive while the passenger's leg was still outside the car and still didn’t get in, the passenger was injured in her leg. As shown in the diagram.",-0.19746179160121255,-0.4015453331379524,0.6331117943832852,1,0,0,0,0,0,1,0.106297253833013,0,0,0,0,0,0,0,0,0,0,0,0,0,0,1,0,0,0,0,0,0,0,0,0,0,0,0,1,0,0,1,0,0,1,0,0,0,0,0,0,0,0,0,0,0,0,0,0,0,0,0,0,0,0,0,0,0,0,1,0,0,0,0,1,0,0,0,0,0,1,0,0,0,0,0,0,0,0,0,0,0,0,0,0,1,0,0,0,0,1,0,1,0,0,0,0,0,1,0,0,0,0,1,0
-0.12255942464560447,-0.9997208873319099,"After examining and inspecting the accident's site, the following was revealed:- 
the vehicles were travelling from the west to the east taking the second lane from the right. The vehicle that caused the accident didn’t keep a distance from the front vehicle and collided from the front side with the back side of the first afflicted vehicle. Leading the latter to collide from the front side with back side of the second afflicted vehicle and then leading the second to collide from the front side with back side of the third afflicted vehicle. as a result, the passenger of the former vehicle was injured and material damagers were caused to the vehicles. As shown in the diagram. ",2.2427620534705888,-0.4015453331379524,0.6331117943832852,0,1,0,0,0,0,1,0.11598309118951683,0,0,0,0,0,0,0,0,0,0,0,0,0,0,0,0,0,0,1,0,0,0,0,0,0,0,0,0,1,0,1,0,0,0,0,1,0,0,0,0,0,0,0,0,0,0,0,0,0,0,0,0,0,1,0,0,0,0,0,0,0,0,0,1,0,0,0,0,0,1,0,0,0,0,0,0,0,0,0,0,0,0,0,0,0,1,0,0,0,1,0,1,0,0,0,0,0,1,0,0,1,0,0,0
0.6755446130914913,-0.9997208873319099,"After examining and inspecting the accident's site, the following was revealed:- 
the vehicles were travelling from the west to the east taking the second lane from the right. The vehicle that caused the accident didn’t keep a distance from the front vehicle and collided from the front side with the back side of the first afflicted vehicle. Leading the latter to collide from the front side with back side of the second afflicted vehicle and then leading the second to collide from the front side with back side of the third afflicted vehicle. as a result, the passenger of the former vehicle was injured and material damagers were caused to the vehicles. As shown in the diagram.",2.2427620534705888,-0.4015453331379524,0.6331117943832852,0,1,0,0,0,0,1,0.11598309118951683,0,0,0,0,0,0,0,0,0,0,0,0,0,0,0,0,0,0,1,0,0,0,0,0,0,0,0,0,1,0,1,0,0,0,0,1,0,0,0,0,0,0,0,0,0,0,0,0,0,0,0,0,0,1,0,0,0,0,0,0,0,0,0,1,0,0,0,0,0,1,0,0,0,0,0,0,0,0,0,0,0,0,0,0,0,1,0,0,0,1,0,1,0,0,0,0,0,1,0,0,1,0,0,0
0.5691307413932118,-0.9997208873319099,"After examining and inspecting the accident's site, the following was revealed:- 
the vehicles were travelling from the west to the east taking the second lane from the right. The vehicle that caused the accident didn’t keep a distance from the front vehicle and collided from the front side with the back side of the first afflicted vehicle. Leading the latter to collide from the front side with back side of the second afflicted vehicle and then leading the second to collide from the front side with back side of the third afflicted vehicle. as a result, the passenger of the former vehicle was injured and material damagers were caused to the vehicles. As shown in the diagram.",2.2427620534705888,-0.4015453331379524,0.6331117943832852,0,1,0,0,0,0,1,0.11598309118951683,0,0,0,0,0,0,0,0,0,0,0,0,0,0,0,0,0,0,1,0,0,0,0,0,0,0,0,0,1,0,1,0,0,0,0,1,0,0,0,0,0,0,0,0,0,0,0,0,0,0,0,0,0,1,0,0,0,0,0,0,0,0,0,1,0,0,0,0,0,1,0,0,0,0,0,0,0,0,0,0,0,0,0,0,0,1,0,0,0,1,0,1,0,0,0,0,0,1,0,0,0,0,1,0
0.03706138290181467,-0.9997208873319099,"After examining and inspecting the accident's site, the following was revealed:- 
the vehicles were travelling from the west to the east taking the second lane from the right. The vehicle that caused the accident didn’t keep a distance from the front vehicle and collided from the front side with the back side of the first afflicted vehicle. Leading the latter to collide from the front side with back side of the second afflicted vehicle and then leading the second to collide from the front side with back side of the third afflicted vehicle. as a result, the passenger of the former vehicle was injured and material damagers were caused to the vehicles. As shown in the diagram.",2.2427620534705888,-0.4015453331379524,0.6331117943832852,0,1,0,0,0,0,1,0.11598309118951683,0,0,0,0,0,0,0,0,0,0,0,0,0,0,0,0,0,0,1,0,0,0,0,0,0,0,0,0,1,0,1,0,0,0,0,1,0,0,0,0,0,0,0,0,0,0,0,0,0,0,0,0,0,1,0,0,0,0,0,0,0,0,0,1,0,0,0,0,0,1,0,0,0,0,0,0,0,0,0,0,0,0,0,0,0,1,0,0,0,1,0,1,0,0,0,0,0,1,0,0,1,0,0,0
0.09026831875095438,-0.9997208873319099,"After examining and inspecting the accident's site, the following was revealed:- 
the vehicles were travelling from the west to the east taking the second lane from the right. The vehicle that caused the accident didn’t keep a distance from the front vehicle and collided from the front side with the back side of the first afflicted vehicle. Leading the latter to collide from the front side with back side of the second afflicted vehicle and then leading the second to collide from the front side with back side of the third afflicted vehicle. as a result, the passenger of the former vehicle was injured and material damagers were caused to the vehicles. As shown in the diagram.",2.2427620534705888,-0.4015453331379524,0.6331117943832852,0,1,0,0,0,0,1,0.11598309118951683,0,0,0,0,0,0,0,0,0,0,0,0,0,0,0,0,0,0,1,0,0,0,0,0,0,0,0,0,1,0,1,0,0,0,0,1,0,0,0,0,0,0,0,0,0,0,0,0,0,0,0,0,0,1,0,0,0,0,0,0,0,0,0,1,0,0,0,0,0,1,0,0,0,0,0,0,0,0,0,0,0,0,0,0,0,1,0,0,0,1,0,1,0,0,0,0,0,1,0,0,1,0,0,0
0.24988912629837354,-0.9997208873319099,"After examining and inspecting the accident's site, the following was revealed:- 
the vehicles were travelling from the west to the east taking the second lane from the right. The vehicle that caused the accident didn’t keep a distance from the front vehicle and collided from the front side with the back side of the first afflicted vehicle. Leading the latter to collide from the front side with back side of the second afflicted vehicle and then leading the second to collide from the front side with back side of the third afflicted vehicle. as a result, the passenger of the former vehicle was injured and material damagers were caused to the vehicles. As shown in the diagram.",2.2427620534705888,-0.4015453331379524,0.6331117943832852,0,1,0,0,0,0,1,0.11598309118951683,0,0,0,0,0,0,0,0,0,0,0,0,0,0,0,0,0,0,1,0,0,0,0,0,0,0,0,0,1,0,1,0,0,0,0,1,0,0,0,0,0,0,0,0,0,0,0,0,0,0,0,0,0,1,0,0,0,0,0,0,0,0,0,1,0,0,0,0,0,1,0,0,0,0,0,0,0,0,0,0,0,0,0,0,0,1,0,0,0,1,0,1,0,0,0,0,0,1,0,0,1,0,0,0
-0.2289732963438839,-0.9997208873319099,"After examining and inspecting the accident's site, the following was revealed:- 
the vehicles were travelling from the west to the east taking the second lane from the right. The vehicle that caused the accident didn’t keep a distance from the front vehicle and collided from the front side with the back side of the first afflicted vehicle. Leading the latter to collide from the front side with back side of the second afflicted vehicle and then leading the second to collide from the front side with back side of the third afflicted vehicle. as a result, the passenger of the former vehicle was injured and material damagers were caused to the vehicles. As shown in the diagram.",2.2427620534705888,-0.4015453331379524,0.6331117943832852,0,1,0,0,0,0,1,0.11598309118951683,0,0,0,0,0,0,0,0,0,0,0,0,0,0,0,0,0,0,1,0,0,0,0,0,0,0,0,0,1,0,1,0,0,0,0,1,0,0,0,0,0,0,0,0,0,0,0,0,0,0,0,0,0,1,0,0,0,0,0,0,0,0,0,1,0,0,0,0,0,1,0,0,0,0,0,0,0,0,0,0,0,0,0,0,0,1,0,0,0,1,0,1,0,0,0,0,0,1,0,0,1,0,0,0
-0.06935248879646476,-0.9997208873319099,"After examining and inspecting the accident's site, the following was revealed:- 
the vehicles were travelling from the west to the east taking the second lane from the right. The vehicle that caused the accident didn’t keep a distance from the front vehicle and collided from the front side with the back side of the first afflicted vehicle. Leading the latter to collide from the front side with back side of the second afflicted vehicle and then leading the second to collide from the front side with back side of the third afflicted vehicle. as a result, the passenger of the former vehicle was injured and material damagers were caused to the vehicles. As shown in the diagram.",2.2427620534705888,-0.4015453331379524,0.6331117943832852,0,1,0,0,0,0,1,0.11598309118951683,0,0,0,0,0,0,0,0,0,0,0,0,0,0,0,0,0,0,1,0,0,0,0,0,0,0,0,0,1,0,1,0,0,0,0,1,0,0,0,0,0,0,0,0,0,0,0,0,0,0,0,0,0,1,0,0,0,0,0,0,0,0,0,1,0,0,0,0,0,1,0,0,0,0,0,0,0,0,0,0,0,0,0,0,0,1,0,0,0,1,0,1,0,0,0,0,0,1,0,0,1,0,0,0
-0.06935248879646476,-0.9997208873319099,"After examining and inspecting the accident's site, the following was revealed:- 
the vehicles were travelling from the west to the east taking the second lane from the right. The vehicle that caused the accident didn’t keep a distance from the front vehicle and collided from the front side with the back side of the first afflicted vehicle. Leading the latter to collide from the front side with back side of the second afflicted vehicle and then leading the second to collide from the front side with back side of the third afflicted vehicle. as a result, the passenger of the former vehicle was injured and material damagers were caused to the vehicles. As shown in the diagram.",2.2427620534705888,-0.4015453331379524,0.6331117943832852,0,1,0,0,0,0,1,0.11598309118951683,0,0,0,0,0,0,0,0,0,0,0,0,0,0,0,0,0,0,1,0,0,0,0,0,0,0,0,0,1,0,1,0,0,0,0,1,0,0,0,0,0,0,0,0,0,0,0,0,0,0,0,0,0,1,0,0,0,0,0,0,0,0,0,1,0,0,0,0,0,1,0,0,0,0,0,0,0,0,0,0,0,0,0,0,0,1,0,0,0,1,0,1,0,0,0,0,0,1,0,0,1,0,0,0
-0.06935248879646476,-0.9997208873319099,"After examining and inspecting the accident's site, the following was revealed:- 
the vehicles were travelling from the west to the east taking the second lane from the right. The vehicle that caused the accident didn’t keep a distance from the front vehicle and collided from the front side with the back side of the first afflicted vehicle. Leading the latter to collide from the front side with back side of the second afflicted vehicle and then leading the second to collide from the front side with back side of the third afflicted vehicle. as a result, the passenger of the former vehicle was injured and material damagers were caused to the vehicles. As shown in the diagram.",2.2427620534705888,-0.4015453331379524,0.6331117943832852,0,1,0,0,0,0,1,0.11598309118951683,0,0,0,0,0,0,0,0,0,0,0,0,0,0,0,0,0,0,1,0,0,0,0,0,0,0,0,0,1,0,1,0,0,0,0,1,0,0,0,0,0,0,0,0,0,0,0,0,0,0,0,0,0,1,0,0,0,0,0,0,0,0,0,1,0,0,0,0,0,1,0,0,0,0,0,0,0,0,0,0,0,0,0,0,0,1,0,0,0,1,0,1,0,0,0,0,0,1,0,0,1,0,0,0
-0.06935248879646476,-0.9997208873319099,"After examining and inspecting the accident's site, the following was revealed:- 
the vehicles were travelling from the west to the east taking the second lane from the right. The vehicle that caused the accident didn’t keep a distance from the front vehicle and collided from the front side with the back side of the first afflicted vehicle. Leading the latter to collide from the front side with back side of the second afflicted vehicle and then leading the second to collide from the front side with back side of the third afflicted vehicle. as a result, the passenger of the former vehicle was injured and material damagers were caused to the vehicles. As shown in the diagram.",2.2427620534705888,-0.4015453331379524,0.6331117943832852,0,1,0,0,0,0,1,0.11598309118951683,0,0,0,0,0,0,0,0,0,0,0,0,0,0,0,0,0,0,1,0,0,0,0,0,0,0,0,0,1,0,1,0,0,0,0,1,0,0,0,0,0,0,0,0,0,0,0,0,0,0,0,0,0,1,0,0,0,0,0,0,0,0,0,1,0,0,0,0,0,1,0,0,0,0,0,0,0,0,0,0,0,0,0,0,0,1,0,0,0,1,0,1,0,0,0,0,0,1,0,0,1,0,0,0
0.46271686969493236,-0.8488166461368566,"After examining and inspecting the accident's site, the following was revealed:-
the vehicle that caused the accident was travelling from the south to the north taking the third lane from the left. The afflicted vehicle was travelling to the same direction and was waiting in the traffic. The former wasn’t paying attention and collided from the front side with the backside of the afflicted vehicle leading it to collide from the front side with the backside of the second afflicted vehicle. The the former drifted to the forth lane and the the first afflicted vehicle drifted to the second lane then the second afflicted vehicle drifted to forth lane in front of the former. as a result, people were injured and material damages were caused to the vehicles. As shown in the diagram.  ",-0.19746179160121255,-0.4015453331379524,-1.3684844507234735,1,0,0,0,0,0,1,0.21645313292138715,0,0,0,0,0,0,0,0,0,0,0,0,0,0,1,0,0,0,0,0,0,0,0,0,0,0,0,1,0,0,1,0,0,0,0,0,0,0,0,0,0,0,1,0,0,0,0,0,0,0,0,0,1,0,0,0,0,0,0,0,0,0,0,1,0,0,0,0,0,1,0,0,0,0,0,0,0,0,0,0,0,0,0,0,0,1,0,0,0,0,1,0,1,0,0,0,1,0,0,1,0,0,0,0
0.8883723564880501,0.18007590746577945,"After examining and inspecting the accident's site, the following was revealed:- 

the vehicle that caused the accident was travelling from the west to the west taking the far left lane. The first afflicted vehicle was travelling from the east to the west taking the second lane from the left. The second afflicted vehicle was going to same direction as the first while taking the far left lane. The former ran the red light and took a left turn to the north and met the two afflicted vehicles in the middle to collide from the front and the right back side with front of the two afflicted vehicles. as a result, the driver of the former vehicle was injured and was admitted to Sheikh Khalefa’s Hospital. Material damages were caused to the vehicles. The accident was diagrammed. ",-0.19746179160121255,-0.4015453331379524,-0.3676863281700941,0,1,0,0,0,0,1,0.3269920677244253,0,0,1,0,0,0,0,0,0,0,0,0,0,0,0,0,0,0,0,0,0,0,0,0,0,0,0,0,1,0,1,0,0,1,0,0,0,0,0,0,0,0,0,0,0,0,0,0,0,0,0,0,0,0,1,0,0,0,0,0,0,0,0,1,0,0,0,0,0,0,0,0,1,0,0,0,0,0,0,0,0,0,0,1,0,0,0,0,0,0,1,0,1,0,0,0,1,0,0,0,0,0,0,1
1.3140278432811678,-0.972283752569173,"After examining and inspecting the accident's site, the following was revealed:- the vehicle that caused the accident was travelling from the east to the west. The afflicted vehicle was travelling from the south to the north taking the left lane in a sub-road off Al-Sheikh Rashed Bin Saeid road, behind the Local Immigrations. The former didn't follow the traffic sign (STOP) and collided from the left front side with the right front side of the afflicted vehicle. The power of the impact made the vehicles drift and crash into the middle pavement. Then the afflicted vehicle crashed into the pole of the traffic sign and stopped on the apposite street. While the former crashed into the traffic light pole and settled in the middle of the island. as a result, the drivers were injured and material damages were caused to the vehicles and the state’s properties. The accident was diagrammed. ",-1.4175737141371132,-0.4015453331379524,-0.3676863281700941,0,1,0,0,0,0,1,0.5451806027970361,0,0,0,0,0,0,0,0,0,0,0,0,0,0,0,0,0,0,0,1,0,0,0,0,0,0,0,1,0,0,1,0,0,0,0,1,0,0,0,0,0,0,0,0,0,0,0,0,0,0,0,0,0,0,1,0,0,0,0,0,0,0,0,1,0,0,0,0,0,0,0,0,1,0,0,0,0,0,0,0,0,0,0,1,0,0,0,0,0,0,1,0,1,0,0,0,1,0,0,1,0,0,0,0
1.4736486508285869,-0.972283752569173,"After examining and inspecting the accident's site, the following was revealed:- the vehicle that caused the accident was travelling from the east to the west. The afflicted vehicle was travelling from the south to the north taking the left lane in a sub-road off Al-Sheikh Rashed Bin Saeid road, behind the Local Immigrations. The former didn't follow the traffic sign (STOP) and collided from the left front side with the right front side of the afflicted vehicle. The power of the impact made the vehicles drift and crash into the middle pavement. Then the afflicted vehicle crashed into the pole of the traffic sign and stopped on the apposite street. While the former crashed into the traffic light pole and settled in the middle of the island. as a result, the drivers were injured and material damages were caused to the vehicles and the state’s properties. The accident was diagrammed.",-1.4175737141371132,-0.4015453331379524,-0.3676863281700941,0,1,0,0,0,0,1,0.5451806027970361,0,0,0,0,0,0,0,0,0,0,0,0,0,0,0,0,0,0,0,1,0,0,0,0,0,0,0,1,0,0,1,0,0,0,0,1,0,0,0,0,0,0,0,0,0,0,0,0,0,0,0,0,0,0,1,0,0,0,0,0,0,0,0,1,0,0,0,0,0,0,0,0,1,0,0,0,0,0,0,0,0,0,0,1,0,0,0,0,0,0,1,0,1,0,0,0,1,0,0,0,1,0,0,0