Age of the injured,Str Code,Accident Description,Road speed limit,Pedestrian action,Number of Lanes,Gender_F,Gender_M,Week_Fifth week,Week_First week,Week_Fourth week,Week_Second week,Week_Third week,Date_time,Reasons__??? ????? ?????? ?????? ???? ????? ??? ???? ???????,Reasons__???? ?? ??????? (???),Reasons__Bypassing the red traffic light,Reasons__Driving back without attention,Reasons__Driving back without traffic clearance,Reasons__Driving in the opposite direction,Reasons__Entering main road without traffic clearance,Reasons__Exceeding speed limit,Reasons__Fatigue and drowsiness,Reasons__Faults in the road,Reasons__Ignoring road lane,Reasons__Ignoring traffic lights,Reasons__Lack of driving awareness,Reasons__Misuse of traffic,Reasons__Negligence and inobservance,Reasons__Negligent driving,Reasons__Not giving priority to pedestrian crossing,Reasons__Not giving way / not giving priority,Reasons__Not leaving enough space,Reasons__Not observing the stop sign,Reasons__Not securing vehicle stability while stopping,Reasons__Speedy without taking road conditions into account,Reasons__Sudden deviation,Reasons__Sudden stop,Reasons__Tyre burst,Reasons__under influence of intoxicant or narcotic drug,__Al Madina Police Station,__Khaldiya Police Station,__Shaabiya Police Station,Streetname_Intersection,Streetname_Street,place__Bridge / Tunnel,place__Coastal area,place__Commercial area,place__Fuel Station,place__Govt. authority,place__Hospital,place__Island,place__Mosque,place__One level intersection,place__Other,place__Park,place__Residential area,place__Sand area,place__School,place__Work area,place__external road,place__unknown,location__ ,location__Bridge,location__Bridge /  Tunnel,location__Car parking,location__Double road,location__Highway,location__Intersection,location__Off the road,location__Other(specify),location__Roundabout,location__Side parking,location__Single road,location__Tunnel,location__Two-way road,location__Unknown,lighting__day,lighting__night - enough lights,lighting__night - weak lights,intersection__Deviated intersection,intersection__Half Perpendicular Intersection,intersection__Multiple leg Intersection,intersection__Not on Intersection,intersection__Not on or around 20 meters,intersection__Other,intersection__Perpendicular Intersection,intersection__Roundabout,intersection__Turn ,accidentype__Collision while turning,accidentype__Fall,accidentype__Hitting a moving object off the road,accidentype__Hitting a moving object on the road,accidentype__Hitting a stationary object off the road,accidentype__Hitting a stationary object on the road,accidentype__Multiple collision,accidentype__Other (specify),accidentype__Perpendicular collision,accidentype__Person run over,accidentype__Rear collision,accidentype__Reciprocal collision,accidentype__Side collision,accidentype__deterioration,seat belt_N,seat belt_Y,seat_Back passenger seat,seat_Driver's seat,seat_Front passenger seat,seat_No passenger,seat_bike passenger,position_Driver,position_Passenger,position_Pedestrian,nationality_Arab States,nationality_Asian States,nationality_GCC,nationality_Other,nationality_UAE
-0.12255942464560447,1.1678127589243101,"After examining and inspecting the accident's site, the following was revealed:- 
the vehicle that caused the accident was travelling from the north to the south and driving between tow lanes, the far left and the second lane from left. The afflicted vehicle (motorcycle) was travelling to the same direction taking the far left lane an d reached the crossroads. The former didn’t keep to his lane and the latter suddenly opened the  back right door of the vehicle leading the former to collide from the front side of his vehicle with door . as a result, the former driver was injured and material damages were caused to the vehicles. As shown in the diagram.",-0.19746179160121255,-0.4015453331379524,0.6331117943832852,0,1,0,0,0,1,0,-1.3104069457292915,0,0,0,0,0,0,0,0,0,0,1,0,0,0,0,0,0,0,0,0,0,0,0,0,0,0,0,0,1,0,1,0,0,1,0,0,0,0,0,0,0,0,0,0,0,0,0,0,0,0,0,0,0,1,0,0,0,0,0,0,0,0,0,1,0,0,0,0,0,0,1,0,0,0,0,0,0,0,0,0,0,0,0,0,0,0,0,1,0,1,0,0,1,0,0,0,1,0,0,0,1,0,0,0
0.46271686969493236,1.1540941915429417,"After examining and inspecting the accident's site, the following was revealed:-
the vehicle that caused the accident was travelling from east to the west taking the right lane. The driver of the former didn’t keep to his lane and his car drifted suddenly to the right off road and on the side-walk then crashed into a tree then stopped on the island off road. As shown in the diagram",-0.19746179160121255,-0.4015453331379524,0.6331117943832852,0,1,0,0,0,1,0,-1.3093125008302513,0,0,0,0,0,0,0,0,0,0,1,0,0,0,0,0,0,0,0,0,0,0,0,0,0,0,0,0,1,0,1,0,0,1,0,0,0,0,0,0,0,0,0,0,0,0,0,0,0,0,0,0,0,1,0,0,0,0,0,0,0,0,0,1,0,0,0,0,0,1,0,0,0,0,0,0,0,0,0,1,0,0,0,0,0,0,0,0,0,1,0,0,1,0,0,0,1,0,0,0,1,0,0,0
-0.33538716804216334,-0.9860023199505414,"After examining and inspecting the accident's site, the following was revealed:- 

The the vehicle that caused(motorcycle) the accident and afflicted vehicles were travelling from the east to the west. The first afflicted vehicle was taking the left lane and the second afflicted vehicle was taking the middle lane. The former didn’t leave a space between him an the other vehicle and collided from the front with back side of the first afflicted vehicle then he drifted to right and collided from the front with the left side of the second afflicted vehicle. as a result, the former driver was injured and was admitted to the hospital. As shown in the diagram.",-0.19746179160121255,-0.4015453331379524,0.6331117943832852,0,1,0,0,0,1,0,-1.3089841673605394,0,0,0,0,0,0,0,0,0,0,0,0,0,0,0,0,0,0,1,0,0,0,0,0,0,0,0,0,1,0,1,0,0,0,0,0,0,0,0,0,0,0,0,0,1,0,0,0,0,0,0,0,0,0,1,0,0,0,0,0,0,0,0,1,0,0,0,0,0,1,0,0,0,0,0,0,0,0,0,0,0,0,0,0,0,1,0,0,0,1,0,0,1,0,0,0,1,0,0,0,1,0,0,0
-0.6546287831370016,0.04289023365209463,"After examining and inspecting the accident's site, the following was revealed:-
the vehicle that caused the accident was travelling from the south to the north  and turning back to the south. The victim was crossing from the middle from the east to the west. The former violated the pedestrian rules and hit the victim with the front side of her car, as a result, the victim was moderately injured and was admitted to the hospital. as shown in the diagram.",-0.19746179160121255,2.490378837640347,-1.3684844507234735,0,1,0,0,0,1,0,-1.3256197298259471,0,0,0,0,0,0,0,0,0,0,0,0,0,1,0,0,0,0,0,0,0,0,0,0,0,0,0,1,0,0,1,0,0,0,0,0,0,0,0,0,1,0,0,0,0,0,0,0,0,0,0,0,1,0,0,0,0,0,0,0,0,0,0,1,0,0,0,0,0,0,0,0,0,0,1,0,0,0,0,0,0,0,0,0,1,0,0,0,0,1,0,0,0,0,1,0,0,0,1,0,0,0,0,1
0.1434752546000941,-0.9997208873319099,"After examining and inspecting the accident's site, the following was revealed:-
the vehicle that caused the accident and the afflicted vehicles were travelling from the west to the east taking the same second lane from the right. The former vehicle was in the back and the the afflicted vehicles were on the front. The former didn’t leave a space between the other vehicle and collided from the front side with the back side of the first afflicted vehicle and the latter were pushed foreword to collide from the front side with the back side of the second afflicted vehicle. As shown in the diagram.",2.2427620534705888,-0.4015453331379524,0.6331117943832852,0,1,0,0,0,1,0,-1.3158791702244914,0,0,0,0,0,0,0,0,0,0,0,0,0,0,0,0,0,0,1,0,0,0,0,0,0,0,0,0,1,0,1,0,0,0,0,1,0,0,0,0,0,0,0,0,0,0,0,0,0,0,0,0,0,1,0,0,0,0,0,0,0,0,0,1,0,0,0,0,0,0,0,1,0,0,0,0,0,0,0,0,0,1,0,0,0,0,0,0,0,0,1,0,0,1,0,0,0,1,0,1,0,0,0,0
0.40950993384579265,0.3035430138980958,"After examining and inspecting the accident's site, the following was revealed:- 

the vehicle that caused the accident was travelling from the west to the east taking the far right lane. the victim was crossing the street from the north to the south in  a pedestrian's red light. The former was speeding and violation to pedestrian rules then hit the victim with the front of his vehicle. As a result, the victim was inured and was admitted to the hospital to get medical treatment then left. As shown in the diagram.",-0.19746179160121255,-0.4015453331379524,0.6331117943832852,0,1,0,0,0,1,0,-1.3156602812446834,0,0,0,0,0,0,0,0,0,0,0,0,0,0,0,0,0,0,0,0,0,1,0,0,0,0,0,0,1,0,1,0,0,1,0,0,0,0,0,0,0,0,0,0,0,0,0,0,0,0,0,0,0,0,1,0,0,0,0,0,0,0,0,1,0,0,0,0,0,0,1,0,0,0,0,0,0,0,0,0,0,0,0,0,1,0,0,0,0,1,0,0,0,0,1,0,0,0,1,0,0,0,1,0
0.5691307413932118,-0.972283752569173,"After examining and inspecting the accident's site, the following was revealed:-.
the vehicle that caused the accident was travelling from the east to the west taking the right lane. the victim was crossing the road from the middle from north to the south. The former didn’t follow the pedestrian rule and hit the victim with the front left side of his car. As a result, the victim was moderately injured and material damages were caused to the vehicle.The accident was diagrammed as shown.",1.0226501309346883,2.490378837640347,-0.0073990040508776864,0,1,0,0,0,1,0,-0.22225510485878952,0,0,0,0,0,0,0,0,0,0,0,0,0,1,0,0,0,0,0,0,0,0,0,0,0,0,0,0,1,0,1,0,0,1,0,0,0,0,0,0,0,0,0,0,0,0,0,0,0,0,0,0,0,0,0,0,0,0,0,1,0,0,0,1,0,0,0,0,0,1,0,0,0,0,0,0,0,0,0,0,0,0,0,0,1,0,0,0,0,1,0,0,0,0,1,0,0,0,1,0,1,0,0,0
-0.016145552947325045,1.222687028449784,"After examining and inspecting the accident's site, the following was revealed:-
the vehicle that caused the accident was travelling from the west to the east taking the second lane from the left to make turn to the north in the crossroads. The afflicted vehicle was travelling from the west to the east taking the middle lane. The former ran the red light and collided from the front side with the front left side of the afflicted vehicle. The powerful impact lead the latter to spin and settle beside the traffic light pole. And the former was lead to the second lane from the right. As shown in the diagram.",-0.19746179160121255,-0.4015453331379524,1.6339099169366647,0,1,0,0,0,1,0,-0.2181509364873896,0,0,1,0,0,0,0,0,0,0,0,0,0,0,0,0,0,0,0,0,0,0,0,0,0,0,0,0,1,1,0,0,0,1,0,0,0,0,0,0,0,0,0,0,0,0,0,0,0,0,0,0,0,0,1,0,0,0,0,0,0,0,0,1,0,0,0,0,0,0,0,0,1,0,0,0,0,0,0,0,0,0,0,1,0,0,0,0,0,0,1,0,1,0,0,0,1,0,0,0,1,0,0,0
-0.12255942464560447,1.222687028449784,"After examining and inspecting the accident's site, the following was revealed:-
the vehicle that caused the accident was travelling from the west to the east taking the second lane from the left to make turn to the north in the crossroads. The afflicted vehicle was travelling from the west to the east taking the middle lane. The former ran the red light and collided from the front side with the front left side of the afflicted vehicle. The powerful impact lead the latter to spin and settle beside the traffic light pole. And the former was lead to the second lane from the right. As shown in the diagram.",-0.19746179160121255,-0.4015453331379524,1.6339099169366647,0,1,0,0,0,1,0,-0.2181509364873896,0,0,1,0,0,0,0,0,0,0,0,0,0,0,0,0,0,0,0,0,0,0,0,0,0,0,0,0,1,1,0,0,0,1,0,0,0,0,0,0,0,0,0,0,0,0,0,0,0,0,0,0,0,0,1,0,0,0,0,0,0,0,0,1,0,0,0,0,0,0,0,0,1,0,0,0,0,0,0,0,0,0,0,1,0,0,0,0,0,0,1,0,1,0,0,0,1,0,0,0,1,0,0,0
-0.33538716804216334,0.6602257658136763,"After examining and inspecting the accident's site, the following was revealed:-

The vehicle that caused the accident was travelling from the north to the south taking the right lane, while the afflicted vehicle was travelling from the East to the west taking the middle lane. which lead the former ran the red light and collided from the front side afflicted with the right side of the vehicle after. as a result, the driver of the former was injured. Adding to that, material damages were caused to both vehicles. The Accident was diagrammed.",1.0226501309346883,-0.4015453331379524,0.6331117943832852,1,0,0,0,0,1,0,-0.2122737673795449,0,0,1,0,0,0,0,0,0,0,0,0,0,0,0,0,0,0,0,0,0,0,0,0,0,0,0,1,0,0,1,0,0,0,0,0,0,0,0,0,0,0,1,0,0,0,0,0,0,0,0,0,0,0,1,0,0,0,0,0,0,0,0,1,0,0,0,0,0,0,0,0,1,0,0,0,0,0,0,0,0,0,0,1,0,0,0,0,0,0,1,0,1,0,0,0,1,0,0,0,0,0,0,1
-1.6123536284215165,-0.601882433272224,"After examining and inspecting the accident's site, the following was revealed:-

the vehicle that caused the accident was travelling in a side street  from the south to the south taking the right lane, while the accident victim was crossing the road from west to the east, leading the former to hit the victim with the front side of his vehicle because of his violation to pedestrian rules, causing injuries to the victim as shown in the diagram.",-2.637685636673014,2.490378837640347,-1.3684844507234735,0,1,0,0,0,1,0,-0.20780843219146178,0,0,0,0,0,0,0,0,0,0,0,0,0,1,0,0,0,0,0,0,0,0,0,0,0,0,0,1,0,0,1,0,0,1,0,0,0,0,0,0,0,0,0,0,0,0,0,0,0,0,0,0,0,0,0,0,0,0,0,1,0,0,0,0,1,0,0,0,0,1,0,0,0,0,0,0,0,0,0,0,0,0,0,0,1,0,0,0,0,1,0,0,0,0,1,0,0,0,1,1,0,0,0,0
0.40950993384579265,-0.8488166461368566,"After examining and inspecting the accident's site, the following was revealed:-
the vehicle that caused the accident and the first afflicted vehicle were travelling from the west to the east taking the right lane, the former was in the front while the latter was in the back. The former didn’t follow the traffic sign (no U turns) and collided from the front left side with the front right side of the afflicted vehicle. The powerful impact lead the latter to drift to the left and collide from the right side with front left side of the second afflicted vehicle which was parked, the vehicle kept on moving and got the side-walk over the grass an dove 4 meters till it crashed into house creating a hole in it’s wall. As shown in the diagram. ",-1.4175737141371132,-0.4015453331379524,-1.3684844507234735,1,0,0,0,0,1,0,-0.20561954239338182,0,0,0,0,0,0,0,0,0,0,1,0,0,0,0,0,0,0,0,0,0,0,0,0,0,0,0,0,1,0,1,0,0,1,0,0,0,0,0,0,0,0,0,0,0,0,0,0,0,0,0,0,0,0,0,0,0,0,0,0,0,1,0,0,1,0,0,0,0,1,0,0,0,0,0,0,0,0,0,0,0,0,0,1,0,0,0,0,0,0,1,0,0,1,0,0,0,1,0,1,0,0,0,0
-0.12255942464560447,-0.8488166461368566,"After examining and inspecting the accident's site, the following was revealed:-
the vehicle that caused the accident and the first afflicted vehicle were travelling from the west to the east taking the right lane, the former was in the front while the latter was in the back. The former didn’t follow the traffic sign (no U turns) and collided from the front left side with the front right side of the afflicted vehicle. The powerful impact lead the latter to drift to the left and collide from the right side with front left side of the second afflicted vehicle which was parked, the vehicle kept on moving and got the side-walk over the grass an dove 4 meters till it crashed into house creating a hole in it’s wall. As shown in the diagram.",-1.4175737141371132,-0.4015453331379524,-1.3684844507234735,0,1,0,0,0,1,0,-0.20561954239338182,0,0,0,0,0,0,0,0,0,0,1,0,0,0,0,0,0,0,0,0,0,0,0,0,0,0,0,0,1,0,1,0,0,1,0,0,0,0,0,0,0,0,0,0,0,0,0,0,0,0,0,0,0,0,0,0,0,0,0,0,0,1,0,0,1,0,0,0,0,1,0,0,0,0,0,0,0,0,0,0,0,0,0,1,0,0,0,0,0,0,1,0,1,0,0,0,1,0,0,1,0,0,0,0
-0.2289732963438839,-0.8488166461368566,"After examining and inspecting the accident's site, the following was revealed:-
the vehicle that caused the accident and the first afflicted vehicle were travelling from the west to the east taking the right lane, the former was in the front while the latter was in the back. The former didn’t follow the traffic sign (no U turns) and collided from the front left side with the front right side of the afflicted vehicle. The powerful impact lead the latter to drift to the left and collide from the right side with front left side of the second afflicted vehicle which was parked, the vehicle kept on moving and got the side-walk over the grass an dove 4 meters till it crashed into house creating a hole in it’s wall. As shown in the diagram.",-1.4175737141371132,-0.4015453331379524,-1.3684844507234735,1,0,0,0,0,1,0,-0.20561954239338182,0,0,0,0,0,0,0,0,0,0,1,0,0,0,0,0,0,0,0,0,0,0,0,0,0,0,0,0,1,0,1,0,0,1,0,0,0,0,0,0,0,0,0,0,0,0,0,0,0,0,0,0,0,0,0,0,0,0,0,0,0,1,0,0,1,0,0,0,0,1,0,0,0,0,0,0,0,0,0,0,0,0,0,1,0,0,0,0,0,1,0,1,0,0,0,0,0,1,0,1,0,0,0,0
-1.6655605642706561,-0.8488166461368566,"After examining and inspecting the accident's site, the following was revealed:-
the vehicle that caused the accident and the first afflicted vehicle were travelling from the west to the east taking the right lane, the former was in the front while the latter was in the back. The former didn’t follow the traffic sign (no U turns) and collided from the front left side with the front right side of the afflicted vehicle. The powerful impact lead the latter to drift to the left and collide from the right side with front left side of the second afflicted vehicle which was parked, the vehicle kept on moving and got the side-walk over the grass an dove 4 meters till it crashed into house creating a hole in it’s wall. As shown in the diagram.",-1.4175737141371132,-0.4015453331379524,-1.3684844507234735,1,0,0,0,0,0,1,-0.20561954239338182,0,0,0,0,0,0,0,0,0,0,1,0,0,0,0,0,0,0,0,0,0,0,0,0,0,0,0,0,1,0,1,0,0,1,0,0,0,0,0,0,0,0,0,0,0,0,0,0,0,0,0,0,0,0,0,0,0,0,0,0,0,1,0,0,1,0,0,0,0,1,0,0,0,0,0,0,0,0,0,0,0,0,0,1,0,0,0,0,0,1,0,1,0,0,0,0,0,1,0,1,0,0,0,0
-0.17576636049474417,-0.8762537808995936,"After examining and inspecting the accident's site, the following was revealed:- The motorcycle was entering Meshref park’s parking lot when he  fell of his vehicle because he was wasn’t careful. as a result, the driver was moderately injured and was admitted to the hospital. As shown in the diagram.",-1.4175737141371132,-0.4015453331379524,-0.0073990040508776864,0,1,0,0,0,0,1,-0.004734181174593154,0,0,0,0,0,0,0,0,0,0,0,0,1,0,0,0,0,0,0,0,0,0,0,0,0,0,0,1,0,0,1,0,0,0,0,0,0,0,0,0,0,1,0,0,0,0,0,0,0,0,0,1,0,0,0,0,0,0,0,0,0,0,0,1,0,0,0,0,0,1,0,0,0,0,0,0,1,0,0,0,0,0,0,0,0,0,0,0,0,1,0,0,1,0,0,0,1,0,0,0,1,0,0,0
-0.38859410389130306,-0.9860023199505414,"After examining and inspecting the accident's site, the following was revealed:
the vehicle that caused the accident was travelling from the west to the east taking the third lane from the left. the victim was crossing the street from the cross-walk in the first lane from the right and when he saw the vehicle coming he switched to the third lane out of the cross-walk trying to avoid it. The driver was speeding and violated the pedestrian rules and hit the victim with the front right side of his vehicle sending him flying 7 meters away (the victim was diabetic). as a result, the victim was injured and material damages were caused to the vehicle. Everything was settled as shown in the diagram. ",-0.19746179160121255,2.490378837640347,0.6331117943832852,0,1,0,0,0,0,1,0.013324159659566546,0,0,0,0,0,0,0,0,0,0,0,0,0,0,0,0,0,0,0,0,0,1,0,0,0,0,0,0,1,0,1,0,0,1,0,0,0,0,0,0,0,0,0,0,0,0,0,0,0,0,0,0,0,1,0,0,0,0,0,0,0,0,0,0,1,0,0,0,0,1,0,0,0,0,0,0,0,0,0,0,0,0,0,0,1,0,0,0,0,1,0,0,0,0,1,0,0,0,1,0,1,0,0,0
-0.06935248879646476,-0.944846617806436,"After examining and inspecting the accident's site, the following was revealed:
the  first vehicle that caused the accident was travelling from east to the west taking the second lane from the right. The second, the third and the forth were travelling to the same direction. The first vehicle suddenly stopped beside the Exhibitions Ground. Because The second vehicle was behind the first and wasn’t leave a space, it collided from the front side with the back side of the first vehicle. Then the second collided with the third. then sequentially, the third with the forth. Leading the third to drift to left and to collided from the left side with the front side of the afflicted vehicle(truck). The afflicted vehicle kept on going till it collided from the left side with the right side of the first vehicle, leading the latter to drift and roll-over in the middle of the road. The afflicted vehicle kept on going foreword and met the the forth vehicle halfway and collided from right side with left side of the forth. And they all stopped in the right side lane. as a result, the drivers of the first, second and third vehicles and the passengers were injured. As shown in the diagram.",1.0226501309346883,-0.4015453331379524,0.6331117943832852,0,1,0,0,0,0,1,0.11474636845360166,0,0,0,0,0,0,0,0,0,0,0,0,0,0,0,0,0,0,0,0,0,0,0,1,0,0,0,1,0,0,1,0,0,0,0,0,1,0,0,0,0,0,0,0,0,0,0,0,0,0,0,0,0,1,0,0,0,0,0,0,0,0,0,1,0,0,0,0,0,1,0,0,0,0,0,0,0,0,0,0,0,0,0,0,0,1,0,0,0,0,1,1,0,0,0,0,0,1,0,0,1,0,0,0
-0.33538716804216334,-0.944846617806436,"After examining and inspecting the accident's site, the following was revealed:
the  first vehicle that caused the accident was travelling from east to the west taking the second lane from the right. The second, the third and the forth were travelling to the same direction. The first vehicle suddenly stopped beside the Exhibitions Ground. Because The second vehicle was behind the first and wasn’t leave a space, it collided from the front side with the back side of the first vehicle. Then the second collided with the third. then sequentially, the third with the forth. Leading the third to drift to left and to collided from the left side with the front side of the afflicted vehicle(truck). The afflicted vehicle kept on going till it collided from the left side with the right side of the first vehicle, leading the latter to drift and roll-over in the middle of the road. The afflicted vehicle kept on going foreword and met the the forth vehicle halfway and collided from right side with left side of the forth. And they all stopped in the right side lane. as a result, the drivers of the first, second and third vehicles and the passengers were injured. As shown in the diagram.",1.0226501309346883,-0.4015453331379524,0.6331117943832852,0,1,0,0,0,0,1,0.11474636845360166,0,0,0,0,0,0,0,0,0,0,0,0,0,0,0,0,0,0,0,0,0,0,0,1,0,0,0,1,0,0,1,0,0,0,0,0,1,0,0,0,0,0,0,0,0,0,0,0,0,0,0,0,0,1,0,0,0,0,0,0,0,0,0,1,0,0,0,0,0,1,0,0,0,0,0,0,0,0,0,0,0,0,0,0,0,1,0,0,0,1,0,0,1,0,0,0,1,0,0,0,1,0,0,0
-0.06935248879646476,-0.944846617806436,"After examining and inspecting the accident's site, the following was revealed:
the  first vehicle that caused the accident was travelling from east to the west taking the second lane from the right. The second, the third and the forth were travelling to the same direction. The first vehicle suddenly stopped beside the Exhibitions Ground. Because The second vehicle was behind the first and wasn’t leave a space, it collided from the front side with the back side of the first vehicle. Then the second collided with the third. then sequentially, the third with the forth. Leading the third to drift to left and to collided from the left side with the front side of the afflicted vehicle(truck). The afflicted vehicle kept on going till it collided from the left side with the right side of the first vehicle, leading the latter to drift and roll-over in the middle of the road. The afflicted vehicle kept on going foreword and met the the forth vehicle halfway and collided from right side with left side of the forth. And they all stopped in the right side lane. as a result, the drivers of the first, second and third vehicles and the passengers were injured. As shown in the diagram.",1.0226501309346883,-0.4015453331379524,0.6331117943832852,0,1,0,0,0,0,1,0.11474636845360166,0,0,0,0,0,0,0,0,0,0,0,0,0,0,0,0,0,0,0,0,0,0,0,1,0,0,0,1,0,0,1,0,0,0,0,0,1,0,0,0,0,0,0,0,0,0,0,0,0,0,0,0,0,1,0,0,0,0,0,0,0,0,0,1,0,0,0,0,0,1,0,0,0,0,0,0,0,0,0,0,0,0,0,0,0,1,0,0,0,1,0,1,0,0,0,0,0,1,0,0,1,0,0,0
-0.44180103974044277,-0.944846617806436,"After examining and inspecting the accident's site, the following was revealed:
the  first vehicle that caused the accident was travelling from east to the west taking the second lane from the right. The second, the third and the forth were travelling to the same direction. The first vehicle suddenly stopped beside the Exhibitions Ground. Because The second vehicle was behind the first and wasn’t leave a space, it collided from the front side with the back side of the first vehicle. Then the second collided with the third. then sequentially, the third with the forth. Leading the third to drift to left and to collided from the left side with the front side of the afflicted vehicle(truck). The afflicted vehicle kept on going till it collided from the left side with the right side of the first vehicle, leading the latter to drift and roll-over in the middle of the road. The afflicted vehicle kept on going foreword and met the the forth vehicle halfway and collided from right side with left side of the forth. And they all stopped in the right side lane. as a result, the drivers of the first, second and third vehicles and the passengers were injured. As shown in the diagram.",1.0226501309346883,-0.4015453331379524,0.6331117943832852,0,1,0,0,0,0,1,0.11474636845360166,0,0,0,0,0,0,0,0,0,0,0,0,0,0,0,0,0,0,0,0,0,0,0,1,0,0,0,1,0,0,1,0,0,0,0,0,1,0,0,0,0,0,0,0,0,0,0,0,0,0,0,0,0,1,0,0,0,0,0,0,0,0,0,1,0,0,0,0,0,1,0,0,0,0,0,0,0,0,0,0,0,0,0,0,0,1,0,0,0,0,1,0,0,1,0,0,0,1,0,0,1,0,0,0
-0.44180103974044277,-0.944846617806436,"After examining and inspecting the accident's site, the following was revealed:
the  first vehicle that caused the accident was travelling from east to the west taking the second lane from the right. The second, the third and the forth were travelling to the same direction. The first vehicle suddenly stopped beside the Exhibitions Ground. Because The second vehicle was behind the first and wasn’t leave a space, it collided from the front side with the back side of the first vehicle. Then the second collided with the third. then sequentially, the third with the forth. Leading the third to drift to left and to collided from the left side with the front side of the afflicted vehicle(truck). The afflicted vehicle kept on going till it collided from the left side with the right side of the first vehicle, leading the latter to drift and roll-over in the middle of the road. The afflicted vehicle kept on going foreword and met the the forth vehicle halfway and collided from right side with left side of the forth. And they all stopped in the right side lane. as a result, the drivers of the first, second and third vehicles and the passengers were injured. As shown in the diagram.",1.0226501309346883,-0.4015453331379524,0.6331117943832852,0,1,0,0,0,0,1,0.11474636845360166,0,0,0,0,0,0,0,0,0,0,0,0,0,0,0,0,0,0,0,0,0,0,0,1,0,0,0,1,0,0,1,0,0,0,0,0,1,0,0,0,0,0,0,0,0,0,0,0,0,0,0,0,0,1,0,0,0,0,0,0,0,0,0,1,0,0,0,0,0,1,0,0,0,0,0,0,0,0,0,0,0,0,0,0,0,1,0,0,0,0,1,0,0,1,0,0,0,1,0,0,1,0,0,0
-0.12255942464560447,-0.944846617806436,"After examining and inspecting the accident's site, the following was revealed:
the  first vehicle that caused the accident was travelling from east to the west taking the second lane from the right. The second, the third and the forth were travelling to the same direction. The first vehicle suddenly stopped beside the Exhibitions Ground. Because The second vehicle was behind the first and wasn’t leave a space, it collided from the front side with the back side of the first vehicle. Then the second collided with the third. then sequentially, the third with the forth. Leading the third to drift to left and to collided from the left side with the front side of the afflicted vehicle(truck). The afflicted vehicle kept on going till it collided from the left side with the right side of the first vehicle, leading the latter to drift and roll-over in the middle of the road. The afflicted vehicle kept on going foreword and met the the forth vehicle halfway and collided from right side with left side of the forth. And they all stopped in the right side lane. as a result, the drivers of the first, second and third vehicles and the passengers were injured. As shown in the diagram.",1.0226501309346883,-0.4015453331379524,0.6331117943832852,0,1,0,0,0,0,1,0.11474636845360166,0,0,0,0,0,0,0,0,0,0,0,0,0,0,0,0,0,0,0,0,0,0,0,1,0,0,0,1,0,0,1,0,0,0,0,0,1,0,0,0,0,0,0,0,0,0,0,0,0,0,0,0,0,1,0,0,0,0,0,0,0,0,0,1,0,0,0,0,0,1,0,0,0,0,0,0,0,0,0,0,0,0,0,0,0,1,0,0,0,1,0,0,0,1,0,0,0,1,0,0,1,0,0,0