Age of the injured,Str Code,Accident Description,Road speed limit,Pedestrian action,Number of Lanes,Gender_F,Gender_M,Week_Fifth week,Week_First week,Week_Fourth week,Week_Second week,Week_Third week,Date_time,Reasons__??? ????? ?????? ?????? ???? ????? ??? ???? ???????,Reasons__???? ?? ??????? (???),Reasons__Bypassing the red traffic light,Reasons__Driving back without attention,Reasons__Driving back without traffic clearance,Reasons__Driving in the opposite direction,Reasons__Entering main road without traffic clearance,Reasons__Exceeding speed limit,Reasons__Fatigue and drowsiness,Reasons__Faults in the road,Reasons__Ignoring road lane,Reasons__Ignoring traffic lights,Reasons__Lack of driving awareness,Reasons__Misuse of traffic,Reasons__Negligence and inobservance,Reasons__Negligent driving,Reasons__Not giving priority to pedestrian crossing,Reasons__Not giving way / not giving priority,Reasons__Not leaving enough space,Reasons__Not observing the stop sign,Reasons__Not securing vehicle stability while stopping,Reasons__Speedy without taking road conditions into account,Reasons__Sudden deviation,Reasons__Sudden stop,Reasons__Tyre burst,Reasons__under influence of intoxicant or narcotic drug,__Al Madina Police Station,__Khaldiya Police Station,__Shaabiya Police Station,Streetname_Intersection,Streetname_Street,place__Bridge / Tunnel,place__Coastal area,place__Commercial area,place__Fuel Station,place__Govt. authority,place__Hospital,place__Island,place__Mosque,place__One level intersection,place__Other,place__Park,place__Residential area,place__Sand area,place__School,place__Work area,place__external road,place__unknown,location__ ,location__Bridge,location__Bridge /  Tunnel,location__Car parking,location__Double road,location__Highway,location__Intersection,location__Off the road,location__Other(specify),location__Roundabout,location__Side parking,location__Single road,location__Tunnel,location__Two-way road,location__Unknown,lighting__day,lighting__night - enough lights,lighting__night - weak lights,intersection__Deviated intersection,intersection__Half Perpendicular Intersection,intersection__Multiple leg Intersection,intersection__Not on Intersection,intersection__Not on or around 20 meters,intersection__Other,intersection__Perpendicular Intersection,intersection__Roundabout,intersection__Turn ,accidentype__Collision while turning,accidentype__Fall,accidentype__Hitting a moving object off the road,accidentype__Hitting a moving object on the road,accidentype__Hitting a stationary object off the road,accidentype__Hitting a stationary object on the road,accidentype__Multiple collision,accidentype__Other (specify),accidentype__Perpendicular collision,accidentype__Person run over,accidentype__Rear collision,accidentype__Reciprocal collision,accidentype__Side collision,accidentype__deterioration,seat belt_N,seat belt_Y,seat_Back passenger seat,seat_Driver's seat,seat_Front passenger seat,seat_No passenger,seat_bike passenger,position_Driver,position_Passenger,position_Pedestrian,nationality_Arab States,nationality_Asian States,nationality_GCC,nationality_Other,nationality_UAE
0.09026831875095438,-0.944846617806436,"After examining and inspecting the accident's site, the following was revealed:
the  first vehicle that caused the accident was travelling from east to the west taking the second lane from the right. The second, the third and the forth were travelling to the same direction. The first vehicle suddenly stopped beside the Exhibitions Ground. Because The second vehicle was behind the first and wasn’t leave a space, it collided from the front side with the back side of the first vehicle. Then the second collided with the third. then sequentially, the third with the forth. Leading the third to drift to left and to collided from the left side with the front side of the afflicted vehicle(truck). The afflicted vehicle kept on going till it collided from the left side with the right side of the first vehicle, leading the latter to drift and roll-over in the middle of the road. The afflicted vehicle kept on going foreword and met the the forth vehicle halfway and collided from right side with left side of the forth. And they all stopped in the right side lane. as a result, the drivers of the first, second and third vehicles and the passengers were injured. As shown in the diagram.",1.0226501309346883,-0.4015453331379524,0.6331117943832852,1,0,0,0,0,0,1,0.11474636845360166,0,0,0,0,0,0,0,0,0,0,0,0,0,0,0,0,0,0,0,0,0,0,0,1,0,0,0,1,0,0,1,0,0,0,0,0,1,0,0,0,0,0,0,0,0,0,0,0,0,0,0,0,0,1,0,0,0,0,0,0,0,0,0,1,0,0,0,0,0,1,0,0,0,0,0,0,0,0,0,0,0,0,0,0,0,1,0,0,0,0,1,0,1,0,0,0,1,0,0,0,0,1,0,0
-0.016145552947325045,-0.944846617806436,"After examining and inspecting the accident's site, the following was revealed:
the  first vehicle that caused the accident was travelling from east to the west taking the second lane from the right. The second, the third and the forth were travelling to the same direction. The first vehicle suddenly stopped beside the Exhibitions Ground. Because The second vehicle was behind the first and wasn’t leave a space, it collided from the front side with the back side of the first vehicle. Then the second collided with the third. then sequentially, the third with the forth. Leading the third to drift to left and to collided from the left side with the front side of the afflicted vehicle(truck). The afflicted vehicle kept on going till it collided from the left side with the right side of the first vehicle, leading the latter to drift and roll-over in the middle of the road. The afflicted vehicle kept on going foreword and met the the forth vehicle halfway and collided from right side with left side of the forth. And they all stopped in the right side lane. as a result, the drivers of the first, second and third vehicles and the passengers were injured. As shown in the diagram.",1.0226501309346883,-0.4015453331379524,0.6331117943832852,0,1,0,0,0,0,1,0.11474636845360166,0,0,0,0,0,0,0,0,0,0,0,0,0,0,0,0,0,0,0,0,0,0,0,1,0,0,0,1,0,0,1,0,0,0,0,0,1,0,0,0,0,0,0,0,0,0,0,0,0,0,0,0,0,1,0,0,0,0,0,0,0,0,0,1,0,0,0,0,0,1,0,0,0,0,0,0,0,0,0,0,0,0,0,0,0,1,0,0,0,0,1,0,1,0,0,0,1,0,0,0,0,0,1,0
0.3030960621475132,1.0580642198733623," After examining and inspecting the accident's site, the following was revealed:- The vehicle that caused the accident (bicycle) was crossing the street from the south to the north in the cross-walk. The afflicted vehicle (motorcycle)was travelling from the west to the east. The former ran the red light and collided from the right side with afflicted vehicle. as a result, both driver were injured and material damages were caused to vehicles. as shown in the diagram.",-0.19746179160121255,-0.4015453331379524,-0.3676863281700941,0,1,0,0,0,0,1,0.11696809159865282,0,0,1,0,0,0,0,0,0,0,0,0,0,0,0,0,0,0,0,0,0,0,0,0,0,0,0,0,1,0,1,0,0,1,0,0,0,0,0,0,0,0,0,0,0,0,0,0,0,0,0,0,0,0,1,0,0,0,0,0,0,0,0,0,1,0,0,0,0,0,0,0,1,0,0,0,0,0,0,0,0,0,0,1,0,0,0,0,0,1,0,0,1,0,0,0,1,0,0,1,0,0,0,0
0.19668219044923382,0.9894713829665198,"After examining and inspecting the accident's site, the following was revealed:- the vehicle that caused the accident was travelling from the east to the west making a left turn from far left lane. The afflicted vehicles were travelling from the west to the east, the first was taking the middle lane while the was taking the right lane. The former ran the red light and collided from right side with front side of the first and the second afflicted vehicles. as a result, the drivers of the former and first afflicted vehicle were inured and were admitted to the hospital. And material damages were caused to vehicles. Everything was settled.",-0.19746179160121255,-0.4015453331379524,0.6331117943832852,1,0,0,0,0,0,1,0.21546813251225116,0,0,1,0,0,0,0,0,0,0,0,0,0,0,0,0,0,0,0,0,0,0,0,0,0,0,0,1,0,0,1,0,0,0,0,0,0,0,0,0,0,0,0,0,1,0,0,0,0,0,0,0,0,0,1,0,0,0,0,0,0,0,0,1,0,0,0,0,0,0,0,0,1,0,0,0,0,0,0,0,0,0,0,1,0,0,0,0,0,1,0,0,1,0,0,0,1,0,0,0,1,0,0,0
0.24988912629837354,0.9894713829665198,"After examining and inspecting the accident's site, the following was revealed:- the vehicle that caused the accident was travelling from the east to the west making a left turn from far left lane. The afflicted vehicles were travelling from the west to the east, the first was taking the middle lane while the was taking the right lane. The former ran the red light and collided from right side with front side of the first and the second afflicted vehicles. as a result, the drivers of the former and first afflicted vehicle were inured and were admitted to the hospital. And material damages were caused to vehicles. Everything was settled.",-0.19746179160121255,-0.4015453331379524,0.6331117943832852,1,0,0,0,0,0,1,0.21546813251225116,0,0,1,0,0,0,0,0,0,0,0,0,0,0,0,0,0,0,0,0,0,0,0,0,0,0,0,1,0,0,1,0,0,0,0,0,0,0,0,0,0,0,0,0,1,0,0,0,0,0,0,0,0,0,1,0,0,0,0,0,0,0,0,1,0,0,0,0,0,0,0,0,1,0,0,0,0,0,0,0,0,0,0,1,0,0,0,0,0,0,1,0,1,0,0,0,1,0,0,1,0,0,0,0
1.101200099884609,1.0717827872547308,"After examining and inspecting the accident's site, the following was revealed:-
the vehicles that caused the accident were travelling from the east to the west. The first was taking the far left lane while the second was taking the second lane from the left. The victim was crossing the street from west to the east in the green light. The the first and the second vehicle violated the pedestrian rules. The first hit victim with the front of the vehicle sending him to the right for the second vehicle to drive over his his leg. then the second vehicle fled from the scene. as a result, the victim was injured and was admitted to the hospital. As shown in the diagram.",-0.19746179160121255,-0.4015453331379524,0.6331117943832852,0,1,0,0,0,0,1,0.21574174373701116,0,0,0,0,0,0,0,0,0,0,0,0,0,1,0,0,0,0,0,0,0,0,0,0,0,0,0,1,0,0,1,0,0,1,0,0,0,0,0,0,0,0,0,0,0,0,0,0,0,0,0,0,0,0,1,0,0,0,0,0,0,0,0,1,0,0,0,0,0,0,0,0,1,0,0,0,0,0,0,0,0,0,0,0,1,0,0,0,0,1,0,0,0,0,1,0,0,0,1,1,0,0,0,0
0.09026831875095438,-0.944846617806436,"After examining and inspecting the accident's site, the following was revealed:-
the vehicle that caused the accident was travelling from the west to the east taking the left lane in a sub-road. The first afflicted vehicle was travelling from the north to the south taking the right lane. The former was speeding and didn’t follow the traffic sign (STOP) when he collided from the front with right side of the afflicted vehicle. The powerful impact pushed the first afflicted vehicle to the front to collided from the front with the second afflicted vehicle and the third afflicted vehicle which was parked in from of its owner house. The powerful impact lead the second afflicted vehicle to crash from the back side into the door of the house as shown in the diagram. as a result, the driver of the first afflicted vehicle was inured and was admitted to the hospital and got out. And material damages were caused to the vehicles. ",-1.4175737141371132,-0.4015453331379524,-2.3692825732768528,1,0,0,0,0,0,1,0.3239276220071134,0,0,0,0,0,0,0,0,0,0,0,0,0,0,0,0,0,0,0,1,0,0,0,0,0,0,0,1,0,0,1,0,0,0,0,0,0,0,0,0,0,0,1,0,0,0,0,0,0,0,0,0,0,0,0,0,0,0,0,1,0,0,0,1,0,0,0,0,0,1,0,0,0,0,0,0,0,0,0,0,0,0,0,1,0,0,0,0,0,0,1,0,1,0,0,0,1,0,0,0,0,0,0,1
0.1434752546000941,0.24866874437262185,"After examining and inspecting the accident's site, the following was revealed:-
the vehicle that caused the accident was travelling from the east to the west taking the left lane to make a turn to the south in the crossroads. The afflicted vehicle was travelling from the west to the east taking the second lane from the right side. The former ran the red light and collided from the front side with the frond right side of the afflicted vehicle. As shown in the diagram. ",-0.19746179160121255,-0.4015453331379524,-0.3676863281700941,0,1,0,0,0,0,1,0.3279770681335613,0,0,1,0,0,0,0,0,0,0,0,0,0,0,0,0,0,0,0,0,0,0,0,0,0,0,0,0,1,0,1,0,0,1,0,0,0,0,0,0,0,0,0,0,0,0,0,0,0,0,0,0,0,0,1,0,0,0,0,0,0,0,0,1,0,0,0,0,0,0,0,0,1,0,0,0,0,0,0,0,0,0,0,1,0,0,0,0,0,1,0,0,0,1,0,0,0,1,0,0,1,0,0,0
-0.06935248879646476,-0.8488166461368566,"After examining and inspecting the accident's site, the following was revealed:-
The vehicle that caused the accident (motorcycle) was travelling from the south to the north. the victim was crossing the road from the east to the west. The former violated the pedestrian rules and hit the victim with the front side of his vehicle. As a result, the victim was injured and was admitted to the hospital. As shown in the diagram.",-2.637685636673014,2.490378837640347,-2.3692825732768528,0,1,0,0,1,0,0,0.6664888754066277,0,0,0,0,0,0,0,0,0,0,0,0,0,1,0,0,0,0,0,0,0,0,0,0,0,0,0,0,1,0,1,0,0,1,0,0,0,0,0,0,0,0,0,0,0,0,0,0,0,0,0,0,1,0,0,0,0,0,0,0,0,0,0,0,1,0,0,0,0,0,1,0,0,0,0,0,0,0,0,0,0,0,0,0,1,0,0,0,0,1,0,0,0,0,1,0,0,0,1,0,1,0,0,0
-0.28218023219302363,0.9208785460596774,"After examining and inspecting the accident's site, the following was revealed:- 

The vehicle that caused the accident (motorcycle) was travelling from the south to the north and making a left turn. Because the driver was under the influence of alcohol, he drifted with his vehicle to right and crashed from the front side into the side-walk leading the vehicle to roll-over. As a result, the driver was injured and was admitted to the hospital. And material damages were caused to the vehicle.",-0.19746179160121255,-0.4015453331379524,-1.3684844507234735,0,1,0,0,1,0,0,0.7592978028452181,0,0,0,0,0,0,0,0,0,0,0,0,0,0,0,0,0,0,0,0,0,0,0,0,0,1,0,0,1,0,1,0,0,1,0,0,0,0,0,0,0,0,0,0,0,0,0,0,0,0,0,0,0,0,1,0,0,0,0,0,0,0,0,0,1,0,0,0,0,0,0,0,1,0,0,0,0,0,0,0,0,0,0,0,0,0,0,0,1,0,1,0,1,0,0,0,1,0,0,0,0,0,1,0
-0.44180103974044277,1.140375624161573,"After examining and inspecting the accident's site, the following was revealed:-
the vehicle that caused the accident was travelling from the east to the west taking the first lane from the right. The driver was speeding when he collided from the front right side with the side-walk. He kept on moving on the side-walk which was in the middle of the street till he crashed into the traffic light pole. And he kept diving to the west till he reached the crossroads to collided with side-walk on the right. An then continued driving for about 40 meters to stop beside the side-walk on the right. as a result, the driver was inured and material damages were caused to the vehicle and the state’s properties.",-0.19746179160121255,-0.4015453331379524,-0.3676863281700941,0,1,0,0,1,0,0,0.8634889572338244,0,0,0,0,0,0,0,1,0,0,0,0,0,0,0,0,0,0,0,0,0,0,0,0,0,0,0,1,0,0,1,0,0,0,1,0,0,0,0,0,0,0,0,0,0,0,0,0,0,0,0,0,0,0,1,0,0,0,0,0,0,0,0,0,1,0,0,0,1,0,0,0,0,0,0,0,0,0,0,0,1,0,0,0,0,0,0,0,0,0,1,0,0,1,0,0,0,1,0,1,0,0,0,0
-0.2289732963438839,1.140375624161573,"After examining and inspecting the accident's site, the following was revealed:-
the vehicle that caused the accident was travelling from the east to the west taking the first lane from the right. The driver was speeding when he collided from the front right side with the side-walk. He kept on moving on the side-walk which was in the middle of the street till he crashed into the traffic light pole. And he kept diving to the west till he reached the crossroads to collided with side-walk on the right. An then continued driving for about 40 meters to stop beside the side-walk on the right. as a result, the driver was inured and material damages were caused to the vehicle and the state’s properties.",-0.19746179160121255,-0.4015453331379524,-0.3676863281700941,0,1,0,0,1,0,0,0.8634889572338244,0,0,0,0,0,0,0,1,0,0,0,0,0,0,0,0,0,0,0,0,0,0,0,0,0,0,0,1,0,0,1,0,0,0,1,0,0,0,0,0,0,0,0,0,0,0,0,0,0,0,0,0,0,0,1,0,0,0,0,0,0,0,0,0,1,0,0,0,1,0,0,0,0,0,0,0,0,0,0,0,1,0,0,0,0,0,0,0,0,0,1,0,1,0,0,0,1,0,0,1,0,0,0,0
0.7819584847897707,-0.8488166461368566,"After examining and inspecting the accident's site, the following was revealed:-
the vehicle that caused the accident was travelling from the south to the north taking the middle lane to make a turn to the west in the crossroads. The afflicted vehicle was travelling from the north to the south taking the left lane. The former ran the red light and collided from the right side with the front side of the afflicted vehicle. As shown in the diagram.",-0.19746179160121255,-0.4015453331379524,-1.3684844507234735,0,1,0,0,1,0,0,0.8806717421487521,0,0,1,0,0,0,0,0,0,0,0,0,0,0,0,0,0,0,0,0,0,0,0,0,0,0,0,0,1,0,1,0,0,0,0,0,0,0,0,0,0,0,1,0,0,0,0,0,0,0,0,0,0,0,1,0,0,0,0,0,0,0,0,1,0,0,0,0,0,0,0,0,0,0,0,0,0,0,0,0,0,0,0,1,0,0,0,0,0,0,1,0,1,0,0,0,1,0,0,0,0,0,1,0
0.24988912629837354,-0.8488166461368566,"After examining and inspecting the accident's site, the following was revealed:-
the vehicle that caused the accident was travelling from the south to the north taking the middle lane to make a turn to the west in the crossroads. The afflicted vehicle was travelling from the north to the south taking the left lane. The former ran the red light and collided from the right side with the front side of the afflicted vehicle. As shown in the diagram.",-0.19746179160121255,-0.4015453331379524,-1.3684844507234735,1,0,0,0,1,0,0,0.8806717421487521,0,0,1,0,0,0,0,0,0,0,0,0,0,0,0,0,0,0,0,0,0,0,0,0,0,0,0,0,1,0,1,0,0,0,0,0,0,0,0,0,0,0,1,0,0,0,0,0,0,0,0,0,0,0,1,0,0,0,0,0,0,0,0,1,0,0,0,0,0,0,0,0,0,0,0,0,0,0,0,0,0,0,0,1,0,0,0,0,0,0,1,0,0,1,0,0,0,1,0,0,0,0,1,0
-1.133491205779259,-0.8488166461368566,"After examining and inspecting the accident's site, the following was revealed:-
the vehicle that caused the accident was travelling from the south to the north taking the middle lane to make a turn to the west in the crossroads. The afflicted vehicle was travelling from the north to the south taking the left lane. The former ran the red light and collided from the front right side with the front side of the afflicted vehicle. As shown in the diagram.",-0.19746179160121255,-0.4015453331379524,-1.3684844507234735,1,0,0,0,1,0,0,0.8806717421487521,0,0,1,0,0,0,0,0,0,0,0,0,0,0,0,0,0,0,0,0,0,0,0,0,0,0,0,0,1,0,1,0,0,0,0,0,0,0,0,0,0,0,1,0,0,0,0,0,0,0,0,0,0,0,1,0,0,0,0,0,0,0,0,1,0,0,0,0,0,0,0,0,0,0,0,0,0,0,0,0,0,0,0,1,0,0,0,0,0,0,1,1,0,0,0,0,0,1,0,0,0,0,1,0
0.46271686969493236,-0.8488166461368566,"After examining and inspecting the accident's site, the following was revealed:-
the vehicle that caused the accident was travelling from the south to the north taking the middle lane to make a turn to the west in the crossroads. The afflicted vehicle was travelling from the north to the south taking the left lane. The former ran the red light and collided from the front right side with the front side of the afflicted vehicle. As shown in the diagram.",-0.19746179160121255,-0.4015453331379524,-1.3684844507234735,1,0,0,0,1,0,0,0.8806717421487521,0,0,1,0,0,0,0,0,0,0,0,0,0,0,0,0,0,0,0,0,0,0,0,0,0,0,0,0,1,0,1,0,0,0,0,0,0,0,0,0,0,0,1,0,0,0,0,0,0,0,0,0,0,0,1,0,0,0,0,0,0,0,0,1,0,0,0,0,0,0,0,0,0,0,0,0,0,0,0,0,0,0,0,1,0,0,0,0,0,0,1,0,1,0,0,0,1,0,0,0,0,0,0,1
-1.0270773340809796,-0.8488166461368566,"After examining and inspecting the accident's site, the following was revealed:-
the vehicle that caused the accident was travelling from the south to the north taking the middle lane to make a turn to the west in the crossroads. The afflicted vehicle was travelling from the north to the south taking the left lane. The former ran the red light and collided from the right side with the front side of the afflicted vehicle. As shown in the diagram.",-0.19746179160121255,-0.4015453331379524,-1.3684844507234735,0,1,0,0,1,0,0,0.8806717421487521,0,0,1,0,0,0,0,0,0,0,0,0,0,0,0,0,0,0,0,0,0,0,0,0,0,0,0,0,1,0,1,0,0,0,0,0,0,0,0,0,0,0,1,0,0,0,0,0,0,0,0,0,0,0,1,0,0,0,0,0,0,0,0,1,0,0,0,0,0,0,0,0,0,0,0,0,0,0,0,0,0,0,0,1,0,0,0,0,0,0,1,0,0,1,0,0,0,1,0,0,0,1,0,0
-0.12255942464560447,0.5367586593813599," After examining and inspecting the accident's site, the following was revealed:-
the vehicle that caused the accident was travelling from the north to the south taking left lane to turn to the east in the crossroads. The afflicted vehicle was travelling from the south to the north taking the second lane from the right. The former was under the influence of alcohol and ran the red light and collide from the front right side with front left side of the afflicted vehicle, as shown in the diagram. As a result, the passengers of the afflicted vehicle were injured and material damages were caused to the vehicles. As shown in the diagram. ",-0.19746179160121255,-0.4015453331379524,0.6331117943832852,0,1,0,0,1,0,0,0.8884641898299167,0,0,0,0,0,0,0,0,0,0,0,0,0,0,0,0,0,0,0,0,0,0,0,0,0,1,0,1,0,0,1,0,0,1,0,0,0,0,0,0,0,0,0,0,0,0,0,0,0,0,0,0,0,0,1,0,0,0,0,0,0,0,0,0,1,0,0,0,0,0,0,0,1,0,0,0,0,0,0,0,0,0,0,1,0,0,0,0,0,0,1,1,0,0,0,0,0,1,0,1,0,0,0,0
0.40950993384579265,0.5367586593813599," After examining and inspecting the accident's site, the following was revealed:-
the vehicle that caused the accident was travelling from the north to the south taking left lane to turn to the east in the crossroads. The afflicted vehicle was travelling from the south to the north taking the second lane from the right. The former was under the influence of alcohol and ran the red light and collide from the front right side with front left side of the afflicted vehicle, as shown in the diagram. As a result, the passengers of the afflicted vehicle were injured and material damages were caused to the vehicles. As shown in the diagram.",-0.19746179160121255,-0.4015453331379524,0.6331117943832852,0,1,0,0,1,0,0,0.8884641898299167,0,0,0,0,0,0,0,0,0,0,0,0,0,0,0,0,0,0,0,0,0,0,0,0,0,1,0,1,0,0,1,0,0,1,0,0,0,0,0,0,0,0,0,0,0,0,0,0,0,0,0,0,0,0,1,0,0,0,0,0,0,0,0,0,1,0,0,0,0,0,0,0,1,0,0,0,0,0,0,0,0,0,0,1,0,0,0,0,0,0,1,0,0,1,0,0,0,1,0,1,0,0,0,0
0.9415792923371898,0.24866874437262185,"After examining and inspecting the accident's site, the following was revealed:-
the vehicle that caused the accident was travelling from east to the west taking the right lane. The victim was crossing the street from the cross-walk from south to the north. The driver ran the red light and hit victim with front of his vehicle. As shown in the diagram.",-0.19746179160121255,-0.4015453331379524,0.6331117943832852,0,1,0,0,1,0,0,0.9925458997286191,0,0,1,0,0,0,0,0,0,0,0,0,0,0,0,0,0,0,0,0,0,0,0,0,0,0,1,0,0,0,1,0,0,1,0,0,0,0,0,0,0,0,0,0,0,0,0,0,0,0,0,0,0,0,1,0,0,0,0,0,0,0,0,1,0,0,0,0,0,0,0,0,1,0,0,0,0,0,0,0,0,0,0,0,1,0,0,0,0,1,0,0,0,0,1,0,0,0,1,0,1,0,0,0
-0.17576636049474417,1.0992199220174677,"After examining and inspecting the accident's site, the following was revealed:- 

The vehicle that caused the accident was travelling from the south to the north taking the second lane from the left.  The driver was speeding in the rain, when the vehicle skidded to the left to crash from the front into the light pole and the traffic sign. as a result, the driver and the passenger were injured and were admitted to Sheikh Khalefa’s hospital and material damages were caused to vehicles and the state’s properties material damages.",-0.19746179160121255,-0.4015453331379524,0.6331117943832852,1,0,0,0,1,0,0,1.1000751110592972,0,0,0,0,0,0,0,0,0,0,0,0,0,0,0,0,0,0,0,0,0,1,0,0,0,0,0,1,0,0,1,0,0,1,0,0,0,0,0,0,0,0,0,0,0,0,0,0,0,0,0,0,0,0,1,0,0,0,0,0,0,0,0,1,0,0,0,0,0,0,0,0,1,0,0,0,0,0,0,0,1,0,0,0,0,0,0,0,0,0,1,0,1,0,0,0,1,0,0,1,0,0,0,0
-1.5591466925723767,1.0992199220174677,"After examining and inspecting the accident's site, the following was revealed:- 

The vehicle that caused the accident was travelling from the south to the north taking the second lane from the left.  The driver was speeding in the rain, when the vehicle skidded to the left to crash from the front into the light pole and the traffic sign. as a result, the driver and the passenger were injured and were admitted to Sheikh Khalefa’s hospital and material damages were caused to vehicles and the state’s properties material damages.",-0.19746179160121255,-0.4015453331379524,0.6331117943832852,1,0,0,0,1,0,0,1.1000751110592972,0,0,0,0,0,0,0,0,0,0,0,0,0,0,0,0,0,0,0,0,0,1,0,0,0,0,0,1,0,0,1,0,0,1,0,0,0,0,0,0,0,0,0,0,0,0,0,0,0,0,0,0,0,0,1,0,0,0,0,0,0,0,0,1,0,0,0,0,0,0,0,0,1,0,0,0,0,0,0,0,1,0,0,0,0,0,0,0,0,1,0,0,0,1,0,0,0,1,0,1,0,0,0,0
-0.5482149114387221,1.0992199220174677,"After examining and inspecting the accident's site, the following was revealed:- 

The vehicle that caused the accident was travelling from the south to the north taking the second lane from the left.  The driver was speeding in the rain, when the vehicle skidded to the left to crash from the front into the light pole and the traffic sign. as a result, the driver and the passenger were injured and were admitted to Sheikh Khalefa’s hospital and material damages were caused to vehicles and the state’s properties material damages.",-0.19746179160121255,-0.4015453331379524,0.6331117943832852,1,0,0,0,1,0,0,1.1000751110592972,0,0,0,0,0,0,0,0,0,0,0,0,0,0,0,0,0,0,0,0,0,1,0,0,0,0,0,1,0,0,1,0,0,1,0,0,0,0,0,0,0,0,0,0,0,0,0,0,0,0,0,0,0,0,1,0,0,0,0,0,0,0,0,1,0,0,0,0,0,0,0,0,1,0,0,0,0,0,0,0,1,0,0,0,0,0,0,0,0,1,0,0,0,1,0,0,0,1,0,1,0,0,0,0
-0.44180103974044277,1.0992199220174677,"After examining and inspecting the accident's site, the following was revealed:- 

The vehicle that caused the accident was travelling from the south to the north taking the second lane from the left.  The driver was speeding in the rain, when the vehicle skidded to the left to crash from the front into the light pole and the traffic sign. as a result, the driver and the passenger were injured and were admitted to Sheikh Khalefa’s hospital and material damages were caused to vehicles and the state’s properties material damages.",-0.19746179160121255,-0.4015453331379524,0.6331117943832852,1,0,0,0,1,0,0,1.1000751110592972,0,0,0,0,0,0,0,0,0,0,0,0,0,0,0,0,0,0,0,0,0,1,0,0,0,0,0,1,0,0,1,0,0,1,0,0,0,0,0,0,0,0,0,0,0,0,0,0,0,0,0,0,0,0,1,0,0,0,0,0,0,0,0,1,0,0,0,0,0,0,0,0,1,0,0,0,0,0,0,0,1,0,0,0,0,0,0,0,0,1,0,1,0,0,0,0,0,1,0,1,0,0,0,0
-0.44180103974044277,0.5779143615254654,"the vehicle that caused the accident and the afflicted vehicles were travelling from the north to the south. The former taking the right lane. The afflicted vehicle was travelling to the same direction taking the second lane from the right. The fromer didn’t keep to its lane and collided from the back left side with the front right side of the first afflicted vehicle, causing the latter to drift and collided from the front left side with the back right side of the second afflicted vehicle which was in third lane from the right. The former vehicle kept o driving till collided with the third afflicted vehicle which was parked. And they all stopped. As a result, driver of the former vehicle was moderately injured and material damages were caused to the vehicle. As shown in the diagram.",-0.19746179160121255,-0.4015453331379524,0.6331117943832852,0,1,0,0,1,0,0,1.1009835003255004,0,0,0,0,0,0,0,0,0,0,1,0,0,0,0,0,0,0,0,0,0,0,0,0,0,0,0,1,0,0,1,0,0,1,0,0,0,0,0,0,0,0,0,0,0,0,0,0,0,0,0,0,1,0,0,0,0,0,0,0,0,0,0,1,0,0,0,0,0,1,0,0,0,0,0,0,0,0,0,0,0,0,0,0,0,0,0,1,0,0,1,0,1,0,0,0,1,0,0,0,0,0,0,1
-0.12255942464560447,1.3873098370262058,"After examining and inspecting the accident's site, the following was revealed:-
The vehicle that caused the accident was travelling from the west to the east to make a left turn to the north. The two afflicted vehicles were travelling from the east to the west. The first was taking the second lane from the right and the second was taking first lane from the right. When all the  vehicles reached the crossroads, the former ran the red light and collided from the front right side with the front side. The powerful impact lead the former to spin and collide from the front with back right side of the first afflicted vehicle. And they all went to different directions and stopped. as shown in the diagram.",1.0226501309346883,-0.4015453331379524,0.6331117943832852,1,0,0,0,1,0,0,1.2007421528729947,0,0,1,0,0,0,0,0,0,0,0,0,0,0,0,0,0,0,0,0,0,0,0,0,0,0,0,0,1,0,1,0,0,0,0,0,0,0,0,0,0,0,1,0,0,0,0,0,0,0,0,0,0,0,1,0,0,0,0,0,0,0,0,1,0,0,0,0,0,0,0,0,1,0,0,0,0,0,0,0,0,0,0,1,0,0,0,0,0,0,1,0,1,0,0,0,1,0,0,1,0,0,0,0
0.5159238055440721,1.3873098370262058,"After examining and inspecting the accident's site, the following was revealed:-
The vehicle that caused the accident was travelling from the west to the east to make a left turn to the north. The two afflicted vehicles were travelling from the east to the west. The first was taking the second lane from the right and the second was taking first lane from the right. When all the  vehicles reached the crossroads, the former ran the red light and collided from the front right side with the front side. The powerful impact lead the former to spin and collide from the front with back right side of the first afflicted vehicle. And they all went to different directions and stopped. as shown in the diagram.",1.0226501309346883,-0.4015453331379524,0.6331117943832852,1,0,0,0,1,0,0,1.2007421528729947,0,0,1,0,0,0,0,0,0,0,0,0,0,0,0,0,0,0,0,0,0,0,0,0,0,0,0,0,1,0,1,0,0,0,0,0,0,0,0,0,0,0,1,0,0,0,0,0,0,0,0,0,0,0,1,0,0,0,0,0,0,0,0,1,0,0,0,0,0,0,0,0,1,0,0,0,0,0,0,0,0,0,0,1,0,0,0,0,0,0,1,0,1,0,0,0,1,0,0,0,1,0,0,0
-0.38859410389130306,-0.8213795113741197,"After examining and inspecting the accident's site, the following was revealed:-
the vehicle that caused the accident was travelling from the south to the north taking the far left lane.  The afflicted vehicle was travelling to same  direction but  in the middle lane. He was surprised by the sudden lane switching of the motorcycle and collided from the left side corner with the front of the motorcycle, leading the motorcycle to spin to the middle lane and the former was on the island. as shown in the diagram.",-0.19746179160121255,-0.4015453331379524,-0.3676863281700941,0,1,0,0,1,0,0,1.3157026450681544,0,0,0,0,0,0,0,0,0,0,0,0,0,0,0,0,0,0,0,0,0,0,1,0,0,0,1,0,0,0,1,0,0,1,0,0,0,0,0,0,0,0,0,0,0,0,0,0,0,0,0,0,1,0,0,0,0,0,0,0,0,0,0,1,0,0,0,0,0,1,0,0,0,0,0,0,0,0,0,0,0,0,0,0,0,0,0,1,0,1,0,0,1,0,0,0,1,0,0,0,1,0,0,0