Age of the injured,Str Code,Accident Description,Road speed limit,Pedestrian action,Number of Lanes,Gender_F,Gender_M,Week_Fifth week,Week_First week,Week_Fourth week,Week_Second week,Week_Third week,Date_time,Reasons__??? ????? ?????? ?????? ???? ????? ??? ???? ???????,Reasons__???? ?? ??????? (???),Reasons__Bypassing the red traffic light,Reasons__Driving back without attention,Reasons__Driving back without traffic clearance,Reasons__Driving in the opposite direction,Reasons__Entering main road without traffic clearance,Reasons__Exceeding speed limit,Reasons__Fatigue and drowsiness,Reasons__Faults in the road,Reasons__Ignoring road lane,Reasons__Ignoring traffic lights,Reasons__Lack of driving awareness,Reasons__Misuse of traffic,Reasons__Negligence and inobservance,Reasons__Negligent driving,Reasons__Not giving priority to pedestrian crossing,Reasons__Not giving way / not giving priority,Reasons__Not leaving enough space,Reasons__Not observing the stop sign,Reasons__Not securing vehicle stability while stopping,Reasons__Speedy without taking road conditions into account,Reasons__Sudden deviation,Reasons__Sudden stop,Reasons__Tyre burst,Reasons__under influence of intoxicant or narcotic drug,__Al Madina Police Station,__Khaldiya Police Station,__Shaabiya Police Station,Streetname_Intersection,Streetname_Street,place__Bridge / Tunnel,place__Coastal area,place__Commercial area,place__Fuel Station,place__Govt. authority,place__Hospital,place__Island,place__Mosque,place__One level intersection,place__Other,place__Park,place__Residential area,place__Sand area,place__School,place__Work area,place__external road,place__unknown,location__ ,location__Bridge,location__Bridge /  Tunnel,location__Car parking,location__Double road,location__Highway,location__Intersection,location__Off the road,location__Other(specify),location__Roundabout,location__Side parking,location__Single road,location__Tunnel,location__Two-way road,location__Unknown,lighting__day,lighting__night - enough lights,lighting__night - weak lights,intersection__Deviated intersection,intersection__Half Perpendicular Intersection,intersection__Multiple leg Intersection,intersection__Not on Intersection,intersection__Not on or around 20 meters,intersection__Other,intersection__Perpendicular Intersection,intersection__Roundabout,intersection__Turn ,accidentype__Collision while turning,accidentype__Fall,accidentype__Hitting a moving object off the road,accidentype__Hitting a moving object on the road,accidentype__Hitting a stationary object off the road,accidentype__Hitting a stationary object on the road,accidentype__Multiple collision,accidentype__Other (specify),accidentype__Perpendicular collision,accidentype__Person run over,accidentype__Rear collision,accidentype__Reciprocal collision,accidentype__Side collision,accidentype__deterioration,seat belt_N,seat belt_Y,seat_Back passenger seat,seat_Driver's seat,seat_Front passenger seat,seat_No passenger,seat_bike passenger,position_Driver,position_Passenger,position_Pedestrian,nationality_Arab States,nationality_Asian States,nationality_GCC,nationality_Other,nationality_UAE
-0.5482149114387221,-0.8350980787554881,"After examining and inspecting the accident's site, the following was revealed:-
the vehicle that caused the accident was travelling from the south to the north taking the right lane . The afflicted vehicle was travelling from the east to the west taking the right lane. The former didn’y follow the (STOP) sign and collided from the front right side with the back left side of the afflicted vehicle. As shown in the diagram.",-0.19746179160121255,-0.4015453331379524,-1.3684844507234735,0,1,0,0,1,0,0,1.423899467787247,0,0,0,0,0,0,0,0,0,0,0,0,0,0,0,0,0,0,0,1,0,0,0,0,0,0,0,0,1,0,1,0,0,1,0,0,0,0,0,0,0,0,0,0,0,0,0,0,0,0,0,0,0,0,1,0,0,0,0,0,0,0,0,1,0,0,0,0,0,0,0,0,1,0,0,0,0,0,0,0,0,0,0,1,0,0,0,0,0,0,1,0,1,0,0,0,1,0,0,0,0,0,0,1
-0.28218023219302363,-0.7665052418486458,"After examining and inspecting the accident's site, the following was revealed:-
the vehicles were travelling from the north to the south. the vehicle that caused the accident was taking the second lane from the left and the afflicted vehicle (motorcycle) was taking the left lane. The former didn’t keep to his lane and as his suddenly switch to the left lane made the motorcycle loose his balance while trying to avoid the car. The afflicted vehicle drifted to the left side to crash into the iron bars of the park then he lost his balance ans the motorcycle flipped in the middle of the road. The accident resulted to the death of the motorcycle driver when her arrived to the hospital  and material damages were caused to the vehicle the state’s properties. ",-0.19746179160121255,-0.4015453331379524,0.6331117943832852,0,1,1,0,0,0,0,1.4303785815895638,0,0,0,0,0,0,0,0,0,0,1,0,0,0,0,0,0,0,0,0,0,0,0,0,0,0,0,1,0,0,1,0,0,1,0,0,0,0,0,0,0,0,0,0,0,0,0,0,0,0,0,0,1,0,0,0,0,0,0,0,0,0,0,1,0,0,0,0,0,1,0,0,0,0,0,0,0,0,0,0,0,0,0,0,0,0,0,0,1,1,0,0,0,0,0,1,1,0,0,0,0,0,1,0
0.1434752546000941,-0.9860023199505414,"After examining and inspecting the accident's site, the following was revealed:-
the first vehicle that caused the accident was travelling from the west to the east taking the middle lane. The second vehicle was travelling from the south to north. The first violated the pedestrian rule hit the victim who was crossing the street from the middle with the front of his vehicle. As result, the victim was injured and accident wad diagrammed.",1.0226501309346883,2.490378837640347,0.6331117943832852,0,1,1,0,0,0,0,1.5373715149197122,0,0,0,0,0,0,0,0,0,0,0,0,0,1,0,0,0,0,0,0,0,0,0,0,0,0,0,0,1,0,1,0,0,1,0,0,0,0,0,0,0,0,0,0,0,0,0,0,0,0,0,0,0,1,0,0,0,0,0,0,0,0,0,1,0,0,0,0,0,1,0,0,0,0,0,0,0,0,0,0,0,0,0,0,1,0,0,0,0,1,0,0,0,0,1,0,0,0,1,0,1,0,0,0
0.19668219044923382,0.9345971134410459,"After examining and inspecting the accident's site, the following was revealed:- 
the vehicle that caused the accident was travelling to the north taking the far left lane. The first afflicted vehicle was in the traffic at the edge of the crossroad, the second and the third were on the opposite side of crossroads. When the former reach the crossroad he made a turn to the left. The first afflicted vehicle vehicle didn’t stick to his lane and entered the crossroads after the traffic turned green and collided from the front side with the right side of the second afflicted vehicle. Leading the latter to spin and collide from back side with the from side of the third afflicted vehicle. as a result, the driver and the passengers of the former vehicle were injured and material damages were caused to the vehicles. The accident was diagrammed.",-0.19746179160121255,-0.4015453331379524,0.6331117943832852,0,1,1,0,0,0,0,1.6468050603747202,0,0,0,0,0,0,0,0,0,0,1,0,0,0,0,0,0,0,0,0,0,0,0,0,0,0,0,1,0,0,1,0,0,1,0,0,0,0,0,0,0,0,0,0,0,0,0,0,0,0,0,0,0,0,1,0,0,0,0,0,0,0,0,1,0,0,0,0,1,0,0,0,0,0,0,0,0,0,0,0,0,0,0,1,0,0,0,0,0,0,1,0,1,0,0,0,1,0,0,0,1,0,0,0
-0.8674565265335604,0.9345971134410459,"After examining and inspecting the accident's site, the following was revealed:- 
the vehicle that caused the accident was travelling to the north taking the far left lane. The first afflicted vehicle was in the traffic at the edge of the crossroad, the second and the third were on the oppside side of crossroads. When the former reach the crossroad he made a turn to the left. The first afflicted vehicle vehicle didn’t stick to his lane and entered the crossroads after the traffic turned green and collided from the front side with the right side of the second afflicted vehicle. Leading the latter to spin and collide from back side with the from side of the third afflicted vehicle. as a result, the driver and the passengers of the former vehicle were injured and material damages were caused to the vehicles. The accident was diagrammed.",-0.19746179160121255,-0.4015453331379524,0.6331117943832852,0,1,1,0,0,0,0,1.6468050603747202,0,0,0,0,0,0,0,0,0,0,1,0,0,0,0,0,0,0,0,0,0,0,0,0,0,0,0,1,0,0,1,0,0,1,0,0,0,0,0,0,0,0,0,0,0,0,0,0,0,0,0,0,0,0,1,0,0,0,0,0,0,0,0,1,0,0,0,0,1,0,0,0,0,0,0,0,0,0,0,0,0,0,0,1,0,0,0,0,0,0,1,1,0,0,0,0,0,1,0,0,0,1,0,0
-0.6014218472878619,0.9345971134410459,"After examining and inspecting the accident's site, the following was revealed:- 
the vehicle that caused the accident was travelling to the north taking the far left lane. The first afflicted vehicle was in the traffic at the edge of the crossroad, the second and the third were on the opposite side of crossroads. When the former reach the crossroad he made a turn to the left. The first afflicted vehicle vehicle didn’t stick to his lane and entered the crossroads after the traffic turned green and collided from the front side with the right side of the second afflicted vehicle. Leading the latter to spin and collide from back side with the from side of the third afflicted vehicle. as a result, the driver and the passengers of the former vehicle were injured and material damages were caused to the vehicles. The accident was diagrammed.",-0.19746179160121255,-0.4015453331379524,0.6331117943832852,0,1,1,0,0,0,0,1.6468050603747202,0,0,0,0,0,0,0,0,0,0,1,0,0,0,0,0,0,0,0,0,0,0,0,0,0,0,0,1,0,0,1,0,0,1,0,0,0,0,0,0,0,0,0,0,0,0,0,0,0,0,0,0,0,0,1,0,0,0,0,0,0,0,0,1,0,0,0,0,1,0,0,0,0,0,0,0,0,0,0,0,0,0,0,1,0,0,0,0,0,0,1,0,0,1,0,0,0,1,0,0,0,1,0,0
-0.5482149114387221,0.9345971134410459,"After examining and inspecting the accident's site, the following was revealed:- 
the vehicle that caused the accident was travelling to the north taking the far left lane. The first afflicted vehicle was in the traffic at the edge of the crossroad, the second and the third were on the opposite side of crossroads. When the former reach the crossroad he made a turn to the left. The first afflicted vehicle vehicle didn’t stick to his lane and entered the crossroads after the traffic turned green and collided from the front side with the right side of the second afflicted vehicle. Leading the latter to spin and collide from back side with the from side of the third afflicted vehicle. as a result, the driver and the passengers of the former vehicle were injured and material damages were caused to the vehicles. The accident was diagrammed.",-0.19746179160121255,-0.4015453331379524,0.6331117943832852,0,1,1,0,0,0,0,1.6468050603747202,0,0,0,0,0,0,0,0,0,0,1,0,0,0,0,0,0,0,0,0,0,0,0,0,0,0,0,1,0,0,1,0,0,1,0,0,0,0,0,0,0,0,0,0,0,0,0,0,0,0,0,0,0,0,1,0,0,0,0,0,0,0,0,1,0,0,0,0,1,0,0,0,0,0,0,0,0,0,0,0,0,0,0,1,0,0,0,0,0,0,1,0,1,0,0,0,1,0,0,0,0,1,0,0
-1.5591466925723767,-0.9860023199505414,"After examining and inspecting the accident's site, the following was revealed:-
the vehicle that caused the accident was travelling from the north to the south in a sub-steer behind Emirates Discount Market. the victim was crossing the street from the west to the east from the middle of the street. The driver was surprised by the sudden appearance of the victim and hit him with the front of his car. As a result, the victim was moderately injured. As shown in the diagram.",-0.19746179160121255,2.490378837640347,-1.3684844507234735,0,1,1,0,0,0,0,1.7509743258653456,0,0,0,0,0,0,0,0,0,0,0,0,0,1,0,0,0,0,0,0,0,0,0,0,0,0,0,0,1,0,1,0,0,1,0,0,0,0,0,0,0,0,0,0,0,0,0,0,0,0,0,0,0,0,0,0,0,0,0,0,0,0,1,1,0,0,0,0,0,1,0,0,0,0,0,0,0,0,0,0,0,0,0,0,1,0,0,0,0,1,0,0,0,0,1,0,0,0,1,0,1,0,0,0
0.46271686969493236,-0.8213795113741197,"After examining and inspecting the accident's site, the following was revealed:-
   the vehicle that caused the accident was travelling from the south to the west taking the middle lane. When reached the crossroads, the former ran the red light and collided from the front side with the front right side of the afflicted vehicle which was travelling from the north to south. As a result, the passenger was injured and material damages were caused to the vehicles. ",-0.19746179160121255,-0.4015453331379524,0.6331117943832852,1,0,1,0,0,0,0,1.7531084934184735,0,0,1,0,0,0,0,0,0,0,0,0,0,0,0,0,0,0,0,0,0,0,0,0,0,0,0,1,0,0,1,0,0,0,0,0,0,0,0,0,0,0,1,0,0,0,0,0,0,0,0,0,0,0,1,0,0,0,0,0,0,0,0,1,0,0,0,0,1,0,0,0,0,0,0,0,0,0,0,0,0,0,0,1,0,0,0,0,0,1,0,1,0,0,0,0,0,1,0,0,1,0,0,0
-0.4950079755895825,1.3187170001193633,"After examining and inspecting the accident's site, the following was revealed:-
the vehicle that caused the accident was travelling from the east to the west taking the left side lane and wanting to turn to the south. The afflicted vehicle was travelling fro the west to the east taking the the second lane from then left. The former ran the red light and collided from right side with the front side of the afflicted vehicle, as a result, the driver and the two passengers of the afflicted vehicle was injured and material damages were caused to vehicles. ",-0.19746179160121255,-0.4015453331379524,0.6331117943832852,0,1,1,0,0,0,0,1.7565559948504494,0,0,1,0,0,0,0,0,0,0,0,0,0,0,0,0,0,0,0,0,0,0,0,0,0,0,0,0,1,0,1,0,0,1,0,0,0,0,0,0,0,0,0,0,0,0,0,0,0,0,0,0,0,0,1,0,0,0,0,0,0,0,0,1,0,0,0,0,0,0,0,0,1,0,0,0,0,0,0,0,0,0,0,1,0,0,0,0,0,0,1,0,1,0,0,0,1,0,0,0,0,0,0,1
-0.06935248879646476,1.3187170001193633,"After examining and inspecting the accident's site, the following was revealed:-
the vehicle that caused the accident was travelling from the east to the west taking the left side lane and wanting to turn to the south. The afflicted vehicle was travelling fro the west to the east taking the the second lane from then left. The former ran the red light and collided from right side with the front side of the afflicted vehicle, as a result, the driver and the two passengers of the afflicted vehicle was injured and material damages were caused to vehicles.",-0.19746179160121255,-0.4015453331379524,0.6331117943832852,0,1,1,0,0,0,0,1.7565559948504494,0,0,1,0,0,0,0,0,0,0,0,0,0,0,0,0,0,0,0,0,0,0,0,0,0,0,0,0,1,0,1,0,0,1,0,0,0,0,0,0,0,0,0,0,0,0,0,0,0,0,0,0,0,0,1,0,0,0,0,0,0,0,0,1,0,0,0,0,0,0,0,0,1,0,0,0,0,0,0,0,0,0,0,1,0,0,0,0,0,0,1,0,0,1,0,0,0,1,0,0,1,0,0,0
0.1434752546000941,1.3187170001193633,"After examining and inspecting the accident's site, the following was revealed:-
the vehicle that caused the accident was travelling from the east to the west taking the left side lane and wanting to turn to the south. The afflicted vehicle was travelling fro the west to the east taking the the second lane from then left. The former ran the red light and collided from right side with the front side of the afflicted vehicle, as a result, the driver and the two passengers of the afflicted vehicle was injured and material damages were caused to vehicles.",-0.19746179160121255,-0.4015453331379524,0.6331117943832852,0,1,0,1,0,0,0,1.7565559948504494,0,0,1,0,0,0,0,0,0,0,0,0,0,0,0,0,0,0,0,0,0,0,0,0,0,0,0,0,1,0,1,0,0,1,0,0,0,0,0,0,0,0,0,0,0,0,0,0,0,0,0,0,0,0,1,0,0,0,0,0,0,0,0,1,0,0,0,0,0,0,0,0,1,0,0,0,0,0,0,0,0,0,0,1,0,0,0,0,0,0,1,1,0,0,0,0,0,1,0,0,1,0,0,0
0.03706138290181467,-0.8213795113741197,"After examining and inspecting the accident's site, the following was revealed:-
the first vehicle that caused the accident was travelling from the south to the north in The First Zaied Street. The second was travelling from the west to the east. One of the vehicles ran the red light leading the former to collide from the front left side with the front side of the latter. As a result, the driver and the passenger of the second afflicted vehicle were injured and material damages were caused to the vehicles. As Shown in the diagram. ",1.0226501309346883,-0.4015453331379524,0.6331117943832852,0,1,0,1,0,0,0,-1.212727738489973,0,0,1,0,0,0,0,0,0,0,0,0,0,0,0,0,0,0,0,0,0,0,0,0,0,0,1,0,0,0,1,0,0,0,0,0,0,0,0,0,0,0,1,0,0,0,0,0,0,0,0,0,0,0,1,0,0,0,0,0,0,0,0,0,1,0,0,0,0,0,0,0,1,0,0,0,0,0,0,0,0,0,0,1,0,0,0,0,0,1,0,0,1,0,0,0,1,0,0,0,1,0,0,0
-0.28218023219302363,-0.8213795113741197,"After examining and inspecting the accident's site, the following was revealed:-
the first vehicle that caused the accident was travelling from the south to the north in The First Zaied Street. The second was travelling from the west to the east. One of the vehicles ran the red light leading the former to collide from the front left side with the front side of the latter. As a result, the driver and the passenger of the second afflicted vehicle were injured and material damages were caused to the vehicles. As Shown in the diagram.",1.0226501309346883,-0.4015453331379524,0.6331117943832852,0,1,0,1,0,0,0,-1.212727738489973,0,0,1,0,0,0,0,0,0,0,0,0,0,0,0,0,0,0,0,0,0,0,0,0,0,0,1,0,0,0,1,0,0,0,0,0,0,0,0,0,0,0,1,0,0,0,0,0,0,0,0,0,0,0,1,0,0,0,0,0,0,0,0,0,1,0,0,0,0,0,0,0,1,0,0,0,0,0,0,0,0,0,0,1,0,0,0,0,0,1,0,1,0,0,0,0,0,1,0,0,1,0,0,0
-0.5482149114387221,0.4270101203304121,"After examining and inspecting the accident's site, the following was revealed:-
The vehicle that caused the accident (motorcycle) was travelling from the south to the north passing from a place not fro motorcycles. The afflicted vehicle was travelling from the south to the north wanting to make turn to the west. The former didn’t keep to his lane and collided from the front side with the front left side of the afflicted vehicle. The powerful impact lead the motorcycle driver to crash into the wind-shield of the car. As a result, the the motorcycle driver was moderately injured and material damages were caused to the vehicles. As shown in the diagram.",-0.19746179160121255,-0.4015453331379524,0.6331117943832852,0,1,0,1,0,0,0,-1.207200791749821,0,0,0,0,0,0,0,0,0,0,1,0,0,0,0,0,0,0,0,0,0,0,0,0,0,0,1,0,0,0,1,0,0,0,0,1,0,0,0,0,0,0,0,0,0,0,0,0,0,0,0,0,0,0,1,0,0,0,0,0,0,0,0,1,0,0,0,0,0,0,0,0,1,0,0,0,0,0,0,0,0,0,0,0,0,0,0,1,0,1,0,0,0,0,0,1,1,0,0,0,1,0,0,0
-0.06935248879646476,-0.972283752569173,"After examining and inspecting the accident's site, the following was revealed:
the vehicle that caused the accident was reversing in the parking area. The afflicted vehicle (motorcycle) was travelling from the west to the east in a sub-street. The former wasn’t paying attention and collided from the back side with the front side of the afflicted vehicle. Leading the vehicle of the latter to roll-over and the fall of the driver., as a result, the driver of the afflicted vehicle was injured, and material damages were caused to the vehicles. The accident was diagrammed. ",-1.4175737141371132,-0.4015453331379524,-1.3684844507234735,0,1,0,1,0,0,0,-1.202626012071834,0,0,0,1,0,0,0,0,0,0,0,0,0,0,0,0,0,0,0,0,0,0,0,0,0,0,0,1,0,0,1,0,0,1,0,0,0,0,0,0,0,0,0,0,0,0,0,0,0,0,0,1,0,0,0,0,0,0,0,0,0,0,0,1,0,0,0,0,0,1,0,0,0,0,0,0,0,0,0,0,0,0,0,0,0,1,0,0,0,1,0,0,0,0,0,1,1,0,0,0,1,0,0,0
0.3030960621475132,0.6053514962882024," After examining and inspecting the accident's site, the following was revealed:-
the vehicle that caused the accident and the afflicted vehicle were travelling from the west to the east. The former was in the back while the latter was in the front. The former didn’t keep a space between his vehicle the the other vehicle and collided from the front with the back right side of the afflicted vehicle. as a result the driver of the former was injured and material damages were caused to the vehicles. The accident was diagrammed.",1.0226501309346883,-0.4015453331379524,0.6331117943832852,0,1,0,1,0,0,0,-1.1986093992923572,0,0,0,0,0,0,0,0,0,0,0,0,0,0,0,0,0,0,1,0,0,0,0,0,0,0,0,0,1,0,1,1,0,0,0,0,0,0,0,0,0,0,0,0,0,0,0,0,0,0,1,0,0,0,0,0,0,0,0,0,0,0,0,1,0,0,0,0,0,1,0,0,0,0,0,0,0,0,0,0,0,0,0,0,0,1,0,0,0,0,1,0,1,0,0,0,1,0,0,0,1,0,0,0
0.8351654206389104,0.9208785460596774,"After examining and inspecting the accident's site, the following was revealed:-
the the vehicle that caused the accident and the afflicted vehicle were travelling from south to the north. The former was taking the second lane from the right an d the latter was taking the second lane from the left. The former didn’t keep to his lane and collided from the front left side with the front right side of the afflicted vehicle. As shown in the diagram.",-0.19746179160121255,-0.4015453331379524,0.6331117943832852,1,0,0,1,0,0,0,-1.1982263435776932,0,0,0,0,0,0,0,0,0,0,1,0,0,0,0,0,0,0,0,0,0,0,0,0,0,0,0,0,1,0,1,0,0,1,0,0,0,0,0,0,0,0,0,0,0,0,0,0,0,0,0,0,0,0,1,0,0,0,0,0,0,0,0,1,0,0,0,0,0,0,0,0,1,0,0,0,0,0,0,0,0,0,0,0,0,0,0,1,0,1,0,1,0,0,0,0,0,1,0,1,0,0,0,0
0.5691307413932118,-0.9174094830436991,"After examining and inspecting the accident's site, the following was revealed:
the vehicle that caused the accident and the afflicted vehicle were travelling from the west to the east taking the middle lane. The former was in the back while the latter was in the front. The former didn’t leave a space between his vehicle an d the other vehicles and collided from the front side with the back side of the afflicted vehicle. as a result the driver of the former was injured and material damages were caused to the vehicles. The accident was diagrammed. And everything was settled. ",-0.19746179160121255,-0.4015453331379524,-0.3676863281700941,1,0,0,1,0,0,0,-1.2008639557843797,0,0,0,0,0,0,0,0,0,0,0,0,0,0,0,0,0,0,1,0,0,0,0,0,0,0,0,1,0,0,1,0,0,0,0,0,0,0,0,0,0,0,1,0,0,0,0,0,0,0,0,0,0,1,0,0,0,0,0,0,0,0,0,1,0,0,0,0,0,1,0,0,0,0,0,0,0,0,0,0,0,0,0,0,0,1,0,0,0,1,0,0,1,0,0,0,1,0,0,0,0,0,1,0
1.4736486508285869,-0.9174094830436991,"After examining and inspecting the accident's site, the following was revealed:
the vehicle that caused the accident and the afflicted vehicle were travelling from the west to the east taking the middle lane. The former was in the back while the latter was in the front. The former didn’t leave a space between his vehicle an d the other vehicles and collided from the front side with the back side of the afflicted vehicle. as a result the driver of the former was injured and material damages were caused to the vehicles. The accident was diagrammed. And everything was settled.",-0.19746179160121255,-0.4015453331379524,-0.3676863281700941,1,0,0,1,0,0,0,-1.2008639557843797,0,0,0,0,0,0,0,0,0,0,0,0,0,0,0,0,0,0,1,0,0,0,0,0,0,0,0,1,0,0,1,0,0,0,0,0,0,0,0,0,0,0,1,0,0,0,0,0,0,0,0,0,0,1,0,0,0,0,0,0,0,0,0,1,0,0,0,0,0,1,0,0,0,0,0,0,0,0,0,0,0,0,0,0,0,1,0,0,0,0,1,0,0,1,0,0,0,1,0,0,0,0,1,0
1.4736486508285869,-0.8350980787554881,"After examining and inspecting the accident's site, the following was revealed: 
the vehicle that caused the accident (motorcycle)was travelling from the south to the north taking the second lane fro the left. And the victim was crossing from the middle from the west to the west. the afflicted vehicle was travelling from the north to the south taking the first lane from the left. The former didn’t follow the pedestrian rule and his the victim with the front of his vehicle. Leading the driver to drift and first lane from the left and collide with the back right door of the afflicted vehicle.  as a result the victim was moderately injured and material damages were caused to the vehicles. The accident was diagrammed. And everything was settled. ",-0.19746179160121255,2.490378837640347,-0.3676863281700941,0,1,0,1,0,0,0,-1.2020459562753427,0,0,0,0,0,0,0,0,0,0,0,0,0,1,0,0,0,0,0,0,0,0,0,0,0,0,0,0,1,0,1,0,0,0,0,0,0,0,0,0,0,0,1,0,0,0,0,0,0,0,0,0,0,1,0,0,0,0,0,0,0,0,0,1,0,0,0,0,0,1,0,0,0,0,0,0,0,0,0,0,0,0,0,0,1,0,0,0,0,1,0,0,0,0,1,0,0,0,1,0,1,0,0,0
0.5691307413932118,-0.9997208873319099,"After examining and inspecting the accident's site, the following was revealed:- - the vehicle that caused the accident was travelling from the east to the west taking the far right lane . The afflicted vehicle was travelling from the south to the north turning to the left . The formed ran the red light and collided from the front side of his vehicle with right side of the afflicted vehicle. as a result, the  passenger of the afflicted vehicle was injured and were admitted to the hospital. As shown in the diagram.",-0.19746179160121255,-0.4015453331379524,0.6331117943832852,1,0,0,1,0,0,0,-1.2018927339894772,0,0,1,0,0,0,0,0,0,0,0,0,0,0,0,0,0,0,0,0,0,0,0,0,0,0,1,0,0,0,1,0,0,1,0,0,0,0,0,0,0,0,0,0,0,0,0,0,0,0,0,0,0,0,1,0,0,0,0,0,0,0,0,1,0,0,0,0,0,0,0,0,1,0,0,0,0,0,0,0,0,0,0,1,0,0,0,0,0,0,1,1,0,0,0,0,0,1,0,0,1,0,0,0
1.0479931640354692,-0.574445298509487,"After examining and inspecting the accident's site, the following was revealed:-
the vehicle that caused the accident was travelling inside the parking area from the west to the east. Entering the main road from the side entrance. The victim was crossing the street from the south to the north from the middle of the street. Even when the cross-walk was near. The former wasn’t paying attention when she hit the victim from the right side knocking him down on the ground. as a result, the victim was injured and material damages were caused to the vehicle.",-0.19746179160121255,2.490378837640347,-0.3676863281700941,0,1,0,1,0,0,0,-1.201805178397554,0,0,0,0,0,0,0,0,0,0,0,0,0,1,0,0,0,0,0,0,0,0,0,0,0,0,1,0,0,0,1,0,0,1,0,0,0,0,0,0,0,0,0,0,0,0,0,0,0,0,0,0,1,0,0,0,0,0,0,0,0,0,0,1,0,0,0,0,0,1,0,0,0,0,0,0,0,0,0,0,0,0,0,0,1,0,0,0,0,1,0,0,0,0,1,0,0,0,1,1,0,0,0,0
-0.38859410389130306,1.4147469717889427,"After examining and inspecting the accident's site, the following was revealed:-
The vehicle that caused the accident was travelling from the east to the west taking the right lane. The first and the second afflicted vehicles were travelling from to the same direction and the same lane. The former didn’t leave a space between his vehicle the other vehicles and collided from the front side of his vehicle with the back side of the first afflicted vehicle. Leading the latter to collide from the front with the back of the second afflicted vehicle. as a result, driver of the first afflicted vehicle was injured and were admitted to the hospital. And material damages were caused to the vehicles. As shown in the diagram.",1.0226501309346883,-0.4015453331379524,0.6331117943832852,1,0,0,1,0,0,0,-1.1918238409183093,0,0,0,0,0,0,0,0,0,0,0,0,0,0,0,0,0,0,1,0,0,0,0,0,0,0,0,0,1,1,0,0,0,0,0,0,0,0,0,0,0,0,1,0,0,0,0,0,0,0,0,0,1,0,0,0,0,0,0,0,0,0,0,0,1,0,0,0,0,0,0,0,1,0,0,0,0,0,0,0,0,0,0,0,0,1,0,0,0,0,1,0,1,0,0,0,1,0,0,0,0,0,0,1
-0.33538716804216334,1.2912798653566264,"After examining and inspecting the accident's site, the following was revealed:-
the vehicle that caused the accident was travelling from the east to the west taking the second lane. The afflicted vehicle was travelling from the east to the west taking the left lane. The former was speeding and suddenly drifted to the left and lost control of the vehicle to crash from the front into traffic sign pole. And the former entered the opposite road and collided from front with the left side of the afflicted vehicle. Then they all stopped as shown in the diagram. as a result, the driver and the passenger of the former were injured and material damages were caused to the vehicles and the state's properties. ",1.0226501309346883,-0.4015453331379524,0.6331117943832852,0,1,0,1,0,0,0,-1.205340235421453,0,0,0,0,0,0,0,0,0,0,0,0,0,0,0,0,0,0,0,0,0,0,1,0,0,0,0,1,0,0,1,0,0,0,0,0,0,0,0,0,0,0,1,0,0,0,0,0,0,0,0,0,0,0,1,0,0,0,0,0,0,0,0,1,0,0,0,0,0,0,0,0,1,0,0,0,0,0,0,0,0,0,0,1,0,0,0,0,0,0,1,0,0,1,0,0,0,1,0,0,1,0,0,0
-0.4950079755895825,1.2912798653566264,"After examining and inspecting the accident's site, the following was revealed:-
the vehicle that caused the accident was travelling from the east to the west taking the second lane. The afflicted vehicle was travelling from the east to the west taking the left lane. The former was speeding and suddenly drifted to the left and lost control of the vehicle to crash from the front into traffic sign pole. And the former entered the opposite road and collided from front with the left side of the afflicted vehicle. Then they all stopped as shown in the diagram. as a result, the driver and the passenger of the former were injured and material damages were caused to the vehicles and the state's properties.",1.0226501309346883,-0.4015453331379524,0.6331117943832852,0,1,0,1,0,0,0,-1.205340235421453,0,0,0,0,0,0,0,0,0,0,0,0,0,0,0,0,0,0,0,0,0,0,1,0,0,0,0,1,0,0,1,0,0,0,0,0,0,0,0,0,0,0,1,0,0,0,0,0,0,0,0,0,0,0,1,0,0,0,0,0,0,0,0,1,0,0,0,0,0,0,0,0,1,0,0,0,0,0,0,0,0,0,0,1,0,0,0,0,0,0,1,0,0,1,0,0,0,1,0,0,1,0,0,0
0.09026831875095438,1.2912798653566264,"After examining and inspecting the accident's site, the following was revealed:-
the vehicle that caused the accident was travelling from the east to the west taking the second lane. The afflicted vehicle was travelling from the east to the west taking the left lane. The former was speeding and suddenly drifted to the left and lost control of the vehicle to crash from the front into traffic sign pole. And the former entered the opposite road and collided from front with the left side of the afflicted vehicle. Then they all stopped as shown in the diagram. as a result, the driver and the passenger of the former were injured and material damages were caused to the vehicles and the state's properties.",1.0226501309346883,-0.4015453331379524,0.6331117943832852,1,0,0,1,0,0,0,-1.205340235421453,0,0,0,0,0,0,0,0,0,0,0,0,0,0,0,0,0,0,0,0,0,0,1,0,0,0,0,1,0,0,1,0,0,0,0,0,0,0,0,0,0,0,1,0,0,0,0,0,0,0,0,0,0,0,1,0,0,0,0,0,0,0,0,1,0,0,0,0,0,0,0,0,1,0,0,0,0,0,0,0,0,0,0,1,0,0,0,0,0,0,1,0,1,0,0,0,1,0,0,0,0,0,0,1