Age of the injured,Str Code,Accident Description,Road speed limit,Pedestrian action,Number of Lanes,Gender_F,Gender_M,Week_Fifth week,Week_First week,Week_Fourth week,Week_Second week,Week_Third week,Date_time,Reasons__??? ????? ?????? ?????? ???? ????? ??? ???? ???????,Reasons__???? ?? ??????? (???),Reasons__Bypassing the red traffic light,Reasons__Driving back without attention,Reasons__Driving back without traffic clearance,Reasons__Driving in the opposite direction,Reasons__Entering main road without traffic clearance,Reasons__Exceeding speed limit,Reasons__Fatigue and drowsiness,Reasons__Faults in the road,Reasons__Ignoring road lane,Reasons__Ignoring traffic lights,Reasons__Lack of driving awareness,Reasons__Misuse of traffic,Reasons__Negligence and inobservance,Reasons__Negligent driving,Reasons__Not giving priority to pedestrian crossing,Reasons__Not giving way / not giving priority,Reasons__Not leaving enough space,Reasons__Not observing the stop sign,Reasons__Not securing vehicle stability while stopping,Reasons__Speedy without taking road conditions into account,Reasons__Sudden deviation,Reasons__Sudden stop,Reasons__Tyre burst,Reasons__under influence of intoxicant or narcotic drug,__Al Madina Police Station,__Khaldiya Police Station,__Shaabiya Police Station,Streetname_Intersection,Streetname_Street,place__Bridge / Tunnel,place__Coastal area,place__Commercial area,place__Fuel Station,place__Govt. authority,place__Hospital,place__Island,place__Mosque,place__One level intersection,place__Other,place__Park,place__Residential area,place__Sand area,place__School,place__Work area,place__external road,place__unknown,location__ ,location__Bridge,location__Bridge /  Tunnel,location__Car parking,location__Double road,location__Highway,location__Intersection,location__Off the road,location__Other(specify),location__Roundabout,location__Side parking,location__Single road,location__Tunnel,location__Two-way road,location__Unknown,lighting__day,lighting__night - enough lights,lighting__night - weak lights,intersection__Deviated intersection,intersection__Half Perpendicular Intersection,intersection__Multiple leg Intersection,intersection__Not on Intersection,intersection__Not on or around 20 meters,intersection__Other,intersection__Perpendicular Intersection,intersection__Roundabout,intersection__Turn ,accidentype__Collision while turning,accidentype__Fall,accidentype__Hitting a moving object off the road,accidentype__Hitting a moving object on the road,accidentype__Hitting a stationary object off the road,accidentype__Hitting a stationary object on the road,accidentype__Multiple collision,accidentype__Other (specify),accidentype__Perpendicular collision,accidentype__Person run over,accidentype__Rear collision,accidentype__Reciprocal collision,accidentype__Side collision,accidentype__deterioration,seat belt_N,seat belt_Y,seat_Back passenger seat,seat_Driver's seat,seat_Front passenger seat,seat_No passenger,seat_bike passenger,position_Driver,position_Passenger,position_Pedestrian,nationality_Arab States,nationality_Asian States,nationality_GCC,nationality_Other,nationality_UAE
1.260820907432028,1.2912798653566264,"After examining and inspecting the accident's site, the following was revealed:-
the vehicle that caused the accident was travelling from the east to the west taking the second lane. The afflicted vehicle was travelling from the east to the west taking the left lane. The former was speeding and suddenly drifted to the left and lost control of the vehicle to crash from the front into traffic sign pole. And the former entered the opposite road and collided from front with the left side of the afflicted vehicle. Then they all stopped as shown in the diagram. as a result, the driver and the passenger of the former were injured and material damages were caused to the vehicles and the state's properties.",1.0226501309346883,-0.4015453331379524,0.6331117943832852,0,1,0,0,0,1,0,-1.205340235421453,0,0,0,0,0,0,0,0,0,0,0,0,0,0,0,0,0,0,0,0,0,0,1,0,0,0,0,1,0,0,1,0,0,0,0,0,0,0,0,0,0,0,1,0,0,0,0,0,0,0,0,0,0,0,1,0,0,0,0,0,0,0,0,1,0,0,0,0,0,0,0,0,1,0,0,0,0,0,0,0,0,0,0,1,0,0,0,0,0,0,1,0,1,0,0,0,1,0,0,0,1,0,0,0
-0.33538716804216334,0.6190700636695708,"After examining and inspecting the accident's site, the following was revealed:-
the vehicle that caused the accident was travelling from the south to the north taking the far right lane. The afflicted vehicle was travelling from the west to the east taking the second lane from the left. The former ran the red light and collided from from the front side with the front right side of the afflicted vehicle leading the the latter to drift and roll-over. as a result, the drivers were injured and material damages were caused to vehicles. As shown in the diagram. ",-0.19746179160121255,-0.4015453331379524,0.6331117943832852,0,1,0,0,0,1,0,-1.1985546770474051,0,0,1,0,0,0,0,0,0,0,0,0,0,0,0,0,0,0,0,0,0,0,0,0,0,0,0,0,1,0,1,0,0,0,0,1,0,0,0,0,0,0,0,0,0,0,0,0,0,0,0,0,0,0,1,0,0,0,0,0,0,0,0,1,0,0,0,0,0,0,0,0,1,0,0,0,0,0,0,0,0,0,0,1,0,0,0,0,0,0,1,0,1,0,0,0,1,0,0,0,0,0,0,1
0.46271686969493236,0.6190700636695708,"After examining and inspecting the accident's site, the following was revealed:-
the vehicle that caused the accident was travelling from the south to the north taking the far right lane. The afflicted vehicle was travelling from the west to the east taking the second lane from the left. The former ran the red light and collided from from the front side with the front right side of the afflicted vehicle leading the the latter to drift and roll-over. as a result, the drivers were injured and material damages were caused to vehicles. As shown in the diagram.",-0.19746179160121255,-0.4015453331379524,0.6331117943832852,0,1,0,0,0,1,0,-1.1985546770474051,0,0,1,0,0,0,0,0,0,0,0,0,0,0,0,0,0,0,0,0,0,0,0,0,0,0,0,0,1,0,1,0,0,0,0,1,0,0,0,0,0,0,0,0,0,0,0,0,0,0,0,0,0,0,1,0,0,0,0,0,0,0,0,1,0,0,0,0,0,0,0,0,1,0,0,0,0,0,0,0,0,0,0,1,0,0,0,0,0,0,1,0,1,0,0,0,1,0,0,1,0,0,0,0
2.80382204705708,0.879722843915572,"After examining and inspecting the accident's site, the following was revealed:- the vehicle that caused the accident was travelling from the west to the east taking the far left lane. the victim was crossing the cross-walk from south to the north. The former was driving under the influence of alcohol and was speeding then his the victim with the front of his car knocking him 52 meters away on the ground. He tried to use the break 50 meter away from were the accident happened. The accident lead to the death of the victim and material damages were caused to the vehicle. As shown in the diagram.",-0.19746179160121255,-0.4015453331379524,-0.3676863281700941,0,1,0,0,0,1,0,-1.211359682366173,0,0,0,0,0,0,0,0,0,0,0,0,0,0,0,0,0,0,0,0,0,0,0,0,0,1,0,0,1,0,1,0,0,0,0,0,0,0,1,0,0,0,0,0,0,0,0,0,0,0,0,0,0,0,1,0,0,0,0,0,0,0,0,0,1,0,0,0,0,0,0,0,1,0,0,0,0,0,0,0,0,0,0,0,1,0,0,0,0,1,0,0,0,0,1,0,0,0,1,1,0,0,0,0
1.8993041376217046,-0.9860023199505414,"After examining and inspecting the accident's site, the following was revealed:-
the vehicle that caused the accident was travelling from the south to the north taking the right lane. The victim was crossing the street from the west to east from the middle of the street. The former violated the pedestrian rules and hit the victim with the left front side of her vehicle knocking him down. as a result, the victim was moderately injured and material damages were caused to to vehicle.  the accident was diagrammed. ",-2.637685636673014,2.490378837640347,-1.3684844507234735,0,1,0,0,0,1,0,-1.1942316196961973,0,0,0,0,0,0,0,0,0,0,0,0,0,1,0,0,0,0,0,0,0,0,0,0,0,0,0,0,1,0,1,0,0,1,0,0,0,0,0,0,0,0,0,0,0,0,0,0,0,0,0,1,0,0,0,0,0,0,0,0,0,0,0,0,1,0,0,0,0,1,0,0,0,0,0,0,0,0,0,0,0,0,0,0,1,0,0,0,0,1,0,0,0,0,1,0,0,0,1,0,0,0,1,0
-0.016145552947325045,0.5504772267627285,"After examining and inspecting the accident's site, the following was revealed:- 
the vehicle that caused the accident was travelling from the south to the north making a turn to the left. The afflicted vehicle was travelling from the south to the north.t . The formed ran the red light and collided from the right side of his vehicle with front side of the afflicted vehicle. as a result, the  passenger of the former vehicle was injured and were admitted to the hospital.and material damages were caused to to vehicle As shown in the diagram.",-0.19746179160121255,-0.4015453331379524,0.6331117943832852,0,1,0,0,0,1,0,-1.208076347669053,0,0,1,0,0,0,0,0,0,0,0,0,0,0,0,0,0,0,0,0,0,0,0,0,0,0,0,1,0,0,1,0,0,1,0,0,0,0,0,0,0,0,0,0,0,0,0,0,0,0,0,0,0,0,1,0,0,0,0,0,0,0,0,1,0,0,0,0,0,0,0,0,1,0,0,0,0,0,0,0,0,0,0,1,0,0,0,0,0,0,1,0,1,0,0,0,1,0,0,0,1,0,0,0
0.5159238055440721,0.5504772267627285,"After examining and inspecting the accident's site, the following was revealed:- 
the vehicle that caused the accident was travelling from the south to the north making a turn to the left. The afflicted vehicle was travelling from the south to the north.t . The formed ran the red light and collided from the right side of his vehicle with front side of the afflicted vehicle. as a result, the  passenger of the former vehicle was injured and were admitted to the hospital.and material damages were caused to to vehicle As shown in the diagram.",-0.19746179160121255,-0.4015453331379524,0.6331117943832852,0,1,0,0,0,1,0,-1.208076347669053,0,0,1,0,0,0,0,0,0,0,0,0,0,0,0,0,0,0,0,0,0,0,0,0,0,0,0,1,0,0,1,0,0,1,0,0,0,0,0,0,0,0,0,0,0,0,0,0,0,0,0,0,0,0,1,0,0,0,0,0,0,0,0,1,0,0,0,0,0,0,0,0,1,0,0,0,0,0,0,0,0,0,0,1,0,0,0,0,0,0,1,1,0,0,0,0,0,1,0,0,1,0,0,0
0.3030960621475132,0.5504772267627285,"After examining and inspecting the accident's site, the following was revealed:- 
the vehicle that caused the accident was travelling from the south to the north making a turn to the left. The afflicted vehicle was travelling from the south to the north.t . The formed ran the red light and collided from the right side of his vehicle with front side of the afflicted vehicle. as a result, the  passenger of the former vehicle was injured and were admitted to the hospital.and material damages were caused to to vehicle As shown in the diagram.",-0.19746179160121255,-0.4015453331379524,0.6331117943832852,0,1,0,0,0,1,0,-1.208076347669053,0,0,1,0,0,0,0,0,0,0,0,0,0,0,0,0,0,0,0,0,0,0,0,0,0,0,0,1,0,0,1,0,0,1,0,0,0,0,0,0,0,0,0,0,0,0,0,0,0,0,0,0,0,0,1,0,0,0,0,0,0,0,0,1,0,0,0,0,0,0,0,0,1,0,0,0,0,0,0,0,0,0,0,1,0,0,0,0,0,0,1,1,0,0,0,0,0,1,0,0,1,0,0,0
0.5691307413932118,-0.8213795113741197,"After examining and inspecting the accident's site, the following was revealed:-
the vehicle that caused the accident was travelling from the south to the north taking the middle lane. The vehicle suddenly drifted to east to crash into the pavement and land on the island then crash into the all of Sands Hotel. As shown in the diagram.",-0.19746179160121255,-0.4015453331379524,-0.3676863281700941,0,1,0,0,0,1,0,-1.2080216254241012,0,0,0,0,0,0,0,0,0,0,0,0,0,0,0,0,0,0,0,0,0,0,1,0,0,0,0,1,0,0,1,0,0,1,0,0,0,0,0,0,0,0,0,0,0,0,0,0,0,0,0,0,0,1,0,0,0,0,0,0,0,0,0,1,0,0,0,0,0,1,0,0,0,0,0,0,0,0,0,1,0,0,0,0,0,0,0,0,0,0,1,0,1,0,0,0,1,0,0,0,1,0,0,0
0.46271686969493236,-0.8213795113741197,"After examining and inspecting the accident's site, the following was revealed:-
the vehicle that caused the accident was travelling from the south to the north taking the middle lane. The vehicle suddenly drifted to east to crash into the pavement and land on the island then crash into the all of Sands Hotel. As shown in the diagram.",-0.19746179160121255,-0.4015453331379524,-0.3676863281700941,1,0,0,0,0,1,0,-1.2080216254241012,0,0,0,0,0,0,0,0,0,0,0,0,0,0,0,0,0,0,0,0,0,0,1,0,0,0,0,1,0,0,1,0,0,1,0,0,0,0,0,0,0,0,0,0,0,0,0,0,0,0,0,0,0,1,0,0,0,0,0,0,0,0,0,1,0,0,0,0,0,1,0,0,0,0,0,0,0,0,0,1,0,0,0,0,0,0,0,0,0,0,1,0,0,1,0,0,0,1,0,0,1,0,0,0
-0.33538716804216334,0.1252016379403055,"After examining and inspecting the accident's site, the following was revealed:-
the vehicle that caused the accident was  travelling from the east to the west taking the second lane from the left. The second afflicted vehicle was travelling from the south to the north taking the second lane from the left. The former ran the red light and collided from front left side with the front side of the afflicted vehicle. They all stopped and everything was settled.  as shown in the diagram ",-0.19746179160121255,-0.4015453331379524,0.6331117943832852,0,1,0,0,0,1,0,-1.1994302329666373,0,0,1,0,0,0,0,0,0,0,0,0,0,0,0,0,0,0,0,0,0,0,0,0,0,0,0,1,0,0,1,0,0,1,0,0,0,0,0,0,0,0,0,0,0,0,0,0,0,0,0,0,0,0,1,0,0,0,0,0,0,0,0,1,0,0,0,0,0,0,0,0,1,0,0,0,0,0,0,0,0,0,0,1,0,0,0,0,0,0,1,0,0,1,0,0,0,1,0,0,0,0,0,1
-0.38859410389130306,0.2623873117539903,"After examining and inspecting the accident's site, the following was revealed:-
the vehicle that caused the accident was travelling from south to the north and taking the the middle lane. When he reached the crossroads, he suddenly stopped an then reversed without looking and hit the victim with the back of his car who was crossing the crosswalk knocking him down the he ran away. ",-0.19746179160121255,-0.4015453331379524,0.6331117943832852,0,1,0,0,0,1,0,-1.213931627878917,0,0,0,0,1,0,0,0,0,0,0,0,0,0,0,0,0,0,0,0,0,0,0,0,0,0,1,0,0,0,1,0,0,1,0,0,0,0,0,0,0,0,0,0,0,0,0,0,0,0,0,0,0,0,1,0,0,0,0,0,0,0,0,0,1,0,0,0,0,0,0,0,1,0,0,0,0,0,0,0,0,0,0,0,1,0,0,0,0,1,0,0,0,0,1,0,0,0,1,1,0,0,0,0
-0.17576636049474417,-0.7527866744672773,"After examining and inspecting the accident's site, the following was revealed:-
the vehicle that caused the accident was travelling from south to the north taking the second lane from the left. The driver didn’t keep to his lane and drifted to the left to collide from the left side with the iron bars and stopped in the middle of the road, as shown in the diagram.",-0.19746179160121255,-0.4015453331379524,0.6331117943832852,0,1,0,0,0,1,0,-1.2085250700776595,0,0,0,0,0,0,0,0,0,0,1,0,0,0,0,0,0,0,0,0,0,0,0,0,0,0,1,0,0,0,1,0,0,1,0,0,0,0,0,0,0,0,0,0,0,0,0,0,0,0,0,0,0,0,1,0,0,0,0,0,0,0,0,1,0,0,0,0,0,0,0,0,1,0,0,0,0,0,0,0,1,0,0,0,0,0,0,0,0,0,1,0,1,0,0,0,1,0,0,0,1,0,0,0
-0.44180103974044277,0.23495017699125337,"After examining and inspecting the accident's site, the following was revealed:
the vehicle that caused the accident was travelling from west to the east taking the the second lane from the left. The afflicted vehicle was travelling from the north to te south taking the middle lane. When the former reach the crossroads and ran the red light, he collided from from the left side with the front side of the afflicted vehicle. The former was pushed to crash into the side barriers and the latter stopped in the middle of the crossroads. As a result,material damages were caused. as shown in the diagram.",-0.19746179160121255,-0.4015453331379524,1.6339099169366647,0,1,0,0,0,1,0,-1.205176068686597,0,0,1,0,0,0,0,0,0,0,0,0,0,0,0,0,0,0,0,0,0,0,0,0,0,0,1,0,0,0,1,0,0,1,0,0,0,0,0,0,0,0,0,0,0,0,0,0,0,0,0,0,0,0,1,0,0,0,0,0,0,0,0,1,0,0,0,0,0,0,0,0,1,0,0,0,0,0,0,0,0,0,0,1,0,0,0,0,0,0,1,0,1,0,0,0,1,0,0,0,1,0,0,0
-0.4950079755895825,0.23495017699125337,"After examining and inspecting the accident's site, the following was revealed:
the vehicle that caused the accident was travelling from west to the east taking the the second lane from the left. The afflicted vehicle was travelling from the north to te south taking the middle lane. When the former reach the crossroads and ran the red light, he collided from from the left side with the front side of the afflicted vehicle. The former was pushed to crash into the side barriers and the latter stopped in the middle of the crossroads. As a result,material damages were caused. as shown in the diagram.",-0.19746179160121255,-0.4015453331379524,1.6339099169366647,1,0,0,0,0,1,0,-1.205176068686597,0,0,1,0,0,0,0,0,0,0,0,0,0,0,0,0,0,0,0,0,0,0,0,0,0,0,1,0,0,0,1,0,0,1,0,0,0,0,0,0,0,0,0,0,0,0,0,0,0,0,0,0,0,0,1,0,0,0,0,0,0,0,0,1,0,0,0,0,0,0,0,0,1,0,0,0,0,0,0,0,0,0,0,1,0,0,0,0,0,1,0,1,0,0,0,0,0,1,0,0,0,0,1,0
0.19668219044923382,0.23495017699125337,"After examining and inspecting the accident's site, the following was revealed:
the vehicle that caused the accident was travelling from west to the east taking the the second lane from the left. The afflicted vehicle was travelling from the north to te south taking the middle lane. When the former reach the crossroads and ran the red light, he collided from from the left side with the front side of the afflicted vehicle. The former was pushed to crash into the side barriers and the latter stopped in the middle of the crossroads. As a result,material damages were caused. as shown in the diagram.",-0.19746179160121255,-0.4015453331379524,1.6339099169366647,0,1,0,0,0,1,0,-1.205176068686597,0,0,1,0,0,0,0,0,0,0,0,0,0,0,0,0,0,0,0,0,0,0,0,0,0,0,1,0,0,0,1,0,0,1,0,0,0,0,0,0,0,0,0,0,0,0,0,0,0,0,0,0,0,0,1,0,0,0,0,0,0,0,0,1,0,0,0,0,0,0,0,0,1,0,0,0,0,0,0,0,0,0,0,1,0,0,0,0,0,0,1,0,1,0,0,0,1,0,0,0,1,0,0,0
0.35630299799665294,0.23495017699125337,"After examining and inspecting the accident's site, the following was revealed:
the vehicle that caused the accident was travelling from west to the east taking the the second lane from the left. The afflicted vehicle was travelling from the north to te south taking the middle lane. When the former reach the crossroads and ran the red light, he collided from from the left side with the front side of the afflicted vehicle. The former was pushed to crash into the side barriers and the latter stopped in the middle of the crossroads. As a result,material damages were caused. as shown in the diagram.",-0.19746179160121255,-0.4015453331379524,1.6339099169366647,0,1,0,0,0,1,0,-1.205176068686597,0,0,1,0,0,0,0,0,0,0,0,0,0,0,0,0,0,0,0,0,0,0,0,0,0,0,1,0,0,0,1,0,0,1,0,0,0,0,0,0,0,0,0,0,0,0,0,0,0,0,0,0,0,0,1,0,0,0,0,0,0,0,0,1,0,0,0,0,0,0,0,0,1,0,0,0,0,0,0,0,0,0,0,1,0,0,0,0,0,0,1,0,0,1,0,0,0,1,0,0,1,0,0,0
-0.6014218472878619,0.6876629005764132,"After examining and inspecting the accident's site, the following was revealed:-
the vehicle that caused the accident was travelling from the south to the north making a turn to the left. The afflicted vehicle was travelling from the east to the west . The formed ran the red light and collided from the right side of his vehicle with front side of the afflicted vehicle.  As shown in the diagram.",-0.19746179160121255,-0.4015453331379524,-0.3676863281700941,0,1,0,0,0,1,0,-1.1941768974512452,0,0,1,0,0,0,0,0,0,0,0,0,0,0,0,0,0,0,0,0,0,0,0,0,0,0,0,1,0,0,1,0,0,0,0,1,0,0,0,0,0,0,0,0,0,0,0,0,0,0,0,0,0,0,1,0,0,0,0,0,0,0,0,0,1,0,0,0,0,0,0,0,1,0,0,0,0,0,0,0,0,0,0,1,0,0,0,0,0,0,1,0,0,1,0,0,0,1,0,0,0,0,0,1
-0.761042654835281,0.6876629005764132,"After examining and inspecting the accident's site, the following was revealed:-
The vehicle that caused the accident was travelling from the west to the north in the crossroads taking the left lane. The afflicted vehicle was travelling from the east to the west taking the middle lane. The former ran the red light and collided from the right side with the front side of the afflicted vehicle. As shown in the diagram.",-0.19746179160121255,-0.4015453331379524,-0.3676863281700941,0,1,0,0,0,1,0,-1.1941768974512452,0,0,1,0,0,0,0,0,0,0,0,0,0,0,0,0,0,0,0,0,0,0,0,0,0,0,0,1,0,0,1,0,0,0,0,1,0,0,0,0,0,0,0,0,0,0,0,0,0,0,0,0,0,0,1,0,0,0,0,0,0,0,0,0,1,0,0,0,0,0,0,0,1,0,0,0,0,0,0,0,0,0,0,1,0,0,0,0,0,1,0,1,0,0,0,0,0,1,0,0,0,0,0,1
-1.0802842699301194,0.6876629005764132,"After examining and inspecting the accident's site, the following was revealed:-
The vehicle that caused the accident was travelling from the west to the north in the crossroads taking the left lane. The afflicted vehicle was travelling from the east to the west taking the middle lane. The former ran the red light and collided from the right side with the front side of the afflicted vehicle. As shown in the diagram.",-0.19746179160121255,-0.4015453331379524,-0.3676863281700941,0,1,0,0,0,1,0,-1.1941768974512452,0,0,1,0,0,0,0,0,0,0,0,0,0,0,0,0,0,0,0,0,0,0,0,0,0,0,0,1,0,0,1,0,0,0,0,1,0,0,0,0,0,0,0,0,0,0,0,0,0,0,0,0,0,0,1,0,0,0,0,0,0,0,0,0,1,0,0,0,0,0,0,0,1,0,0,0,0,0,0,0,0,0,0,1,0,0,0,0,0,1,0,1,0,0,0,0,0,1,0,0,0,0,0,1
1.260820907432028,0.6876629005764132,"After examining and inspecting the accident's site, the following was revealed:-
The vehicle that caused the accident was travelling from the west to the north in the crossroads taking the left lane. The afflicted vehicle was travelling from the east to the west taking the middle lane. The former ran the red light and collided from the right side with the front side of the afflicted vehicle. As shown in the diagram.",-0.19746179160121255,-0.4015453331379524,-0.3676863281700941,0,1,0,0,0,1,0,-1.1941768974512452,0,0,1,0,0,0,0,0,0,0,0,0,0,0,0,0,0,0,0,0,0,0,0,0,0,0,0,1,0,0,1,0,0,0,0,1,0,0,0,0,0,0,0,0,0,0,0,0,0,0,0,0,0,0,1,0,0,0,0,0,0,0,0,0,1,0,0,0,0,0,0,0,1,0,0,0,0,0,0,0,0,0,0,1,0,0,0,0,0,0,1,0,1,0,0,0,1,0,0,0,1,0,0,0
-0.761042654835281,0.6876629005764132,"After examining and inspecting the accident's site, the following was revealed:-
The vehicle that caused the accident was travelling from the west to the north in the crossroads taking the left lane. The afflicted vehicle was travelling from the east to the west taking the middle lane. The former ran the red light and collided from the right side with the front side of the afflicted vehicle. As shown in the diagram.",-0.19746179160121255,-0.4015453331379524,-0.3676863281700941,0,1,0,0,0,1,0,-1.1941768974512452,0,0,1,0,0,0,0,0,0,0,0,0,0,0,0,0,0,0,0,0,0,0,0,0,0,0,0,1,0,0,1,0,0,0,0,1,0,0,0,0,0,0,0,0,0,0,0,0,0,0,0,0,0,0,1,0,0,0,0,0,0,0,0,0,1,0,0,0,0,0,0,0,1,0,0,0,0,0,0,0,0,0,0,1,0,0,0,0,0,0,1,0,1,0,0,0,1,0,0,0,0,0,0,1
-0.17576636049474417,-0.944846617806436,"After examining and inspecting the accident's site, the following was revealed:- the vehicle that caused the accident was travelling from the eat to west turning to the west taking the left lane. The victim was crossing the streets from the north to the south running from the middle of the street and was his by the vehicle with was  speeding even when he tried to slow down. As a result the victim was it with the front of the vehicle and knocked heim away 35 meters leading to the death of the victim.",1.0226501309346883,2.490378837640347,1.6339099169366647,0,1,0,0,0,0,1,-0.1039346668235771,0,0,0,0,0,0,0,0,0,0,0,0,0,0,0,0,0,0,0,0,0,1,0,0,0,0,0,1,0,0,1,0,0,1,0,0,0,0,0,0,0,0,0,0,0,0,0,0,0,0,0,0,0,1,0,0,0,0,0,0,0,0,0,1,0,0,0,0,0,1,0,0,0,0,0,0,0,0,0,0,0,0,0,0,1,0,0,0,0,1,0,0,0,0,1,0,0,0,1,0,0,0,1,0
-0.44180103974044277,-0.9997208873319099,"After examining and inspecting the accident's site, the following was revealed:- 
the vehicle that caused the accident was travelling from east to west taking the first lane, the afflicted vehiclefalicted vehicle was travelling from east to west taking the  middle lane. The fromer as under the influence of allcohol. And collided from the front with back of the other vichle.  Matrial damages were cause to the vehicles.",1.0226501309346883,-0.4015453331379524,-0.3676863281700941,0,1,0,0,0,0,1,0.009712491492734605,0,0,0,0,0,0,0,0,0,0,0,0,0,0,0,0,0,0,0,0,0,0,0,0,0,1,0,0,1,0,1,0,0,0,0,1,0,0,0,0,0,0,0,0,0,0,0,0,0,0,0,0,0,1,0,0,0,0,0,0,0,0,0,0,1,0,0,0,0,1,0,0,0,0,0,0,0,0,0,0,0,0,0,0,0,1,0,0,0,0,1,0,1,0,0,0,1,0,0,1,0,0,0,0
0.7819584847897707,-0.7939423766113827,"After examining and inspecting the accident's site, the following was revealed:-
the vehicle that caused the accident was travelling from east to west taking the middle .The same goes for the afflicted vehicle.  The former didn’t leave a space. And collided from the front with back of the other vichle.  The driver of the afflicted vehicle was injured and was admitted to hospital. Matrial damages were cause to the vehicles.",-0.19746179160121255,-0.4015453331379524,-0.3676863281700941,1,0,0,0,0,0,1,0.005389434141526678,0,0,0,0,0,0,0,0,0,0,0,0,0,0,0,0,0,0,1,0,0,0,0,0,0,0,0,1,0,0,1,0,0,1,0,0,0,0,0,0,0,0,0,0,0,0,0,0,0,0,0,0,1,0,0,0,0,0,0,0,0,0,0,1,0,0,0,0,0,0,1,0,0,0,0,0,0,0,0,0,0,0,0,0,0,1,0,0,0,0,1,0,1,0,0,0,1,0,0,0,0,0,1,0
-0.5482149114387221,-0.9311280504250675,"After examining and inspecting the accident's site, the following was revealed:-
the vehicle that caused the accident was travelling from east to west taking the middle .The same goes for the afflicted vehicle.  The former didn’t leave a space. And collided from the front with back of the other vichle.  The driver of the afflicted vehicle was injured and was admitted to hospital. Matrial damages were cause to the vehicles.",-0.19746179160121255,-0.4015453331379524,-0.3676863281700941,0,1,0,0,0,0,1,0.09706013888511555,0,0,0,0,0,0,0,0,0,0,0,0,0,0,0,0,0,0,0,0,0,1,0,0,0,0,0,0,1,0,1,0,0,0,0,1,0,0,0,0,0,0,0,0,0,0,0,0,0,0,0,0,1,0,0,0,0,0,0,0,0,0,0,0,1,0,0,0,0,1,0,0,0,0,0,0,0,0,0,0,1,0,0,0,0,0,0,0,0,1,0,0,1,0,0,0,1,0,0,0,0,0,0,1
-0.33538716804216334,-1.1643436959083318,"5500.                  After examining and inspecting the accident's site, the following was noted: While the driver of the vehicle was trying to stop the vehicle in a sandy location on Sowwah Island, he was surprised by a massive and random rush by the company’s workers towards the bus, which caused the runaway person to slip while trying to catch the bus before it stops properly. Due to traffic misuse, the bus driver ran over the person with the right rear tire and the person fell on the road and the bus driver stopped at the site. According to the plan, the accident occurred",-1.4175737141371132,2.490378837640347,-2.3692825732768528,0,1,0,0,0,0,1,0.11495431298441926,0,0,0,0,0,0,0,0,0,0,0,0,0,1,0,0,0,0,0,0,0,0,0,0,0,0,0,0,1,0,1,0,0,0,0,0,0,0,0,0,0,0,0,1,0,0,0,0,0,0,0,0,0,0,0,0,1,0,0,0,0,0,0,1,0,0,0,0,0,1,0,0,0,0,0,0,0,0,0,0,0,0,0,0,1,0,0,0,0,1,0,0,0,0,1,0,0,0,1,0,1,0,0,0
0.19668219044923382,1.4284655391703112,"5501.                  After examining and inspecting the accident's site, the following was noted: The two vehicles were traveling from the east towards the west, and the vehicle causing the accident was traveling in the second lane from the right, and the damaged vehicle was traveling in the second lane from the left and, and because the driver of the vehicle causing the accident was not complying with the lane, the left side of his vehicle collided with the right front side of the damaged vehicle as shown in the chart. The accident resulted in the passenger in the damaged vehicle being slightly injured and material damage to both vehicles. The accident was drawn",1.0226501309346883,-0.4015453331379524,0.6331117943832852,0,1,0,0,0,0,1,0.20977701903724327,0,0,0,0,0,0,0,0,0,0,1,0,0,0,0,0,0,0,0,0,0,0,0,0,0,0,0,0,1,0,1,0,0,0,1,0,0,0,0,0,0,0,0,0,0,0,0,0,0,0,0,0,0,0,1,0,0,0,0,0,0,0,0,0,1,0,0,0,0,0,0,0,1,0,0,0,0,0,0,0,0,0,0,1,0,0,0,0,0,1,0,1,0,0,0,0,0,1,0,0,0,1,0,0
1.6864763942251457,-0.7665052418486458,"5502.                  After examining and inspecting the accident's site, the following was noted: The three vehicles were traveling from the north towards the south and the vehicle causing the accident was traveling the middle lane at the rear and the first damaged vehicle was traveling in front of it, while the second damaged vehicle was traveling in front of the first damaged vehicle and due to the speed without taking into account the road conditions and not leaving enough distance between the vehicles while driving by the driver of the vehicle causing the accident, the front of his vehicle collided with the rear of the first damaged vehicle, then the first damaged vehicle drifted forward from the force of the impact and the front of the vehicle collided with the rear of the second damaged vehicle according to the picture in the chart. The accident resulted in injury to the driver, who caused the accident, and material damage to the vehicles.",-0.19746179160121255,-0.4015453331379524,-0.3676863281700941,0,1,0,0,0,0,1,0.22340285803029106,0,0,0,0,0,0,0,0,0,0,0,0,0,0,0,0,0,0,1,0,0,0,0,0,0,0,0,1,0,0,1,0,0,1,0,0,0,0,0,0,0,0,0,0,0,0,0,0,0,0,0,0,1,0,0,0,0,0,0,0,0,0,0,1,0,0,0,0,0,1,0,0,0,0,0,0,0,0,0,0,0,0,0,0,0,1,0,0,0,0,1,0,1,0,0,0,1,0,0,1,0,0,0,0
-1.0802842699301194,-0.972283752569173,"5503.                  After examining and inspecting the accident's site, the following was noted: The driver of the causing vehicle was coming from south towards north and taking the second lane from the right on a side street near a residential area and a family park. When approaching the park gate, the driver was surprised by the exit of a child from the left side of his vehicle from the park while he was running, and due to the overspeed without taking into account the road conditions by the driver of the vehicle causing the accident, its driver ran over the child with the front left side of the vehicle and the child fell on the sidewalk and the vehicle stopped at the site of the accident",-1.4175737141371132,2.490378837640347,-1.3684844507234735,0,1,0,0,0,0,1,0.22674091497236298,0,0,0,0,0,0,0,0,0,0,0,0,0,0,0,0,0,0,0,0,0,1,0,0,0,0,0,1,0,0,1,0,0,0,0,0,0,0,0,0,0,0,1,0,0,0,0,0,0,0,0,0,0,0,0,0,0,0,0,1,0,0,0,0,1,0,0,0,0,1,0,0,0,0,0,0,0,0,0,0,0,0,0,0,1,0,0,0,0,1,0,0,0,0,1,0,0,0,1,0,0,0,0,1