Age of the injured,Str Code,Accident Description,Road speed limit,Pedestrian action,Number of Lanes,Gender_F,Gender_M,Week_Fifth week,Week_First week,Week_Fourth week,Week_Second week,Week_Third week,Date_time,Reasons__??? ????? ?????? ?????? ???? ????? ??? ???? ???????,Reasons__???? ?? ??????? (???),Reasons__Bypassing the red traffic light,Reasons__Driving back without attention,Reasons__Driving back without traffic clearance,Reasons__Driving in the opposite direction,Reasons__Entering main road without traffic clearance,Reasons__Exceeding speed limit,Reasons__Fatigue and drowsiness,Reasons__Faults in the road,Reasons__Ignoring road lane,Reasons__Ignoring traffic lights,Reasons__Lack of driving awareness,Reasons__Misuse of traffic,Reasons__Negligence and inobservance,Reasons__Negligent driving,Reasons__Not giving priority to pedestrian crossing,Reasons__Not giving way / not giving priority,Reasons__Not leaving enough space,Reasons__Not observing the stop sign,Reasons__Not securing vehicle stability while stopping,Reasons__Speedy without taking road conditions into account,Reasons__Sudden deviation,Reasons__Sudden stop,Reasons__Tyre burst,Reasons__under influence of intoxicant or narcotic drug,__Al Madina Police Station,__Khaldiya Police Station,__Shaabiya Police Station,Streetname_Intersection,Streetname_Street,place__Bridge / Tunnel,place__Coastal area,place__Commercial area,place__Fuel Station,place__Govt. authority,place__Hospital,place__Island,place__Mosque,place__One level intersection,place__Other,place__Park,place__Residential area,place__Sand area,place__School,place__Work area,place__external road,place__unknown,location__ ,location__Bridge,location__Bridge /  Tunnel,location__Car parking,location__Double road,location__Highway,location__Intersection,location__Off the road,location__Other(specify),location__Roundabout,location__Side parking,location__Single road,location__Tunnel,location__Two-way road,location__Unknown,lighting__day,lighting__night - enough lights,lighting__night - weak lights,intersection__Deviated intersection,intersection__Half Perpendicular Intersection,intersection__Multiple leg Intersection,intersection__Not on Intersection,intersection__Not on or around 20 meters,intersection__Other,intersection__Perpendicular Intersection,intersection__Roundabout,intersection__Turn ,accidentype__Collision while turning,accidentype__Fall,accidentype__Hitting a moving object off the road,accidentype__Hitting a moving object on the road,accidentype__Hitting a stationary object off the road,accidentype__Hitting a stationary object on the road,accidentype__Multiple collision,accidentype__Other (specify),accidentype__Perpendicular collision,accidentype__Person run over,accidentype__Rear collision,accidentype__Reciprocal collision,accidentype__Side collision,accidentype__deterioration,seat belt_N,seat belt_Y,seat_Back passenger seat,seat_Driver's seat,seat_Front passenger seat,seat_No passenger,seat_bike passenger,position_Driver,position_Passenger,position_Pedestrian,nationality_Arab States,nationality_Asian States,nationality_GCC,nationality_Other,nationality_UAE
1.4736486508285869,-0.7802238092300142,"5529.                  After examining and inspecting the accident's site, the following was noted: While the vehicle causing the accident was coming from the south towards the north and taking the far left lane, and before arriving at the pedestrian crossing lines near Mashreq Bank on Khalifa Street, the driver was surprised by the runover person crossing the road on the pedestrian crossing lines from the east towards the west, and the car hit the runover person and he fell injured on the road, and the vehicle stopped at the accident site, according to the plan, the accident occurred.",-1.4175737141371132,2.490378837640347,-0.3676863281700941,0,1,0,1,0,0,0,-1.0878296866115302,0,0,0,0,0,0,0,0,0,0,0,0,0,0,0,0,1,0,0,0,0,0,0,0,0,0,1,0,0,0,1,0,0,0,0,0,1,0,0,0,0,0,0,0,0,0,0,0,0,0,0,0,1,0,0,0,0,0,0,0,0,0,0,1,0,0,0,0,0,1,0,0,0,0,0,0,0,0,0,0,0,0,0,0,1,0,0,0,0,1,0,0,0,0,1,0,0,0,1,0,1,0,0,0
1.1544070357337486,1.0717827872547308,"5530.                  After examining and inspecting the accident's site, the following was noted: While the driver of the vehicle causing the accident was coming from the east towards the west taking the second lane from the left, and while the driver of the damaged vehicle was coming from the north towards the south and taking the second lane from the left, and because of bypassing the traffic red light by the driver of the vehicle causing the accident, the front side of the vehicle collided with the front left side of the damaged vehicle, causing it to drift and collide with the pavement. The accident resulted in injury to the driver of the damaged vehicle and the passenger who was with him, and material damage to both vehicles. According to the plan, the accident occurred.",-0.19746179160121255,-0.4015453331379524,0.6331117943832852,0,1,0,1,0,0,0,-1.1013679700126549,0,0,1,0,0,0,0,0,0,0,0,0,0,0,0,0,0,0,0,0,0,0,0,0,0,0,0,0,1,0,1,0,0,1,0,0,0,0,0,0,0,0,0,0,0,0,0,0,0,0,0,0,0,0,1,0,0,0,0,0,0,0,0,0,1,0,0,0,0,0,0,0,1,0,0,0,0,0,0,0,0,0,0,1,0,0,0,0,0,0,1,0,0,1,0,0,0,1,0,1,0,0,0,0
1.5800625225268663,1.0717827872547308,"5531.                  After examining and inspecting the accident's site, the following was noted: While the driver of the vehicle causing the accident was coming from the east towards the west and taking the second lane from the left, and while the driver of the damaged vehicle was coming from the north towards the south and taking the second lane from the left, and because of bypassing the red light By the driver of the vehicle causing the accident, the front side of the vehicle collided with the front left side of the damaged vehicle, which led to its drift and collision with the pavement. The accident resulted in injury to the driver of the damaged vehicle and the passenger who was with him, and material damage to both vehicles. The accident was planned.",-0.19746179160121255,-0.4015453331379524,0.6331117943832852,1,0,0,1,0,0,0,-1.1013679700126549,0,0,1,0,0,0,0,0,0,0,0,0,0,0,0,0,0,0,0,0,0,0,0,0,0,0,0,0,1,0,1,0,0,1,0,0,0,0,0,0,0,0,0,0,0,0,0,0,0,0,0,0,0,0,1,0,0,0,0,0,0,0,0,0,1,0,0,0,0,0,0,0,1,0,0,0,0,0,0,0,0,0,0,1,0,0,0,0,0,0,1,0,1,0,0,0,1,0,0,0,0,0,1,0
1.2076139715828884,1.3461541348821002,"5532.                  After examining and inspecting the accident's site, the following was noted: The vehicle causing the accident was coming from the south to north direction, and the two damaged vehicles were coming from the east towards the west, and while the vehicles were traveling and arrived at the intersection, and because of bypassing the red light by the driver of the vehicle causing the accident The front side of the causing vehicle collided with the left side of the first damaged vehicle, and from the force of the collision, the first damaged vehicle deviated to the right and collided with the left side of the second damaged vehicle, causing the first damaged vehicle to drift and collide with the base of the traffic light and settle the vehicles. Accordingly, the accident was planned as shown in the final drawing.",-0.19746179160121255,-0.4015453331379524,0.6331117943832852,0,1,0,1,0,0,0,-1.0963444679260614,0,0,1,0,0,0,0,0,0,0,0,0,0,0,0,0,0,0,0,0,0,0,0,0,0,0,0,0,1,0,1,0,0,1,0,0,0,0,0,0,0,0,0,0,0,0,0,0,0,0,0,0,0,0,1,0,0,0,0,0,0,0,0,1,0,0,0,0,0,0,0,0,1,0,0,0,0,0,0,0,0,0,0,1,0,0,0,0,0,0,1,0,1,0,0,0,1,0,0,0,1,0,0,0
0.09026831875095438,1.3461541348821002,"5533.                  After examining and inspecting the accident's site, the following was noted: The vehicle causing the accident was coming from the south to north direction, and the two damaged vehicles were coming from the east towards the west, and while the vehicles were traveling and arrived at the intersection, and because of bypassing the red light by the driver of the vehicle causing the accident The front side of the causing vehicle collided with the left side of the first damaged vehicle, and from the force of the collision, the first damaged vehicle deviated to the right and collided with the left side of the second damaged vehicle, causing the first damaged vehicle to drift and collide with the base of the traffic light and settle the vehicles. Accordingly, the accident was planned as shown in the final drawing.",-0.19746179160121255,-0.4015453331379524,0.6331117943832852,0,1,0,1,0,0,0,-1.0963444679260614,0,0,1,0,0,0,0,0,0,0,0,0,0,0,0,0,0,0,0,0,0,0,0,0,0,0,0,0,1,0,1,0,0,1,0,0,0,0,0,0,0,0,0,0,0,0,0,0,0,0,0,0,0,0,1,0,0,0,0,0,0,0,0,1,0,0,0,0,0,0,0,0,1,0,0,0,0,0,0,0,0,0,0,1,0,0,0,0,0,0,1,0,1,0,0,0,1,0,0,0,1,0,0,0
-0.17576636049474417,1.3461541348821002,"5534.                  After examining and inspecting the accident's site, the following was noted: The vehicle causing the accident was coming from the south to north direction, and the two damaged vehicles were coming from the east towards the west, and while the vehicles were traveling and arrived at the intersection, and because of bypassing the red light by the driver of the vehicle causing the accident The front side of the causing vehicle collided with the left side of the first damaged vehicle, and from the force of the collision, the first damaged vehicle deviated to the right and collided with the left side of the second damaged vehicle, causing the first damaged vehicle to drift and collide with the base of the traffic light and settle the vehicles. Accordingly, the accident was planned as shown in the final drawing.",-0.19746179160121255,-0.4015453331379524,0.6331117943832852,1,0,0,1,0,0,0,-1.0963444679260614,0,0,1,0,0,0,0,0,0,0,0,0,0,0,0,0,0,0,0,0,0,0,0,0,0,0,0,0,1,0,1,0,0,1,0,0,0,0,0,0,0,0,0,0,0,0,0,0,0,0,0,0,0,0,1,0,0,0,0,0,0,0,0,1,0,0,0,0,0,0,0,0,1,0,0,0,0,0,0,0,0,0,0,1,0,0,0,0,0,0,1,0,1,0,0,0,1,0,0,0,0,0,0,1
-0.38859410389130306,1.3461541348821002,"5535.                  After examining and inspecting the accident's site, the following was noted: The vehicle causing the accident was coming from the south to north direction, and the two damaged vehicles were coming from the east towards the west, and while the vehicles were traveling and arrived at the intersection, and because of bypassing the red light by the driver of the vehicle causing the accident The front side of the causing vehicle collided with the left side of the first damaged vehicle, and from the force of the collision, the first damaged vehicle deviated to the right and collided with the left side of the second damaged vehicle, causing the first damaged vehicle to drift and collide with the base of the traffic light and settle the vehicles. Accordingly, the accident was planned as shown in the final drawing.",-0.19746179160121255,-0.4015453331379524,0.6331117943832852,1,0,0,1,0,0,0,-1.0963444679260614,0,0,1,0,0,0,0,0,0,0,0,0,0,0,0,0,0,0,0,0,0,0,0,0,0,0,0,0,1,0,1,0,0,1,0,0,0,0,0,0,0,0,0,0,0,0,0,0,0,0,0,0,0,0,1,0,0,0,0,0,0,0,0,1,0,0,0,0,0,0,0,0,1,0,0,0,0,0,0,0,0,0,0,1,0,0,0,0,0,0,1,0,0,1,0,0,0,1,0,0,0,0,0,1
0.3030960621475132,1.3461541348821002,"5536.                  After examining and inspecting the accident's site, the following was noted: The vehicle causing the accident was coming from the south to north direction, and the two damaged vehicles were coming from the east towards the west, and while the vehicles were traveling and arrived at the intersection, and because of bypassing the red light by the driver of the vehicle causing the accident The front side of the causing vehicle collided with the left side of the first damaged vehicle, and from the force of the collision, the first damaged vehicle deviated to the right and collided with the left side of the second damaged vehicle, causing the first damaged vehicle to drift and collide with the base of the traffic light and settle the vehicles. Accordingly, the accident was planned as shown in the final drawing.",-0.19746179160121255,-0.4015453331379524,0.6331117943832852,1,0,0,1,0,0,0,-1.0963444679260614,0,0,1,0,0,0,0,0,0,0,0,0,0,0,0,0,0,0,0,0,0,0,0,0,0,0,0,0,1,0,1,0,0,1,0,0,0,0,0,0,0,0,0,0,0,0,0,0,0,0,0,0,0,0,1,0,0,0,0,0,0,0,0,1,0,0,0,0,0,0,0,0,1,0,0,0,0,0,0,0,0,0,0,1,0,0,0,0,0,0,1,1,0,0,0,0,0,1,0,0,1,0,0,0
0.6223376772423516,1.4010284044075743,"5537.                  After examining and inspecting the accident's site, the following was noted: The vehicle causing the accident was coming from the south to north direction, and the two damaged vehicles were coming from the east towards the west, and while the vehicles were traveling and arrived at the intersection, and because of bypassing the red light by the driver of the vehicle causing the accident The front side of the causing vehicle collided with the left side of the first damaged vehicle, and from the force of the collision, the first damaged vehicle deviated to the right and collided with the left side of the second damaged vehicle, causing the first damaged vehicle to drift and collide with the base of the traffic light and settle the vehicles. Accordingly, the accident was planned as shown in the final drawing.",-0.19746179160121255,-0.4015453331379524,-0.3676863281700941,1,0,0,1,0,0,0,-1.090970743471775,0,0,1,0,0,0,0,0,0,0,0,0,0,0,0,0,0,0,0,0,0,0,0,0,0,0,0,1,0,1,0,0,0,0,0,1,0,0,0,0,0,0,0,0,0,0,0,0,0,0,0,0,0,0,1,0,0,0,0,0,0,0,0,1,0,0,0,0,0,0,0,0,1,0,0,0,0,0,0,0,0,0,0,1,0,0,0,0,0,1,0,0,0,1,0,0,0,1,0,1,0,0,0,0
-0.28218023219302363,0.7013814679577817,"5538.                  After examining and inspecting the accident's site, the following was noted: The vehicle causing the accident was coming from the west towards the east and taking the second lane and turning to the left and the damaged vehicle was coming from the south towards the north and taking the right lane, and because the driver causing the accident bypassed the red light, the front right side of the vehicle causing the accident collided with the front left side of the damaged vehicle, and then the causing vehicle and the damaged vehicle drifted forward, and while turning, the causing vehicle collided from the rear right side with the left side of the damaged vehicle and then settled in the middle of the road, resulting in the injury of the causing driver and the driver of the damaged vehicle and material damage to vehicles, and according to the plan, the accident occurred",-0.19746179160121255,-0.4015453331379524,0.6331117943832852,0,1,0,1,0,0,0,-1.081230183870319,0,0,1,0,0,0,0,0,0,0,0,0,0,0,0,0,0,0,0,0,0,0,0,0,0,0,0,1,0,0,1,0,0,0,0,0,0,0,0,0,0,0,1,0,0,0,0,0,0,0,0,0,0,0,1,0,0,0,0,0,0,0,0,0,1,0,0,0,0,0,0,0,1,0,0,0,0,0,0,0,0,0,0,1,0,0,0,0,0,1,0,0,1,0,0,0,1,0,0,0,0,0,0,1
-0.6014218472878619,0.7013814679577817,"5539.                  After examining and inspecting the accident's site, the following was noted: The vehicle causing the accident was coming from the west towards the east and taking the second lane and turning to the left and the damaged vehicle was coming from the south towards the north and taking the right lane, and because the driver causing the accident bypassed the red light, the front right side of the vehicle causing the accident collided with the front left side of the damaged vehicle, and then the causing vehicle and the damaged vehicle drifted forward, and while turning, the causing vehicle collided from the rear right side with the left side of the damaged vehicle and then settled in the middle of the road, resulting in the injury of the causing driver and the driver of the damaged vehicle and material damage to vehicles, and according to the plan, the accident occurred",-0.19746179160121255,-0.4015453331379524,0.6331117943832852,0,1,0,1,0,0,0,-1.081230183870319,0,0,1,0,0,0,0,0,0,0,0,0,0,0,0,0,0,0,0,0,0,0,0,0,0,0,0,1,0,0,1,0,0,0,0,0,0,0,0,0,0,0,1,0,0,0,0,0,0,0,0,0,0,0,1,0,0,0,0,0,0,0,0,0,1,0,0,0,0,0,0,0,1,0,0,0,0,0,0,0,0,0,0,1,0,0,0,0,0,0,1,0,1,0,0,0,1,0,0,0,0,0,0,1
0.1434752546000941,0.6327886310509393,"5540.                  After examining and inspecting the accident's site, the following was noted: While the vehicle causing the accident was coming from the west towards the east and taking the far-right lane and in the middle of the General Command intersection, and when it reached the traffic light and crossed the red traffic light, this coincided with the entry of the damaged vehicle from the south towards the east. The vehicles collided and the damaged vehicle drifted from the collision and hit a traffic light pole and stopped there, just as the causing vehicle stopped in the middle of the intersection. The location of the accident was revealed, and the necessary measures were taken, according to the plan, the accident occurred",-0.19746179160121255,-0.4015453331379524,-0.3676863281700941,1,0,0,1,0,0,0,-1.089329076123215,0,0,1,0,0,0,0,0,0,0,0,0,0,0,0,0,0,0,0,0,0,0,0,0,0,0,0,1,0,0,1,0,0,0,0,1,0,0,0,0,0,0,0,0,0,0,0,0,0,0,0,0,0,0,1,0,0,0,0,0,0,0,0,1,0,0,0,0,0,0,0,0,1,0,0,0,0,0,0,0,0,0,0,1,0,0,0,0,0,0,1,1,0,0,0,0,0,1,0,0,1,0,0,0
-1.4527328208740973,0.6327886310509393,"5541.                  After examining and inspecting the accident's site, the following was noted: While the vehicle causing the accident was coming from the west towards the east and taking the far-right lane and in the middle of the General Command intersection, and when it reached the traffic light and crossed the red traffic light, this coincided with the entry of the damaged vehicle from the south towards the east. The vehicles collided and the damaged vehicle drifted from the collision and hit a traffic light pole and stopped there, just as the causing vehicle stopped in the middle of the intersection. The location of the accident was revealed, and the necessary measures were taken, according to the plan, the accident occurred",-0.19746179160121255,-0.4015453331379524,-0.3676863281700941,1,0,0,1,0,0,0,-1.089329076123215,0,0,1,0,0,0,0,0,0,0,0,0,0,0,0,0,0,0,0,0,0,0,0,0,0,0,0,1,0,0,1,0,0,0,0,1,0,0,0,0,0,0,0,0,0,0,0,0,0,0,0,0,0,0,1,0,0,0,0,0,0,0,0,1,0,0,0,0,0,0,0,0,1,0,0,0,0,0,0,0,0,0,0,1,0,0,0,0,0,1,0,1,0,0,0,0,0,1,0,0,0,1,0,0
0.6223376772423516,0.6327886310509393,"5542.                  After examining and inspecting the accident's site, the following was noted: While the vehicle causing the accident was coming from the west towards the east and taking the far-right lane and in the middle of the General Command intersection, and when it reached the traffic light and crossed the red traffic light, this coincided with the entry of the damaged vehicle from the south towards the east. The vehicles collided and the damaged vehicle drifted from the collision and hit a traffic light pole and stopped there, just as the causing vehicle stopped in the middle of the intersection. The location of the accident was revealed, and the necessary measures were taken, according to the plan, the accident occurred",-0.19746179160121255,-0.4015453331379524,-0.3676863281700941,1,0,0,1,0,0,0,-1.089329076123215,0,0,1,0,0,0,0,0,0,0,0,0,0,0,0,0,0,0,0,0,0,0,0,0,0,0,0,1,0,0,1,0,0,0,0,1,0,0,0,0,0,0,0,0,0,0,0,0,0,0,0,0,0,0,1,0,0,0,0,0,0,0,0,1,0,0,0,0,0,0,0,0,1,0,0,0,0,0,0,0,0,0,0,1,0,0,0,0,0,0,1,0,1,0,0,0,1,0,0,0,0,0,0,1
-0.38859410389130306,-0.7527866744672773,"5543.                  After examining and inspecting the accident's site, the following was noted: The vehicle causing the accident was coming from the west towards the east and taking the second lane and turning to the left and the damaged vehicle was coming from the south towards the north and taking the right lane, and because the driver causing the accident bypassed the red light, the front right side of the vehicle causing the accident collided with the front left side of the damaged vehicle, and then the causing vehicle and the damaged vehicle drifted forward, and while turning, the causing vehicle collided from the rear right side with the left side of the damaged vehicle and then settled in the middle of the road, resulting in the injury of the causing driver and the driver of the damaged vehicle and material damage to vehicles, and according to the plan, the accident occurred",-0.19746179160121255,-0.4015453331379524,-1.3684844507234735,1,0,0,1,0,0,0,-1.087140186325135,0,0,0,0,0,0,0,0,0,0,0,0,0,0,0,0,0,0,0,1,0,0,0,0,0,0,1,0,0,0,1,0,0,1,0,0,0,0,0,0,0,0,0,0,0,0,0,0,0,0,0,0,1,0,0,0,0,0,0,0,0,0,0,1,0,0,0,0,0,0,0,0,1,0,0,0,0,0,0,0,0,0,0,1,0,0,0,0,0,0,1,0,1,0,0,0,1,0,0,1,0,0,0,0
-0.12255942464560447,-0.7527866744672773,"5544.                  After examining and inspecting the accident's site, the following was noted: The vehicle causing the accident was coming from the west towards the east and taking the second lane and turning to the left and the damaged vehicle was coming from the south towards the north and taking the right lane, and because the driver causing the accident bypassed the red light, the front right side of the vehicle causing the accident collided with the front left side of the damaged vehicle, and then the causing vehicle and the damaged vehicle drifted forward, and while turning, the causing vehicle collided from the rear right side with the left side of the damaged vehicle and then settled in the middle of the road, resulting in the injury of the causing driver and the driver of the damaged vehicle and material damage to vehicles, and according to the plan, the accident occurred",-0.19746179160121255,-0.4015453331379524,-1.3684844507234735,0,1,0,1,0,0,0,-1.087140186325135,0,0,0,0,0,0,0,0,0,0,0,0,0,0,0,0,0,0,0,1,0,0,0,0,0,0,1,0,0,0,1,0,0,1,0,0,0,0,0,0,0,0,0,0,0,0,0,0,0,0,0,0,1,0,0,0,0,0,0,0,0,0,0,1,0,0,0,0,0,0,0,0,1,0,0,0,0,0,0,0,0,0,0,1,0,0,0,0,0,0,1,0,0,1,0,0,0,1,0,0,1,0,0,0
0.1434752546000941,0.13892020532167398,"5545.                  After examining and inspecting the accident's site, the following was noted: While the vehicle causing the accident was coming from the west towards the east and taking the far-right lane and in the middle of the General Command intersection, and when it reached the traffic light and crossed the red traffic light, this coincided with the entry of the damaged vehicle from the south towards the east. The vehicles collided and the damaged vehicle drifted from the collision and hit a traffic light pole and stopped there, just as the causing vehicle stopped in the middle of the intersection. The location of the accident was revealed, and the necessary measures were taken, according to the plan, the accident occurred",-0.19746179160121255,-0.4015453331379524,0.6331117943832852,1,0,0,0,0,1,0,-1.100032747235826,0,0,1,0,0,0,0,0,0,0,0,0,0,0,0,0,0,0,0,0,0,0,0,0,0,0,0,1,0,0,1,0,0,0,0,1,0,0,0,0,0,0,0,0,0,0,0,0,0,0,0,0,0,0,1,0,0,0,0,0,0,0,0,1,0,0,0,0,0,0,0,0,1,0,0,0,0,0,0,0,0,0,0,1,0,0,0,0,0,0,1,0,1,0,0,0,1,0,0,1,0,0,0,0
-0.12255942464560447,-0.944846617806436,"5546.                  After examining and inspecting the accident's site, the following was noted: While the vehicle causing the accident was coming from the west towards the east and taking the far-right lane and in the middle of the General Command intersection, and when it reached the traffic light and crossed the red traffic light, this coincided with the entry of the damaged vehicle from the south towards the east. The vehicles collided and the damaged vehicle drifted from the collision and hit a traffic light pole and stopped there, just as the causing vehicle stopped in the middle of the intersection. The location of the accident was revealed, and the necessary measures were taken, according to the plan, the accident occurred",2.2427620534705888,-0.4015453331379524,2.634708039490044,0,1,0,0,0,1,0,-1.1021340814419829,0,0,0,0,0,0,0,0,0,0,1,0,0,0,0,0,0,0,0,0,0,0,0,0,0,0,0,1,0,0,1,0,0,0,0,1,0,0,0,0,0,0,0,0,0,0,0,0,0,0,0,0,0,1,0,0,0,0,0,0,0,0,0,0,1,0,0,0,0,1,0,0,0,0,0,0,0,0,0,1,0,0,0,0,0,0,0,0,0,0,1,1,0,0,0,0,0,1,0,0,0,0,1,0
1.3672347791303074,0.09776450317756856,"5547.                  After examining and inspecting the accident's site, the following was noted: While the vehicle causing the accident was coming from the west towards the east and taking the far-right lane and in the middle of the General Command intersection, and when it reached the traffic light and crossed the red traffic light, this coincided with the entry of the damaged vehicle from the south towards the east. The vehicles collided and the damaged vehicle drifted from the collision and hit a traffic light pole and stopped there, just as the causing vehicle stopped in the middle of the intersection. The location of the accident was revealed, and the necessary measures were taken, according to the plan, the accident occurred",-0.19746179160121255,-0.4015453331379524,-0.0073990040508776864,0,1,0,0,0,1,0,-1.0988945245408246,0,0,1,0,0,0,0,0,0,0,0,0,0,0,0,0,0,0,0,0,0,0,0,0,0,0,0,1,0,0,1,0,0,1,0,0,0,0,0,0,0,0,0,0,0,0,0,0,0,0,0,0,0,0,1,0,0,0,0,0,0,0,0,1,0,0,0,0,0,0,0,0,1,0,0,0,0,0,0,0,0,0,0,1,0,0,0,0,0,1,0,0,1,0,0,0,1,0,0,0,1,0,0,0
0.35630299799665294,0.6465071984323078,"5548.                  After examining and inspecting the accident's site, the following was noted: While the vehicle causing the accident was coming from the west towards the east and taking the far-right lane and in the middle of the General Command intersection, and when it reached the traffic light and crossed the red traffic light, this coincided with the entry of the damaged vehicle from the south towards the east. The vehicles collided and the damaged vehicle drifted from the collision and hit a traffic light pole and stopped there, just as the causing vehicle stopped in the middle of the intersection. The location of the accident was revealed, and the necessary measures were taken, according to the plan, the accident occurred",-0.19746179160121255,-0.4015453331379524,-0.3676863281700941,0,1,0,0,0,1,0,-1.094637133883559,0,0,1,0,0,0,0,0,0,0,0,0,0,0,0,0,0,0,0,0,0,0,0,0,0,0,0,1,0,0,1,0,0,0,0,1,0,0,0,0,0,0,0,0,0,0,0,0,0,0,0,0,0,0,1,0,0,0,0,0,0,0,0,1,0,0,0,0,0,0,0,0,1,0,0,0,0,0,0,0,0,0,0,1,0,0,0,0,0,0,1,0,1,0,0,0,1,0,0,0,1,0,0,0
-0.44180103974044277,1.0717827872547308,"5549.                  After examining and inspecting the accident's site, the following was noted: The vehicle causing the accident was coming from the west towards the east and taking the second lane from the right, and the damaged vehicle was coming from the west towards the east and taking the far-right lane, and because of the failure to abide to the driving line by the driver of the vehicle causing the accident, the rear right side of the causing vehicle collided with the left side of the damaged vehicle. The accident resulted in injuries to the driver of the damaged vehicle and the passenger, as well as material damage to the vehicles. According to the plan, the accident was planned.",-0.19746179160121255,-0.4015453331379524,0.6331117943832852,0,1,0,0,0,1,0,-1.0931158554738933,0,0,0,0,0,0,0,0,0,0,1,0,0,0,0,0,0,0,0,0,0,0,0,0,0,0,0,0,1,0,1,0,0,1,0,0,0,0,0,0,0,0,0,0,0,0,0,0,0,0,0,0,0,0,1,0,0,0,0,0,0,0,0,1,0,0,0,0,0,0,0,0,1,0,0,0,0,0,0,0,0,0,0,0,0,0,0,1,0,0,1,0,1,0,0,0,1,0,0,0,1,0,0,0
-0.33538716804216334,1.0717827872547308,"5550.                  After examining and inspecting the accident's site, the following was noted: The vehicle causing the accident was coming from the west towards the east and taking the second lane from the right, and the damaged vehicle was coming from the west towards the east and taking the far-right lane, and because of the failure to abide to the driving line by the driver of the vehicle causing the accident, the rear right side of the causing vehicle collided with the left side of the damaged vehicle. The accident resulted in injuries to the driver of the damaged vehicle and the passenger, as well as material damage to the vehicles. According to the plan, the accident was planned.",-0.19746179160121255,-0.4015453331379524,0.6331117943832852,0,1,0,0,0,1,0,-1.0931158554738933,0,0,0,0,0,0,0,0,0,0,1,0,0,0,0,0,0,0,0,0,0,0,0,0,0,0,0,0,1,0,1,0,0,1,0,0,0,0,0,0,0,0,0,0,0,0,0,0,0,0,0,0,0,0,1,0,0,0,0,0,0,0,0,1,0,0,0,0,0,0,0,0,1,0,0,0,0,0,0,0,0,0,0,0,0,0,0,1,0,0,1,1,0,0,0,0,0,1,0,0,1,0,0,0
-0.6014218472878619,-0.9036909156623305,"5551.                  After examining and inspecting the accident's site, the following was noted: the vehicle causing the accident came from the east towards the west, as it was taking the second lane from the left, and due to the sudden deviation by the driver of the causing vehicle, the vehicle drifted and collided with the pavement. Then it collided with the base of the lamppost and then hit a water tank and then settled. The accident resulted in material damage to the vehicle, damage to state property, and minor injury to the driver and the passenger with him, and according to the scheme, the accident occurred",-0.19746179160121255,-0.4015453331379524,-0.0073990040508776864,0,1,0,0,0,1,0,-1.0816679618299352,0,0,0,0,0,0,0,0,0,0,0,0,0,0,0,0,0,0,0,0,0,0,1,0,0,0,0,1,0,0,1,0,0,0,0,0,0,0,0,0,0,0,1,0,0,0,0,0,0,0,0,0,1,0,0,0,0,0,0,0,0,0,0,0,1,0,0,0,0,1,0,0,0,0,0,0,0,0,0,0,0,0,0,1,0,0,0,0,0,0,1,0,0,1,0,0,0,1,0,0,0,0,0,1