Age of the injured,Str Code,Accident Description,Road speed limit,Pedestrian action,Number of Lanes,Gender_F,Gender_M,Week_Fifth week,Week_First week,Week_Fourth week,Week_Second week,Week_Third week,Date_time,Reasons__??? ????? ?????? ?????? ???? ????? ??? ???? ???????,Reasons__???? ?? ??????? (???),Reasons__Bypassing the red traffic light,Reasons__Driving back without attention,Reasons__Driving back without traffic clearance,Reasons__Driving in the opposite direction,Reasons__Entering main road without traffic clearance,Reasons__Exceeding speed limit,Reasons__Fatigue and drowsiness,Reasons__Faults in the road,Reasons__Ignoring road lane,Reasons__Ignoring traffic lights,Reasons__Lack of driving awareness,Reasons__Misuse of traffic,Reasons__Negligence and inobservance,Reasons__Negligent driving,Reasons__Not giving priority to pedestrian crossing,Reasons__Not giving way / not giving priority,Reasons__Not leaving enough space,Reasons__Not observing the stop sign,Reasons__Not securing vehicle stability while stopping,Reasons__Speedy without taking road conditions into account,Reasons__Sudden deviation,Reasons__Sudden stop,Reasons__Tyre burst,Reasons__under influence of intoxicant or narcotic drug,__Al Madina Police Station,__Khaldiya Police Station,__Shaabiya Police Station,Streetname_Intersection,Streetname_Street,place__Bridge / Tunnel,place__Coastal area,place__Commercial area,place__Fuel Station,place__Govt. authority,place__Hospital,place__Island,place__Mosque,place__One level intersection,place__Other,place__Park,place__Residential area,place__Sand area,place__School,place__Work area,place__external road,place__unknown,location__ ,location__Bridge,location__Bridge /  Tunnel,location__Car parking,location__Double road,location__Highway,location__Intersection,location__Off the road,location__Other(specify),location__Roundabout,location__Side parking,location__Single road,location__Tunnel,location__Two-way road,location__Unknown,lighting__day,lighting__night - enough lights,lighting__night - weak lights,intersection__Deviated intersection,intersection__Half Perpendicular Intersection,intersection__Multiple leg Intersection,intersection__Not on Intersection,intersection__Not on or around 20 meters,intersection__Other,intersection__Perpendicular Intersection,intersection__Roundabout,intersection__Turn ,accidentype__Collision while turning,accidentype__Fall,accidentype__Hitting a moving object off the road,accidentype__Hitting a moving object on the road,accidentype__Hitting a stationary object off the road,accidentype__Hitting a stationary object on the road,accidentype__Multiple collision,accidentype__Other (specify),accidentype__Perpendicular collision,accidentype__Person run over,accidentype__Rear collision,accidentype__Reciprocal collision,accidentype__Side collision,accidentype__deterioration,seat belt_N,seat belt_Y,seat_Back passenger seat,seat_Driver's seat,seat_Front passenger seat,seat_No passenger,seat_bike passenger,position_Driver,position_Passenger,position_Pedestrian,nationality_Arab States,nationality_Asian States,nationality_GCC,nationality_Other,nationality_UAE
-0.5482149114387221,-0.9036909156623305,"5552.                  After examining and inspecting the accident's site, the following was noted: the vehicle causing the accident came from the east towards the west, as it was taking the second lane from the left, and due to the sudden deviation by the driver of the causing vehicle, the vehicle drifted and collided with the pavement. Then it collided with the base of the lamppost and then hit a water tank and then settled. The accident resulted in material damage to the vehicle, damage to state property, and minor injury to the driver and the passenger with him, and according to the scheme, the accident occurred",-0.19746179160121255,-0.4015453331379524,-0.0073990040508776864,0,1,0,0,0,1,0,-1.0816679618299352,0,0,0,0,0,0,0,0,0,0,0,0,0,0,0,0,0,0,0,0,0,0,1,0,0,0,0,1,0,0,1,0,0,0,0,0,0,0,0,0,0,0,1,0,0,0,0,0,0,0,0,0,1,0,0,0,0,0,0,0,0,0,0,0,1,0,0,0,0,1,0,0,0,0,0,0,0,0,0,0,0,0,0,1,0,0,0,0,0,0,1,0,1,0,0,0,1,0,0,0,0,0,0,1
0.3030960621475132,0.6602257658136763,"5553.                  After examining and inspecting the accident's site, the following was noted: the vehicle causing the accident came from the east towards the west, as it was taking the second lane from the left, and due to the sudden deviation by the driver of the causing vehicle, the vehicle drifted and collided with the pavement. Then it collided with the base of the lamppost and then hit a water tank and then settled. The accident resulted in material damage to the vehicle, damage to state property, and minor injury to the driver and the passenger with him, and according to the scheme, the accident occurred",-0.19746179160121255,-0.4015453331379524,-0.3676863281700941,1,0,0,0,0,1,0,-1.094308800413847,0,0,0,0,0,0,0,0,0,0,1,0,0,0,0,0,0,0,0,0,0,0,0,0,0,0,0,1,0,0,1,0,0,0,0,0,0,0,0,0,0,0,1,0,0,0,0,0,0,0,0,0,0,0,1,0,0,0,0,0,0,0,0,1,0,0,0,0,0,0,0,0,1,0,0,0,0,0,0,0,1,0,0,0,0,0,0,0,0,1,0,0,0,1,0,0,0,1,0,1,0,0,0,0
-0.33538716804216334,0.13892020532167398,"5554.                  After examining and inspecting the accident's site, the following was noted: the vehicle causing the accident came from the east towards the west, as it was taking the second lane from the left, and due to the sudden deviation by the driver of the causing vehicle, the vehicle drifted and collided with the pavement. Then it collided with the base of the lamppost and then hit a water tank and then settled. The accident resulted in material damage to the vehicle, damage to state property, and minor injury to the driver and the passenger with him, and according to the scheme, the accident occurred",-0.19746179160121255,-0.4015453331379524,0.6331117943832852,0,1,0,0,0,1,0,-1.090204632042447,0,0,1,0,0,0,0,0,0,0,0,0,0,0,0,0,0,0,0,0,0,0,0,0,0,0,0,1,0,0,1,0,0,1,0,0,0,0,0,0,0,0,0,0,0,0,0,0,0,0,0,0,0,0,1,0,0,0,0,0,0,0,0,1,0,0,0,0,0,0,0,0,1,0,0,0,0,0,0,0,0,0,0,1,0,0,0,0,0,0,1,0,1,0,0,0,1,0,0,0,1,0,0,0
-0.17576636049474417,0.13892020532167398,"5555.                  After examining and inspecting the accident's site, the following was noted: the vehicle causing the accident came from the east towards the west, as it was taking the second lane from the left, and due to the sudden deviation by the driver of the causing vehicle, the vehicle drifted and collided with the pavement. Then it collided with the base of the lamppost and then hit a water tank and then settled. The accident resulted in material damage to the vehicle, damage to state property, and minor injury to the driver and the passenger with him, and according to the scheme, the accident occurred",-0.19746179160121255,-0.4015453331379524,0.6331117943832852,0,1,0,0,0,1,0,-1.090204632042447,0,0,1,0,0,0,0,0,0,0,0,0,0,0,0,0,0,0,0,0,0,0,0,0,0,0,0,1,0,0,1,0,0,1,0,0,0,0,0,0,0,0,0,0,0,0,0,0,0,0,0,0,0,0,1,0,0,0,0,0,0,0,0,1,0,0,0,0,0,0,0,0,1,0,0,0,0,0,0,0,0,0,0,1,0,0,0,0,0,0,1,0,0,1,0,0,0,1,0,1,0,0,0,0
-1.3995258850249577,-0.972283752569173,"5556.                  After examining and inspecting the accident's site, the following was noted: The first vehicle causing the accident was coming from Rashid bin Saeed Street across the bridge, it was traveling in the right lane and was heading towards Arabian Gulf Street, while the second vehicle causing the accident was coming from Sharqi Ring Street and taking the left lane of the street and was traveling behind a Toyota Prado car, and while it was moving, the driver bypassed from the right side of that vehicle and during that the driver of the first vehicle causing the accident tried to change his lane from the right to the center, and this coincided with the arrival of the second vehicle causing the accident and the front left side collided of with the rear right side of the second causing vehicle. As a result, the second vehicle turned around and collided with the grass strip separating the road and then collided again with the front side of the first vehicle on the left side of the second vehicle, which led to its rush to the far right and settled next to the bridge while the first vehicle lost balance and overturned on its right side, the accident resulted in injuries and damage to state property and vehicles, and so the accident occurred.",-0.19746179160121255,-0.4015453331379524,-1.3684844507234735,1,0,0,0,0,1,0,-1.090423521022255,0,0,0,0,0,0,0,0,0,0,0,0,0,0,0,0,0,0,0,0,0,1,0,0,0,0,0,0,1,0,1,0,0,0,0,0,0,0,1,0,0,0,0,0,0,0,0,0,0,0,1,0,0,0,0,0,0,0,0,0,0,0,0,1,0,0,0,0,0,1,0,0,0,0,0,0,0,0,0,0,0,0,0,0,0,0,0,1,0,0,1,1,0,0,0,0,0,1,0,1,0,0,0,0
0.03706138290181467,-0.972283752569173,"5557.                  After examining and inspecting the accident's site, the following was noted: The first vehicle causing the accident was coming from Rashid bin Saeed Street across the bridge, it was traveling in the right lane and was heading towards Arabian Gulf Street, while the second vehicle causing the accident was coming from Sharqi Ring Street and taking the left lane of the street and was traveling behind a Toyota Prado car, and while it was moving, the driver bypassed from the right side of that vehicle and during that the driver of the first vehicle causing the accident tried to change his lane from the right to the center, and this coincided with the arrival of the second vehicle causing the accident and the front left side collided of with the rear right side of the second causing vehicle. As a result, the second vehicle turned around and collided with the grass strip separating the road and then collided again with the front side of the first vehicle on the left side of the second vehicle, which led to its rush to the far right and settled next to the bridge while the first vehicle lost balance and overturned on its right side, the accident resulted in injuries and damage to state property and vehicles, and so the accident occurred.",-0.19746179160121255,-0.4015453331379524,-1.3684844507234735,1,0,0,0,0,1,0,-1.090423521022255,0,0,0,0,0,0,0,0,0,0,0,0,0,0,0,0,0,0,0,0,0,1,0,0,0,0,0,0,1,0,1,0,0,0,0,0,0,0,1,0,0,0,0,0,0,0,0,0,0,0,1,0,0,0,0,0,0,0,0,0,0,0,0,1,0,0,0,0,0,1,0,0,0,0,0,0,0,0,0,0,0,0,0,0,0,0,0,1,0,0,1,0,0,1,0,0,0,1,0,1,0,0,0,0
1.101200099884609,-0.972283752569173,"5558.                  After examining and inspecting the accident's site, the following was noted: The first vehicle causing the accident was coming from Rashid bin Saeed Street across the bridge, it was traveling in the right lane and was heading towards Arabian Gulf Street, while the second vehicle causing the accident was coming from Sharqi Ring Street and taking the left lane of the street and was traveling behind a Toyota Prado car, and while it was moving, the driver bypassed from the right side of that vehicle and during that the driver of the first vehicle causing the accident tried to change his lane from the right to the center, and this coincided with the arrival of the second vehicle causing the accident and the front left side collided of with the rear right side of the second causing vehicle. As a result, the second vehicle turned around and collided with the grass strip separating the road and then collided again with the front side of the first vehicle on the left side of the second vehicle, which led to its rush to the far right and settled next to the bridge while the first vehicle lost balance and overturned on its right side, the accident resulted in injuries and damage to state property and vehicles, and so the accident occurred.",-0.19746179160121255,-0.4015453331379524,-1.3684844507234735,0,1,0,0,0,1,0,-1.090423521022255,0,0,0,0,0,0,0,0,0,0,0,0,0,0,0,0,0,0,0,0,0,1,0,0,0,0,0,0,1,0,1,0,0,0,0,0,0,0,1,0,0,0,0,0,0,0,0,0,0,0,1,0,0,0,0,0,0,0,0,0,0,0,0,1,0,0,0,0,0,1,0,0,0,0,0,0,0,0,0,0,0,0,0,0,0,0,0,1,0,0,1,0,1,0,0,0,1,0,0,0,1,0,0,0
0.1434752546000941,-0.972283752569173,"5559.                  After examining and inspecting the accident's site, the following was noted: The first vehicle causing the accident was coming from Rashid bin Saeed Street across the bridge, it was traveling in the right lane and was heading towards Arabian Gulf Street, while the second vehicle causing the accident was coming from Sharqi Ring Street and taking the left lane of the street and was traveling behind a Toyota Prado car, and while it was moving, the driver bypassed from the right side of that vehicle and during that the driver of the first vehicle causing the accident tried to change his lane from the right to the center, and this coincided with the arrival of the second vehicle causing the accident and the front left side collided of with the rear right side of the second causing vehicle. As a result, the second vehicle turned around and collided with the grass strip separating the road and then collided again with the front side of the first vehicle on the left side of the second vehicle, which led to its rush to the far right and settled next to the bridge while the first vehicle lost balance and overturned on its right side, the accident resulted in injuries and damage to state property and vehicles, and so the accident occurred.",-0.19746179160121255,-0.4015453331379524,-1.3684844507234735,0,1,0,0,0,1,0,-1.090423521022255,0,0,0,0,0,0,0,0,0,0,0,0,0,0,0,0,0,0,0,0,0,1,0,0,0,0,0,0,1,0,1,0,0,0,0,0,0,0,1,0,0,0,0,0,0,0,0,0,0,0,1,0,0,0,0,0,0,0,0,0,0,0,0,1,0,0,0,0,0,1,0,0,0,0,0,0,0,0,0,0,0,0,0,0,0,0,0,1,0,0,1,0,1,0,0,0,1,0,0,1,0,0,0,0
1.260820907432028,-0.9174094830436991,"5560.                  After examining and inspecting the accident's site, the following was noted: the vehicle causing the accident came from the east towards the west, as it was taking the second lane from the left, and due to the sudden deviation by the driver of the causing vehicle, the vehicle drifted and collided with the pavement. Then it collided with the base of the lamppost and then hit a water tank and then settled. The accident resulted in material damage to the vehicle, damage to state property, and minor injury to the driver and the passenger with him, and according to the scheme, the accident occurred",-0.19746179160121255,-0.4015453331379524,-0.3676863281700941,0,1,0,0,0,1,0,-1.1021340814419829,0,0,0,0,0,0,0,0,0,0,0,0,0,0,0,0,0,0,0,0,0,1,0,0,0,0,0,1,0,0,1,0,0,0,0,1,0,0,0,0,0,0,0,0,0,0,0,0,0,0,0,0,1,0,0,0,0,0,0,0,0,0,0,0,1,0,0,0,0,0,0,0,0,1,0,0,0,0,0,0,1,0,0,0,0,0,0,0,0,0,1,0,1,0,0,0,1,0,0,0,1,0,0,0
-0.33538716804216334,1.4010284044075743,"5561.                  After examining and inspecting the accident's site, the following was noted: While the vehicle causing the accident was coming from the east towards the west, turning towards the south inside the intersection and taking the second lane of the arrow, and upon the arrival of the damaged vehicle from the west towards the east, it was taking the right lane and due to bypassing red light signal by the vehicle causing the accident. The front side of the damaged vehicle hit the right side of the vehicle causing the accident, and according to the chart, the accident occurred",-0.19746179160121255,-0.4015453331379524,0.6331117943832852,0,1,0,0,0,1,0,-0.22111688216378794,0,0,1,0,0,0,0,0,0,0,0,0,0,0,0,0,0,0,0,0,0,0,0,0,0,0,0,0,1,1,0,0,0,0,0,1,0,0,0,0,0,0,0,0,0,0,0,0,0,0,0,0,0,0,1,0,0,0,0,0,0,0,0,1,0,0,0,0,0,0,0,0,1,0,0,0,0,0,0,0,0,0,0,1,0,0,0,0,0,0,1,1,0,0,0,0,0,1,0,1,0,0,0,0
-0.2289732963438839,1.4010284044075743,"5562.                  After examining and inspecting the accident's site, the following was noted: While the vehicle causing the accident was coming from the east towards the west, turning towards the south inside the intersection and taking the second lane of the arrow, and upon the arrival of the damaged vehicle from the west towards the east, it was taking the right lane and due to bypassing red light signal by the vehicle causing the accident. The front side of the damaged vehicle hit the right side of the vehicle causing the accident, and according to the chart, the accident occurred",-0.19746179160121255,-0.4015453331379524,0.6331117943832852,0,1,0,0,0,1,0,-0.22111688216378794,0,0,1,0,0,0,0,0,0,0,0,0,0,0,0,0,0,0,0,0,0,0,0,0,0,0,0,0,1,1,0,0,0,0,0,1,0,0,0,0,0,0,0,0,0,0,0,0,0,0,0,0,0,0,1,0,0,0,0,0,0,0,0,1,0,0,0,0,0,0,0,0,1,0,0,0,0,0,0,0,0,0,0,1,0,0,0,0,0,0,1,1,0,0,0,0,0,1,0,1,0,0,0,0
-0.28218023219302363,1.4010284044075743,"5563.                  After examining and inspecting the accident's site, the following was noted: While the vehicle causing the accident was coming from the east towards the west, turning towards the south inside the intersection and taking the second lane of the arrow, and upon the arrival of the damaged vehicle from the west towards the east, it was taking the right lane and due to bypassing red light signal by the vehicle causing the accident. The front side of the damaged vehicle hit the right side of the vehicle causing the accident, and according to the chart, the accident occurred",-0.19746179160121255,-0.4015453331379524,0.6331117943832852,1,0,0,0,0,1,0,-0.22111688216378794,0,0,1,0,0,0,0,0,0,0,0,0,0,0,0,0,0,0,0,0,0,0,0,0,0,0,0,0,1,1,0,0,0,0,0,1,0,0,0,0,0,0,0,0,0,0,0,0,0,0,0,0,0,0,1,0,0,0,0,0,0,0,0,1,0,0,0,0,0,0,0,0,1,0,0,0,0,0,0,0,0,0,0,1,0,0,0,0,0,0,1,1,0,0,0,0,0,1,0,0,0,0,1,0
-0.12255942464560447,1.4010284044075743,"5564.                  After examining and inspecting the accident's site, the following was noted: While the vehicle causing the accident was coming from the east towards the west, turning towards the south inside the intersection and taking the second lane of the arrow, and upon the arrival of the damaged vehicle from the west towards the east, it was taking the right lane and due to bypassing red light signal by the vehicle causing the accident. The front side of the damaged vehicle hit the right side of the vehicle causing the accident, and according to the chart, the accident occurred",-0.19746179160121255,-0.4015453331379524,0.6331117943832852,1,0,0,0,0,1,0,-0.22111688216378794,0,0,1,0,0,0,0,0,0,0,0,0,0,0,0,0,0,0,0,0,0,0,0,0,0,0,0,0,1,1,0,0,0,0,0,1,0,0,0,0,0,0,0,0,0,0,0,0,0,0,0,0,0,0,1,0,0,0,0,0,0,0,0,1,0,0,0,0,0,0,0,0,1,0,0,0,0,0,0,0,0,0,0,1,0,0,0,0,0,0,1,1,0,0,0,0,0,1,0,0,0,0,1,0
0.03706138290181467,1.4010284044075743,"5565.                  After examining and inspecting the accident's site, the following was noted: While the vehicle causing the accident was coming from the east towards the west, turning towards the south inside the intersection and taking the second lane of the arrow, and upon the arrival of the damaged vehicle from the west towards the east, it was taking the right lane and due to bypassing red light signal by the vehicle causing the accident. The front side of the damaged vehicle hit the right side of the vehicle causing the accident, and according to the chart, the accident occurred",-0.19746179160121255,-0.4015453331379524,0.6331117943832852,0,1,0,0,0,1,0,-0.22111688216378794,0,0,1,0,0,0,0,0,0,0,0,0,0,0,0,0,0,0,0,0,0,0,0,0,0,0,0,0,1,1,0,0,0,0,0,1,0,0,0,0,0,0,0,0,0,0,0,0,0,0,0,0,0,0,1,0,0,0,0,0,0,0,0,1,0,0,0,0,0,0,0,0,1,0,0,0,0,0,0,0,0,0,0,1,0,0,0,0,0,0,1,1,0,0,0,0,0,1,0,0,1,0,0,0
-0.2289732963438839,0.8248485743900981,"5566.                  After examining and inspecting the accident's site, the following was noted: While the vehicle causing the accident was coming from the north towards the south and turning to the north and taking the first lane from the left and where the damaged vehicle was coming from the south towards the north and taking the third lane from the left and because of bypassing the red light signal by the vehicle causing the accident, the front left side of the damaged vehicle collided with the front right side of the vehicle causing the accident. The accident resulted in the injury of the driver of the vehicle causing the accident and two passengers in the damaged vehicle. Material damage was also caused to vehicles, and according to the plan, the accident was planned.",-0.19746179160121255,-0.4015453331379524,0.6331117943832852,0,1,0,0,0,1,0,-0.2123503785224777,0,0,1,0,0,0,0,0,0,0,0,0,0,0,0,0,0,0,0,0,0,0,0,0,0,0,0,0,1,0,1,0,0,1,0,0,0,0,0,0,0,0,0,0,0,0,0,0,0,0,0,0,0,0,1,0,0,0,0,0,0,0,0,1,0,0,0,0,0,0,0,0,1,0,0,0,0,0,0,0,0,0,0,1,0,0,0,0,0,0,1,0,1,0,0,0,1,0,0,0,1,0,0,0
-0.17576636049474417,0.8248485743900981,"5567.                  After examining and inspecting the accident's site, the following was noted: While the vehicle causing the accident was coming from the north towards the south and turning to the north and taking the first lane from the left and where the damaged vehicle was coming from the south towards the north and taking the third lane from the left and because of bypassing the red light signal by the vehicle causing the accident, the front left side of the damaged vehicle collided with the front right side of the vehicle causing the accident. The accident resulted in the injury of the driver of the vehicle causing the accident and two passengers in the damaged vehicle. Material damage was also caused to vehicles, and according to the plan, the accident was planned.",-0.19746179160121255,-0.4015453331379524,0.6331117943832852,1,0,0,0,0,1,0,-0.2123503785224777,0,0,1,0,0,0,0,0,0,0,0,0,0,0,0,0,0,0,0,0,0,0,0,0,0,0,0,0,1,0,1,0,0,1,0,0,0,0,0,0,0,0,0,0,0,0,0,0,0,0,0,0,0,0,1,0,0,0,0,0,0,0,0,1,0,0,0,0,0,0,0,0,1,0,0,0,0,0,0,0,0,0,0,1,0,0,0,0,0,0,1,1,0,0,0,0,0,1,0,1,0,0,0,0
0.3030960621475132,0.8248485743900981,"5568.                  After examining and inspecting the accident's site, the following was noted: While the vehicle causing the accident was coming from the north towards the south and turning to the north and taking the first lane from the left and where the damaged vehicle was coming from the south towards the north and taking the third lane from the left and because of bypassing the red light signal by the vehicle causing the accident, the front left side of the damaged vehicle collided with the front right side of the vehicle causing the accident. The accident resulted in the injury of the driver of the vehicle causing the accident and two passengers in the damaged vehicle. Material damage was also caused to vehicles, and according to the plan, the accident was planned.",-0.19746179160121255,-0.4015453331379524,0.6331117943832852,1,0,0,0,0,1,0,-0.2123503785224777,0,0,1,0,0,0,0,0,0,0,0,0,0,0,0,0,0,0,0,0,0,0,0,0,0,0,0,0,1,0,1,0,0,1,0,0,0,0,0,0,0,0,0,0,0,0,0,0,0,0,0,0,0,0,1,0,0,0,0,0,0,0,0,1,0,0,0,0,0,0,0,0,1,0,0,0,0,0,0,0,0,0,0,1,0,0,0,0,0,0,1,1,0,0,0,0,0,1,0,0,1,0,0,0
0.5691307413932118,1.4010284044075743,"5569.                  After examining and inspecting the accident's site, the following was noted: The vehicle causing the accident was coming from the west towards the east and taking the fourth lane from the left, as well as the damaged vehicles coming from the same direction, and the same lane in front of the vehicle causing the accident, and because not leaving enough distance was by the vehicle that caused the accident, the front side of the vehicle collided with the rear of the first damaged vehicle, and this caused the first damaged vehicle to collide with the front side of the vehicle with the rear of the second damaged vehicle. The accident resulted in the injury of three passengers, along with the driver who caused the accident, as well as material damage to the vehicles. According to the plan, the accident was planned.",1.0226501309346883,-0.4015453331379524,1.6339099169366647,1,0,0,0,0,1,0,-0.10071699882039956,0,0,0,0,0,0,0,0,0,0,0,0,0,0,0,0,0,0,1,0,0,0,0,0,0,0,0,0,1,1,0,0,0,1,0,0,0,0,0,0,0,0,0,0,0,0,0,0,0,0,0,0,0,1,0,0,0,0,0,0,0,0,0,0,1,0,0,0,0,1,0,0,0,0,0,0,0,0,0,0,0,0,0,0,0,1,0,0,0,0,1,1,0,0,0,0,0,1,0,0,0,0,0,1
-1.133491205779259,1.4010284044075743,"5570.                  After examining and inspecting the accident's site, the following was noted: The vehicle causing the accident was coming from the west towards the east and taking the fourth lane from the left, as well as the damaged vehicles coming from the same direction, and the same lane in front of the vehicle causing the accident, and because not leaving enough distance was by the vehicle that caused the accident, the front side of the vehicle collided with the rear of the first damaged vehicle, and this caused the first damaged vehicle to collide with the front side of the vehicle with the rear of the second damaged vehicle. The accident resulted in the injury of three passengers, along with the driver who caused the accident, as well as material damage to the vehicles. According to the plan, the accident was planned.",1.0226501309346883,-0.4015453331379524,1.6339099169366647,1,0,0,0,0,1,0,-0.10071699882039956,0,0,0,0,0,0,0,0,0,0,0,0,0,0,0,0,0,0,1,0,0,0,0,0,0,0,0,0,1,1,0,0,0,1,0,0,0,0,0,0,0,0,0,0,0,0,0,0,0,0,0,0,0,1,0,0,0,0,0,0,0,0,0,0,1,0,0,0,0,1,0,0,0,0,0,0,0,0,0,0,0,0,0,0,0,1,0,0,0,0,1,1,0,0,0,0,0,1,0,0,0,0,0,1
-0.761042654835281,1.4010284044075743,"5571.                  After examining and inspecting the accident's site, the following was noted: The vehicle causing the accident was coming from the west towards the east and taking the fourth lane from the left, as well as the damaged vehicles coming from the same direction, and the same lane in front of the vehicle causing the accident, and because not leaving enough distance was by the vehicle that caused the accident, the front side of the vehicle collided with the rear of the first damaged vehicle, and this caused the first damaged vehicle to collide with the front side of the vehicle with the rear of the second damaged vehicle. The accident resulted in the injury of three passengers, along with the driver who caused the accident, as well as material damage to the vehicles. According to the plan, the accident was planned.",1.0226501309346883,-0.4015453331379524,1.6339099169366647,1,0,0,0,0,0,1,-0.10071699882039956,0,0,0,0,0,0,0,0,0,0,0,0,0,0,0,0,0,0,1,0,0,0,0,0,0,0,0,0,1,1,0,0,0,1,0,0,0,0,0,0,0,0,0,0,0,0,0,0,0,0,0,0,0,1,0,0,0,0,0,0,0,0,0,0,1,0,0,0,0,1,0,0,0,0,0,0,0,0,0,0,0,0,0,0,0,1,0,0,0,0,1,1,0,0,0,0,0,1,0,0,0,0,0,1
-0.12255942464560447,0.8248485743900981,"5572.                  After examining and inspecting the accident's site, the following was noted: The vehicle causing the accident was coming from the west towards the east and taking the fourth lane from the left, as well as the damaged vehicles coming from the same direction, and the same lane in front of the vehicle causing the accident, and because not leaving enough distance was by the vehicle that caused the accident, the front side of the vehicle collided with the rear of the first damaged vehicle, and this caused the first damaged vehicle to collide with the front side of the vehicle with the rear of the second damaged vehicle. The accident resulted in the injury of three passengers, along with the driver who caused the accident, as well as material damage to the vehicles. According to the plan, the accident was planned.",-0.19746179160121255,-0.4015453331379524,-0.3676863281700941,0,1,0,0,0,0,1,-0.007798626891905102,0,0,0,0,0,0,0,0,0,0,0,0,0,0,0,0,0,0,1,0,0,0,0,0,0,0,0,0,1,0,1,0,0,0,0,1,0,0,0,0,0,0,0,0,0,0,0,0,0,0,0,0,0,0,1,0,0,0,0,0,0,0,0,0,1,0,0,0,0,0,0,0,1,0,0,0,0,0,0,0,0,1,0,0,0,0,0,0,0,1,0,0,1,0,0,0,1,0,0,0,0,0,1,0
0.46271686969493236,0.18007590746577945,"5573.                  After examining and inspecting the accident's site, the following was noted: Where the vehicle causing the accident was coming from the north towards the south taking the second lane from the left and the first damaged vehicle was coming from the west towards the east and taking the second lane from the left and the second damaged vehicle was coming from the west towards the east and on the third lane from the left. Because of bypassing the red signal by the vehicle causing the accident, the front side of the vehicle causing the accident collided with the front left side of the first damaged vehicle, which led to the collision of the first damaged vehicle on the second damaged vehicle, which led to the collision of the right side of the first damaged vehicle with the left side of the second damaged vehicle and the collision of the second damaged vehicle and collision with the pavement and so on. The accident occurred according to the accident plan",-0.19746179160121255,-0.4015453331379524,-0.0073990040508776864,0,1,0,0,0,0,1,0.3274298456840413,0,0,1,0,0,0,0,0,0,0,0,0,0,0,0,0,0,0,0,0,0,0,0,0,0,0,1,0,0,0,1,0,0,1,0,0,0,0,0,0,0,0,0,0,0,0,0,0,0,0,0,0,0,0,1,0,0,0,0,0,0,0,0,1,0,0,0,0,0,0,0,0,1,0,0,0,0,0,0,0,0,0,0,1,0,0,0,0,0,0,1,0,1,0,0,0,1,0,0,0,1,0,0,0