Age of the injured,Str Code,Accident Description,Road speed limit,Pedestrian action,Number of Lanes,Gender_F,Gender_M,Week_Fifth week,Week_First week,Week_Fourth week,Week_Second week,Week_Third week,Date_time,Reasons__??? ????? ?????? ?????? ???? ????? ??? ???? ???????,Reasons__???? ?? ??????? (???),Reasons__Bypassing the red traffic light,Reasons__Driving back without attention,Reasons__Driving back without traffic clearance,Reasons__Driving in the opposite direction,Reasons__Entering main road without traffic clearance,Reasons__Exceeding speed limit,Reasons__Fatigue and drowsiness,Reasons__Faults in the road,Reasons__Ignoring road lane,Reasons__Ignoring traffic lights,Reasons__Lack of driving awareness,Reasons__Misuse of traffic,Reasons__Negligence and inobservance,Reasons__Negligent driving,Reasons__Not giving priority to pedestrian crossing,Reasons__Not giving way / not giving priority,Reasons__Not leaving enough space,Reasons__Not observing the stop sign,Reasons__Not securing vehicle stability while stopping,Reasons__Speedy without taking road conditions into account,Reasons__Sudden deviation,Reasons__Sudden stop,Reasons__Tyre burst,Reasons__under influence of intoxicant or narcotic drug,__Al Madina Police Station,__Khaldiya Police Station,__Shaabiya Police Station,Streetname_Intersection,Streetname_Street,place__Bridge / Tunnel,place__Coastal area,place__Commercial area,place__Fuel Station,place__Govt. authority,place__Hospital,place__Island,place__Mosque,place__One level intersection,place__Other,place__Park,place__Residential area,place__Sand area,place__School,place__Work area,place__external road,place__unknown,location__ ,location__Bridge,location__Bridge /  Tunnel,location__Car parking,location__Double road,location__Highway,location__Intersection,location__Off the road,location__Other(specify),location__Roundabout,location__Side parking,location__Single road,location__Tunnel,location__Two-way road,location__Unknown,lighting__day,lighting__night - enough lights,lighting__night - weak lights,intersection__Deviated intersection,intersection__Half Perpendicular Intersection,intersection__Multiple leg Intersection,intersection__Not on Intersection,intersection__Not on or around 20 meters,intersection__Other,intersection__Perpendicular Intersection,intersection__Roundabout,intersection__Turn ,accidentype__Collision while turning,accidentype__Fall,accidentype__Hitting a moving object off the road,accidentype__Hitting a moving object on the road,accidentype__Hitting a stationary object off the road,accidentype__Hitting a stationary object on the road,accidentype__Multiple collision,accidentype__Other (specify),accidentype__Perpendicular collision,accidentype__Person run over,accidentype__Rear collision,accidentype__Reciprocal collision,accidentype__Side collision,accidentype__deterioration,seat belt_N,seat belt_Y,seat_Back passenger seat,seat_Driver's seat,seat_Front passenger seat,seat_No passenger,seat_bike passenger,position_Driver,position_Passenger,position_Pedestrian,nationality_Arab States,nationality_Asian States,nationality_GCC,nationality_Other,nationality_UAE
1.0479931640354692,0.9208785460596774,"5574.                  After examining and inspecting the accident's site, the following was noted: The vehicle causing the accident was coming from the east towards the west, turning towards the south and taking the second lane from the left, and the person was coming from the west towards the east and crossing the pedestrian crossing lines inside the intersection, and because of traffic misuse by the vehicle that caused the accident, the front left side of the vehicle collided with the run over person, causing the run over person to fall. The accident resulted in the injury of the person who was hit and the vehicle was also damaged. According to the plan, the accident was planned.",-0.19746179160121255,-0.4015453331379524,0.6331117943832852,0,1,0,0,0,0,1,0.43430239007529553,0,0,0,0,0,0,0,0,0,0,0,0,0,0,1,0,0,0,0,0,0,0,0,0,0,0,0,0,1,0,1,0,0,1,0,0,0,0,0,0,0,0,0,0,0,0,0,0,0,0,0,0,0,0,1,0,0,0,0,0,0,0,0,1,0,0,0,0,0,0,0,0,1,0,0,0,0,0,0,0,0,0,0,0,1,0,0,0,0,1,0,0,0,0,1,0,0,0,1,0,1,0,0,0
0.46271686969493236,0.9208785460596774,"5575.                  After examining and inspecting the accident's site, the following was noted: While the driver of the vehicle causing the accident was taking the second lane from the right and was coming from the west towards the east towards the intersection of the modern bakery towards the outside, on Muroor Street, while the first damaged vehicle and the second damaged vehicle were traveling, and as a result of not leaving enough distance by the driver of the vehicle causing the accident, the front of the causing vehicle collided with the rear of the first damaged vehicle, accident resulted in vehicle material damage, the accident was planned as shown in the report.",-0.19746179160121255,-0.4015453331379524,-0.3676863281700941,0,1,0,0,0,0,1,0.4385160029365995,0,0,0,0,0,0,0,0,0,0,0,0,0,0,0,0,0,0,1,0,0,0,0,0,0,0,0,0,1,0,1,0,0,1,0,0,0,0,0,0,0,0,0,0,0,0,0,0,0,0,0,0,0,1,0,0,0,0,0,0,0,0,0,1,0,0,0,0,0,1,0,0,0,0,0,0,0,0,0,0,0,1,0,0,0,0,0,0,0,1,0,0,1,0,0,0,1,0,0,1,0,0,0,0
-0.33538716804216334,-0.8350980787554881,"5576.                  After examining and inspecting the accident's site, the following was noted: The vehicle causing the accident was traveling from the south towards the north, on the right lane while the damaged motorcycle was traveling from the north towards the south and while the two vehicles were traveling on a secondary road and due to the lack of attention of the driver causing the accident and his negligence while driving , he drifted to the left and the front of the vehicle causing the accident hit the front side of the damaged motorcycle, as shown in the picture. The accident resulted in the injured driver and material damage to both vehicles. The accident was planned and done.",-1.4175737141371132,-0.4015453331379524,-1.3684844507234735,0,1,0,0,0,0,1,0.5446771581434777,0,0,0,0,0,0,0,0,0,0,0,0,0,0,0,0,0,0,0,0,0,0,1,0,0,0,0,0,1,0,1,0,0,1,0,0,0,0,0,0,0,0,0,0,0,0,0,0,0,0,0,0,0,0,0,0,0,0,0,1,0,0,0,1,0,0,0,0,0,1,0,0,0,0,0,0,0,0,0,0,0,0,0,0,0,0,1,0,0,1,0,0,0,0,0,1,1,0,0,0,1,0,0,0
0.8883723564880501,-0.9860023199505414,"5577.                  After examining and inspecting the accident's site, the following was noted: While the vehicle causing the accident was traveling from east to west on the left lane and turning to the south inside the intersection, and the damaged vehicle was traveling from west to east on the second lane from the left, during the course of the two vehicles, and due to overtaking The red light signal from the driver of the vehicle causing the accident hit the front of the damaged vehicle on the right side of the vehicle causing the accident according to the picture in the scheme. The accident resulted in injuries to the drivers and material damage to both vehicles. The accident was planned.",1.0226501309346883,-0.4015453331379524,0.6331117943832852,0,1,0,0,0,0,1,0.6569343714380086,0,0,1,0,0,0,0,0,0,0,0,0,0,0,0,0,0,0,0,0,0,0,0,0,0,0,0,0,1,0,1,0,0,0,0,1,0,0,0,0,0,0,0,0,0,0,0,0,0,0,0,0,0,0,1,0,0,0,0,0,0,0,0,0,1,0,0,0,0,0,0,0,1,0,0,0,0,0,0,0,0,0,0,1,0,0,0,0,0,0,1,0,1,0,0,0,1,0,0,0,0,0,1,0
0.9415792923371898,-0.9860023199505414,"5578.                  After examining and inspecting the accident's site, the following was noted: While the vehicle causing the accident was traveling from the east towards the west, taking the left lane and turning to the south inside the intersection, the damaged vehicle was traveling from the west towards the east and taking the second lane from the left, during the course of the two vehicles and due to overtaking The red light signal from the driver of the vehicle causing the accident hit the front of the damaged vehicle on the right side of the vehicle causing the accident according to the picture in the scheme. The accident resulted in injuries to the drivers and material damage to both vehicles. The accident was planned.",1.0226501309346883,-0.4015453331379524,0.6331117943832852,0,1,0,0,0,0,1,0.6569343714380086,0,0,1,0,0,0,0,0,0,0,0,0,0,0,0,0,0,0,0,0,0,0,0,0,0,0,0,0,1,0,1,0,0,0,0,1,0,0,0,0,0,0,0,0,0,0,0,0,0,0,0,0,0,0,1,0,0,0,0,0,0,0,0,0,1,0,0,0,0,0,0,0,1,0,0,0,0,0,0,0,0,0,0,1,0,0,0,0,0,0,1,0,1,0,0,0,1,0,0,1,0,0,0,0
-0.7078357189861413,-0.944846617806436,"5579.                  After examining and inspecting the accident's site, the following was noted: While the damaged vehicle was traveling on the far right lane on Al-Khaleej Al-Arabi Street and because there was not enough distance left by the driver of the vehicle causing the next accident, who was taking the same lane and direction, and the front of the vehicle causing the accident hit the rear of the vehicle The damaged vehicle deviated from the main road and stopped on a side filter, according to the plan, the accident occurred.",2.2427620534705888,-0.4015453331379524,1.6339099169366647,0,1,0,0,1,0,0,0.6683494317349956,0,0,0,0,0,0,0,0,0,0,0,0,0,0,0,0,0,0,1,0,0,0,0,0,0,0,0,1,0,0,1,0,0,0,0,0,0,0,0,0,0,0,1,0,0,0,0,0,0,0,0,0,1,0,0,0,0,0,0,0,0,0,0,0,1,0,0,0,0,1,0,0,0,0,0,0,0,0,0,0,0,0,0,0,0,1,0,0,0,0,1,0,1,0,0,0,1,0,0,0,0,0,0,1
0.9415792923371898,-0.9860023199505414,"5580.                  After examining and inspecting the accident's site, the following was noted: The vehicle causing the accident was taking the far-left lane and was coming from the east, turning to the south side, and the first damaged vehicle was taking the second lane from the left and was coming from the west towards the east, and the second damaged vehicle was taking the lane. The third from the left side, and because the accident-causing vehicle exceeded the red light signal, the front of the vehicle causing the accident collided with the front left side of the first damaged vehicle, causing it to deviate and the front of the second damaged vehicle collided with the right side of the first damaged vehicle and thus the accident occurred according to the accident plan",-0.19746179160121255,-0.4015453331379524,-0.0073990040508776864,1,0,0,0,1,0,0,0.8744334062242242,0,0,1,0,0,0,0,0,0,0,0,0,0,0,0,0,0,0,0,0,0,0,0,0,0,0,0,0,1,0,1,0,0,0,1,0,0,0,0,0,0,0,0,0,0,0,0,0,0,0,0,0,0,0,1,0,0,0,0,0,0,0,0,1,0,0,0,0,0,0,0,0,1,0,0,0,0,0,0,0,0,0,0,0,0,1,0,0,0,0,1,1,0,0,0,0,0,1,0,0,1,0,0,0
-1.2399050774775384,-0.972283752569173,"5581.                  After examining and inspecting the accident's site, the following was noted: On a side street of Airport Street while you were the second offending vehicle behind the first offending vehicle, the driver of the second offending vehicle claims that the driver of the first offending vehicle collided with him from behind, while the first offender claims that the second offender has By returning to the rear and colliding with the front of his vehicle, resulting in material damage and injury to the first offender, according to planning, the accident occurred.",-2.637685636673014,-0.4015453331379524,-2.3692825732768528,0,1,0,0,1,0,0,1.0891416065178878,0,0,0,0,0,0,0,0,0,0,0,0,0,0,0,0,0,0,1,0,0,0,0,0,0,0,0,1,0,0,1,0,0,0,0,1,0,0,0,0,0,0,0,0,0,0,0,0,0,0,0,0,0,0,0,0,0,0,0,1,0,0,0,0,0,1,0,0,0,0,0,0,0,1,0,0,0,0,0,0,0,1,0,0,0,0,0,0,0,0,1,0,1,0,0,0,1,0,0,0,0,0,0,1
-0.33538716804216334,1.140375624161573,"5582.                  After examining and inspecting the accident's site, the following was noted: The causing vehicle was coming from a west-to-east direction on the right-hand line, while it was moving and due to the driving in a state of drunkenness by the driver causing the vehicle to lose control and collided with the sidewalk and deteriorated the bike resulting in the driver's injury, damage to state property and damage by bicycle, and accordingly the accident was planned as shown in the drawing.",-0.19746179160121255,-0.4015453331379524,-1.3684844507234735,0,1,0,0,1,0,0,1.0859348829637008,0,0,0,0,0,0,0,0,0,0,0,0,0,0,0,0,0,0,0,0,0,0,0,0,0,1,0,1,0,0,1,1,0,0,0,0,0,0,0,0,0,0,0,0,0,0,0,0,0,0,1,0,0,0,0,0,0,0,0,0,0,0,0,0,1,0,0,0,0,1,0,0,0,0,0,0,0,0,0,0,1,0,0,0,0,0,0,0,0,1,0,0,1,0,0,0,1,0,0,0,0,0,0,1
1.6332694583760061,1.3873098370262058,"5583.                  After examining and inspecting the accident's site, the following was noted: The causing vehicle was coming from the east towards the west and turning left towards the south with the far left line, the two affected vehicles were coming from the west towards the east with the right line, while the vehicles were traveling and arriving at the intersection and because of the red traffic light bypassing The driver of the offending vehicle hit the front of the first damaged vehicle on the front side of the offending vehicle, and then the front of the second damaged vehicle collided at the rear of the first damaged vehicle, and accordingly the accident was planned as shown in the drawing",1.0226501309346883,-0.4015453331379524,0.6331117943832852,0,1,0,0,1,0,0,1.092545330153902,0,0,1,0,0,0,0,0,0,0,0,0,0,0,0,0,0,0,0,0,0,0,0,0,0,0,0,0,1,0,1,0,0,0,0,0,0,0,0,0,0,0,1,0,0,0,0,0,0,0,0,0,0,0,1,0,0,0,0,0,0,0,0,1,0,0,0,0,0,0,0,0,1,0,0,0,0,0,0,0,0,0,0,1,0,0,0,0,0,0,1,0,0,1,0,0,0,1,0,0,0,0,0,1
0.40950993384579265,1.3873098370262058,"5584.                  After examining and inspecting the accident's site, the following was noted: The causing vehicle was coming from the east towards the west and turning left towards the south with the far left line, the two affected vehicles were coming from the west towards the east with the right line, while the vehicles were traveling and arriving at the intersection and because of the red traffic light bypassing The driver of the offending vehicle hit the front of the first damaged vehicle on the front side of the offending vehicle, and then the front of the second damaged vehicle collided at the rear of the first damaged vehicle, and accordingly the accident was planned as shown in the drawing",1.0226501309346883,-0.4015453331379524,0.6331117943832852,0,1,0,0,1,0,0,1.092545330153902,0,0,1,0,0,0,0,0,0,0,0,0,0,0,0,0,0,0,0,0,0,0,0,0,0,0,0,0,1,0,1,0,0,0,0,0,0,0,0,0,0,0,1,0,0,0,0,0,0,0,0,0,0,0,1,0,0,0,0,0,0,0,0,1,0,0,0,0,0,0,0,0,1,0,0,0,0,0,0,0,0,0,0,1,0,0,0,0,0,1,0,0,1,0,0,0,1,0,0,0,0,0,0,1
1.1544070357337486,0.11148307055893704,"5585.                  After examining and inspecting the accident's site, the following was noted: The causing vehicle is coming from the south towards the north with the right line, the damaged vehicle is coming from the east towards the west with the right line, while the two vehicles are traveling and entering the intersection, and because of the passing of the red signal by the driver of the causing vehicle crashing into the front of the vehicle The culprit on the left side of the damaged vehicle and the two vehicles settled, and accordingly the accident was planned as shown in the drawing.",-0.19746179160121255,-0.4015453331379524,-0.3676863281700941,0,1,0,0,1,0,0,1.1053612799216603,0,0,1,0,0,0,0,0,0,0,0,0,0,0,0,0,0,0,0,0,0,0,0,0,0,0,0,1,0,0,1,0,0,1,0,0,0,0,0,0,0,0,0,0,0,0,0,0,0,0,0,0,0,0,1,0,0,0,0,0,0,0,0,0,1,0,0,0,0,0,0,0,1,0,0,0,0,0,0,0,0,0,0,1,0,0,0,0,0,0,1,0,1,0,0,0,1,0,0,0,1,0,0,0
1.3140278432811678,0.11148307055893704,"5586.                  After examining and inspecting the accident's site, the following was noted: The causing vehicle is coming from the south towards the north with the right line, the damaged vehicle is coming from the east towards the west with the right line, while the two vehicles are traveling and entering the intersection, and because of the passing of the red signal by the driver of the causing vehicle crashing into the front of the vehicle The culprit on the left side of the damaged vehicle and the two vehicles settled, and accordingly the accident was planned as shown in the drawing.",-0.19746179160121255,-0.4015453331379524,-0.3676863281700941,0,1,0,0,1,0,0,1.1053612799216603,0,0,1,0,0,0,0,0,0,0,0,0,0,0,0,0,0,0,0,0,0,0,0,0,0,0,0,1,0,0,1,0,0,1,0,0,0,0,0,0,0,0,0,0,0,0,0,0,0,0,0,0,0,0,1,0,0,0,0,0,0,0,0,0,1,0,0,0,0,0,0,0,1,0,0,0,0,0,0,0,0,0,0,1,0,0,0,0,0,0,1,0,0,1,0,0,0,1,0,0,0,0,1,0
0.8883723564880501,0.04289023365209463,"5587.                  After examining and inspecting the accident's site, the following was noted: The offending vehicle was traveling inside the Marina Mall parking lot and the person being hit was walking in the parking lots and while the vehicle was coming, the person interrupted the road in front of the vehicle and because of the lack of appreciation of the road users by the driver who was causing the driver to run over the front right side of the vehicle, the person who was hit during He entered the road, and according to the picture in the plan, the accident resulted in the injury of the victim, with various injuries and minor damage to the vehicle. The accident was planned.",-1.4175737141371132,2.490378837640347,-2.3692825732768528,0,1,0,0,1,0,0,1.2069804887975226,0,0,0,0,0,0,0,0,0,0,0,0,0,1,0,0,0,0,0,0,0,0,0,0,0,0,0,1,0,0,1,0,0,1,0,0,0,0,0,0,0,0,0,0,0,0,0,0,0,0,0,1,0,0,0,0,0,0,0,0,0,0,0,1,0,0,0,0,0,0,1,0,0,0,0,0,0,0,0,0,0,0,0,0,1,0,0,0,0,1,0,0,0,0,1,0,0,0,1,0,1,0,0,0
-0.2289732963438839,-0.9997208873319099,"5588.                  After examining and inspecting the accident's site, the following was noted: The offending vehicle was coming south towards the north, and because there was not enough distance between the vehicles, the front of the offending vehicle and its left side collided with the rear of the damaged vehicle and its right side, which was driving in front of the causing vehicle according to the plan, the accident occurred",-0.19746179160121255,-0.4015453331379524,0.6331117943832852,1,0,0,0,1,0,0,1.2006764861790524,0,0,0,0,0,0,0,0,0,0,0,0,0,0,0,0,0,0,1,0,0,0,0,0,0,0,0,0,1,0,1,0,0,1,0,0,0,0,0,0,0,0,0,0,0,0,0,0,0,0,0,0,0,1,0,0,0,0,0,0,0,0,0,1,0,0,0,0,0,1,0,0,0,0,0,0,0,0,0,0,0,0,0,0,0,1,0,0,0,1,0,0,1,0,0,0,1,0,0,0,0,0,0,1
0.5691307413932118,-0.972283752569173,"5589.                  After examining and inspecting the accident's site, the following was noted: While the offending vehicle was coming from the west towards the east and taking the middle path, the damaged vehicle was coming from the south towards the north and taking the middle path. Planned the accident occurred.",-0.19746179160121255,-0.4015453331379524,-0.3676863281700941,0,1,0,0,1,0,0,1.2137660471715706,0,0,1,0,0,0,0,0,0,0,0,0,0,0,0,0,0,0,0,0,0,0,0,0,0,0,1,0,0,0,1,0,0,1,0,0,0,0,0,0,0,0,0,0,0,0,0,0,0,0,0,0,0,0,0,0,0,1,0,0,0,0,0,0,1,0,0,0,0,0,0,0,0,1,0,0,0,0,0,0,0,0,0,1,0,0,0,0,0,0,1,0,1,0,0,0,1,0,0,0,0,1,0,0
-0.28218023219302363,0.5504772267627285,"5590.                  After examining and inspecting the accident's site, the following was noted: The vehicle causing the accident before the accident was coming from the north towards the south and traveling to the far left and would like to turn to the left and the damaged vehicle coming from the south towards the north and taking the right lane and because of the driver passing the red light, the front of the vehicle hit The perpetrator from the right side at the front of the damaged vehicle resulted in the accident injuring the offending driver and the escort, and according to the scheme, the accident occurred",-0.19746179160121255,-0.4015453331379524,0.6331117943832852,0,1,0,0,1,0,0,1.301540528074577,0,0,1,0,0,0,0,0,0,0,0,0,0,0,0,0,0,0,0,0,0,0,0,0,0,0,0,1,0,0,1,0,0,1,0,0,0,0,0,0,0,0,0,0,0,0,0,0,0,0,0,0,0,0,1,0,0,0,0,0,0,0,0,0,1,0,0,0,0,0,0,0,1,0,0,0,0,0,0,0,0,0,0,1,0,0,0,0,0,1,0,0,1,0,0,0,1,0,0,0,0,0,0,1
-0.28218023219302363,0.5504772267627285,"5591.                  After examining and inspecting the accident's site, the following was noted: The vehicle causing the accident before the accident was coming from the north towards the south and traveling to the far left and would like to turn to the left and the damaged vehicle coming from the south towards the north and taking the right lane and because of the driver passing the red light, the front of the vehicle hit The perpetrator from the right side at the front of the damaged vehicle resulted in the accident injuring the offending driver and the escort, and according to the scheme, the accident occurred",-0.19746179160121255,-0.4015453331379524,0.6331117943832852,0,1,0,0,1,0,0,1.301540528074577,0,0,1,0,0,0,0,0,0,0,0,0,0,0,0,0,0,0,0,0,0,0,0,0,0,0,0,1,0,0,1,0,0,1,0,0,0,0,0,0,0,0,0,0,0,0,0,0,0,0,0,0,0,0,1,0,0,0,0,0,0,0,0,0,1,0,0,0,0,0,0,0,1,0,0,0,0,0,0,0,0,0,0,1,0,0,0,0,0,0,1,0,0,1,0,0,0,1,0,0,1,0,0,0
-0.4950079755895825,0.5504772267627285,"5592.                  After examining and inspecting the accident's site, the following was noted: The vehicle causing the accident before the accident was coming from the north towards the south and traveling to the far left and would like to turn to the left and the damaged vehicle coming from the south towards the north and taking the right lane and because of the driver passing the red light, the front of the vehicle hit The perpetrator from the right side at the front of the damaged vehicle resulted in the accident injuring the offending driver and the escort, and according to the scheme, the accident occurred",-0.19746179160121255,-0.4015453331379524,0.6331117943832852,0,1,0,0,1,0,0,1.301540528074577,0,0,1,0,0,0,0,0,0,0,0,0,0,0,0,0,0,0,0,0,0,0,0,0,0,0,0,1,0,0,1,0,0,1,0,0,0,0,0,0,0,0,0,0,0,0,0,0,0,0,0,0,0,0,1,0,0,0,0,0,0,0,0,0,1,0,0,0,0,0,0,0,1,0,0,0,0,0,0,0,0,0,0,1,0,0,0,0,0,0,1,0,0,1,0,0,0,1,0,0,0,1,0,0
-0.33538716804216334,0.8934414112969404,"5593.                  After examining and inspecting the accident's site, the following was noted: While the first causing vehicle was coming from the west towards the east, entering the intersection towards the north, taking the left path (arrow), and the second causing vehicle coming from the east towards the west, taking the second lane from the left, and Because one of the two vehicles crossed the red light signal and the driver of the first causing vehicle was driving in an abnormal condition (drunk), the front of the second offending vehicle collided with the front right side of the first causing vehicle, and according to the scheme, the accident occurred.",-0.19746179160121255,-0.4015453331379524,0.6331117943832852,0,1,0,0,1,0,0,1.4149250196151193,0,0,0,0,0,0,0,0,0,0,0,0,0,0,0,0,0,0,0,0,0,0,0,0,0,1,0,0,1,0,1,0,0,0,0,1,0,0,0,0,0,0,0,0,0,0,0,0,0,0,0,0,0,0,1,0,0,0,0,0,0,0,0,0,1,0,0,0,0,0,0,0,1,0,0,0,0,0,0,0,0,0,0,1,0,0,0,0,0,0,1,0,1,0,0,0,1,0,0,0,1,0,0,0
0.03706138290181467,0.8934414112969404,"5594.                  After examining and inspecting the accident's site, the following was noted: While the first causing vehicle was coming from the west towards the east, entering the intersection towards the north, taking the left path (arrow), and the second causing vehicle coming from the east towards the west, taking the second lane from the left, and Because one of the two vehicles crossed the red light signal and the driver of the first causing vehicle was driving in an abnormal condition (drunk), the front of the second offending vehicle collided with the front right side of the first causing vehicle, and according to the scheme, the accident occurred.",-0.19746179160121255,-0.4015453331379524,0.6331117943832852,0,1,1,0,0,0,0,1.4149250196151193,0,0,0,0,0,0,0,0,0,0,0,0,0,0,0,0,0,0,0,0,0,0,0,0,0,1,0,0,1,0,1,0,0,0,0,1,0,0,0,0,0,0,0,0,0,0,0,0,0,0,0,0,0,0,1,0,0,0,0,0,0,0,0,0,1,0,0,0,0,0,0,0,1,0,0,0,0,0,0,0,0,0,0,1,0,0,0,0,0,0,1,0,0,0,1,0,1,0,0,0,0,0,0,1
-0.4950079755895825,0.6739443331950448,"5595.                  After examining and inspecting the accident's site, the following was noted: While the causing vehicle was coming from the south towards the north, taking the second lane from the left, and the first and second damaged vehicle was coming from the north and heading through the intersection towards the east, taking the middle path of the street and because of the red traffic light passing by before the causing vehicle, the causing vehicle hit its left side with the front of the first damaged vehicle, and the second damaged vehicle collided with its front head at the rear of the first damaged vehicle, and according to the diagram in the scheme, the accident occurred.",1.0226501309346883,-0.4015453331379524,0.6331117943832852,0,1,1,0,0,0,0,1.6394503906531714,0,0,1,0,0,0,0,0,0,0,0,0,0,0,0,0,0,0,0,0,0,0,0,0,0,0,0,1,0,0,1,0,0,0,0,0,0,0,0,0,0,0,1,0,0,0,0,0,0,0,0,0,0,0,1,0,0,0,0,0,0,0,0,1,0,0,0,0,0,0,0,0,1,0,0,0,0,0,0,0,0,0,0,1,0,0,0,0,0,0,1,0,1,0,0,0,1,0,0,0,0,0,0,1
0.5691307413932118,-0.574445298509487,"5596.                  After examining and inspecting the accident's site, the following was noted: The vehicle causing the accident before the accident was in a final stop condition, and then suddenly the causing vehicle came back and happened to be in the same place and because of the driver's lack of attention while reversing, it collided with the rear of the vehicle causing the vehicle, which resulted in an injury He was transferred to the hospital, and according to the plan, the accident occurred",-1.4175737141371132,-0.4015453331379524,0.6331117943832852,0,1,1,0,0,0,0,1.6544442857700192,0,0,0,0,1,0,0,0,0,0,0,0,0,0,0,0,0,0,0,0,0,0,0,0,0,0,1,0,0,0,1,0,0,1,0,0,0,0,0,0,0,0,0,0,0,0,0,0,0,0,0,1,0,0,0,0,0,0,0,0,0,0,0,0,1,0,0,0,0,0,1,0,0,0,0,0,0,0,0,0,0,0,0,0,1,0,0,0,0,1,0,0,0,0,1,0,0,0,1,0,1,0,0,0
1.6332694583760061,0.8934414112969404,"5597.                  After examining and inspecting the accident's site, the following was noted: While the causing vehicle was coming from the west towards the east, taking the path of the far left, and upon reaching the intersection and passing it, the red traffic light (arrow signal) deflected upon entering the intersection to the left to coincide with the arrival of the damaged vehicle from the east. Towards the west, the second lane is passed from the left to hit the front of the damaged vehicle on the right side of the offending vehicle, and the offending vehicle veers and hits an indicative plate and stops above the sidewalk as the damaged vehicle stopped in the middle of the intersection, according to the plan.",-0.19746179160121255,-0.4015453331379524,0.6331117943832852,1,0,0,1,0,0,0,1.7554615499514095,0,0,1,0,0,0,0,0,0,0,0,0,0,0,0,0,0,0,0,0,0,0,0,0,0,0,0,0,1,0,1,0,0,0,0,1,0,0,0,0,0,0,0,0,0,0,0,0,0,0,0,0,0,0,1,0,0,0,0,0,0,0,0,1,0,0,0,0,0,0,0,0,1,0,0,0,0,0,0,0,0,0,0,1,0,0,0,0,0,0,1,0,0,1,0,0,0,1,0,0,1,0,0,0
0.8351654206389104,0.24866874437262185,"5598.                  After examining and inspecting the accident's site, the following was noted: The vehicle causing the accident was coming from the east to the west bypassing the red traffic light, and its entry into the intersection coincided with the entry of the first affected vehicle, which was coming from the south towards the north, and hit the front of the vehicle causing the accident to the right side of the vehicle The first damaged vehicle and due to the severity of the shock, the first damaged vehicle deviated towards the opposite street coming from the north towards the south, so the first damaged vehicle overturned and ran over the people who were standing on the island separating the two directions, and then hit the traffic light pole and then collided with the front of the second damaged vehicle that was parked on the traffic light Then the first damaged vehicle hit the front of the third damaged vehicle, which was also parked on the traffic light, and according to the scheme, the accident occurred.",1.0226501309346883,2.490378837640347,0.6331117943832852,0,1,0,1,0,0,0,-0.9718841940072347,0,0,1,0,0,0,0,0,0,0,0,0,0,0,0,0,0,0,0,0,0,0,0,0,0,0,0,0,1,0,1,0,0,1,0,0,0,0,0,0,0,0,0,0,0,0,0,0,0,0,0,0,0,0,1,0,0,0,0,0,0,0,0,0,1,0,0,0,0,0,0,0,1,0,0,0,0,0,0,0,0,0,0,1,0,0,0,0,0,1,0,0,0,0,1,0,0,0,1,0,1,0,0,0
-0.17576636049474417,0.24866874437262185,"5599.                  After examining and inspecting the accident's site, the following was noted: The vehicle causing the accident was coming from the east to the west bypassing the red traffic light, and its entry into the intersection coincided with the entry of the first affected vehicle, which was coming from the south towards the north, and hit the front of the vehicle causing the accident to the right side of the vehicle The first damaged vehicle and due to the severity of the shock, the first damaged vehicle deviated towards the opposite street coming from the north towards the south, so the first damaged vehicle overturned and ran over the people who were standing on the island separating the two directions, and then hit the traffic light pole and then collided with the front of the second damaged vehicle that was parked on the traffic light Then the first damaged vehicle hit the front of the third damaged vehicle, which was also parked on the traffic light, and according to the scheme, the accident occurred.",1.0226501309346883,-0.4015453331379524,0.6331117943832852,1,0,0,1,0,0,0,-0.9718841940072347,0,0,1,0,0,0,0,0,0,0,0,0,0,0,0,0,0,0,0,0,0,0,0,0,0,0,0,0,1,0,1,0,0,1,0,0,0,0,0,0,0,0,0,0,0,0,0,0,0,0,0,0,0,0,1,0,0,0,0,0,0,0,0,0,1,0,0,0,0,0,0,0,1,0,0,0,0,0,0,0,0,0,0,1,0,0,0,0,0,1,0,0,0,0,1,0,0,0,1,0,1,0,0,0