Age of the injured,Str Code,Accident Description,Road speed limit,Pedestrian action,Number of Lanes,Gender_F,Gender_M,Week_Fifth week,Week_First week,Week_Fourth week,Week_Second week,Week_Third week,Date_time,Reasons__??? ????? ?????? ?????? ???? ????? ??? ???? ???????,Reasons__???? ?? ??????? (???),Reasons__Bypassing the red traffic light,Reasons__Driving back without attention,Reasons__Driving back without traffic clearance,Reasons__Driving in the opposite direction,Reasons__Entering main road without traffic clearance,Reasons__Exceeding speed limit,Reasons__Fatigue and drowsiness,Reasons__Faults in the road,Reasons__Ignoring road lane,Reasons__Ignoring traffic lights,Reasons__Lack of driving awareness,Reasons__Misuse of traffic,Reasons__Negligence and inobservance,Reasons__Negligent driving,Reasons__Not giving priority to pedestrian crossing,Reasons__Not giving way / not giving priority,Reasons__Not leaving enough space,Reasons__Not observing the stop sign,Reasons__Not securing vehicle stability while stopping,Reasons__Speedy without taking road conditions into account,Reasons__Sudden deviation,Reasons__Sudden stop,Reasons__Tyre burst,Reasons__under influence of intoxicant or narcotic drug,__Al Madina Police Station,__Khaldiya Police Station,__Shaabiya Police Station,Streetname_Intersection,Streetname_Street,place__Bridge / Tunnel,place__Coastal area,place__Commercial area,place__Fuel Station,place__Govt. authority,place__Hospital,place__Island,place__Mosque,place__One level intersection,place__Other,place__Park,place__Residential area,place__Sand area,place__School,place__Work area,place__external road,place__unknown,location__ ,location__Bridge,location__Bridge /  Tunnel,location__Car parking,location__Double road,location__Highway,location__Intersection,location__Off the road,location__Other(specify),location__Roundabout,location__Side parking,location__Single road,location__Tunnel,location__Two-way road,location__Unknown,lighting__day,lighting__night - enough lights,lighting__night - weak lights,intersection__Deviated intersection,intersection__Half Perpendicular Intersection,intersection__Multiple leg Intersection,intersection__Not on Intersection,intersection__Not on or around 20 meters,intersection__Other,intersection__Perpendicular Intersection,intersection__Roundabout,intersection__Turn ,accidentype__Collision while turning,accidentype__Fall,accidentype__Hitting a moving object off the road,accidentype__Hitting a moving object on the road,accidentype__Hitting a stationary object off the road,accidentype__Hitting a stationary object on the road,accidentype__Multiple collision,accidentype__Other (specify),accidentype__Perpendicular collision,accidentype__Person run over,accidentype__Rear collision,accidentype__Reciprocal collision,accidentype__Side collision,accidentype__deterioration,seat belt_N,seat belt_Y,seat_Back passenger seat,seat_Driver's seat,seat_Front passenger seat,seat_No passenger,seat_bike passenger,position_Driver,position_Passenger,position_Pedestrian,nationality_Arab States,nationality_Asian States,nationality_GCC,nationality_Other,nationality_UAE
0.19668219044923382,-0.9997208873319099,"5623.                  After examining and inspecting the accident's site, the following was noted: The vehicle causing the accident was coming from the west towards the east and taking the first lane from the left and due to speed without taking into account the road conditions by the vehicle causing the accident and not adhering to the road line, this led to the vehicle drifting, colliding with the pavement and hitting the iron barriers and settled outside the road, the accident resulted in the driver being moderately injured, as well as material damage to vehicles, and according to the plan, the accident occurred.",-0.19746179160121255,-0.4015453331379524,0.6331117943832852,0,1,0,0,0,1,0,-0.9774658629923385,0,0,1,0,0,0,0,0,0,0,0,0,0,0,0,0,0,0,0,0,0,0,0,0,0,0,0,0,1,0,1,0,0,1,0,0,0,0,0,0,0,0,0,0,0,0,0,0,0,0,0,0,0,0,1,0,0,0,0,0,0,0,0,1,0,0,0,0,0,0,0,0,1,0,0,0,0,0,0,0,0,0,0,1,0,0,0,0,0,1,0,1,0,0,0,0,0,1,0,1,0,0,0,0
0.1434752546000941,-0.9997208873319099,"5624.                  After examining and inspecting the accident's site, the following was noted: During the passage of the vehicle causing the accident in Carrefour parking and the person being run over in the parking lot and due to traffic misuse, the front of the vehicle causing the accident hit the body of the person who was hit, resulting in bodily damage to the person being hit, and according to the plan, the accident occurred.",-0.19746179160121255,-0.4015453331379524,0.6331117943832852,0,1,0,0,0,1,0,-0.9774658629923385,0,0,1,0,0,0,0,0,0,0,0,0,0,0,0,0,0,0,0,0,0,0,0,0,0,0,0,0,1,0,1,0,0,1,0,0,0,0,0,0,0,0,0,0,0,0,0,0,0,0,0,0,0,0,1,0,0,0,0,0,0,0,0,1,0,0,0,0,0,0,0,0,1,0,0,0,0,0,0,0,0,0,0,1,0,0,0,0,0,0,1,0,1,0,0,0,1,0,0,1,0,0,0,0
-1.6655605642706561,-0.9997208873319099,"5625.                  After examining and inspecting the accident's site, the following was noted: The vehicle causing the accident was coming from the west towards the east and taking the middle lane, and the damaged vehicle was coming from the south towards the north, and because the driver of the causing vehicle bypassed the red light, the front side of the damaged vehicle hit the front right side of the vehicle causing the accident, and then the front right  side of the damaged vehicle hit the concrete base of the traffic light pole. The accident resulted in bodily injuries and material damage to the two vehicles. According to the plan, the accident occurred.",-0.19746179160121255,-0.4015453331379524,0.6331117943832852,0,1,0,0,0,1,0,-0.9774658629923385,0,0,1,0,0,0,0,0,0,0,0,0,0,0,0,0,0,0,0,0,0,0,0,0,0,0,0,0,1,0,1,0,0,1,0,0,0,0,0,0,0,0,0,0,0,0,0,0,0,0,0,0,0,0,1,0,0,0,0,0,0,0,0,1,0,0,0,0,0,0,0,0,1,0,0,0,0,0,0,0,0,0,0,1,0,0,0,0,0,1,0,1,0,0,0,0,0,1,0,1,0,0,0,0
-1.6123536284215165,-0.9997208873319099,"5626.                  After examining and inspecting the accident's site, the following was noted: The vehicle causing the accident was coming from the west towards the east and was taking the middle lane, and the damaged vehicle was coming from the south towards the north, and because the driver of the causing vehicle bypassed the red light, the front side of the damaged vehicle hit the front right side of the vehicle causing the accident, and then the front right  side of the damaged vehicle hit the concrete base of the traffic light pole. The accident resulted in bodily injuries and material damage to the two vehicles. According to the plan, the accident occurred.",-0.19746179160121255,-0.4015453331379524,0.6331117943832852,0,1,0,0,0,1,0,-0.9774658629923385,0,0,1,0,0,0,0,0,0,0,0,0,0,0,0,0,0,0,0,0,0,0,0,0,0,0,0,0,1,0,1,0,0,1,0,0,0,0,0,0,0,0,0,0,0,0,0,0,0,0,0,0,0,0,1,0,0,0,0,0,0,0,0,1,0,0,0,0,0,0,0,0,1,0,0,0,0,0,0,0,0,0,0,1,0,0,0,0,0,1,0,1,0,0,0,0,0,1,0,1,0,0,0,0
1.3672347791303074,-0.8213795113741197,"5627.                  After examining and inspecting the accident's site, the following was noted: While the causing vehicle was coming from the east towards the west and taking the right lane, and the person being hit was coming from the south towards the north on a side street, the left side of the body of the runover person collided with the rear right side of the causing vehicle and the runover person fell on the ground, and the accident resulted in bodily damage to the vehicle, and according to the plan, the accident occurred.",-2.637685636673014,2.490378837640347,-2.3692825732768528,1,0,0,0,0,1,0,-0.9748829730306042,0,0,0,0,0,0,0,0,0,0,0,0,0,1,0,0,0,0,0,0,0,0,0,0,0,0,0,1,0,0,1,0,0,1,0,0,0,0,0,0,0,0,0,0,0,0,0,0,0,0,0,0,0,0,0,0,0,0,0,1,0,0,0,0,1,0,0,0,0,1,0,0,0,0,0,0,0,0,0,0,0,0,0,0,1,0,0,0,0,1,0,0,0,0,1,0,0,0,1,0,1,0,0,0
-0.7078357189861413,1.2638427305938895,"5628.                  After examining and inspecting the accident's site, the following was noted: While the vehicle causing the accident was coming from the south towards the north and taking the far left lane, and before arriving at the pedestrian crossing lines near Mashreq Bank on Khalifa Street, the driver was surprised by the runover person crossing the road on the pedestrian crossing lines from the east towards the west, and the car hit the runover person and he fell injured on the road, and the vehicle stopped at the accident site, according to the plan, the accident occurred.",1.0226501309346883,-0.4015453331379524,-0.3676863281700941,1,0,0,0,0,1,0,-0.10323422208819151,0,0,1,0,0,0,0,0,0,0,0,0,0,0,0,0,0,0,0,0,0,0,0,0,0,0,0,1,0,0,1,0,0,0,0,0,0,0,0,0,0,0,1,0,0,0,0,0,0,0,0,0,0,0,1,0,0,0,0,0,0,0,0,1,0,0,0,0,0,0,0,0,1,0,0,0,0,0,0,0,0,0,0,1,0,0,0,0,0,1,0,1,0,0,0,0,0,1,0,0,0,0,0,1
-0.28218023219302363,1.2638427305938895,"5629.                  After examining and inspecting the accident's site, the following was noted: While the driver of the vehicle causing the accident was coming from the east towards the west taking the second lane from the left, and while the driver of the damaged vehicle was coming from the north towards the south and taking the second lane from the left, and because of bypassing the traffic red light by the driver of the vehicle causing the accident, the front side of the vehicle collided with the front left side of the damaged vehicle, causing it to drift and collide with the pavement. The accident resulted in injury to the driver of the damaged vehicle and the passenger who was with him, and material damage to both vehicles. According to the plan, the accident occurred.",1.0226501309346883,-0.4015453331379524,-0.3676863281700941,1,0,0,0,0,1,0,-0.10323422208819151,0,0,1,0,0,0,0,0,0,0,0,0,0,0,0,0,0,0,0,0,0,0,0,0,0,0,0,1,0,0,1,0,0,0,0,0,0,0,0,0,0,0,1,0,0,0,0,0,0,0,0,0,0,0,1,0,0,0,0,0,0,0,0,1,0,0,0,0,0,0,0,0,1,0,0,0,0,0,0,0,0,0,0,1,0,0,0,0,0,0,1,0,1,0,0,0,1,0,0,0,0,0,0,1
-0.38859410389130306,1.2638427305938895,"5630.                  After examining and inspecting the accident's site, the following was noted: While the driver of the vehicle causing the accident was coming from the east towards the west and taking the second lane from the left, and while the driver of the damaged vehicle was coming from the north towards the south and taking the second lane from the left, and because of bypassing the red light By the driver of the vehicle causing the accident, the front side of the vehicle collided with the front left side of the damaged vehicle, which led to its drift and collision with the pavement. The accident resulted in injury to the driver of the damaged vehicle and the passenger who was with him, and material damage to both vehicles. The accident was planned.",1.0226501309346883,-0.4015453331379524,-0.3676863281700941,1,0,0,0,0,1,0,-0.10323422208819151,0,0,1,0,0,0,0,0,0,0,0,0,0,0,0,0,0,0,0,0,0,0,0,0,0,0,0,1,0,0,1,0,0,0,0,0,0,0,0,0,0,0,1,0,0,0,0,0,0,0,0,0,0,0,1,0,0,0,0,0,0,0,0,1,0,0,0,0,0,0,0,0,1,0,0,0,0,0,0,0,0,0,0,1,0,0,0,0,0,0,1,0,0,1,0,0,0,1,0,0,0,0,0,1
-0.28218023219302363,1.2638427305938895,"5631.                  After examining and inspecting the accident's site, the following was noted: The vehicle causing the accident was coming from the south to north direction, and the two damaged vehicles were coming from the east towards the west, and while the vehicles were traveling and arrived at the intersection, and because of bypassing the red light by the driver of the vehicle causing the accident The front side of the causing vehicle collided with the left side of the first damaged vehicle, and from the force of the collision, the first damaged vehicle deviated to the right and collided with the left side of the second damaged vehicle, causing the first damaged vehicle to drift and collide with the base of the traffic light and settle the vehicles. Accordingly, the accident was planned as shown in the final drawing.",1.0226501309346883,-0.4015453331379524,-0.3676863281700941,1,0,0,0,0,0,1,-0.10323422208819151,0,0,1,0,0,0,0,0,0,0,0,0,0,0,0,0,0,0,0,0,0,0,0,0,0,0,0,1,0,0,1,0,0,0,0,0,0,0,0,0,0,0,1,0,0,0,0,0,0,0,0,0,0,0,1,0,0,0,0,0,0,0,0,1,0,0,0,0,0,0,0,0,1,0,0,0,0,0,0,0,0,0,0,1,0,0,0,0,0,0,1,0,1,0,0,0,1,0,0,1,0,0,0,0
-0.2289732963438839,-0.9997208873319099,"5632.                  After examining and inspecting the accident's site, the following was noted: The vehicle causing the accident was coming from the west direction towards the east and turned left towards the north, and the two damaged vehicles were coming from the east direction towards the west, and while the vehicles were traveling and entering the intersection, and because of the red traffic light bypassing by the driver of the vehicle causing the accident, the front side of the vehicle hit the right side of the damaged vehicle and from the force of the collision the vehicle causing the accident drifted and hit the front of the second damaged vehicle on the right side of the vehicle causing the accident and the first damaged vehicle stopped while the two vehicles causing the accident and the second damaged vehicle settled after the intersection and accordingly the accident was planned drawn",1.0226501309346883,-0.4015453331379524,-1.3684844507234735,0,1,0,0,0,0,1,-0.007842404687866702,0,0,0,0,0,0,0,0,0,0,0,0,0,0,0,0,0,0,0,0,0,0,0,0,0,1,0,0,1,0,1,1,0,0,0,0,0,0,0,0,0,0,0,0,0,0,0,0,0,0,0,0,1,0,0,0,0,0,0,0,0,0,0,0,1,0,0,0,0,1,0,0,0,0,0,0,0,0,0,1,0,0,0,0,0,0,0,0,0,1,0,0,1,0,0,0,1,0,0,1,0,0,0,0
0.09026831875095438,-0.7527866744672773,"5633.                  After examining and inspecting the accident's site, the following was noted: While the damaged vehicle was coming from the east to the west, taking the far-left lane, and the vehicle causing the accident coming from the west and turning to the north, taking the U-turn turn on the far-left lane, and because of bypassing the red light, fatigue, and sleepiness by the driver of the causing vehicle, the front side of the damaged vehicle hit the right side of the causing vehicle. The accident resulted in the injury of the driver of the vehicle causing the accident, the driver of the damaged vehicle and the passenger in the vehicle causing the accident. ",-0.19746179160121255,-0.4015453331379524,-0.3676863281700941,0,1,0,0,0,0,1,0.01070843635086099,0,0,0,0,0,0,0,0,0,0,1,0,0,0,0,0,0,0,0,0,0,0,0,0,0,0,1,0,0,0,1,0,0,0,0,1,0,0,0,0,0,0,0,0,0,0,0,0,0,0,0,0,0,0,1,0,0,0,0,0,0,0,0,0,1,0,0,0,0,0,0,0,1,0,0,0,0,0,0,0,0,0,0,0,0,0,0,1,0,0,1,0,1,0,0,0,1,0,0,0,0,0,0,1
1.9525110734708444,-0.7527866744672773,"5634.                  After examining and inspecting the accident's site, the following was noted: While the damaged vehicle was coming from the east to the west, taking the far-left lane, and the vehicle causing the accident coming from the west and turning to the north, taking the U-turn turn on the far-left lane, and because of bypassing the red light, fatigue, and sleepiness by the driver of the causing vehicle, the front side of the damaged vehicle hit the right side of the causing vehicle. The accident resulted in the injury of the driver of the vehicle causing the accident, the driver of the damaged vehicle and the passenger in the vehicle causing the accident. ",-0.19746179160121255,-0.4015453331379524,-0.3676863281700941,0,1,0,0,0,0,1,0.01070843635086099,0,0,0,0,0,0,0,0,0,0,1,0,0,0,0,0,0,0,0,0,0,0,0,0,0,0,1,0,0,0,1,0,0,0,0,1,0,0,0,0,0,0,0,0,0,0,0,0,0,0,0,0,0,0,1,0,0,0,0,0,0,0,0,0,1,0,0,0,0,0,0,0,1,0,0,0,0,0,0,0,0,0,0,0,0,0,0,1,0,0,1,0,1,0,0,0,1,0,0,0,0,0,1,0
-0.4950079755895825,-0.8899723482809621,"5635.                  After examining and inspecting the accident's site, the following was noted: While the damaged vehicle was coming from the east to the west, taking the far-left lane, and the vehicle causing the accident coming from the west and turning to the north, taking the U-turn turn on the far-left lane, and because of bypassing the red light, fatigue, and sleepiness by the driver of the causing vehicle, the front side of the damaged vehicle hit the right side of the causing vehicle. The accident resulted in the injury of the driver of the vehicle causing the accident, the driver of the damaged vehicle and the passenger in the vehicle causing the accident. ",1.0226501309346883,-0.4015453331379524,-0.3676863281700941,0,1,0,0,0,0,1,0.10068275150093789,0,0,0,0,0,0,0,0,0,0,0,0,0,0,0,0,0,0,0,0,0,1,0,0,0,0,0,1,0,0,1,0,0,0,0,1,0,0,0,0,0,0,0,0,0,0,0,0,0,0,0,0,0,1,0,0,0,0,0,0,0,0,0,0,1,0,0,1,0,0,0,0,0,0,0,0,0,0,0,0,1,0,0,0,0,0,0,0,0,1,0,0,1,0,0,0,1,0,0,0,0,0,0,1
1.4736486508285869,1.4421841065516796,"5636.                  After examining and inspecting the accident's site, the following was noted: The vehicle causing the accident was coming from the east towards the west, turning towards the south and taking the first lane from the left, and the damaged vehicle was coming from the west towards the east and taking the second lane from the left, and because of the bypassing the red light signal by the vehicle causing the accident, the front of the damaged vehicle hit the vehicle causing the accident. The accident resulted in an injury to the passenger and the driver of the damaged vehicle, as well as material damage to the vehicles. The accident was drawn.",-1.4175737141371132,-0.4015453331379524,-0.3676863281700941,0,1,0,0,0,0,1,0.10815781016138097,0,0,0,0,0,0,0,0,0,0,0,0,0,0,1,0,0,0,0,0,0,0,0,0,0,0,0,0,1,0,1,0,0,1,0,0,0,0,0,0,0,0,0,0,0,0,0,0,0,0,1,0,0,0,0,0,0,0,0,0,0,0,0,1,0,0,0,0,0,0,0,0,0,1,0,0,0,0,0,0,1,0,0,0,0,0,0,0,0,0,1,0,1,0,0,0,1,0,0,1,0,0,0,0
-0.33538716804216334,-0.9311280504250675,"5637.                  After examining and inspecting the accident's site, the following was noted: The vehicle causing the accident was coming from the east towards the west and wanted to turn left and take the left lane, and the damaged vehicle was coming from the west towards the east and taking the middle lane, and because of bypassing the red light by the driver causing the accident, the front side of the damaged vehicle collided with the right side of the vehicle that caused the accident, the accident resulted in injury to the driver who caused the accident and the injured driver, as well as 2 passengers accompanying the injured driver and material damage to the vehicles. According to the scheme, the accident occurred",-0.19746179160121255,-0.4015453331379524,-0.3676863281700941,1,0,0,0,0,0,1,0.22083091251754708,0,0,0,0,0,0,0,0,0,0,0,0,0,0,0,0,1,0,0,0,0,0,0,0,0,0,0,0,1,0,1,0,0,1,0,0,0,0,0,0,0,0,0,0,0,0,0,0,0,0,0,0,1,0,0,0,0,0,0,0,0,0,0,1,0,0,0,0,0,1,0,0,0,0,0,0,0,0,0,0,0,0,0,0,1,0,0,0,0,1,0,0,0,0,1,0,0,0,1,0,1,0,0,0
1.0479931640354692,-0.944846617806436,"5638.                  After examining and inspecting the accident's site, the following was noted: The vehicle causing the accident was coming from the east towards the west and wanted to turn left and take the left lane, and the damaged vehicle was coming from the west towards the east and taking the middle lane, and because of bypassing the red light by the driver causing the accident, the front side of the damaged vehicle collided with the right side of the vehicle that caused the accident, the accident resulted in injury to the driver who caused the accident and the injured driver, as well as 2 passengers accompanying the injured driver and material damage to the vehicles. According to the scheme, the accident occurred",-0.19746179160121255,2.490378837640347,-0.3676863281700941,0,1,0,0,0,0,1,0.33604312703948597,0,0,0,0,0,0,0,0,0,0,0,0,0,0,0,0,1,0,0,0,0,0,0,0,0,0,0,1,0,0,1,0,0,0,0,0,0,0,0,0,0,1,0,0,0,0,0,0,0,0,0,0,1,0,0,0,0,0,0,0,0,0,0,1,0,0,0,0,0,1,0,0,0,0,0,0,0,0,0,0,0,0,0,0,1,0,0,0,0,1,0,0,0,0,1,0,0,0,1,0,1,0,0,0
0.24988912629837354,-0.944846617806436,"5639.                  After examining and inspecting the accident's site, the following was noted: The vehicle causing the accident was coming from the east towards the west and wanted to turn left and take the left lane, and the damaged vehicle was coming from the west towards the east and taking the middle lane, and because of bypassing the red light by the driver causing the accident, the front side of the damaged vehicle collided with the right side of the vehicle that caused the accident, the accident resulted in injury to the driver who caused the accident and the injured driver, as well as 2 passengers accompanying the injured driver and material damage to the vehicles. According to the scheme, the accident occurred",-0.19746179160121255,2.490378837640347,-0.3676863281700941,0,1,0,0,0,0,1,0.33604312703948597,0,0,0,0,0,0,0,0,0,0,0,0,0,0,0,0,1,0,0,0,0,0,0,0,0,0,0,1,0,0,1,0,0,0,0,0,0,0,0,0,0,1,0,0,0,0,0,0,0,0,0,0,1,0,0,0,0,0,0,0,0,0,0,1,0,0,0,0,0,1,0,0,0,0,0,0,0,0,0,0,0,0,0,0,1,0,0,0,0,1,0,0,0,0,1,0,0,0,1,0,1,0,0,0
-0.28218023219302363,-0.9174094830436991,"5640.                  After examining and inspecting the accident's site, the following was noted: The vehicle causing the accident was coming from the east towards the west and wanted to turn left and take the left lane, and the damaged vehicle was coming from the west towards the east and taking the middle lane, and because of bypassing the red light by the driver causing the accident, the front side of the damaged vehicle collided with the right side of the vehicle that caused the accident, the accident resulted in injury to the driver who caused the accident and the injured driver, as well as 2 passengers accompanying the injured driver and material damage to the vehicles. According to the scheme, the accident occurred",-0.19746179160121255,2.490378837640347,-0.3676863281700941,1,0,0,0,0,0,1,0.44533439465761854,0,0,0,0,0,0,0,0,0,0,0,0,0,1,0,0,0,0,0,0,0,0,0,0,0,0,0,1,0,0,1,0,0,0,0,0,0,0,0,0,0,0,1,0,0,0,0,0,0,0,0,0,1,0,0,0,0,0,0,0,0,0,0,0,1,0,0,0,0,1,0,0,0,0,0,0,0,0,0,0,0,0,0,0,1,0,0,0,0,1,0,0,0,0,1,0,0,0,1,0,0,0,1,0
0.19668219044923382,-0.972283752569173,"5641.                  After examining and inspecting the accident's site, the following was noted: While the vehicle causing the accident was coming from the south towards the north and taking the right lane towards the intersection on a side street and because of the failure to comply with the ""stop"" sign while entering the intersection, at the same time the damaged motorcycle was coming from the east towards the west on the right lane, he was surprised by the vehicle causing the accident in front of him blocking the road and colliding with its right front side of the vehicle, and this led to the motorcyclist rushing due to the force of the collision to the windshield of the vehicle and then fell on the main road, according to the plan the accident occurred",-0.19746179160121255,2.490378837640347,-0.3676863281700941,1,0,0,0,0,0,1,0.5440752134490057,0,0,0,0,0,0,0,0,0,0,0,0,0,1,0,0,0,0,0,0,0,0,0,0,0,0,0,0,1,0,1,0,0,1,0,0,0,0,0,0,0,0,0,0,0,0,0,0,0,0,0,0,1,0,0,0,0,0,0,0,0,0,0,1,0,0,0,0,0,0,1,0,0,0,0,0,0,0,0,0,0,0,0,0,1,0,0,0,0,1,0,0,0,0,1,0,0,0,1,0,1,0,0,0
-0.4950079755895825,-0.944846617806436,"5642.                  After examining and inspecting the accident's site, the following was noted: While the vehicle causing the accident was coming from the east towards the west, turning towards the south inside the intersection and taking the far left lane, and upon the arrival of the two damaged vehicles from the west towards the east, where the first vehicle was taking the second lane from the right and the second vehicle was taking the second lane from the left, and due to bypassing the red light by the vehicle causing the accident, the front side of the two damaged vehicles collided with the right rear side of the vehicle causing the accident. According to the scheme, the accident occurred",-0.19746179160121255,-0.4015453331379524,0.6331117943832852,0,1,0,0,0,0,1,0.5496568824341096,0,0,0,0,0,0,0,0,0,0,0,0,0,0,0,0,0,0,1,0,0,0,0,0,0,0,0,1,0,0,1,0,0,0,1,0,0,0,0,0,0,0,0,0,0,0,0,0,0,0,0,0,0,0,1,0,0,0,0,0,0,0,0,1,0,0,0,0,0,0,0,0,1,0,0,0,0,0,0,0,0,0,0,0,0,1,0,0,0,0,1,0,1,0,0,0,1,0,0,1,0,0,0,0
0.09026831875095438,0.6602257658136763,"5643.                  After examining and inspecting the accident's site, the following was noted: While the vehicle causing the accident was coming from the east to the west, and turning towards the north on a two-way side street, and where the runover person was crossing the road from the west towards the east, due to the misuse of traffic by the driver of the vehicle causing the accident and the runover person crossing from a place not designated for pedestrian crossing, the runover person collided with the front side of the vehicle causing the accident, and according to the chart, the accident occurred.",-0.19746179160121255,-0.4015453331379524,-0.3676863281700941,0,1,0,0,0,0,1,0.6630413739746517,0,0,1,0,0,0,0,0,0,0,0,0,0,0,0,0,0,0,0,0,0,0,0,0,0,0,0,1,0,0,1,0,0,0,0,1,0,0,0,0,0,0,0,0,0,0,0,0,0,0,0,0,0,0,1,0,0,0,0,0,0,0,0,1,0,0,0,0,0,0,0,0,1,0,0,0,0,0,0,0,0,0,0,1,0,0,0,0,0,0,1,1,0,0,0,0,0,1,0,0,1,0,0,0
0.6223376772423516,1.3873098370262058,"5644.                  After examining and inspecting the accident's site, the following was noted: The vehicles were coming from the east towards the west, and the damaged vehicles were stopping and waiting in front of the roundabout, and the vehicle causing the accident was traveling on the left lane, and due to fatigue and tiredness by the driver causing the accident, he did not see the damaged vehicles stopping, so the front side of the vehicle causing the accident collided at the rear of the first damaged vehicle and from the force of the collision the first damaged vehicle rushed and its front collided with the rear of the second damaged vehicle and on the right side of the third damaged vehicle and the vehicles settled, and accordingly the accident was planned as shown.",-0.19746179160121255,-0.4015453331379524,0.6331117943832852,0,1,0,0,0,0,1,0.6651974304257605,0,0,1,0,0,0,0,0,0,0,0,0,0,0,0,0,0,0,0,0,0,0,0,0,0,0,0,0,1,0,1,0,0,1,0,0,0,0,0,0,0,0,0,0,0,0,0,0,0,0,0,0,0,0,1,0,0,0,0,0,0,0,0,0,1,0,0,0,0,0,0,0,1,0,0,0,0,0,0,0,0,0,0,1,0,0,0,0,0,0,1,0,1,0,0,0,1,0,0,0,1,0,0,0
0.40950993384579265,0.9894713829665198,"5645.                  After examining and inspecting the accident's site, the following was noted: The vehicles were coming from the east towards the west, and the damaged vehicles were stopping and waiting in front of the roundabout, and the vehicle causing the accident was traveling on the left lane, and due to fatigue and tiredness by the driver causing the accident, he did not see the damaged vehicles stopping, so the front side of the vehicle causing the accident collided at the rear of the first damaged vehicle and from the force of the collision the first damaged vehicle rushed and its front collided with the rear of the second damaged vehicle and on the right side of the third damaged vehicle and the vehicles settled, and accordingly the accident was planned as shown.",-0.19746179160121255,-0.4015453331379524,-0.3676863281700941,0,1,0,0,1,0,0,0.667594264754658,0,0,0,0,0,0,0,0,0,0,0,0,0,0,0,0,0,0,1,0,0,0,0,0,0,0,0,1,0,0,1,0,0,0,0,0,0,0,0,0,0,0,0,0,1,0,0,0,0,0,0,0,1,0,0,0,0,0,0,0,0,0,0,0,1,0,0,0,0,0,1,0,0,0,0,0,0,0,0,0,0,0,0,0,0,1,0,0,0,0,1,0,1,0,0,0,1,0,0,1,0,0,0,0
-0.2289732963438839,-0.7527866744672773,"5646.                  After examining and inspecting the accident's site, the following was noted: The vehicles were coming from the east towards the west, and the damaged vehicles were stopping and waiting in front of the roundabout, and the vehicle causing the accident was traveling on the left lane, and due to fatigue and tiredness by the driver causing the accident, he did not see the damaged vehicles stopping, so the front side of the vehicle causing the accident collided at the rear of the first damaged vehicle and from the force of the collision the first damaged vehicle rushed and its front collided with the rear of the second damaged vehicle and on the right side of the third damaged vehicle and the vehicles settled, and accordingly the accident was planned as shown.",-1.4175737141371132,2.490378837640347,-0.0073990040508776864,1,0,0,0,1,0,0,0.7576014132517062,0,0,0,0,0,0,0,0,0,0,0,0,0,1,0,0,0,0,0,0,0,0,0,0,0,0,0,0,1,0,1,0,0,0,0,0,0,0,0,0,0,0,1,0,0,0,0,0,0,0,0,1,0,0,0,0,0,0,0,0,0,0,0,0,1,0,0,0,0,1,0,0,0,0,0,0,0,0,0,0,0,0,0,0,1,0,0,0,0,1,0,0,0,0,1,0,0,0,1,0,0,0,1,0
1.1544070357337486,1.4147469717889427,"5647.                  After examining and inspecting the accident's site, the following was noted: The vehicles were coming from the east towards the west, and the damaged vehicles were stopping and waiting in front of the roundabout, and the vehicle causing the accident was traveling on the left lane, and due to fatigue and tiredness by the driver causing the accident, he did not see the damaged vehicles stopping, so the front side of the vehicle causing the accident collided at the rear of the first damaged vehicle and from the force of the collision the first damaged vehicle rushed and its front collided with the rear of the second damaged vehicle and on the right side of the third damaged vehicle and the vehicles settled, and accordingly the accident was planned as shown.",1.0226501309346883,-0.4015453331379524,0.6331117943832852,0,1,0,0,1,0,0,0.8733389613251842,0,0,1,0,0,0,0,0,0,0,0,0,0,0,0,0,0,0,0,0,0,0,0,0,0,0,0,1,0,1,0,0,0,0,0,0,0,0,0,0,0,0,1,0,0,0,0,0,0,0,0,0,0,0,1,0,0,0,0,0,0,0,0,1,0,0,0,0,0,0,0,0,1,0,0,0,0,0,0,0,0,0,0,1,0,0,0,0,0,0,1,0,1,0,0,0,1,0,0,0,1,0,0,0