Age of the injured,Str Code,Accident Description,Road speed limit,Pedestrian action,Number of Lanes,Gender_F,Gender_M,Week_Fifth week,Week_First week,Week_Fourth week,Week_Second week,Week_Third week,Date_time,Reasons__??? ????? ?????? ?????? ???? ????? ??? ???? ???????,Reasons__???? ?? ??????? (???),Reasons__Bypassing the red traffic light,Reasons__Driving back without attention,Reasons__Driving back without traffic clearance,Reasons__Driving in the opposite direction,Reasons__Entering main road without traffic clearance,Reasons__Exceeding speed limit,Reasons__Fatigue and drowsiness,Reasons__Faults in the road,Reasons__Ignoring road lane,Reasons__Ignoring traffic lights,Reasons__Lack of driving awareness,Reasons__Misuse of traffic,Reasons__Negligence and inobservance,Reasons__Negligent driving,Reasons__Not giving priority to pedestrian crossing,Reasons__Not giving way / not giving priority,Reasons__Not leaving enough space,Reasons__Not observing the stop sign,Reasons__Not securing vehicle stability while stopping,Reasons__Speedy without taking road conditions into account,Reasons__Sudden deviation,Reasons__Sudden stop,Reasons__Tyre burst,Reasons__under influence of intoxicant or narcotic drug,__Al Madina Police Station,__Khaldiya Police Station,__Shaabiya Police Station,Streetname_Intersection,Streetname_Street,place__Bridge / Tunnel,place__Coastal area,place__Commercial area,place__Fuel Station,place__Govt. authority,place__Hospital,place__Island,place__Mosque,place__One level intersection,place__Other,place__Park,place__Residential area,place__Sand area,place__School,place__Work area,place__external road,place__unknown,location__ ,location__Bridge,location__Bridge /  Tunnel,location__Car parking,location__Double road,location__Highway,location__Intersection,location__Off the road,location__Other(specify),location__Roundabout,location__Side parking,location__Single road,location__Tunnel,location__Two-way road,location__Unknown,lighting__day,lighting__night - enough lights,lighting__night - weak lights,intersection__Deviated intersection,intersection__Half Perpendicular Intersection,intersection__Multiple leg Intersection,intersection__Not on Intersection,intersection__Not on or around 20 meters,intersection__Other,intersection__Perpendicular Intersection,intersection__Roundabout,intersection__Turn ,accidentype__Collision while turning,accidentype__Fall,accidentype__Hitting a moving object off the road,accidentype__Hitting a moving object on the road,accidentype__Hitting a stationary object off the road,accidentype__Hitting a stationary object on the road,accidentype__Multiple collision,accidentype__Other (specify),accidentype__Perpendicular collision,accidentype__Person run over,accidentype__Rear collision,accidentype__Reciprocal collision,accidentype__Side collision,accidentype__deterioration,seat belt_N,seat belt_Y,seat_Back passenger seat,seat_Driver's seat,seat_Front passenger seat,seat_No passenger,seat_bike passenger,position_Driver,position_Passenger,position_Pedestrian,nationality_Arab States,nationality_Asian States,nationality_GCC,nationality_Other,nationality_UAE
0.09026831875095438,1.4147469717889427,"5648.                  After examining and inspecting the accident's site, the following was noted: The vehicles were coming from the east towards the west, and the damaged vehicles were stopping and waiting in front of the roundabout, and the vehicle causing the accident was traveling on the left lane, and due to fatigue and tiredness by the driver causing the accident, he did not see the damaged vehicles stopping, so the front side of the vehicle causing the accident collided at the rear of the first damaged vehicle and from the force of the collision the first damaged vehicle rushed and its front collided with the rear of the second damaged vehicle and on the right side of the third damaged vehicle and the vehicles settled, and accordingly the accident was planned as shown.",1.0226501309346883,-0.4015453331379524,0.6331117943832852,0,1,0,0,1,0,0,0.8733389613251842,0,0,1,0,0,0,0,0,0,0,0,0,0,0,0,0,0,0,0,0,0,0,0,0,0,0,0,1,0,1,0,0,0,0,0,0,0,0,0,0,0,0,1,0,0,0,0,0,0,0,0,0,0,0,1,0,0,0,0,0,0,0,0,1,0,0,0,0,0,0,0,0,1,0,0,0,0,0,0,0,0,0,0,1,0,0,0,0,0,0,1,0,1,0,0,0,1,0,0,0,0,0,0,1
1.5800625225268663,-0.7665052418486458,"5649.                  After examining and inspecting the accident's site, the following was noted: The vehicle causing the accident was coming from the south towards the north and was traveling to the far right, and the person being hit was coming from the east towards the west, and due to traffic misuse, the vehicle causing the accident collided with the person who was hit, which led to his injury. He was taken to the hospital, knowing that the vehicle that caused the accident escaped, and the type of the vehicle is black Nissan Murano, with an unknown number. The accident resulted in the injury of the person who was hit, and he was taken to the hospital. According to the plan, the accident occurred",-2.637685636673014,-0.4015453331379524,-0.0073990040508776864,0,1,0,0,1,0,0,0.8736016281009538,0,0,0,0,0,0,0,0,0,0,0,0,0,0,0,0,0,0,0,0,1,0,0,0,0,0,0,1,0,0,1,0,0,0,0,1,0,0,0,0,0,0,0,0,0,0,0,0,0,0,0,1,0,0,0,0,0,0,0,0,0,0,0,1,0,0,0,0,0,1,0,0,0,0,0,0,0,0,0,0,0,0,0,0,1,0,0,0,0,1,0,0,0,0,1,0,0,0,1,0,0,0,0,1
-0.6014218472878619,0.7836928722459926,"5650.                  After examining and inspecting the accident's site, the following was noted: While the causing vehicle was coming from the north towards the south and the damaged vehicle was coming from the west towards the east, and due to bypassing the red-light signal, the front side of the causing vehicle hit the left side of the damaged vehicle. The accident resulted in physical damage to the vehicles. According to the plan, the accident occurred",-0.19746179160121255,-0.4015453331379524,2.634708039490044,1,0,0,0,1,0,0,0.9826740067392784,0,0,1,0,0,0,0,0,0,0,0,0,0,0,0,0,0,0,0,0,0,0,0,0,0,0,0,0,1,0,1,0,0,1,0,0,0,0,0,0,0,0,0,0,0,0,0,0,0,0,0,0,0,0,1,0,0,0,0,0,0,0,0,1,0,0,0,1,0,0,0,0,0,0,0,0,0,0,0,0,0,0,0,1,0,0,0,0,0,1,0,0,1,0,0,0,1,0,0,0,0,0,1,0
0.728751548940631,-0.972283752569173,"5651.                  After examining and inspecting the accident's site, the following was noted: The vehicle causing the accident was coming from the west towards the east and taking the first lane from the left and due to speed without taking into account the road conditions by the vehicle causing the accident and not adhering to the road line, this led to the vehicle drifting, colliding with the pavement and hitting the iron barriers and settled outside the road, the accident resulted in the driver being moderately injured, as well as material damage to vehicles, and according to the plan, the accident occurred.",-1.4175737141371132,2.490378837640347,-1.3684844507234735,0,1,0,0,1,0,0,0.9836042849034624,0,0,0,0,0,0,0,0,0,0,0,0,0,1,0,0,0,0,0,0,0,0,0,0,0,0,0,1,0,0,1,0,0,1,0,0,0,0,0,0,0,0,0,0,0,0,0,0,0,0,0,1,0,0,0,0,0,0,0,0,0,0,0,1,0,0,0,0,0,1,0,0,0,0,0,0,0,0,0,0,0,0,0,0,1,0,0,0,0,1,0,0,0,0,1,0,0,0,1,0,1,0,0,0
0.5159238055440721,1.222687028449784,"5652.                  After examining and inspecting the accident's site, the following was noted: During the passage of the vehicle causing the accident in Carrefour parking and the person being run over in the parking lot and due to traffic misuse, the front of the vehicle causing the accident hit the body of the person who was hit, resulting in bodily damage to the person being hit, and according to the plan, the accident occurred.",-0.19746179160121255,-0.4015453331379524,0.6331117943832852,0,1,0,0,1,0,0,0.9818531730649984,0,0,0,0,0,0,0,0,0,0,1,0,0,0,0,0,0,0,0,0,0,0,0,0,0,0,0,0,1,1,0,0,0,0,0,0,0,0,0,0,0,0,1,0,0,0,0,0,0,0,0,0,0,0,1,0,0,0,0,0,0,0,0,1,0,0,0,0,0,0,0,0,1,0,0,0,0,0,0,0,0,0,0,0,0,0,0,1,0,1,0,0,0,0,0,1,1,0,0,0,1,0,0,0
0.1434752546000941,-0.9311280504250675,"5653.                  After examining and inspecting the accident's site, the following was noted: The vehicle causing the accident was coming from the west towards the east and taking the middle lane, and the damaged vehicle was coming from the south towards the north, and because the driver of the causing vehicle bypassed the red light, the front side of the damaged vehicle hit the front right side of the vehicle causing the accident, and then the front right  side of the damaged vehicle hit the concrete base of the traffic light pole. The accident resulted in bodily injuries and material damage to the two vehicles. According to the plan, the accident occurred.",-0.19746179160121255,-0.4015453331379524,0.6331117943832852,1,0,0,0,1,0,0,1.0865039943112014,0,0,0,0,0,0,0,0,0,0,0,0,0,0,0,0,0,0,0,0,0,0,0,0,0,1,0,0,1,0,1,0,0,0,0,0,1,0,0,0,0,0,0,0,0,0,0,0,0,0,0,0,1,0,0,0,0,0,0,0,0,0,0,0,1,0,0,0,0,0,1,0,0,0,0,0,0,0,0,0,1,0,0,0,0,0,0,0,0,0,1,0,1,0,0,0,1,0,0,0,0,0,0,1
-1.0802842699301194,1.3873098370262058,"5654.                  After examining and inspecting the accident's site, the following was noted: The vehicle causing the accident was coming from the west towards the east and was taking the middle lane, and the damaged vehicle was coming from the south towards the north, and because the driver of the causing vehicle bypassed the red light, the front side of the damaged vehicle hit the front right side of the vehicle causing the accident, and then the front right  side of the damaged vehicle hit the concrete base of the traffic light pole. The accident resulted in bodily injuries and material damage to the two vehicles. According to the plan, the accident occurred.",-0.19746179160121255,2.490378837640347,-0.3676863281700941,1,0,0,0,1,0,0,1.0900281068861102,0,0,0,0,0,0,0,0,0,0,0,0,0,0,0,0,1,0,0,0,0,0,0,0,0,0,0,0,1,0,1,0,0,0,0,0,0,0,0,0,0,0,0,0,1,0,0,0,0,0,0,0,1,0,0,0,0,0,0,0,0,0,0,1,0,0,0,0,0,1,0,0,0,0,0,0,0,0,0,0,0,0,0,0,1,0,0,0,0,1,0,0,0,0,1,0,0,0,1,0,1,0,0,0
0.03706138290181467,-0.7527866744672773,"5655.                  After examining and inspecting the accident's site, the following was noted: While the causing vehicle was coming from the east towards the west and taking the right lane, and the person being hit was coming from the south towards the north on a side street, the left side of the body of the runover person collided with the rear right side of the causing vehicle and the runover person fell on the ground, and the accident resulted in bodily damage to the vehicle, and according to the plan, the accident occurred.",-0.19746179160121255,-0.4015453331379524,-0.0073990040508776864,1,0,0,0,1,0,0,1.2051418213671354,0,0,1,0,0,0,0,0,0,0,0,0,0,0,0,0,0,0,0,0,0,0,0,0,0,0,0,0,1,0,1,0,0,1,0,0,0,0,0,0,0,0,0,0,0,0,0,0,0,0,0,0,0,0,1,0,0,0,0,0,0,0,0,1,0,0,0,0,0,0,0,0,1,0,0,0,0,0,0,0,0,0,0,1,0,0,0,0,0,0,1,1,0,0,0,0,0,1,0,0,0,0,1,0
0.19668219044923382,-0.8076609439927512,"5656.                  After examining and inspecting the accident's site, the following was noted: While the vehicle causing the accident was coming from the south towards the north and taking the far left lane, and before arriving at the pedestrian crossing lines near Mashreq Bank on Khalifa Street, the driver was surprised by the runover person crossing the road on the pedestrian crossing lines from the east towards the west, and the car hit the runover person and he fell injured on the road, and the vehicle stopped at the accident site, according to the plan, the accident occurred.",-0.19746179160121255,2.490378837640347,-0.3676863281700941,1,0,0,0,1,0,0,1.2040254875701146,0,0,0,0,0,0,0,0,0,0,0,0,0,0,0,0,1,0,0,0,0,0,0,0,0,0,1,0,0,0,1,0,0,1,0,0,0,0,0,0,0,0,0,0,0,0,0,0,0,0,0,0,1,0,0,0,0,0,0,0,0,0,0,1,0,0,0,0,0,1,0,0,0,0,0,0,0,0,0,0,0,0,0,0,1,0,0,0,0,1,0,0,0,0,1,0,0,0,1,0,1,0,0,0
-0.12255942464560447,1.4010284044075743,"5657.                  After examining and inspecting the accident's site, the following was noted: While the driver of the vehicle causing the accident was coming from the east towards the west taking the second lane from the left, and while the driver of the damaged vehicle was coming from the north towards the south and taking the second lane from the left, and because of bypassing the traffic red light by the driver of the vehicle causing the accident, the front side of the vehicle collided with the front left side of the damaged vehicle, causing it to drift and collide with the pavement. The accident resulted in injury to the driver of the damaged vehicle and the passenger who was with him, and material damage to both vehicles. According to the plan, the accident occurred.",-0.19746179160121255,-0.4015453331379524,0.6331117943832852,1,0,0,0,1,0,0,1.2071446555323786,0,0,1,0,0,0,0,0,0,0,0,0,0,0,0,0,0,0,0,0,0,0,0,0,0,0,0,1,0,1,0,0,0,1,0,0,0,0,0,0,0,0,0,0,0,0,0,0,0,0,0,0,0,0,1,0,0,0,0,0,0,0,0,1,0,0,0,0,0,0,0,0,1,0,0,0,0,0,0,0,0,0,0,1,0,0,0,0,0,0,1,0,1,0,0,0,1,0,0,0,0,0,0,1
0.46271686969493236,1.4010284044075743,"5658.                  After examining and inspecting the accident's site, the following was noted: While the driver of the vehicle causing the accident was coming from the east towards the west and taking the second lane from the left, and while the driver of the damaged vehicle was coming from the north towards the south and taking the second lane from the left, and because of bypassing the red light By the driver of the vehicle causing the accident, the front side of the vehicle collided with the front left side of the damaged vehicle, which led to its drift and collision with the pavement. The accident resulted in injury to the driver of the damaged vehicle and the passenger who was with him, and material damage to both vehicles. The accident was planned.",-0.19746179160121255,-0.4015453331379524,0.6331117943832852,1,0,0,0,1,0,0,1.2071446555323786,0,0,1,0,0,0,0,0,0,0,0,0,0,0,0,0,0,0,0,0,0,0,0,0,0,0,0,1,0,1,0,0,0,1,0,0,0,0,0,0,0,0,0,0,0,0,0,0,0,0,0,0,0,0,1,0,0,0,0,0,0,0,0,1,0,0,0,0,0,0,0,0,1,0,0,0,0,0,0,0,0,0,0,1,0,0,0,0,0,0,1,0,0,1,0,0,0,1,0,1,0,0,0,0
1.3672347791303074,1.4010284044075743,"5659.                  After examining and inspecting the accident's site, the following was noted: The vehicle causing the accident was coming from the south to north direction, and the two damaged vehicles were coming from the east towards the west, and while the vehicles were traveling and arrived at the intersection, and because of bypassing the red light by the driver of the vehicle causing the accident The front side of the causing vehicle collided with the left side of the first damaged vehicle, and from the force of the collision, the first damaged vehicle deviated to the right and collided with the left side of the second damaged vehicle, causing the first damaged vehicle to drift and collide with the base of the traffic light and settle the vehicles. Accordingly, the accident was planned as shown in the final drawing.",-0.19746179160121255,-0.4015453331379524,0.6331117943832852,0,1,0,0,1,0,0,1.2071446555323786,0,0,1,0,0,0,0,0,0,0,0,0,0,0,0,0,0,0,0,0,0,0,0,0,0,0,0,1,0,1,0,0,0,1,0,0,0,0,0,0,0,0,0,0,0,0,0,0,0,0,0,0,0,0,1,0,0,0,0,0,0,0,0,1,0,0,0,0,0,0,0,0,1,0,0,0,0,0,0,0,0,0,0,1,0,0,0,0,0,0,1,0,1,0,0,0,1,0,0,1,0,0,0,0
0.40950993384579265,-0.9174094830436991,"5660.                  After examining and inspecting the accident's site, the following was noted: The vehicle causing the accident was coming from the west direction towards the east and turned left towards the north, and the two damaged vehicles were coming from the east direction towards the west, and while the vehicles were traveling and entering the intersection, and because of the red traffic light bypassing by the driver of the vehicle causing the accident, the front side of the vehicle hit the right side of the damaged vehicle and from the force of the collision the vehicle causing the accident drifted and hit the front of the second damaged vehicle on the right side of the vehicle causing the accident and the first damaged vehicle stopped while the two vehicles causing the accident and the second damaged vehicle settled after the intersection and accordingly the accident was planned drawn",-0.19746179160121255,2.490378837640347,-2.3692825732768528,1,0,0,0,1,0,0,1.3163155342116168,0,0,0,0,0,0,0,0,0,0,0,0,0,0,0,0,0,0,0,0,0,1,0,0,0,0,0,1,0,0,1,0,0,0,0,0,0,0,0,0,0,0,0,0,1,0,0,0,0,0,0,0,0,0,0,0,0,0,0,0,0,1,0,1,0,0,0,0,0,0,1,0,0,0,0,0,0,0,0,0,0,0,0,0,1,0,0,0,0,1,0,0,0,0,1,0,0,0,1,0,0,0,1,0
-1.4527328208740973,-0.9174094830436991,"5661.                  After examining and inspecting the accident's site, the following was noted: While the damaged vehicle was coming from the east to the west, taking the far-left lane, and the vehicle causing the accident coming from the west and turning to the north, taking the U-turn turn on the far-left lane, and because of bypassing the red light, fatigue, and sleepiness by the driver of the causing vehicle, the front side of the damaged vehicle hit the right side of the causing vehicle. The accident resulted in the injury of the driver of the vehicle causing the accident, the driver of the damaged vehicle and the passenger in the vehicle causing the accident. ",-0.19746179160121255,2.490378837640347,-2.3692825732768528,1,0,0,0,1,0,0,1.3163155342116168,0,0,0,0,0,0,0,0,0,0,0,0,0,0,0,0,0,0,0,0,0,1,0,0,0,0,0,1,0,0,1,0,0,0,0,0,0,0,0,0,0,0,0,0,1,0,0,0,0,0,0,0,0,0,0,0,0,0,0,0,0,1,0,1,0,0,0,0,0,0,1,0,0,0,0,0,0,0,0,0,0,0,0,0,1,0,0,0,0,1,0,0,0,0,1,0,0,0,1,0,0,0,1,0
0.6223376772423516,-0.7665052418486458,"5662.                  After examining and inspecting the accident's site, the following was noted: While the damaged vehicle was coming from the east to the west, taking the far-left lane, and the vehicle causing the accident coming from the west and turning to the north, taking the U-turn turn on the far-left lane, and because of bypassing the red light, fatigue, and sleepiness by the driver of the causing vehicle, the front side of the damaged vehicle hit the right side of the causing vehicle. The accident resulted in the injury of the driver of the vehicle causing the accident, the driver of the damaged vehicle and the passenger in the vehicle causing the accident. ",-0.19746179160121255,-0.4015453331379524,0.6331117943832852,0,1,0,0,1,0,0,1.3168627566611368,0,0,1,0,0,0,0,0,0,0,0,0,0,0,0,0,0,0,0,0,0,0,0,0,0,0,0,1,0,0,1,0,0,1,0,0,0,0,0,0,0,0,0,0,0,0,0,0,0,0,0,0,0,0,1,0,0,0,0,0,0,0,0,1,0,0,0,0,0,0,0,0,1,0,0,0,0,0,0,0,0,0,0,1,0,0,0,0,0,0,1,0,1,0,0,0,1,0,0,0,1,0,0,0
-0.761042654835281,1.4010284044075743,"5663.                  After examining and inspecting the accident's site, the following was noted: While the damaged vehicle was coming from the east to the west, taking the far-left lane, and the vehicle causing the accident coming from the west and turning to the north, taking the U-turn turn on the far-left lane, and because of bypassing the red light, fatigue, and sleepiness by the driver of the causing vehicle, the front side of the damaged vehicle hit the right side of the causing vehicle. The accident resulted in the injury of the driver of the vehicle causing the accident, the driver of the damaged vehicle and the passenger in the vehicle causing the accident. ",1.0226501309346883,-0.4015453331379524,0.6331117943832852,0,1,0,0,1,0,0,1.3179243682132056,0,0,1,0,0,0,0,0,0,0,0,0,0,0,0,0,0,0,0,0,0,0,0,0,0,0,0,0,1,1,0,0,0,0,0,1,0,0,0,0,0,0,0,0,0,0,0,0,0,0,0,0,0,0,1,0,0,0,0,0,0,0,0,1,0,0,0,0,0,0,0,0,1,0,0,0,0,0,0,0,0,0,0,1,0,0,0,0,0,1,0,1,0,0,0,0,0,1,0,0,0,0,0,1
0.8883723564880501,1.4010284044075743,"5664.                  After examining and inspecting the accident's site, the following was noted: The vehicle causing the accident was coming from the east towards the west, turning towards the south and taking the first lane from the left, and the damaged vehicle was coming from the west towards the east and taking the second lane from the left, and because of the bypassing the red light signal by the vehicle causing the accident, the front of the damaged vehicle hit the vehicle causing the accident. The accident resulted in an injury to the passenger and the driver of the damaged vehicle, as well as material damage to the vehicles. The accident was drawn.",1.0226501309346883,-0.4015453331379524,0.6331117943832852,0,1,1,0,0,0,0,1.3179243682132056,0,0,1,0,0,0,0,0,0,0,0,0,0,0,0,0,0,0,0,0,0,0,0,0,0,0,0,0,1,1,0,0,0,0,0,1,0,0,0,0,0,0,0,0,0,0,0,0,0,0,0,0,0,0,1,0,0,0,0,0,0,0,0,1,0,0,0,0,0,0,0,0,1,0,0,0,0,0,0,0,0,0,0,1,0,0,0,0,0,0,1,0,1,0,0,0,1,0,0,0,1,0,0,0
0.9415792923371898,-0.944846617806436,"5665.                  After examining and inspecting the accident's site, the following was revealed:",2.2427620534705888,-0.4015453331379524,0.6331117943832852,1,0,1,0,0,0,0,1.5439381843139521,0,0,0,0,0,0,0,0,0,0,0,0,0,0,0,0,0,0,0,0,0,0,0,0,0,1,0,1,0,0,1,1,0,0,0,0,0,0,0,0,0,0,0,0,0,0,0,0,0,0,1,0,0,0,0,0,0,0,0,0,0,0,0,0,1,0,0,0,0,1,0,0,0,0,0,0,0,0,0,0,0,0,0,0,0,1,0,0,0,0,1,1,0,0,0,0,0,1,0,0,0,0,0,1
-0.17576636049474417,-0.944846617806436,"While the two vehicles were traveling from the west towards the east in the left lane, and while the vehicle was causing the rear and the damaged one was in the front, and while they were driving, because of the driver of the causing vehicle under the influence of alcoholic drinks and speed without taking into account the road conditions, the accident",2.2427620534705888,-0.4015453331379524,0.6331117943832852,0,1,1,0,0,0,0,1.5439381843139521,0,0,0,0,0,0,0,0,0,0,0,0,0,0,0,0,0,0,0,0,0,0,0,0,0,1,0,1,0,0,1,1,0,0,0,0,0,0,0,0,0,0,0,0,0,0,0,0,0,0,1,0,0,0,0,0,0,0,0,0,0,0,0,0,1,0,0,0,0,1,0,0,0,0,0,0,0,0,0,0,0,0,0,0,0,1,0,0,0,0,1,0,1,0,0,0,1,0,0,0,0,0,0,1
0.19668219044923382,-0.944846617806436," Where the front of the causing vehicle collided at the back  of the damaged vehicle on the right side, and from the force of the collision, the driver of the damaged vehicle lost control of his vehicle, so it swerved to the far left and went up to the agricultural island separating the two directions, then got off it and turned around itself",2.2427620534705888,-0.4015453331379524,0.6331117943832852,0,1,1,0,0,0,0,1.5439381843139521,0,0,0,0,0,0,0,0,0,0,0,0,0,0,0,0,0,0,0,0,0,0,0,0,0,1,0,1,0,0,1,1,0,0,0,0,0,0,0,0,0,0,0,0,0,0,0,0,0,0,1,0,0,0,0,0,0,0,0,0,0,0,0,0,1,0,0,0,0,1,0,0,0,0,0,0,0,0,0,0,0,0,0,0,0,1,0,0,0,0,1,0,1,0,0,0,1,0,0,0,1,0,0,0
-0.28218023219302363,-0.944846617806436,"And stabilized in the second lane, against the direction of traffic, how many permanent turns around itself",2.2427620534705888,-0.4015453331379524,0.6331117943832852,1,0,1,0,0,0,0,1.5439381843139521,0,0,0,0,0,0,0,0,0,0,0,0,0,0,0,0,0,0,0,0,0,0,0,0,0,1,0,1,0,0,1,1,0,0,0,0,0,0,0,0,0,0,0,0,0,0,0,0,0,0,1,0,0,0,0,0,0,0,0,0,0,0,0,0,1,0,0,0,0,1,0,0,0,0,0,0,0,0,0,0,0,0,0,0,0,1,0,0,0,1,0,1,0,0,0,0,0,1,0,0,0,0,1,0
-0.6546287831370016,-0.944846617806436,"And it stabilized against the direction of traffic on the far right. The accident resulted in bodily injuries, damage to state property and material damage to the two vehicles, and According to diagramed, the accident was occurred",2.2427620534705888,-0.4015453331379524,0.6331117943832852,1,0,1,0,0,0,0,1.5439381843139521,0,0,0,0,0,0,0,0,0,0,0,0,0,0,0,0,0,0,0,0,0,0,0,0,0,1,0,1,0,0,1,1,0,0,0,0,0,0,0,0,0,0,0,0,0,0,0,0,0,0,1,0,0,0,0,0,0,0,0,0,0,0,0,0,1,0,0,0,0,1,0,0,0,0,0,0,0,0,0,0,0,0,0,0,0,1,0,0,0,0,1,1,0,0,0,0,0,1,0,0,0,0,0,1
-1.6655605642706561,-0.944846617806436,"5666.                  After examining and inspecting the accident's site, the following was revealed:",2.2427620534705888,-0.4015453331379524,0.6331117943832852,1,0,1,0,0,0,0,1.5439381843139521,0,0,0,0,0,0,0,0,0,0,0,0,0,0,0,0,0,0,0,0,0,0,0,0,0,1,0,1,0,0,1,1,0,0,0,0,0,0,0,0,0,0,0,0,0,0,0,0,0,0,1,0,0,0,0,0,0,0,0,0,0,0,0,0,1,0,0,0,0,1,0,0,0,0,0,0,0,0,0,0,0,0,0,0,0,1,0,0,0,1,0,1,0,0,0,0,0,1,0,0,0,0,0,1
-1.6123536284215165,-0.944846617806436,"While the two vehicles were traveling from the west towards the east in the left lane, and while the vehicle was causing the rear and the damaged one was in the front, and while they were driving, because of the driver of the causing vehicle under the influence of alcoholic drinks and speed without taking into account the road conditions, the accident",2.2427620534705888,-0.4015453331379524,0.6331117943832852,0,1,1,0,0,0,0,1.5439381843139521,0,0,0,0,0,0,0,0,0,0,0,0,0,0,0,0,0,0,0,0,0,0,0,0,0,1,0,1,0,0,1,1,0,0,0,0,0,0,0,0,0,0,0,0,0,0,0,0,0,0,1,0,0,0,0,0,0,0,0,0,0,0,0,0,1,0,0,0,0,1,0,0,0,0,0,0,0,0,0,0,0,0,0,0,0,1,0,0,0,1,0,1,0,0,0,0,0,1,0,0,0,0,0,1
-0.28218023219302363,-0.944846617806436," Where the front of the causing vehicle collided at the back  of the damaged vehicle on the right side, and from the force of the collision, the driver of the damaged vehicle lost control of his vehicle, so it swerved to the far left and went up to the agricultural island separating the two directions, then got off it and turned around itself",2.2427620534705888,-0.4015453331379524,0.6331117943832852,1,0,1,0,0,0,0,1.5439381843139521,0,0,0,0,0,0,0,0,0,0,0,0,0,0,0,0,0,0,0,0,0,0,0,0,0,1,0,1,0,0,1,1,0,0,0,0,0,0,0,0,0,0,0,0,0,0,0,0,0,0,1,0,0,0,0,0,0,0,0,0,0,0,0,0,1,0,0,0,0,1,0,0,0,0,0,0,0,0,0,0,0,0,0,0,0,1,0,0,0,1,0,1,0,0,0,0,0,1,0,0,0,0,0,1
-0.6546287831370016,1.2089684610684155,"And stabilized in the second lane, against the direction of traffic, how many permanent turns around itself",-0.19746179160121255,-0.4015453331379524,0.6331117943832852,0,1,1,0,0,0,0,1.6384106679990835,0,0,0,0,0,0,0,0,0,0,0,0,0,0,0,0,0,0,1,0,0,0,0,0,0,0,0,1,0,0,1,0,0,0,0,0,0,0,0,0,0,0,1,0,0,0,0,0,0,0,0,0,1,0,0,0,0,0,0,0,0,0,0,0,1,0,0,0,0,0,0,0,1,0,0,0,0,0,0,0,0,0,0,0,0,1,0,0,0,0,1,0,1,0,0,0,1,0,0,0,0,0,0,1
-0.7078357189861413,1.2089684610684155,"And it stabilized against the direction of traffic on the far right. The accident resulted in bodily injuries, damage to state property and material damage to the two vehicles, and According to diagramed, the accident was occurred",-0.19746179160121255,-0.4015453331379524,0.6331117943832852,0,1,1,0,0,0,0,1.6384106679990835,0,0,0,0,0,0,0,0,0,0,0,0,0,0,0,0,0,0,1,0,0,0,0,0,0,0,0,1,0,0,1,0,0,0,0,0,0,0,0,0,0,0,1,0,0,0,0,0,0,0,0,0,1,0,0,0,0,0,0,0,0,0,0,0,1,0,0,0,0,0,0,0,1,0,0,0,0,0,0,0,0,0,0,0,0,1,0,0,0,0,1,0,0,1,0,0,0,1,0,0,0,0,0,1
-0.44180103974044277,-0.9860023199505414,"5667.                  After examining and inspecting the accident's site, the following was revealed:",1.0226501309346883,-0.4015453331379524,0.6331117943832852,1,0,1,0,0,0,0,1.6425695586154354,0,0,1,0,0,0,0,0,0,0,0,0,0,0,0,0,0,0,0,0,0,0,0,0,0,0,0,0,1,0,1,0,0,0,0,1,0,0,0,0,0,0,0,0,0,0,0,0,0,0,0,0,0,0,1,0,0,0,0,0,0,0,0,1,0,0,0,0,0,0,0,0,1,0,0,0,0,0,0,0,0,0,0,1,0,0,0,0,0,1,0,1,0,0,0,0,0,1,0,0,0,0,0,1
0.8883723564880501,-0.9860023199505414,"While the two vehicles were traveling from the west towards the east in the left lane, and while the vehicle was causing the rear and the damaged one was in the front, and while they were driving, because of the driver of the causing vehicle under the influence of alcoholic drinks and speed without taking into account the road conditions, the accident",1.0226501309346883,-0.4015453331379524,0.6331117943832852,1,0,1,0,0,0,0,1.6425695586154354,0,0,1,0,0,0,0,0,0,0,0,0,0,0,0,0,0,0,0,0,0,0,0,0,0,0,0,0,1,0,1,0,0,0,0,1,0,0,0,0,0,0,0,0,0,0,0,0,0,0,0,0,0,0,1,0,0,0,0,0,0,0,0,1,0,0,0,0,0,0,0,0,1,0,0,0,0,0,0,0,0,0,0,1,0,0,0,0,0,1,0,0,0,1,0,0,0,1,0,0,0,0,0,1
-0.5482149114387221,-0.9860023199505414," Where the front of the causing vehicle collided at the back  of the damaged vehicle on the right side, and from the force of the collision, the driver of the damaged vehicle lost control of his vehicle, so it swerved to the far left and went up to the agricultural island separating the two directions, then got off it and turned around itself",1.0226501309346883,-0.4015453331379524,0.6331117943832852,1,0,1,0,0,0,0,1.6425695586154354,0,0,1,0,0,0,0,0,0,0,0,0,0,0,0,0,0,0,0,0,0,0,0,0,0,0,0,0,1,0,1,0,0,0,0,1,0,0,0,0,0,0,0,0,0,0,0,0,0,0,0,0,0,0,1,0,0,0,0,0,0,0,0,1,0,0,0,0,0,0,0,0,1,0,0,0,0,0,0,0,0,0,0,1,0,0,0,0,0,0,1,0,1,0,0,0,1,0,0,0,0,0,0,1
-1.6655605642706561,-0.9860023199505414,"And stabilized in the second lane, against the direction of traffic, how many permanent turns around itself",1.0226501309346883,-0.4015453331379524,0.6331117943832852,0,1,1,0,0,0,0,1.6425695586154354,0,0,1,0,0,0,0,0,0,0,0,0,0,0,0,0,0,0,0,0,0,0,0,0,0,0,0,0,1,0,1,0,0,0,0,1,0,0,0,0,0,0,0,0,0,0,0,0,0,0,0,0,0,0,1,0,0,0,0,0,0,0,0,1,0,0,0,0,0,0,0,0,1,0,0,0,0,0,0,0,0,0,0,1,0,0,0,0,0,1,0,1,0,0,0,0,0,1,0,0,0,0,0,1
-0.6014218472878619,-0.9860023199505414,"And it stabilized against the direction of traffic on the far right. The accident resulted in bodily injuries, damage to state property and material damage to the two vehicles, and According to diagramed, the accident was occurred",1.0226501309346883,-0.4015453331379524,0.6331117943832852,1,0,0,0,0,0,0,1.6425695586154354,0,0,1,0,0,0,0,0,0,0,0,0,0,0,0,0,0,0,0,0,0,0,0,0,0,0,0,0,1,0,1,0,0,0,0,1,0,0,0,0,0,0,0,0,0,0,0,0,0,0,0,0,0,0,1,0,0,0,0,0,0,0,0,1,0,0,0,0,0,0,0,0,1,0,0,0,0,0,0,0,0,0,0,1,0,0,0,0,0,0,1,1,0,0,0,0,0,1,0,0,0,0,0,1